id,date,Temperature,Humidity,Light,CO2,HumidityRatio,Occupancy
1,02/04/15 17:51,23.18,27.272,426,721.25,0.004792988,1
2,02/04/15 17:51,23.15,27.2675,429.5,714,0.004783441,1
3,02/04/15 17:53,23.15,27.245,426,713.5,0.004779464,1
4,02/04/15 17:54,23.15,27.2,426,708.25,0.004771509,1
5,02/04/15 17:55,23.1,27.2,426,704.5,0.004756993,1
6,02/04/15 17:55,23.1,27.2,419,701,0.004756993,1
7,02/04/15 17:57,23.1,27.2,419,701.6666667,0.004756993,1
8,02/04/15 17:57,23.1,27.2,419,699,0.004756993,1
9,02/04/15 17:58,23.1,27.2,419,689.3333333,0.004756993,1
10,02/04/15 18:00,23.075,27.175,419,688,0.004745351,1
11,02/04/15 18:01,23.075,27.15,419,690.25,0.004740952,1
12,02/04/15 18:02,23.1,27.1,419,691,0.004739371,1
13,02/04/15 18:03,23.1,27.16666667,419,683.5,0.004751119,1
14,02/04/15 18:04,23.05,27.15,419,687.5,0.004733732,1
15,02/04/15 18:04,23,27.125,419,686,0.004714942,1
16,02/04/15 18:06,23,27.125,418.5,680.5,0.004714942,1
17,02/04/15 18:07,23,27.2,0,681.5,0.004728078,0
18,02/04/15 18:08,22.945,27.29,0,685,0.004727951,0
19,02/04/15 18:08,22.945,27.39,0,685,0.004745408,0
20,02/04/15 18:10,22.89,27.39,0,689,0.004729506,0
21,02/04/15 18:10,22.89,27.39,0,689.5,0.004729506,0
22,02/04/15 18:11,22.89,27.39,0,689,0.004729506,0
23,02/04/15 18:13,22.89,27.445,0,691,0.004739076,0
24,02/04/15 18:14,22.89,27.5,0,688,0.004748645,0
25,02/04/15 18:15,22.89,27.5,0,689.5,0.004748645,0
26,02/04/15 18:16,22.79,27.445,0,689,0.004710224,0
27,02/04/15 18:16,22.79,27.5,0,685.6666667,0.004719735,0
28,02/04/15 18:17,22.79,27.5,0,687,0.004719735,0
29,02/04/15 18:19,22.79,27.5,0,688,0.004719735,0
30,02/04/15 18:20,22.745,27.5,0,670,0.004706776,0
31,02/04/15 18:21,22.7,27.46333333,0,668.6666667,0.004687543,0
32,02/04/15 18:22,22.7,27.5,0,670,0.004693849,0
33,02/04/15 18:23,22.7,27.5,0,667,0.004693849,0
34,02/04/15 18:23,22.66666667,27.42666667,0,664.5,0.004671708,0
35,02/04/15 18:24,22.7,27.6,0,670,0.004711047,0
36,02/04/15 18:26,22.6,27.42666667,0,670.3333333,0.004652699,0
37,02/04/15 18:27,22.6,27.39,0,672,0.004646433,0
38,02/04/15 18:28,22.6,27.35666667,0,658,0.004640736,0
39,02/04/15 18:29,22.6,27.445,0,660.5,0.004655833,0
40,02/04/15 18:29,22.6,27.42666667,0,658,0.004652699,0
41,02/04/15 18:30,22.6,27.445,0,655,0.004655833,0
42,02/04/15 18:32,22.6,27.445,0,654.25,0.004655833,0
43,02/04/15 18:33,22.6,27.39,0,648,0.004646433,0
44,02/04/15 18:34,22.5,27.32333333,0,648.6666667,0.004606763,0
45,02/04/15 18:35,22.5,27.445,0,646,0.004627429,0
46,02/04/15 18:36,22.5,27.5,0,646,0.004636772,0
47,02/04/15 18:36,22.5,27.445,0,641.5,0.004627429,0
48,02/04/15 18:38,22.39,27.29,0,639,0.004570212,0
49,02/04/15 18:39,22.5,27.5,0,640,0.004636772,0
50,02/04/15 18:40,22.39,27.34,0,630.5,0.004578647,0
51,02/04/15 18:40,22.39,27.35666667,0,629.3333333,0.004581459,0
52,02/04/15 18:42,22.39,27.5,0,632,0.004605641,0
53,02/04/15 18:42,22.39,27.5,0,636.5,0.004605641,0
54,02/04/15 18:43,22.39,27.5,0,627.5,0.004605641,0
55,02/04/15 18:45,22.39,27.39,0,626,0.004587082,0
56,02/04/15 18:46,22.39,27.5,0,625.5,0.004605641,0
57,02/04/15 18:47,22.34,27.39,0,623.5,0.00457305,0
58,02/04/15 18:48,22.39,27.46333333,0,624.6666667,0.004599455,0
59,02/04/15 18:49,22.39,27.39,0,622,0.004587082,0
60,02/04/15 18:49,22.29,27.39,0,621,0.004559056,0
61,02/04/15 18:51,22.34,27.39,0,626.5,0.00457305,0
62,02/04/15 18:52,22.29,27.39,0,622,0.004559056,0
63,02/04/15 18:53,22.39,27.39,0,620,0.004587082,0
64,02/04/15 18:53,22.29,27.39,0,621.5,0.004559056,0
65,02/04/15 18:55,22.29,27.35666667,0,616.3333333,0.004553467,0
66,02/04/15 18:55,22.29,27.34,0,609,0.004550673,0
67,02/04/15 18:56,22.29,27.39,0,614,0.004559056,0
68,02/04/15 18:58,22.29,27.34,0,613.5,0.004550673,0
69,02/04/15 18:59,22.29,27.34,0,611,0.004550673,0
70,02/04/15 19:00,22.29,27.39,0,612,0.004559056,0
71,02/04/15 19:01,22.29,27.29,0,608,0.00454229,0
72,02/04/15 19:01,22.29,27.29,0,605.5,0.00454229,0
73,02/04/15 19:02,22.2675,27.315,0,608.5,0.004540214,0
74,02/04/15 19:04,22.2,27.29,0,608.5,0.004517288,0
75,02/04/15 19:05,22.245,27.29,0,602.5,0.004529774,0
76,02/04/15 19:06,22.2,27.29,0,598,0.004517288,0
77,02/04/15 19:07,22.2,27.29,0,595,0.004517288,0
78,02/04/15 19:08,22.2,27.29,0,591,0.004517288,0
79,02/04/15 19:08,22.245,27.245,0,591,0.00452225,0
80,02/04/15 19:09,22.2,27.2,0,595,0.004502283,0
81,02/04/15 19:11,22.2,27.29,0,594.3333333,0.004517288,0
82,02/04/15 19:12,22.2,27.29,0,593.5,0.004517288,0
83,02/04/15 19:13,22.2,27.29,0,592,0.004517288,0
84,02/04/15 19:14,22.15,27.245,0,586.5,0.004495971,0
85,02/04/15 19:14,22.2,27.2,0,586,0.004502283,0
86,02/04/15 19:15,22.15,27.245,0,586,0.004495971,0
87,02/04/15 19:17,22.2,27.245,0,584.5,0.004509785,0
88,02/04/15 19:18,22.1,27.245,0,584.5,0.004482195,0
89,02/04/15 19:19,22.1,27.2,0,585.5,0.004474738,0
90,02/04/15 19:20,22.13333333,27.2,0,584.6666667,0.004483903,0
91,02/04/15 19:21,22.2,27.2,0,577,0.004502283,0
92,02/04/15 19:21,22.1,27.2,0,580,0.004474738,0
93,02/04/15 19:23,22.125,27.2,0,582,0.00448161,0
94,02/04/15 19:24,22.2,27.2,0,580,0.004502283,0
95,02/04/15 19:25,22.1,27.15,0,578,0.004466454,0
96,02/04/15 19:25,22.1,27.2,0,576.5,0.004474738,0
97,02/04/15 19:27,22.1,27.2,0,580,0.004474738,0
98,02/04/15 19:27,22.1,27.2,0,572.5,0.004474738,0
99,02/04/15 19:28,22.1,27.2,0,567,0.004474738,0
100,02/04/15 19:30,22.1,27.2,0,568,0.004474738,0
101,02/04/15 19:31,22.1,27.2,0,574.5,0.004474738,0
102,02/04/15 19:32,22.1,27.2,0,564.3333333,0.004474738,0
103,02/04/15 19:33,22.1,27.2,0,563,0.004474738,0
104,02/04/15 19:34,22.1,27.15,0,564.5,0.004466454,0
105,02/04/15 19:34,22.06666667,27.16666667,0,566.3333333,0.004460078,0
106,02/04/15 19:36,22.1,27.1,0,562,0.004458169,0
107,02/04/15 19:37,22,27.1,0,565.5,0.004430876,0
108,02/04/15 19:38,22,27.1,0,570,0.004430876,0
109,02/04/15 19:38,22.05,27.15,0,562,0.004452763,0
110,02/04/15 19:40,22,27.1,0,560,0.004430876,0
111,02/04/15 19:40,22,27.1,0,558,0.004430876,0
112,02/04/15 19:41,22,27.1,0,556,0.004430876,0
113,02/04/15 19:43,22,27.1,0,557,0.004430876,0
114,02/04/15 19:44,21.9175,27.1,0,556.5,0.004408469,0
115,02/04/15 19:45,21.945,27.1,0,557.5,0.004415927,0
116,02/04/15 19:46,21.92666667,27.1,0,555,0.004410954,0
117,02/04/15 19:46,21.89,27.1,0,555,0.004401023,0
118,02/04/15 19:47,21.89,27.1,0,553,0.004401023,0
119,02/04/15 19:49,21.89,27.1,0,549.5,0.004401023,0
120,02/04/15 19:50,21.89,27.1,0,548.5,0.004401023,0
121,02/04/15 19:51,21.89,27.1,0,551.5,0.004401023,0
122,02/04/15 19:52,21.89,27.1,0,548.5,0.004401023,0
123,02/04/15 19:53,21.89,27.1,0,548,0.004401023,0
124,02/04/15 19:53,21.89,27.1,0,547.5,0.004401023,0
125,02/04/15 19:54,21.89,27.1,0,553,0.004401023,0
126,02/04/15 19:56,21.84,27.1,0,547.5,0.004387512,0
127,02/04/15 19:57,21.85666667,27.1,0,548.6666667,0.004392012,0
128,02/04/15 19:58,21.79,27.1,0,540,0.004374038,0
129,02/04/15 19:59,21.79,27.1,0,538,0.004374038,0
130,02/04/15 19:59,21.79,27.1,0,542,0.004374038,0
131,02/04/15 20:00,21.79,27.1,0,542,0.004374038,0
132,02/04/15 20:02,21.79,27.1,0,538,0.004374038,0
133,02/04/15 20:03,21.79,27.1,0,537.6666667,0.004374038,0
134,02/04/15 20:04,21.79,27.1,0,537.5,0.004374038,0
135,02/04/15 20:05,21.79,27.1,0,536,0.004374038,0
136,02/04/15 20:06,21.745,27.1,0,534.5,0.004361943,0
137,02/04/15 20:06,21.7,27.1,0,532.5,0.004349877,0
138,02/04/15 20:08,21.76,27.1,0,530,0.004365971,0
139,02/04/15 20:09,21.745,27.05,0,529.5,0.004353839,0
140,02/04/15 20:10,21.79,27.05,0,531,0.004365912,0
141,02/04/15 20:10,21.73,27,0,533.3333333,0.004341725,0
142,02/04/15 20:12,21.745,27,0,531,0.004345735,0
143,02/04/15 20:12,21.745,27,0,529,0.004345735,0
144,02/04/15 20:13,21.745,27,0,528.5,0.004345735,0
145,02/04/15 20:15,21.7,27,0,525,0.004333714,0
146,02/04/15 20:16,21.7,27,0,528.5,0.004333714,0
147,02/04/15 20:17,21.7,27,0,530.5,0.004333714,0
148,02/04/15 20:18,21.7,26.89,0,528,0.004315936,0
149,02/04/15 20:19,21.7,26.89,0,526,0.004315936,0
150,02/04/15 20:19,21.7,26.89,0,530,0.004315936,0
151,02/04/15 20:21,21.7,26.89,0,533.3333333,0.004315936,0
152,02/04/15 20:22,21.7,26.89,0,529,0.004315936,0
153,02/04/15 20:23,21.7,26.89,0,528,0.004315936,0
154,02/04/15 20:23,21.7,26.89,0,526,0.004315936,0
155,02/04/15 20:25,21.7,26.89,0,526,0.004315936,0
156,02/04/15 20:25,21.7,26.79,0,521,0.004299774,0
157,02/04/15 20:26,21.7,26.79,0,518,0.004299774,0
158,02/04/15 20:28,21.7,26.79,0,515.5,0.004299774,0
159,02/04/15 20:29,21.7,26.79,0,520,0.004299774,0
160,02/04/15 20:30,21.7,26.7675,0,523.5,0.004296138,0
161,02/04/15 20:31,21.7,26.79,0,525.5,0.004299774,0
162,02/04/15 20:31,21.7,26.79,0,525.5,0.004299774,0
163,02/04/15 20:32,21.7,26.79,0,514,0.004299774,0
164,02/04/15 20:34,21.7,26.7,0,518,0.00428523,0
165,02/04/15 20:35,21.7,26.7,0,518,0.00428523,0
166,02/04/15 20:36,21.7,26.7,0,520,0.00428523,0
167,02/04/15 20:37,21.6,26.7,0,521,0.004258922,0
168,02/04/15 20:38,21.6,26.6,0,518,0.004242862,0
169,02/04/15 20:38,21.6,26.65,0,517,0.004250892,0
170,02/04/15 20:39,21.6,26.6,0,511.5,0.004242862,0
171,02/04/15 20:41,21.65,26.65,0,514,0.004264003,0
172,02/04/15 20:42,21.6,26.55,0,515.5,0.004234832,0
173,02/04/15 20:43,21.6,26.5,0,517,0.004226803,0
174,02/04/15 20:44,21.6,26.5,0,515,0.004226803,0
175,02/04/15 20:44,21.6,26.5,0,512,0.004226803,0
176,02/04/15 20:45,21.6,26.5,0,515,0.004226803,0
177,02/04/15 20:47,21.65,26.55,0,511,0.004247894,0
178,02/04/15 20:48,21.6,26.5,0,514,0.004226803,0
179,02/04/15 20:49,21.6,26.445,0,508,0.004217971,0
180,02/04/15 20:50,21.6,26.4725,0,509.75,0.004222387,0
181,02/04/15 20:51,21.6,26.445,0,508.75,0.004217971,0
182,02/04/15 20:51,21.6,26.445,0,508.5,0.004217971,0
183,02/04/15 20:53,21.6,26.39,0,507,0.004209139,0
184,02/04/15 20:54,21.6,26.39,0,507,0.004209139,0
185,02/04/15 20:55,21.6,26.39,0,503.5,0.004209139,0
186,02/04/15 20:55,21.6,26.39,0,504,0.004209139,0
187,02/04/15 20:57,21.6,26.39,0,504,0.004209139,0
188,02/04/15 20:57,21.575,26.315,0,500.5,0.004190637,0
189,02/04/15 20:58,21.6,26.29,0,500,0.004193082,0
190,02/04/15 21:00,21.6,26.29,0,503.5,0.004193082,0
191,02/04/15 21:01,21.55,26.245,0,503,0.004172982,0
192,02/04/15 21:02,21.55,26.245,0,502.5,0.004172982,0
193,02/04/15 21:03,21.5,26.2,0,502,0.004152962,0
194,02/04/15 21:04,21.56666667,26.2,0,502,0.004170059,0
195,02/04/15 21:04,21.5,26.2,0,502.5,0.004152962,0
196,02/04/15 21:06,21.5,26.2,0,497,0.004152962,0
197,02/04/15 21:07,21.5,26.15,0,501.5,0.004144984,0
198,02/04/15 21:08,21.5,26.15,0,504,0.004144984,0
199,02/04/15 21:08,21.5,26.1,0,501,0.004137006,0
200,02/04/15 21:10,21.5,26.1,0,493.75,0.004137006,0
201,02/04/15 21:10,21.5,26.1,0,500,0.004137006,0
202,02/04/15 21:11,21.5,26.1,0,504.5,0.004137006,0
203,02/04/15 21:13,21.5,26.05,0,504,0.004129028,0
204,02/04/15 21:14,21.5,26.1,0,501,0.004137006,0
205,02/04/15 21:15,21.5,26,0,499,0.00412105,0
206,02/04/15 21:16,21.5,26,0,502,0.00412105,0
207,02/04/15 21:16,21.5,26,0,503.5,0.00412105,0
208,02/04/15 21:17,21.5,26,0,500.6666667,0.00412105,0
209,02/04/15 21:19,21.5,26,0,493,0.00412105,0
210,02/04/15 21:20,21.5,26,0,492.5,0.00412105,0
211,02/04/15 21:21,21.5,26,0,493,0.00412105,0
212,02/04/15 21:22,21.5,25.89,0,495.5,0.0041035,0
213,02/04/15 21:23,21.5,26,0,492.6666667,0.00412105,0
214,02/04/15 21:23,21.5,26,0,490,0.00412105,0
215,02/04/15 21:24,21.5,25.92666667,0,493,0.00410935,0
216,02/04/15 21:26,21.5,25.89,0,494.6666667,0.0041035,0
217,02/04/15 21:27,21.5,25.89,0,496,0.0041035,0
218,02/04/15 21:28,21.5,25.89,0,491,0.0041035,0
219,02/04/15 21:29,21.5,25.84,0,490.5,0.004095523,0
220,02/04/15 21:29,21.5,25.84,0,490,0.004095523,0
221,02/04/15 21:30,21.5,25.89,0,491,0.0041035,0
222,02/04/15 21:32,21.5,25.89,0,491.6666667,0.0041035,0
223,02/04/15 21:33,21.5,25.89,0,493.5,0.0041035,0
224,02/04/15 21:34,21.4725,25.865,0,493.75,0.004092568,0
225,02/04/15 21:35,21.5,25.84,0,490,0.004095523,0
226,02/04/15 21:36,21.5,25.79,0,488,0.004087546,0
227,02/04/15 21:36,21.5,25.79,0,490,0.004087546,0
228,02/04/15 21:38,21.5,25.79,0,487,0.004087546,0
229,02/04/15 21:39,21.445,25.745,0,492.5,0.004066556,0
230,02/04/15 21:40,21.445,25.745,0,493.5,0.004066556,0
231,02/04/15 21:40,21.46333333,25.76,0,493.3333333,0.004073542,0
232,02/04/15 21:42,21.445,25.745,0,488,0.004066556,0
233,02/04/15 21:42,21.5,25.79,0,487.5,0.004087546,0
234,02/04/15 21:43,21.42666667,25.73,0,485.3333333,0.004059579,0
235,02/04/15 21:45,21.39,25.7,0,484,0.004045656,0
236,02/04/15 21:46,21.39,25.7,0,489,0.004045656,0
237,02/04/15 21:47,21.445,25.745,0,488,0.004066556,0
238,02/04/15 21:48,21.5,25.79,0,493,0.004087546,0
239,02/04/15 21:49,21.39,25.7,0,491,0.004045656,0
240,02/04/15 21:49,21.445,25.745,0,488,0.004066556,0
241,02/04/15 21:51,21.445,25.745,0,487.25,0.004066556,0
242,02/04/15 21:52,21.39,25.7,0,489,0.004045656,0
243,02/04/15 21:53,21.5,25.79,0,489,0.004087546,0
244,02/04/15 21:53,21.39,25.7,0,486,0.004045656,0
245,02/04/15 21:55,21.42666667,25.73,0,484.6666667,0.004059579,0
246,02/04/15 21:55,21.39,25.7,0,485,0.004045656,0
247,02/04/15 21:56,21.39,25.7,0,487,0.004045656,0
248,02/04/15 21:58,21.39,25.7,0,492,0.004045656,0
249,02/04/15 21:59,21.39,25.7,0,490.6666667,0.004045656,0
250,02/04/15 22:00,21.39,25.7,0,488,0.004045656,0
251,02/04/15 22:01,21.39,25.7,0,485.5,0.004045656,0
252,02/04/15 22:01,21.39,25.7,0,486,0.004045656,0
253,02/04/15 22:02,21.39,25.7,0,485.5,0.004045656,0
254,02/04/15 22:04,21.39,25.7,0,486,0.004045656,0
255,02/04/15 22:05,21.39,25.7,0,480,0.004045656,0
256,02/04/15 22:06,21.39,25.7,0,481,0.004045656,0
257,02/04/15 22:07,21.39,25.7,0,481.6666667,0.004045656,0
258,02/04/15 22:08,21.39,25.7,0,485.5,0.004045656,0
259,02/04/15 22:08,21.39,25.7,0,485,0.004045656,0
260,02/04/15 22:09,21.39,25.7,0,473,0.004045656,0
261,02/04/15 22:11,21.39,25.7,0,475,0.004045656,0
262,02/04/15 22:12,21.39,25.7,0,486,0.004045656,0
263,02/04/15 22:13,21.39,25.7,0,481.5,0.004045656,0
264,02/04/15 22:14,21.39,25.7,0,483,0.004045656,0
265,02/04/15 22:14,21.39,25.7,0,479,0.004045656,0
266,02/04/15 22:15,21.39,25.7,0,479,0.004045656,0
267,02/04/15 22:17,21.39,25.7,0,479,0.004045656,0
268,02/04/15 22:18,21.34,25.7,0,479,0.004033195,0
269,02/04/15 22:19,21.39,25.7,0,479,0.004045656,0
270,02/04/15 22:20,21.39,25.7,0,477,0.004045656,0
271,02/04/15 22:21,21.39,25.7,0,477.5,0.004045656,0
272,02/04/15 22:21,21.29,25.7,0,477.5,0.004020769,0
273,02/04/15 22:23,21.34,25.7,0,480,0.004033195,0
274,02/04/15 22:24,21.29,25.7,0,480,0.004020769,0
275,02/04/15 22:25,21.34,25.7,0,482,0.004033195,0
276,02/04/15 22:25,21.32333333,25.7,0,480.3333333,0.004029049,0
277,02/04/15 22:27,21.34,25.7,0,477.5,0.004033195,0
278,02/04/15 22:27,21.29,25.7,0,476,0.004020769,0
279,02/04/15 22:28,21.39,25.7,0,479,0.004045656,0
280,02/04/15 22:30,21.39,25.7,0,471,0.004045656,0
281,02/04/15 22:31,21.29,25.7,0,474,0.004020769,0
282,02/04/15 22:32,21.29,25.7,0,477.5,0.004020769,0
283,02/04/15 22:33,21.34,25.7,0,476,0.004033195,0
284,02/04/15 22:34,21.29,25.7,0,474.25,0.004020769,0
285,02/04/15 22:34,21.39,25.7,0,475,0.004045656,0
286,02/04/15 22:36,21.29,25.7,0,476.5,0.004020769,0
287,02/04/15 22:37,21.34,25.7,0,474.5,0.004033195,0
288,02/04/15 22:38,21.29,25.7,0,478,0.004020769,0
289,02/04/15 22:38,21.29,25.7,0,475.3333333,0.004020769,0
290,02/04/15 22:40,21.29,25.7,0,477,0.004020769,0
291,02/04/15 22:40,21.29,25.7,0,475.5,0.004020769,0
292,02/04/15 22:41,21.29,25.7,0,477.5,0.004020769,0
293,02/04/15 22:43,21.29,25.7,0,477.5,0.004020769,0
294,02/04/15 22:44,21.29,25.7,0,478,0.004020769,0
295,02/04/15 22:45,21.29,25.7,0,473.5,0.004020769,0
296,02/04/15 22:46,21.29,25.7,0,472.5,0.004020769,0
297,02/04/15 22:46,21.29,25.7,0,472,0.004020769,0
298,02/04/15 22:47,21.29,25.7,0,469.5,0.004020769,0
299,02/04/15 22:49,21.29,25.7,0,466.6666667,0.004020769,0
300,02/04/15 22:50,21.29,25.7,0,467,0.004020769,0
301,02/04/15 22:51,21.29,25.7,0,469.5,0.004020769,0
302,02/04/15 22:52,21.2,25.6,0,469,0.003982828,0
303,02/04/15 22:53,21.29,25.7,0,471,0.004020769,0
304,02/04/15 22:53,21.29,25.7,0,469,0.004020769,0
305,02/04/15 22:54,21.26,25.66666667,0,467.3333333,0.00400809,0
306,02/04/15 22:56,21.245,25.65,0,471.5,0.004001763,0
307,02/04/15 22:57,21.23,25.63333333,0,471.6666667,0.003995443,0
308,02/04/15 22:58,21.29,25.7,0,475,0.004020769,0
309,02/04/15 22:59,21.2,25.6,0,471,0.003982828,0
310,02/04/15 22:59,21.2,25.6,0,471,0.003982828,0
311,02/04/15 23:00,21.245,25.65,0,471,0.004001763,0
312,02/04/15 23:02,21.245,25.65,0,474.5,0.004001763,0
313,02/04/15 23:03,21.2,25.6,0,475.5,0.003982828,0
314,02/04/15 23:04,21.2,25.6,0,474,0.003982828,0
315,02/04/15 23:05,21.2,25.6,0,469,0.003982828,0
316,02/04/15 23:06,21.2,25.6,0,474,0.003982828,0
317,02/04/15 23:06,21.2,25.6,0,474,0.003982828,0
318,02/04/15 23:08,21.2,25.6,0,468.5,0.003982828,0
319,02/04/15 23:09,21.2,25.6,0,469.5,0.003982828,0
320,02/04/15 23:10,21.2,25.6,0,472.5,0.003982828,0
321,02/04/15 23:10,21.2,25.6,0,467.5,0.003982828,0
322,02/04/15 23:12,21.2,25.6,0,469,0.003982828,0
323,02/04/15 23:12,21.2,25.55,0,466.5,0.003974999,0
324,02/04/15 23:13,21.2,25.5,0,469.5,0.003967171,0
325,02/04/15 23:15,21.2,25.5,0,469,0.003967171,0
326,02/04/15 23:16,21.2,25.5,0,467,0.003967171,0
327,02/04/15 23:17,21.2,25.5,0,467.3333333,0.003967171,0
328,02/04/15 23:18,21.2,25.5,0,467,0.003967171,0
329,02/04/15 23:19,21.2,25.5,0,464.5,0.003967171,0
330,02/04/15 23:19,21.2,25.445,0,466,0.00395856,0
331,02/04/15 23:21,21.2,25.5,0,473,0.003967171,0
332,02/04/15 23:22,21.2,25.39,0,475,0.003949949,0
333,02/04/15 23:23,21.2,25.39,0,471,0.003949949,0
334,02/04/15 23:23,21.2,25.39,0,470,0.003949949,0
335,02/04/15 23:25,21.2,25.39,0,466.25,0.003949949,0
336,02/04/15 23:25,21.2,25.39,0,467,0.003949949,0
337,02/04/15 23:26,21.2,25.39,0,473,0.003949949,0
338,02/04/15 23:28,21.2,25.39,0,468,0.003949949,0
339,02/04/15 23:29,21.2,25.39,0,463,0.003949949,0
340,02/04/15 23:30,21.2,25.39,0,466,0.003949949,0
341,02/04/15 23:31,21.2,25.39,0,467,0.003949949,0
342,02/04/15 23:31,21.2,25.29,0,468,0.003934293,0
343,02/04/15 23:32,21.2,25.39,0,468,0.003949949,0
344,02/04/15 23:34,21.2,25.29,0,468,0.003934293,0
345,02/04/15 23:35,21.2,25.34,0,465.5,0.003942121,0
346,02/04/15 23:36,21.2,25.39,0,464,0.003949949,0
347,02/04/15 23:37,21.2,25.34,0,464.5,0.003942121,0
348,02/04/15 23:38,21.2,25.29,0,465.6666667,0.003934293,0
349,02/04/15 23:38,21.2,25.365,0,465.75,0.003946035,0
350,02/04/15 23:39,21.2,25.39,0,464,0.003949949,0
351,02/04/15 23:41,21.2,25.39,0,467,0.003949949,0
352,02/04/15 23:42,21.15,25.39,0,466.5,0.003937767,0
353,02/04/15 23:43,21.2,25.39,0,465,0.003949949,0
354,02/04/15 23:44,21.2,25.39,0,462,0.003949949,0
355,02/04/15 23:44,21.2,25.39,0,459.6666667,0.003949949,0
356,02/04/15 23:45,21.2,25.29,0,458,0.003934293,0
357,02/04/15 23:47,21.2,25.34,0,462.5,0.003942121,0
358,02/04/15 23:48,21.2,25.29,0,467,0.003934293,0
359,02/04/15 23:49,21.2,25.29,0,466.5,0.003934293,0
360,02/04/15 23:50,21.2,25.29,0,463,0.003934293,0
361,02/04/15 23:51,21.2,25.29,0,465,0.003934293,0
362,02/04/15 23:51,21.2,25.29,0,463.25,0.003934293,0
363,02/04/15 23:53,21.2,25.29,0,460,0.003934293,0
364,02/04/15 23:54,21.2,25.29,0,457,0.003934293,0
365,02/04/15 23:55,21.2,25.29,0,456,0.003934293,0
366,02/04/15 23:55,21.245,25.245,0,454,0.003938177,0
367,02/04/15 23:57,21.23,25.23,0,454,0.003932179,0
368,02/04/15 23:57,21.29,25.29,0,458,0.003956216,0
369,02/04/15 23:58,21.2,25.2,0,456,0.003920204,0
370,02/05/15 0:00,21.245,25.245,0,456.5,0.003938177,0
371,02/05/15 0:01,21.245,25.245,0,458.5,0.003938177,0
372,02/05/15 0:02,21.26,25.26,0,459.6666667,0.003944183,0
373,02/05/15 0:03,21.245,25.245,0,464,0.003938177,0
374,02/05/15 0:04,21.245,25.2,0,465,0.003931113,0
375,02/05/15 0:04,21.29,25.2,0,461,0.003942048,0
376,02/05/15 0:06,21.245,25.2,0,458.5,0.003931113,0
377,02/05/15 0:07,21.29,25.2,0,459,0.003942048,0
378,02/05/15 0:08,21.29,25.2,0,451,0.003942048,0
379,02/05/15 0:08,21.29,25.2,0,456,0.003942048,0
380,02/05/15 0:10,21.29,25.2,0,463,0.003942048,0
381,02/05/15 0:10,21.29,25.2,0,461.6666667,0.003942048,0
382,02/05/15 0:11,21.29,25.2,0,458,0.003942048,0
383,02/05/15 0:13,21.29,25.2,0,450,0.003942048,0
384,02/05/15 0:14,21.29,25.2,0,457,0.003942048,0
385,02/05/15 0:15,21.29,25.2,0,456,0.003942048,0
386,02/05/15 0:16,21.29,25.2,0,456,0.003942048,0
387,02/05/15 0:16,21.29,25.2,0,461,0.003942048,0
388,02/05/15 0:17,21.29,25.2,0,463,0.003942048,0
389,02/05/15 0:19,21.29,25.2,0,460,0.003942048,0
390,02/05/15 0:20,21.29,25.2,0,456,0.003942048,0
391,02/05/15 0:21,21.29,25.2,0,454.5,0.003942048,0
392,02/05/15 0:22,21.29,25.2,0,448.5,0.003942048,0
393,02/05/15 0:23,21.29,25.2,0,453.5,0.003942048,0
394,02/05/15 0:23,21.29,25.2,0,454,0.003942048,0
395,02/05/15 0:24,21.29,25.2,0,454,0.003942048,0
396,02/05/15 0:26,21.29,25.245,0,450.5,0.003949132,0
397,02/05/15 0:27,21.29,25.245,0,453,0.003949132,0
398,02/05/15 0:28,21.2,25.2,0,457,0.003920204,0
399,02/05/15 0:29,21.2,25.2,0,452.5,0.003920204,0
400,02/05/15 0:29,21.2,25.2,0,449,0.003920204,0
401,02/05/15 0:30,21.2,25.2,0,458.6666667,0.003920204,0
402,02/05/15 0:32,21.2,25.2,0,454.5,0.003920204,0
403,02/05/15 0:33,21.2,25.245,0,455.5,0.003927249,0
404,02/05/15 0:34,21.2,25.245,0,453.5,0.003927249,0
405,02/05/15 0:35,21.2,25.29,0,452,0.003934293,0
406,02/05/15 0:36,21.2,25.29,0,451.5,0.003934293,0
407,02/05/15 0:36,21.2,25.29,0,451,0.003934293,0
408,02/05/15 0:38,21.16666667,25.35666667,0,450.3333333,0.003936616,0
409,02/05/15 0:39,21.16666667,25.39,0,450,0.003941824,0
410,02/05/15 0:40,21.15,25.39,0,453.5,0.003937767,0
411,02/05/15 0:40,21.1,25.39,0,454,0.003925619,0
412,02/05/15 0:42,21.15,25.39,0,452.5,0.003937767,0
413,02/05/15 0:42,21.1,25.39,0,454,0.003925619,0
414,02/05/15 0:43,21.1,25.39,0,457,0.003925619,0
415,02/05/15 0:45,21.1,25.46333333,0,450.3333333,0.003937029,0
416,02/05/15 0:46,21.1,25.5,0,451,0.003942734,0
417,02/05/15 0:47,21.1,25.5,0,451,0.003942734,0
418,02/05/15 0:48,21.05,25.445,0,449,0.003922035,0
419,02/05/15 0:49,21.1,25.5,0,449,0.003942734,0
420,02/05/15 0:49,21.05,25.445,0,450,0.003922035,0
421,02/05/15 0:51,21.05,25.445,0,449,0.003922035,0
422,02/05/15 0:52,21.1,25.5,0,445,0.003942734,0
423,02/05/15 0:53,21,25.39,0,443,0.003901421,0
424,02/05/15 0:53,21.1,25.5,0,446.5,0.003942734,0
425,02/05/15 0:55,21.1,25.5,0,446,0.003942734,0
426,02/05/15 0:55,21.1,25.5,0,451.5,0.003942734,0
427,02/05/15 0:56,21.1,25.39,0,445,0.003925619,0
428,02/05/15 0:58,21.1,25.39,0,449,0.003925619,0
429,02/05/15 0:59,21.1,25.39,0,451.6666667,0.003925619,0
430,02/05/15 1:00,21.1,25.39,0,452,0.003925619,0
431,02/05/15 1:01,21.1,25.39,0,451,0.003925619,0
432,02/05/15 1:01,21.05,25.34,0,450,0.003905749,0
433,02/05/15 1:02,21.1,25.39,0,450,0.003925619,0
434,02/05/15 1:04,21.1,25.39,0,448,0.003925619,0
435,02/05/15 1:05,21.1,25.39,0,450.6666667,0.003925619,0
436,02/05/15 1:06,21.1,25.39,0,450,0.003925619,0
437,02/05/15 1:07,21.15,25.39,0,446,0.003937767,0
438,02/05/15 1:08,21.1,25.39,0,444,0.003925619,0
439,02/05/15 1:08,21.125,25.39,0,447.5,0.003931689,0
440,02/05/15 1:09,21.13333333,25.39,0,443.3333333,0.003933714,0
441,02/05/15 1:11,21.1,25.34,0,443.5,0.00391784,0
442,02/05/15 1:12,21.1,25.34,0,444,0.00391784,0
443,02/05/15 1:13,21.15,25.34,0,449,0.003929964,0
444,02/05/15 1:14,21.2,25.29,0,449.3333333,0.003934293,0
445,02/05/15 1:14,21.15,25.29,0,448,0.003922161,0
446,02/05/15 1:15,21.15,25.245,0,449.5,0.003915138,0
447,02/05/15 1:17,21.2,25.245,0,450,0.003927249,0
448,02/05/15 1:18,21.2,25.2,0,447,0.003920204,0
449,02/05/15 1:19,21.2,25.2,0,446,0.003920204,0
450,02/05/15 1:20,21.13333333,25.2,0,443,0.003904093,0
451,02/05/15 1:21,21.16666667,25.2,0,444,0.003912141,0
452,02/05/15 1:21,21.2,25.2,0,444.5,0.003920204,0
453,02/05/15 1:23,21.2,25.2,0,445,0.003920204,0
454,02/05/15 1:24,21.2,25.2,0,451,0.003920204,0
455,02/05/15 1:25,21.2,25.2,0,450,0.003920204,0
456,02/05/15 1:25,21.2,25.2,0,444,0.003920204,0
457,02/05/15 1:27,21.2,25.2,0,443,0.003920204,0
458,02/05/15 1:27,21.2,25.1,0,438.5,0.00390455,0
459,02/05/15 1:28,21.2,25.1,0,441,0.00390455,0
460,02/05/15 1:30,21.2,25.1,0,444,0.00390455,0
461,02/05/15 1:31,21.2,25.15,0,441.5,0.003912377,0
462,02/05/15 1:32,21.2,25.1,0,441,0.00390455,0
463,02/05/15 1:33,21.2,25.1,0,439.5,0.00390455,0
464,02/05/15 1:34,21.2,25.1,0,441,0.00390455,0
465,02/05/15 1:34,21.2,25.1,0,442,0.00390455,0
466,02/05/15 1:36,21.2,25.1,0,441,0.00390455,0
467,02/05/15 1:37,21.2,25.1,0,436,0.00390455,0
468,02/05/15 1:38,21.2,25.1,0,442.5,0.00390455,0
469,02/05/15 1:38,21.2,25.1,0,446,0.00390455,0
470,02/05/15 1:40,21.2,25.1,0,443,0.00390455,0
471,02/05/15 1:40,21.2,25.1,0,437.5,0.00390455,0
472,02/05/15 1:41,21.2,25.1,0,440.5,0.00390455,0
473,02/05/15 1:43,21.2,25.05,0,439.5,0.003896723,0
474,02/05/15 1:44,21.2,25,0,443,0.003888897,0
475,02/05/15 1:45,21.2,25,0,443,0.003888897,0
476,02/05/15 1:46,21.2,25,0,438.5,0.003888897,0
477,02/05/15 1:46,21.2,25,0,438,0.003888897,0
478,02/05/15 1:47,21.2,25,0,442.3333333,0.003888897,0
479,02/05/15 1:49,21.2,25,0,448,0.003888897,0
480,02/05/15 1:50,21.2,25.1,0,447.5,0.00390455,0
481,02/05/15 1:51,21.125,25.1,0,445.75,0.003886501,0
482,02/05/15 1:52,21.1,25,0,439,0.003864945,0
483,02/05/15 1:53,21.1,25.1,0,440,0.003880502,0
484,02/05/15 1:53,21.1,25.1,0,441.5,0.003880502,0
485,02/05/15 1:54,21.1,25.06666667,0,439,0.003875316,0
486,02/05/15 1:56,21.1,25,0,439,0.003864945,0
487,02/05/15 1:57,21.1,25.1,0,437.5,0.003880502,0
488,02/05/15 1:58,21.05,25.05,0,437.5,0.003860772,0
489,02/05/15 1:59,21.1,25.1,0,439.3333333,0.003880502,0
490,02/05/15 1:59,21.1,25.1,0,443,0.003880502,0
491,02/05/15 2:00,21,25,0,440.5,0.003841124,0
492,02/05/15 2:02,21,25,0,442.3333333,0.003841124,0
493,02/05/15 2:03,21,25,0,440.6666667,0.003841124,0
494,02/05/15 2:04,21,25,0,440,0.003841124,0
495,02/05/15 2:05,21,25,0,439,0.003841124,0
496,02/05/15 2:06,21,25,0,442,0.003841124,0
497,02/05/15 2:06,21,25,0,443.5,0.003841124,0
498,02/05/15 2:08,21,25,0,445,0.003841124,0
499,02/05/15 2:09,21,25,0,445,0.003841124,0
500,02/05/15 2:10,21,25.05,0,442.5,0.003848854,0
501,02/05/15 2:10,21,25.1,0,440,0.003856584,0
502,02/05/15 2:12,21,25,0,439.5,0.003841124,0
503,02/05/15 2:12,21,25,0,438.5,0.003841124,0
504,02/05/15 2:13,21,25,0,435,0.003841124,0
505,02/05/15 2:15,21,25,0,439.5,0.003841124,0
506,02/05/15 2:16,21,25,0,440.5,0.003841124,0
507,02/05/15 2:17,21,25,0,439.5,0.003841124,0
508,02/05/15 2:18,21,25,0,441,0.003841124,0
509,02/05/15 2:19,21,25,0,442,0.003841124,0
510,02/05/15 2:19,21,25,0,445,0.003841124,0
511,02/05/15 2:21,21,25,0,444,0.003841124,0
512,02/05/15 2:22,21,25,0,445,0.003841124,0
513,02/05/15 2:23,21,24.89,0,444,0.003824119,0
514,02/05/15 2:23,21,24.89,0,443,0.003824119,0
515,02/05/15 2:25,21,24.89,0,448,0.003824119,0
516,02/05/15 2:25,21.05,24.945,0,443,0.003844489,0
517,02/05/15 2:26,21.05,24.945,0,440,0.003844489,0
518,02/05/15 2:28,21,24.89,0,440,0.003824119,0
519,02/05/15 2:29,21.03333333,24.92666667,0,441,0.00383769,0
520,02/05/15 2:30,21.05,24.945,0,440.5,0.003844489,0
521,02/05/15 2:31,21.05,24.945,0,444.5,0.003844489,0
522,02/05/15 2:31,21.1,25,0,446,0.003864945,0
523,02/05/15 2:32,21.05,24.945,0,442.5,0.003844489,0
524,02/05/15 2:34,21,24.89,0,439,0.003824119,0
525,02/05/15 2:35,21.1,24.89,0,441,0.003847834,0
526,02/05/15 2:36,21.1,24.89,0,438.3333333,0.003847834,0
527,02/05/15 2:37,21.03333333,24.89,0,439.5,0.00383201,0
528,02/05/15 2:38,21.075,24.9725,0,440.75,0.003854707,0
529,02/05/15 2:38,21.03333333,24.92666667,0,437,0.00383769,0
530,02/05/15 2:39,21.1,24.945,0,440.5,0.00385639,0
531,02/05/15 2:41,21.1,24.9175,0,442.25,0.003852112,0
532,02/05/15 2:42,21.1,24.89,0,435,0.003847834,0
533,02/05/15 2:43,21.1,24.89,0,435.5,0.003847834,0
534,02/05/15 2:44,21.1,24.89,0,432,0.003847834,0
535,02/05/15 2:44,21.1,24.89,0,439.5,0.003847834,0
536,02/05/15 2:45,21.05,24.84,0,442.5,0.003828207,0
537,02/05/15 2:47,21.1,24.89,0,438.5,0.003847834,0
538,02/05/15 2:48,21.05,24.84,0,435.5,0.003828207,0
539,02/05/15 2:49,21.06666667,24.85666667,0,437.3333333,0.003834741,0
540,02/05/15 2:50,21.1,24.89,0,437,0.003847834,0
541,02/05/15 2:51,21.03333333,24.82333333,0,438,0.003821683,0
542,02/05/15 2:51,21.025,24.84,0,435,0.003822295,0
543,02/05/15 2:53,21,24.79,0,440,0.003808661,0
544,02/05/15 2:54,21,24.82333333,0,441.3333333,0.003813814,0
545,02/05/15 2:55,21,24.85666667,0,435,0.003818966,0
546,02/05/15 2:55,21,24.89,0,432,0.003824119,0
547,02/05/15 2:57,21,24.89,0,435.5,0.003824119,0
548,02/05/15 2:57,21,24.89,0,444,0.003824119,0
549,02/05/15 2:58,21,24.84,0,444.5,0.00381639,0
550,02/05/15 3:00,21,24.89,0,446,0.003824119,0
551,02/05/15 3:01,21,24.89,0,445,0.003824119,0
552,02/05/15 3:02,21,24.89,0,438.3333333,0.003824119,0
553,02/05/15 3:03,21,24.89,0,445.5,0.003824119,0
554,02/05/15 3:04,21,24.89,0,439,0.003824119,0
555,02/05/15 3:04,21,24.89,0,439,0.003824119,0
556,02/05/15 3:06,20.945,24.89,0,439.5,0.003811131,0
557,02/05/15 3:07,20.96333333,24.89,0,443.3333333,0.003815456,0
558,02/05/15 3:08,20.89,24.89,0,443.5,0.003798181,0
559,02/05/15 3:08,20.92666667,24.89,0,444,0.00380681,0
560,02/05/15 3:10,21,24.89,0,447.5,0.003824119,0
561,02/05/15 3:10,20.89,24.89,0,445.5,0.003798181,0
562,02/05/15 3:11,20.89,24.89,0,443,0.003798181,0
563,02/05/15 3:13,20.89,24.89,0,438,0.003798181,0
564,02/05/15 3:14,20.89,24.89,0,428,0.003798181,0
565,02/05/15 3:15,20.89,24.89,0,431,0.003798181,0
566,02/05/15 3:16,20.89,24.89,0,441,0.003798181,0
567,02/05/15 3:16,20.89,24.89,0,446,0.003798181,0
568,02/05/15 3:17,20.89,24.89,0,447,0.003798181,0
569,02/05/15 3:19,20.89,24.89,0,439,0.003798181,0
570,02/05/15 3:20,20.89,24.89,0,438.3333333,0.003798181,0
571,02/05/15 3:21,20.89,24.89,0,442,0.003798181,0
572,02/05/15 3:22,20.92666667,24.79,0,443.3333333,0.003791422,0
573,02/05/15 3:23,20.89,24.79,0,448,0.003782829,0
574,02/05/15 3:23,20.89,24.79,0,444.5,0.003782829,0
575,02/05/15 3:24,20.92666667,24.79,0,443.3333333,0.003791422,0
576,02/05/15 3:26,20.945,24.79,0,445,0.003795725,0
577,02/05/15 3:27,21,24.7,0,445,0.003794749,0
578,02/05/15 3:28,21,24.7,0,443.5,0.003794749,0
579,02/05/15 3:29,21,24.7,0,439,0.003794749,0
580,02/05/15 3:29,21,24.7,0,441.5,0.003794749,0
581,02/05/15 3:30,21,24.63333333,0,441.3333333,0.003784445,0
582,02/05/15 3:32,21,24.6,0,441,0.003779293,0
583,02/05/15 3:33,21,24.6,0,441,0.003779293,0
584,02/05/15 3:34,21,24.6,0,440,0.003779293,0
585,02/05/15 3:35,21,24.6,0,436,0.003779293,0
586,02/05/15 3:36,21,24.6,0,444,0.003779293,0
587,02/05/15 3:36,21,24.6,0,442,0.003779293,0
588,02/05/15 3:38,21,24.6,0,443.6666667,0.003779293,0
589,02/05/15 3:39,21,24.6,0,439.5,0.003779293,0
590,02/05/15 3:40,21,24.56666667,0,439.3333333,0.003774141,0
591,02/05/15 3:40,21,24.55,0,443.5,0.003771565,0
592,02/05/15 3:42,21,24.5,0,445,0.003763837,0
593,02/05/15 3:42,21,24.5,0,441.5,0.003763837,0
594,02/05/15 3:43,21,24.5,0,445,0.003763837,0
595,02/05/15 3:45,21,24.5,0,444.5,0.003763837,0
596,02/05/15 3:46,21,24.5,0,443.6666667,0.003763837,0
597,02/05/15 3:47,21,24.5,0,445.5,0.003763837,0
598,02/05/15 3:48,21,24.445,0,445,0.003755336,0
599,02/05/15 3:49,21,24.445,0,443.5,0.003755336,0
600,02/05/15 3:49,21,24.39,0,447,0.003746836,0
601,02/05/15 3:51,21,24.39,0,444,0.003746836,0
602,02/05/15 3:52,21,24.5,0,442.5,0.003763837,0
603,02/05/15 3:53,21,24.42666667,0,445,0.003752503,0
604,02/05/15 3:53,21,24.5,0,444,0.003763837,0
605,02/05/15 3:55,21,24.39,0,440,0.003746836,0
606,02/05/15 3:55,21,24.39,0,445.5,0.003746836,0
607,02/05/15 3:56,21,24.39,0,444.5,0.003746836,0
608,02/05/15 3:58,21,24.39,0,442.5,0.003746836,0
609,02/05/15 3:59,21,24.39,0,444,0.003746836,0
610,02/05/15 4:00,21,24.39,0,442,0.003746836,0
611,02/05/15 4:01,21,24.35666667,0,442.6666667,0.003741684,0
612,02/05/15 4:01,21,24.29,0,439,0.003731382,0
613,02/05/15 4:02,20.89,24.39,0,440,0.003721425,0
614,02/05/15 4:04,20.945,24.39,0,440,0.003734112,0
615,02/05/15 4:05,21,24.39,0,444,0.003746836,0
616,02/05/15 4:06,20.89,24.39,0,439.5,0.003721425,0
617,02/05/15 4:07,20.89,24.39,0,440,0.003721425,0
618,02/05/15 4:08,20.89,24.39,0,440,0.003721425,0
619,02/05/15 4:08,20.89,24.29,0,442,0.003706077,0
620,02/05/15 4:09,20.89,24.34,0,445,0.003713751,0
621,02/05/15 4:11,20.85666667,24.35666667,0,447,0.00370865,0
622,02/05/15 4:12,20.89,24.39,0,446,0.003721425,0
623,02/05/15 4:13,20.89,24.34,0,445,0.003713751,0
624,02/05/15 4:14,20.89,24.39,0,445,0.003721425,0
625,02/05/15 4:14,20.89,24.29,0,443,0.003706077,0
626,02/05/15 4:15,20.89,24.29,0,442,0.003706077,0
627,02/05/15 4:17,20.84,24.245,0,444,0.003687739,0
628,02/05/15 4:18,20.89,24.39,0,443.5,0.003721425,0
629,02/05/15 4:19,20.89,24.29,0,441,0.003706077,0
630,02/05/15 4:20,20.85666667,24.26,0,441,0.003693843,0
631,02/05/15 4:21,20.89,24.29,0,444,0.003706077,0
632,02/05/15 4:21,20.89,24.29,0,445.5,0.003706077,0
633,02/05/15 4:23,20.89,24.29,0,441,0.003706077,0
634,02/05/15 4:24,20.89,24.29,0,445.3333333,0.003706077,0
635,02/05/15 4:25,20.89,24.2,0,442,0.003692263,0
636,02/05/15 4:25,20.89,24.29,0,442,0.003706077,0
637,02/05/15 4:27,20.89,24.2,0,446.5,0.003692263,0
638,02/05/15 4:27,20.85666667,24.16666667,0,444.3333333,0.003679548,0
639,02/05/15 4:28,20.89,24.2,0,445.5,0.003692263,0
640,02/05/15 4:30,20.89,24.2,0,441.5,0.003692263,0
641,02/05/15 4:31,20.865,24.175,0,447.25,0.003682724,0
642,02/05/15 4:32,20.89,24.2,0,448,0.003692263,0
643,02/05/15 4:33,20.89,24.175,0,447.25,0.003688426,0
644,02/05/15 4:34,20.89,24.2,0,439,0.003692263,0
645,02/05/15 4:34,20.89,24.15,0,440,0.003684589,0
646,02/05/15 4:36,20.89,24.2,0,440,0.003692263,0
647,02/05/15 4:37,20.89,24.1,0,445,0.003676916,0
648,02/05/15 4:38,20.89,24,0,438,0.003661569,0
649,02/05/15 4:38,20.945,24,0,438.5,0.00367405,0
650,02/05/15 4:40,21,24,0,440,0.003686568,0
651,02/05/15 4:40,20.945,24,0,446,0.00367405,0
652,02/05/15 4:41,20.945,24,0,447,0.00367405,0
653,02/05/15 4:43,20.92666667,24,0,447,0.003669885,0
654,02/05/15 4:44,20.89,24,0,445,0.003661569,0
655,02/05/15 4:45,20.89,24,0,446.5,0.003661569,0
656,02/05/15 4:46,20.945,24,0,446,0.00367405,0
657,02/05/15 4:46,20.89,23.89,0,453,0.003644688,0
658,02/05/15 4:47,21,23.89,0,451,0.003669572,0
659,02/05/15 4:49,21,23.84,0,448.5,0.003661847,0
660,02/05/15 4:50,21,23.82333333,0,444.6666667,0.003659272,0
661,02/05/15 4:51,21,23.79,0,447,0.003654121,0
662,02/05/15 4:52,21,23.79,0,447,0.003654121,0
663,02/05/15 4:53,21,23.79,0,445,0.003654121,0
664,02/05/15 4:53,21,23.79,0,446.5,0.003654121,0
665,02/05/15 4:54,21,23.79,0,446.5,0.003654121,0
666,02/05/15 4:56,21,23.7675,0,442.25,0.003650645,0
667,02/05/15 4:57,21,23.79,0,443,0.003654121,0
668,02/05/15 4:58,21,23.79,0,443,0.003654121,0
669,02/05/15 4:59,20.96333333,23.79,0,442.3333333,0.003645846,0
670,02/05/15 4:59,20.89,23.79,0,444.5,0.003629343,0
671,02/05/15 5:00,20.89,23.73,0,443.3333333,0.003620137,0
672,02/05/15 5:02,20.9175,23.7225,0,446.5,0.003625149,0
673,02/05/15 5:03,20.89,23.7,0,449,0.003615533,0
674,02/05/15 5:04,20.89,23.7,0,449.5,0.003615533,0
675,02/05/15 5:05,20.89,23.6,0,448.5,0.00360019,0
676,02/05/15 5:06,20.89,23.7,0,446,0.003615533,0
677,02/05/15 5:06,20.89,23.6,0,446,0.00360019,0
678,02/05/15 5:08,20.89,23.6,0,444,0.00360019,0
679,02/05/15 5:09,20.89,23.6,0,443.3333333,0.00360019,0
680,02/05/15 5:10,20.89,23.63333333,0,441.6666667,0.003605304,0
681,02/05/15 5:10,20.89,23.6,0,449.5,0.00360019,0
682,02/05/15 5:12,20.89,23.6,0,448.5,0.00360019,0
683,02/05/15 5:12,20.89,23.6,0,450,0.00360019,0
684,02/05/15 5:13,20.89,23.6,0,448.5,0.00360019,0
685,02/05/15 5:15,20.945,23.6,0,446.5,0.00361246,0
686,02/05/15 5:16,20.89,23.6,0,452.5,0.00360019,0
687,02/05/15 5:17,20.89,23.6,0,451,0.00360019,0
688,02/05/15 5:18,20.945,23.5,0,450.6666667,0.003597065,0
689,02/05/15 5:19,20.89,23.5,0,449,0.003584847,0
690,02/05/15 5:19,20.945,23.5,0,449,0.003597065,0
691,02/05/15 5:21,20.945,23.5,0,448.5,0.003597065,0
692,02/05/15 5:22,20.89,23.5,0,452,0.003584847,0
693,02/05/15 5:23,20.89,23.5,0,444,0.003584847,0
694,02/05/15 5:23,20.89,23.5,0,443.5,0.003584847,0
695,02/05/15 5:25,20.89,23.5,0,446,0.003584847,0
696,02/05/15 5:25,20.89,23.5,0,449,0.003584847,0
697,02/05/15 5:26,20.92666667,23.5,0,448,0.003592988,0
698,02/05/15 5:28,20.89,23.5,0,448,0.003584847,0
699,02/05/15 5:29,20.89,23.5,0,449,0.003584847,0
700,02/05/15 5:30,20.945,23.5,0,443,0.003597065,0
701,02/05/15 5:31,20.89,23.5,0,444.25,0.003584847,0
702,02/05/15 5:31,20.89,23.5,0,445.3333333,0.003584847,0
703,02/05/15 5:32,20.89,23.5,0,444.5,0.003584847,0
704,02/05/15 5:34,20.89,23.5,0,446.5,0.003584847,0
705,02/05/15 5:35,20.89,23.445,0,446,0.003576408,0
706,02/05/15 5:36,20.89,23.445,0,448.5,0.003576408,0
707,02/05/15 5:37,20.89,23.39,0,450,0.00356797,0
708,02/05/15 5:38,20.89,23.445,0,450.5,0.003576408,0
709,02/05/15 5:38,20.89,23.5,0,448,0.003584847,0
710,02/05/15 5:39,20.89,23.5,0,448.3333333,0.003584847,0
711,02/05/15 5:41,20.89,23.445,0,446.5,0.003576408,0
712,02/05/15 5:42,20.89,23.5,0,442.5,0.003584847,0
713,02/05/15 5:43,20.89,23.5,0,440.5,0.003584847,0
714,02/05/15 5:44,20.89,23.5,0,443,0.003584847,0
715,02/05/15 5:44,20.89,23.5,0,453,0.003584847,0
716,02/05/15 5:45,20.89,23.42666667,0,450,0.003573596,0
717,02/05/15 5:47,20.89,23.445,0,451,0.003576408,0
718,02/05/15 5:48,20.89,23.39,0,452.3333333,0.00356797,0
719,02/05/15 5:49,20.89,23.445,0,448,0.003576408,0
720,02/05/15 5:50,20.89,23.39,0,448,0.00356797,0
721,02/05/15 5:51,20.84,23.395,0,446.5,0.003557712,0
722,02/05/15 5:51,20.89,23.39,0,449,0.00356797,0
723,02/05/15 5:53,20.84,23.34,0,446.5,0.0035493,0
724,02/05/15 5:54,20.89,23.39,0,448,0.00356797,0
725,02/05/15 5:55,20.89,23.39,0,450.5,0.00356797,0
726,02/05/15 5:55,20.89,23.39,0,450.5,0.00356797,0
727,02/05/15 5:57,20.84,23.34,0,448,0.0035493,0
728,02/05/15 5:57,20.89,23.39,0,448,0.00356797,0
729,02/05/15 5:58,20.89,23.34,0,451,0.003560299,0
730,02/05/15 6:00,20.865,23.2925,0,450,0.00354752,0
731,02/05/15 6:01,20.89,23.34,0,448.5,0.003560299,0
732,02/05/15 6:02,20.85666667,23.26,0,449.5,0.003540716,0
733,02/05/15 6:03,20.89,23.29,0,446,0.003552629,0
734,02/05/15 6:04,20.89,23.29,0,443,0.003552629,0
735,02/05/15 6:04,20.89,23.29,0,443,0.003552629,0
736,02/05/15 6:06,20.89,23.29,0,448,0.003552629,0
737,02/05/15 6:07,20.84,23.245,0,448.5,0.003534771,0
738,02/05/15 6:08,20.89,23.29,0,448.5,0.003552629,0
739,02/05/15 6:08,20.89,23.29,0,448,0.003552629,0
740,02/05/15 6:10,20.89,23.29,0,450.5,0.003552629,0
741,02/05/15 6:10,20.89,23.2,0,451,0.003538822,0
742,02/05/15 6:11,20.89,23.2,0,453,0.003538822,0
743,02/05/15 6:13,20.89,23.2,0,449,0.003538822,0
744,02/05/15 6:14,20.89,23.2,0,448.5,0.003538822,0
745,02/05/15 6:15,20.89,23.2,0,448.5,0.003538822,0
746,02/05/15 6:16,20.89,23.15,0,448.5,0.003531152,0
747,02/05/15 6:16,20.89,23.15,0,453.5,0.003531152,0
748,02/05/15 6:17,20.84,23.075,0,451,0.003508774,0
749,02/05/15 6:19,20.89,23.1,0,451.3333333,0.003523482,0
750,02/05/15 6:20,20.89,23.1,0,452,0.003523482,0
751,02/05/15 6:21,20.89,23.1,0,452.5,0.003523482,0
752,02/05/15 6:22,20.85666667,23.06666667,0,450.5,0.00351112,0
753,02/05/15 6:23,20.89,23.1,0,445.6666667,0.003523482,0
754,02/05/15 6:23,20.89,23.1,0,449.5,0.003523482,0
755,02/05/15 6:24,20.89,23.1,0,450,0.003523482,0
756,02/05/15 6:26,20.89,23.1,0,454,0.003523482,0
757,02/05/15 6:27,20.89,23.1,0,452,0.003523482,0
758,02/05/15 6:28,20.89,23.1,0,453.75,0.003523482,0
759,02/05/15 6:29,20.89,23.1,0,448.5,0.003523482,0
760,02/05/15 6:29,20.89,23.1,0,447,0.003523482,0
761,02/05/15 6:30,20.89,23.1,0,447.75,0.003523482,0
762,02/05/15 6:32,20.89,23.1,0,452,0.003523482,0
763,02/05/15 6:33,20.89,23,0,454,0.003508143,0
764,02/05/15 6:34,20.84,23.05,0,455,0.003504952,0
765,02/05/15 6:35,20.89,23.1,0,455,0.003523482,0
766,02/05/15 6:36,20.85666667,23.06666667,0,449,0.00351112,0
767,02/05/15 6:36,20.89,23,0,449,0.003508143,0
768,02/05/15 6:38,20.89,23,0,452,0.003508143,0
769,02/05/15 6:39,20.89,23,0,449,0.003508143,0
770,02/05/15 6:40,20.79,22.89,0,450,0.003469731,0
771,02/05/15 6:40,20.79,22.89,0,452,0.003469731,0
772,02/05/15 6:42,20.84,22.945,0,449,0.003488896,0
773,02/05/15 6:42,20.79,22.89,0,448.3333333,0.003469731,0
774,02/05/15 6:43,20.79,22.84,0,448,0.003462109,0
775,02/05/15 6:45,20.79,22.84,0,449.5,0.003462109,0
776,02/05/15 6:46,20.79,22.89,0,454,0.003469731,0
777,02/05/15 6:47,20.79,22.89,0,452,0.003469731,0
778,02/05/15 6:48,20.79,22.89,0,454.5,0.003469731,0
779,02/05/15 6:49,20.7,22.89,0,454.5,0.003450445,0
780,02/05/15 6:49,20.745,22.84,0,454,0.003452476,0
781,02/05/15 6:51,20.7,22.89,0,454.5,0.003450445,0
782,02/05/15 6:52,20.745,22.84,0,454,0.003452476,0
783,02/05/15 6:53,20.79,22.79,0,458,0.003454488,0
784,02/05/15 6:53,20.7,22.79,0,455.5,0.003435287,0
785,02/05/15 6:55,20.7,22.79,0,452,0.003435287,0
786,02/05/15 6:55,20.76,22.79,0,458.3333333,0.003448077,0
787,02/05/15 6:56,20.7,22.79,0,460,0.003435287,0
788,02/05/15 6:58,20.7,22.79,0,455,0.003435287,0
789,02/05/15 6:59,20.7,22.79,0,455,0.003435287,0
790,02/05/15 7:00,20.73,22.79,0,449,0.003441677,0
791,02/05/15 7:01,20.7,22.79,0,459,0.003435287,0
792,02/05/15 7:01,20.7,22.7,0,457,0.003421646,0
793,02/05/15 7:02,20.73,22.7,0,454,0.003428011,0
794,02/05/15 7:04,20.7,22.7,0,452.5,0.003421646,0
795,02/05/15 7:05,20.7,22.7675,0,456.75,0.003431877,0
796,02/05/15 7:06,20.7,22.79,0,454.5,0.003435287,0
797,02/05/15 7:07,20.7,22.7,0,453.5,0.003421646,0
798,02/05/15 7:08,20.7,22.7,0,458,0.003421646,0
799,02/05/15 7:08,20.7,22.7,0,451.5,0.003421646,0
800,02/05/15 7:09,20.7,22.7,0,451,0.003421646,0
801,02/05/15 7:11,20.7,22.7,0,455.6666667,0.003421646,0
802,02/05/15 7:12,20.7,22.7,0,457.5,0.003421646,0
803,02/05/15 7:13,20.7,22.7,0,452,0.003421646,0
804,02/05/15 7:14,20.7,22.65,0,451,0.003414068,0
805,02/05/15 7:14,20.7,22.63333333,0,454.6666667,0.003411542,0
806,02/05/15 7:15,20.7,22.6,0,454.6666667,0.003406491,0
807,02/05/15 7:17,20.7,22.6,0,454.5,0.003406491,0
808,02/05/15 7:18,20.7,22.6,0,456,0.003406491,0
809,02/05/15 7:19,20.7,22.5,0,455,0.003391335,0
810,02/05/15 7:20,20.7,22.5,0,451.5,0.003391335,0
811,02/05/15 7:21,20.7,22.5,0,455,0.003391335,0
812,02/05/15 7:21,20.7,22.5,0,454.5,0.003391335,0
813,02/05/15 7:23,20.7,22.5,0,451.6666667,0.003391335,0
814,02/05/15 7:24,20.7,22.5,0,453.5,0.003391335,0
815,02/05/15 7:25,20.7,22.5,0,456.5,0.003391335,0
816,02/05/15 7:25,20.7,22.5,0,457,0.003391335,0
817,02/05/15 7:27,20.7,22.5,0,454,0.003391335,0
818,02/05/15 7:27,20.7,22.5,0,453.5,0.003391335,0
819,02/05/15 7:28,20.7,22.5,0,457,0.003391335,0
820,02/05/15 7:30,20.7,22.445,0,459,0.003383,0
821,02/05/15 7:31,20.7,22.5,0,459,0.003391335,0
822,02/05/15 7:32,20.7,22.39,0,454.75,0.003374666,0
823,02/05/15 7:33,20.7,22.39,0,457,0.003374666,0
824,02/05/15 7:34,20.7,22.39,0,458,0.003374666,0
825,02/05/15 7:34,20.7,22.39,0,449,0.003374666,0
826,02/05/15 7:36,20.7,22.39,0,451,0.003374666,0
827,02/05/15 7:37,20.7,22.39,0,457.5,0.003374666,0
828,02/05/15 7:38,20.7,22.39,356,457,0.003374666,1
829,02/05/15 7:38,20.7,22.4175,426,460.25,0.003378833,0
830,02/05/15 7:40,20.7,22.5,423.6666667,465.3333333,0.003391335,0
831,02/05/15 7:40,20.7,22.46333333,423.6666667,472.6666667,0.003385779,0
832,02/05/15 7:41,20.7225,22.5,419,470.75,0.003396065,1
833,02/05/15 7:43,20.73,22.5,419,472,0.003397643,1
834,02/05/15 7:44,20.7225,22.525,419,470.5,0.003399859,1
835,02/05/15 7:45,20.7675,22.65,411,478,0.003428371,1
836,02/05/15 7:46,20.79,22.79,411,492,0.003454488,1
837,02/05/15 7:46,20.815,22.8675,411,497.75,0.00347167,1
838,02/05/15 7:47,20.82333333,23.03333333,408.3333333,499,0.003498792,1
839,02/05/15 7:49,20.815,23.025,400,507,0.003495715,1
840,02/05/15 7:50,20.89,23.175,396,514.75,0.003534987,1
841,02/05/15 7:51,20.89,23.29,396,515,0.003552629,1
842,02/05/15 7:52,20.89,23.29,396,520.75,0.003552629,1
843,02/05/15 7:53,20.89,23.29,396,526,0.003552629,1
844,02/05/15 7:53,20.89,23.32333333,398.3333333,527,0.003557743,1
845,02/05/15 7:54,20.945,23.39,399.5,531.25,0.00358013,1
846,02/05/15 7:56,20.96333333,23.46333333,413,536,0.003595494,1
847,02/05/15 7:57,21,23.5,411,542.75,0.003609319,1
848,02/05/15 7:58,21,23.5,411,541,0.003609319,1
849,02/05/15 7:59,21,23.56666667,411,548.5,0.003619618,1
850,02/05/15 7:59,21,23.6,412.2,553.25,0.003624768,1
851,02/05/15 8:00,21,23.6,405,559.25,0.003624768,1
852,02/05/15 8:02,21,23.6,405,567.3333333,0.003624768,1
853,02/05/15 8:03,21,23.7,405,569,0.003640217,1
854,02/05/15 8:04,21,23.7,405,576,0.003640217,1
855,02/05/15 8:05,21.025,23.7225,405,578.75,0.003649329,1
856,02/05/15 8:06,21.025,23.7225,412,585.75,0.003649329,1
857,02/05/15 8:06,21.05,23.745,419,590,0.003658459,1
858,02/05/15 8:08,21.025,23.7225,419,590,0.003649329,1
859,02/05/15 8:09,21.1,23.76,419,587.6666667,0.003672112,1
860,02/05/15 8:10,21.075,23.72,419,594,0.003660236,1
861,02/05/15 8:10,21.03333333,23.66666667,419,602.3333333,0.003642565,1
862,02/05/15 8:12,21.075,23.7675,419,611,0.003667608,1
863,02/05/15 8:12,21.1,23.79,419,611.3333333,0.003676776,1
864,02/05/15 8:13,21.1,23.79,419,613,0.003676776,1
865,02/05/15 8:15,21.1,23.73,419,615,0.003667449,1
866,02/05/15 8:16,21.15,23.7225,419,615.75,0.003677624,1
867,02/05/15 8:17,21.2,23.745,419,620.5,0.003692515,1
868,02/05/15 8:18,21.2,23.79,419,630.6666667,0.003699555,1
869,02/05/15 8:19,21.2,23.79,419,640.5,0.003699555,1
870,02/05/15 8:19,21.26,23.85666667,423.6666667,641,0.00372375,1
871,02/05/15 8:21,21.29,23.865,422.5,650.75,0.00373196,1
872,02/05/15 8:22,21.29,23.89,422.5,650.5,0.003735893,0
873,02/05/15 8:23,21.29,23.89,419,651,0.003735893,1
874,02/05/15 8:23,21.32333333,23.92666667,428.3333333,654.6666667,0.003749364,1
875,02/05/15 8:25,21.29,24,424.6,664.25,0.003753199,1
876,02/05/15 8:25,21.34,24,426,675.4,0.003764793,1
877,02/05/15 8:26,21.29,24.05,429.5,675,0.003761065,1
878,02/05/15 8:28,21.29,24.1,419,679,0.003768932,1
879,02/05/15 8:29,21.315,24.175,426,685.5,0.003786568,1
880,02/05/15 8:30,21.29,24.2,419,689.3333333,0.003784666,1
881,02/05/15 8:31,21.29,24.2,433,692.75,0.003784666,1
882,02/05/15 8:31,21.34,24.15,433,695.5,0.003788467,1
883,02/05/15 8:32,21.32333333,24.1,433,693.3333333,0.003776691,1
884,02/05/15 8:34,21.29,24.1,433,694.25,0.003768932,1
885,02/05/15 8:35,21.34,24.2225,433,703,0.003799909,1
886,02/05/15 8:36,21.29,24.29,433,704.5,0.003798827,1
887,02/05/15 8:37,21.34,24.29,433,709,0.003810563,1
888,02/05/15 8:38,21.34,24.29,433,721.5,0.003810563,1
889,02/05/15 8:38,21.32333333,24.29,426.6666667,727,0.003806647,1
890,02/05/15 8:39,21.35666667,24.29,436.3333333,733,0.003814482,1
891,02/05/15 8:41,21.365,24.29,429,736.25,0.003816443,1
892,02/05/15 8:42,21.39,24.29,429,742,0.003822332,1
893,02/05/15 8:43,21.35666667,24.29,429,742.6666667,0.003814482,1
894,02/05/15 8:44,21.32333333,24.29,434,737,0.003806647,1
895,02/05/15 8:44,21.39,24.2675,444,739.25,0.003818769,1
896,02/05/15 8:45,21.32333333,24.29,444,752,0.003806647,1
897,02/05/15 8:47,21.39,24.29,444,753.75,0.003822332,1
898,02/05/15 8:48,21.365,24.2225,441.75,746.25,0.003805773,1
899,02/05/15 8:49,21.39,24.26,446,754.6666667,0.003817582,1
900,02/05/15 8:50,21.39,24.26,439,755.3333333,0.003817582,1
901,02/05/15 8:51,21.39,24.29,446.5,758.25,0.003822332,1
902,02/05/15 8:51,21.39,24.29,446,766.6,0.003822332,1
903,02/05/15 8:53,21.39,24.29,451.5,781,0.003822332,1
904,02/05/15 8:54,21.4175,24.315,455.25,785.5,0.003832783,1
905,02/05/15 8:55,21.39,24.29,447.3333333,789.6666667,0.003822332,1
906,02/05/15 8:55,21.445,24.34,444,787.5,0.003843257,1
907,02/05/15 8:57,21.46333333,24.35666667,455.6666667,787.6666667,0.003850253,1
908,02/05/15 8:57,21.5,24.39,454,782.5,0.003864276,1
909,02/05/15 8:58,21.5,24.39,457.3333333,782.3333333,0.003864276,1
910,02/05/15 9:00,21.5,24.39,454,786,0.003864276,1
911,02/05/15 9:01,21.5,24.35666667,465.6666667,786.6666667,0.003858962,1
912,02/05/15 9:02,21.5,24.365,465.5,785.25,0.003860291,1
913,02/05/15 9:03,21.5,24.29,469.6666667,788,0.003848335,1
914,02/05/15 9:04,21.525,24.5425,478.5,791.25,0.003894583,1
915,02/05/15 9:04,21.55,24.5175,471.25,808.75,0.003896587,1
916,02/05/15 9:06,21.6,24.39,473,812,0.00388815,1
917,02/05/15 9:07,21.6,24.55,484.5,811,0.003913817,1
918,02/05/15 9:08,21.7,24.7,482.5,817.75,0.003962194,1
919,02/05/15 9:08,21.7,24.69666667,487.5,833.25,0.003961656,1
920,02/05/15 9:10,21.7675,24.865,490,847.75,0.004005429,1
921,02/05/15 9:10,21.79,24.89,492,854,0.004015034,1
922,02/05/15 9:11,21.815,24.9175,497.25,863.5,0.004025682,1
923,02/05/15 9:13,21.84,25.0225,495.5,869.75,0.004048974,1
924,02/05/15 9:14,21.89,25.15,495.5,880,0.004082266,1
925,02/05/15 9:15,21.89,25.2,497,895.75,0.004090435,1
926,02/05/15 9:16,21.89,25.2,497,895.5,0.004090435,1
927,02/05/15 9:16,21.89,25.2925,495.5,910.75,0.004105549,1
928,02/05/15 9:17,21.9175,25.39,494,919.25,0.00412845,1
929,02/05/15 9:19,21.96333333,25.39333333,498.6666667,925.3333333,0.004140638,1
930,02/05/15 9:20,22,25.4725,504.25,933.75,0.004162997,1
931,02/05/15 9:21,22,25.5,506,936,0.004167521,1
932,02/05/15 9:22,22,25.519,505.75,939.375,0.004170647,1
933,02/05/15 9:23,22,25.538,505.5,942.75,0.004173773,1
934,02/05/15 9:23,22.025,25.5975,518.5,948.25,0.00418999,1
935,02/05/15 9:24,22.05,25.7475,508.5,961.5,0.004221183,1
936,02/05/15 9:26,22.06666667,25.79333333,503.6666667,969.3333333,0.004233077,1
937,02/05/15 9:27,22.06666667,25.89333333,496.3333333,973.6666667,0.004249601,1
938,02/05/15 9:28,22.1,25.92666667,503,986.3333333,0.004263823,1
939,02/05/15 9:29,22.1,25.945,506,994.5,0.004266859,1
940,02/05/15 9:29,22.1,26.075,489.5,1003.25,0.004288386,1
941,02/05/15 9:30,22.1,25.83,478,1006.666667,0.004247817,1
942,02/05/15 9:32,22.1,25.82333333,478,1009,0.004246713,1
943,02/05/15 9:33,22.1,25.8,483.25,998.75,0.00424285,1
944,02/05/15 9:34,22.1,25.8225,484,998,0.004246575,1
945,02/05/15 9:35,22.1,26.05,476,1008,0.004284246,1
946,02/05/15 9:36,22.1,26.1,486.5,1021,0.004292526,1
947,02/05/15 9:36,22.1,26.0725,476.25,1029.5,0.004287972,1
948,02/05/15 9:38,22.1,25.745,469,1025,0.004233743,1
949,02/05/15 9:39,22.1,25.79333333,459,1015,0.004241746,1
950,02/05/15 9:40,22.1,25.945,459,1011,0.004266859,1
951,02/05/15 9:40,22.1,26.03,459,1011.666667,0.004280934,1
952,02/05/15 9:42,22.125,26.025,460.25,1025,0.004286677,1
953,02/05/15 9:42,22.1,26.1,446.5,1026.75,0.004292526,1
954,02/05/15 9:43,22.1,26.1,466.5,1035,0.004292526,1
955,02/05/15 9:45,22.1,26.175,450.25,1032,0.004304946,1
956,02/05/15 9:46,22.1,26.2,439,1025.666667,0.004309086,1
957,02/05/15 9:47,22.1,26.1975,450.25,1026.5,0.004308672,1
958,02/05/15 9:48,22.1,26.2,454,1024,0.004309086,1
959,02/05/15 9:49,22.075,26.2,450.25,1023.5,0.004302479,1
960,02/05/15 9:49,22.075,26.2225,454,1026.5,0.0043062,1
961,02/05/15 9:51,22.1,26.29,454,1031.333333,0.004323991,1
962,02/05/15 9:52,22.1,26.29,454,1027,0.004323991,1
963,02/05/15 9:53,22.1,26.29,457.75,1031,0.004323991,1
964,02/05/15 9:53,22.1,26.35666667,462.3333333,1033,0.004335033,1
965,02/05/15 9:55,22.1,26.315,454,1037,0.004328132,1
966,02/05/15 9:55,22.1,26.39,456.5,1038,0.004340553,1
967,02/05/15 9:56,22.1,26.39,454,1034.5,0.004340553,1
968,02/05/15 9:58,22.1,26.39,461.5,1038.5,0.004340553,1
969,02/05/15 9:59,22.1,26.39,444,1037,0.004340553,1
970,02/05/15 10:00,22.1,26.5225,449.5,1037.5,0.004362499,1
971,02/05/15 10:01,22.125,26.4425,449.5,1032.75,0.004355927,1
972,02/05/15 10:01,22.1,26.47,449.5,1031.5,0.004353804,1
973,02/05/15 10:02,22.1,26.445,460,1039.25,0.004349663,1
974,02/05/15 10:04,22.1,26.5,453,1038,0.004358773,1
975,02/05/15 10:05,22.1,26.445,449.5,1040.25,0.004349663,1
976,02/05/15 10:06,22.1,26.5,449.5,1036.75,0.004358773,1
977,02/05/15 10:07,22.1,26.55,460,1045.5,0.004367054,1
978,02/05/15 10:08,22.1,26.5,453,1038,0.004358773,1
979,02/05/15 10:08,22.1,26.5,454.75,1041.75,0.004358773,1
980,02/05/15 10:09,22.1,26.6,449.5,1047.5,0.004375336,1
981,02/05/15 10:11,22.1,26.6,449.5,1045.5,0.004375336,1
982,02/05/15 10:12,22.1,26.575,449.5,1041.5,0.004371195,1
983,02/05/15 10:13,22.15,26.6,449.5,1043,0.004388782,1
984,02/05/15 10:14,22.1,26.7,455.5,1049,0.004391901,1
985,02/05/15 10:14,22.1,26.66666667,454,1048,0.00438638,1
986,02/05/15 10:15,22.1,26.675,454,1047,0.00438776,1
987,02/05/15 10:17,22.1,26.625,469,1047.4,0.004379478,1
988,02/05/15 10:18,22.1,26.65,469,1050,0.004383619,1
989,02/05/15 10:19,22.1,26.625,464,1047.75,0.004379478,1
990,02/05/15 10:20,22.1,26.65,469,1047,0.004383619,1
991,02/05/15 10:21,22.1,26.64,469,1048.25,0.004381962,1
992,02/05/15 10:21,22.1,26.63333333,459,1044,0.004380858,0
993,02/05/15 10:23,22.1,26.6,459,1036.5,0.004375336,0
994,02/05/15 10:24,22.05,26.575,469,1039,0.004357799,0
995,02/05/15 10:25,22.05,26.55,469,1039,0.00435367,0
996,02/05/15 10:25,22.025,26.4425,469,1034.25,0.004329269,1
997,02/05/15 10:27,22.05,26.34,469,1024.5,0.004318995,1
998,02/05/15 10:27,22,26.29,469,1024.75,0.004297525,1
999,02/05/15 10:28,22,26.29,469,1024,0.004297525,1
1000,02/05/15 10:30,22,26.23,469,1021.666667,0.004287649,1
1001,02/05/15 10:31,22.06666667,26.26,464,1016,0.004310195,1
1002,02/05/15 10:32,22.05,26.245,454,1009,0.00430331,1
1003,02/05/15 10:33,22.075,26.2925,454,1006.25,0.004317775,1
1004,02/05/15 10:34,22.1,26.29,454,1007.5,0.004323991,1
1005,02/05/15 10:34,22.1,26.245,461.5,1008,0.004316539,1
1006,02/05/15 10:36,22.1,26.245,461.5,1002.5,0.004316539,1
1007,02/05/15 10:37,22.1,26.245,464,999,0.004316539,1
1008,02/05/15 10:38,22.1,26.245,459,1006,0.004316539,1
1009,02/05/15 10:38,22.1,26.2,469,1003,0.004309086,1
1010,02/05/15 10:40,22.08,26.216,461.5,1006.5,0.004306446,1
1011,02/05/15 10:40,22.1,26.2,454,1014,0.004309086,1
1012,02/05/15 10:41,22,26.1,454,1009,0.004266253,1
1013,02/05/15 10:43,22.08,26.18,454,1009.6,0.004300492,1
1014,02/05/15 10:44,22.025,26.125,454,1010.5,0.004276929,1
1015,02/05/15 10:45,22,26.175,454,1012.5,0.004278597,1
1016,02/05/15 10:46,22.03333333,26.23,454,1013.666667,0.004296435,1
1017,02/05/15 10:46,22.075,26.2675,454,1023.25,0.004313641,1
1018,02/05/15 10:47,22,26.2,439,1025,0.004282712,1
1019,02/05/15 10:49,22.075,26.29,444.25,1022,0.004317361,1
1020,02/05/15 10:50,22.06666667,26.35666667,453,1024,0.004326172,1
1021,02/05/15 10:51,22.05,26.34,450.25,1030.5,0.004318995,1
1022,02/05/15 10:52,22.06666667,26.35666667,454,1032,0.004326172,1
1023,02/05/15 10:53,22.075,26.3425,454,1033,0.004326043,1
1024,02/05/15 10:53,22.025,26.34,469,1031,0.004312371,1
1025,02/05/15 10:54,22.025,26.315,463,1039,0.004308249,1
1026,02/05/15 10:56,22.03333333,26.39,471,1044.333333,0.004322825,1
1027,02/05/15 10:57,22.075,26.365,464,1039.5,0.004329763,1
1028,02/05/15 10:58,22.075,26.365,464,1044,0.004329763,1
1029,02/05/15 10:59,22.06666667,26.42666667,464,1044.666667,0.004337742,1
1030,02/05/15 10:59,22.06666667,26.46333333,474,1051,0.004343802,1
1031,02/05/15 11:00,22.1,26.5,479,1047,0.004358773,1
1032,02/05/15 11:02,22.1,26.5,465.25,1054,0.004358773,1
1033,02/05/15 11:03,22.1,26.5,469,1063.75,0.004358773,1
1034,02/05/15 11:04,22.1,26.5,464,1063.5,0.004358773,1
1035,02/05/15 11:05,22.1,26.525,466.75,1061.25,0.004362913,1
1036,02/05/15 11:06,22.1,26.6,465.6666667,1065.666667,0.004375336,1
1037,02/05/15 11:06,22.1,26.6,464,1073.25,0.004375336,1
1038,02/05/15 11:08,22.1,26.6,459,1083.666667,0.004375336,1
1039,02/05/15 11:09,22.1,26.6,454,1082,0.004375336,1
1040,02/05/15 11:10,22.13333333,26.6,454,1077,0.004384296,1
1041,02/05/15 11:10,22.1,26.6,454,1077.333333,0.004375336,1
1042,02/05/15 11:12,22.175,26.6,454,1079.5,0.004395519,1
1043,02/05/15 11:12,22.175,26.6,450.25,1077.75,0.004395519,1
1044,02/05/15 11:13,22.175,26.6,442.75,1067.75,0.004395519,1
1045,02/05/15 11:15,22.175,26.6,439,1070.25,0.004395519,1
1046,02/05/15 11:16,22.2,26.6,439,1070.333333,0.004402265,1
1047,02/05/15 11:17,22.2,26.6,449.5,1075.5,0.004402265,1
1048,02/05/15 11:18,22.2,26.6,454.75,1076.5,0.004402265,1
1049,02/05/15 11:19,22.2,26.6,448,1068,0.004402265,1
1050,02/05/15 11:19,22.2,26.6,444,1071.5,0.004402265,1
1051,02/05/15 11:21,22.15,26.6,444,1075.75,0.004388782,1
1052,02/05/15 11:22,22.15,26.6,444,1073.25,0.004388782,1
1053,02/05/15 11:23,22.2,26.6,454.6666667,1069,0.004402265,1
1054,02/05/15 11:23,22.175,26.675,460,1062.5,0.004408,1
1055,02/05/15 11:25,22.2,26.7,460,1066.25,0.004418932,1
1056,02/05/15 11:25,22.2,26.76333333,449.3333333,1060,0.004429489,1
1057,02/05/15 11:26,22.16666667,26.85666667,444,1077,0.004435966,1
1058,02/05/15 11:28,22.2,26.79,444,1091.75,0.004433934,1
1059,02/05/15 11:29,22.2,26.85666667,444,1097.333333,0.004445046,1
1060,02/05/15 11:30,22.175,26.9175,440.25,1096.75,0.00444836,1
1061,02/05/15 11:31,22.2,26.9175,444,1104,0.004455187,1
1062,02/05/15 11:31,22.2,26.89,454.6666667,1105,0.004450603,1
1063,02/05/15 11:32,22.2,26.9725,449.5,1104.75,0.004464356,1
1064,02/05/15 11:34,22.2,27,454,1108.666667,0.00446894,1
1065,02/05/15 11:35,22.2,27,454,1116.25,0.00446894,1
1066,02/05/15 11:36,22.2,27,454,1120.666667,0.00446894,1
1067,02/05/15 11:37,22.2,27.025,457.75,1127.25,0.004473108,1
1068,02/05/15 11:38,22.2,27,454,1134.25,0.00446894,1
1069,02/05/15 11:38,22.2,27,454,1131.25,0.00446894,1
1070,02/05/15 11:39,22.2,27.05,454,1131,0.004477275,1
1071,02/05/15 11:41,22.2,27,454,1129.75,0.00446894,1
1072,02/05/15 11:42,22.2,27.06666667,454,1137.333333,0.004480054,1
1073,02/05/15 11:43,22.2,27,449.5,1136.5,0.00446894,1
1074,02/05/15 11:44,22.2,27.075,460,1129,0.004481443,1
1075,02/05/15 11:44,22.2,27.1,444,1126.5,0.004485611,1
1076,02/05/15 11:45,22.2,27.075,444,1133.25,0.004481443,1
1077,02/05/15 11:47,22.2,27.06666667,444,1139,0.004480054,1
1078,02/05/15 11:48,22.2,27.1,444,1137,0.004485611,1
1079,02/05/15 11:49,22.175,27.1,444,1136.75,0.004478736,1
1080,02/05/15 11:50,22.2,27.1,444,1131.25,0.004485611,1
1081,02/05/15 11:51,22.2,27.03333333,444,1132.333333,0.004474497,1
1082,02/05/15 11:51,22.2,27,444,1127.5,0.00446894,1
1083,02/05/15 11:53,22.2,27.025,444,1114.5,0.004473108,1
1084,02/05/15 11:54,22.2,27.1,460,1121.25,0.004485611,1
1085,02/05/15 11:55,22.2,27.1,460,1124,0.004485611,1
1086,02/05/15 11:55,22.175,27.175,454.75,1127.25,0.004491221,1
1087,02/05/15 11:57,22.175,27.125,460,1136,0.004482898,1
1088,02/05/15 11:57,22.175,27.125,458.5,1127.75,0.004482898,1
1089,02/05/15 11:58,22.2,27.1,461.5,1122.5,0.004485611,1
1090,02/05/15 12:00,22.2,27.1,464,1118,0.004485611,1
1091,02/05/15 12:01,22.2,27.1,465.6666667,1110,0.004485611,1
1092,02/05/15 12:02,22.2,27.075,481.5,1115,0.004481443,1
1093,02/05/15 12:03,22.2,27.1,474,1119.75,0.004485611,1
1094,02/05/15 12:04,22.2,27,486.5,1114,0.00446894,1
1095,02/05/15 12:04,22.175,27,471.5,1104.75,0.004462091,1
1096,02/05/15 12:06,22.2,27.06666667,474,1099.333333,0.004480054,1
1097,02/05/15 12:07,22.2,27,481.5,1097.75,0.00446894,1
1098,02/05/15 12:08,22.2,26.945,489,1093.5,0.004459771,1
1099,02/05/15 12:08,22.2,27,504,1088,0.00446894,1
1100,02/05/15 12:10,22.2,27,502.3333333,1083.666667,0.00446894,1
1101,02/05/15 12:10,22.2,27,524,1085.5,0.00446894,1
1102,02/05/15 12:11,22.2,26.96333333,550,1086.5,0.004462827,1
1103,02/05/15 12:13,22.2,26.84,554.2,1081.8,0.004442268,1
1104,02/05/15 12:14,22.26,26.85666667,562.3333333,1081,0.004461432,1
1105,02/05/15 12:15,22.29,26.865,568.5,1063.25,0.004471042,1
1106,02/05/15 12:16,22.315,26.865,606.5,1063,0.004477898,1
1107,02/05/15 12:16,22.39,26.79,696.5,1078,0.004485874,1
1108,02/05/15 12:17,22.39,26.9725,657.25,1086,0.004516655,1
1109,02/05/15 12:19,22.42666667,27,744,1098.333333,0.004531459,1
1110,02/05/15 12:20,22.4725,26.89,708.75,1099,0.004525545,1
1111,02/05/15 12:21,22.53333333,26.82333333,607,1092.333333,0.004531083,1
1112,02/05/15 12:22,22.575,26.84,660,1093.5,0.004545492,1
1113,02/05/15 12:23,22.6,26.79,688.5,1100.5,0.004543905,1
1114,02/05/15 12:23,22.6,26.815,558,1102,0.004548177,1
1115,02/05/15 12:24,22.6,26.85666667,661.3333333,1105,0.004555296,1
1116,02/05/15 12:26,22.675,26.89,665.5,1111.25,0.004581955,1
1117,02/05/15 12:27,22.66666667,26.96333333,647.6666667,1108.333333,0.004592203,1
1118,02/05/15 12:28,22.7,27.075,638,1124.25,0.004620769,1
1119,02/05/15 12:29,22.7225,26.7475,558,1125.25,0.004570746,1
1120,02/05/15 12:29,22.7,26.89,534,1106,0.004588962,1
1121,02/05/15 12:30,22.7,26.89,520,1110.333333,0.004588962,1
1122,02/05/15 12:32,22.7,26.9175,513.5,1117.5,0.00459369,1
1123,02/05/15 12:33,22.7,26.89,531.25,1120,0.004588962,0
1124,02/05/15 12:34,22.7,26.89,539,1113.666667,0.004588962,0
1125,02/05/15 12:35,22.7,26.89,545.75,1104.75,0.004588962,0
1126,02/05/15 12:36,22.675,26.865,604.75,1103.25,0.004577664,0
1127,02/05/15 12:36,22.7,26.815,597.25,1102.75,0.004576069,0
1128,02/05/15 12:38,22.7,26.7,528,1090,0.0045563,0
1129,02/05/15 12:39,22.7,26.7,521,1086.25,0.0045563,0
1130,02/05/15 12:40,22.7,26.66666667,535.6666667,1083.666667,0.00455057,0
1131,02/05/15 12:40,22.675,26.575,533.25,1078.5,0.00452789,0
1132,02/05/15 12:42,22.65,26.55,523.75,1064.75,0.004516692,0
1133,02/05/15 12:42,22.66666667,26.56666667,524,1053,0.004524155,0
1134,02/05/15 12:43,22.65,26.55,521,1051,0.004516692,1
1135,02/05/15 12:45,22.625,26.4975,536.25,1041,0.004500811,1
1136,02/05/15 12:46,22.6,26.39,548.3333333,1039,0.004475572,1
1137,02/05/15 12:47,22.625,26.4975,565.75,1037.5,0.004500811,1
1138,02/05/15 12:48,22.625,26.525,584.5,1043,0.004505516,1
1139,02/05/15 12:49,22.6,26.5,535,1046.333333,0.004494363,1
1140,02/05/15 12:49,22.6,26.5,546.3333333,1045.333333,0.004494363,1
1141,02/05/15 12:51,22.6,26.5,630.5,1035.75,0.004494363,1
1142,02/05/15 12:52,22.63333333,26.46,570.6666667,1029.666667,0.004496686,1
1143,02/05/15 12:53,22.65,26.495,630,1034,0.004507267,1
1144,02/05/15 12:53,22.675,26.525,732.75,1038.5,0.004519309,1
1145,02/05/15 12:55,22.7225,26.4725,686.25,1027,0.004523411,1
1146,02/05/15 12:55,22.76,26.39,635.5,1022,0.004519554,0
1147,02/05/15 12:56,22.85666667,26.32333333,676,1024.75,0.004534741,0
1148,02/05/15 12:58,22.89,26.245,567.25,1020,0.004530356,0
1149,02/05/15 12:59,22.89,26.2,582.5,1015.5,0.004522532,0
1150,02/05/15 13:00,22.89,26.1,618.75,1007,0.004505145,0
1151,02/05/15 13:01,22.89,26.175,579.25,997.5,0.004518185,0
1152,02/05/15 13:01,22.89,26.13333333,590.3333333,1002,0.00451094,0
1153,02/05/15 13:02,22.89,26.1,584.5,1000,0.004505145,0
1154,02/05/15 13:04,22.89,26,564,997.75,0.004487759,0
1155,02/05/15 13:05,22.89,25.945,534,987,0.004478198,1
1156,02/05/15 13:06,22.84,25.9175,496.5,983,0.004459787,1
1157,02/05/15 13:07,22.82333333,25.85666667,340.6666667,983,0.00444472,1
1158,02/05/15 13:08,22.79,25.865,38.75,979,0.004437124,0
1159,02/05/15 13:08,22.79,25.82333333,31,977,0.004429925,0
1160,02/05/15 13:09,22.79,25.9725,26.75,961.5,0.004455697,0
1161,02/05/15 13:11,22.745,26,22,963.25,0.004448207,0
1162,02/05/15 13:12,22.7,26,13,974,0.004435995,0
1163,02/05/15 13:13,22.7,26.075,31,965.25,0.004448882,0
1164,02/05/15 13:14,22.66666667,26.06666667,32.66666667,962.3333333,0.0044384,0
1165,02/05/15 13:14,22.6,26.05,33.5,957,0.004417501,0
1166,02/05/15 13:15,22.6,26.1,28,949.5,0.00442604,0
1167,02/05/15 13:17,22.56666667,26.1,31,950.3333333,0.004417027,0
1168,02/05/15 13:18,22.525,26.1,33.5,949.5,0.004405783,0
1169,02/05/15 13:19,22.5,26.1,31,948.75,0.004399048,0
1170,02/05/15 13:20,22.5,26.1,31,944,0.004399048,0
1171,02/05/15 13:21,22.4175,26.05,33.5,934.5,0.004368445,0
1172,02/05/15 13:21,22.39,26.1,33.5,931.75,0.004369525,0
1173,02/05/15 13:23,22.39,26.1,28.66666667,928.6666667,0.004369525,0
1174,02/05/15 13:24,22.39,26.1,46,930.5,0.004369525,0
1175,02/05/15 13:25,22.39,26.1,53,923.25,0.004369525,0
1176,02/05/15 13:25,22.39,26.1,71.5,921,0.004369525,0
1177,02/05/15 13:27,22.34,26.1,103,916.5,0.004356163,0
1178,02/05/15 13:27,22.32333333,26.1,91.66666667,912.3333333,0.004351717,0
1179,02/05/15 13:28,22.29,26.1,90,902.25,0.004342837,0
1180,02/05/15 13:30,22.29,26.1,81.66666667,903,0.004342837,0
1181,02/05/15 13:31,22.29,26.1,112.75,898.5,0.004342837,0
1182,02/05/15 13:32,22.29,26.16666667,334.3333333,900.3333333,0.004354007,1
1183,02/05/15 13:33,22.29,26.15,472.25,893.75,0.004351215,1
1184,02/05/15 13:34,22.29,26.1,503.5,892.5,0.004342837,0
1185,02/05/15 13:34,22.2675,26.1725,567.5,883.5,0.004348983,0
1186,02/05/15 13:36,22.29,26.29,569.25,879.25,0.004374674,0
1187,02/05/15 13:37,22.29,26.26,490.6666667,887.3333333,0.004369647,0
1188,02/05/15 13:38,22.29,26.2,487.3333333,890,0.004359593,0
1189,02/05/15 13:38,22.29,26.2,500,891.25,0.004359593,0
1190,02/05/15 13:40,22.29,26.2,524,891,0.004359593,0
1191,02/05/15 13:40,22.29,26.175,545.3333333,881,0.004355404,0
1192,02/05/15 13:41,22.315,26.1,520.6,866.25,0.004349495,0
1193,02/05/15 13:43,22.29,26.1,509,864.6666667,0.004342837,0
1194,02/05/15 13:44,22.34,26.1,476.5,870,0.004356163,0
1195,02/05/15 13:45,22.315,26.1,471.5,862,0.004349495,0
1196,02/05/15 13:46,22.29,26.1,464,857.5,0.004342837,0
1197,02/05/15 13:46,22.29,26.1,464,851.3333333,0.004342837,0
1198,02/05/15 13:47,22.29,26.1,459,846.75,0.004342837,0
1199,02/05/15 13:49,22.29,26.1,459,844.6666667,0.004342837,0
1200,02/05/15 13:50,22.29,26.1,454.75,843,0.004342837,0
1201,02/05/15 13:51,22.29,26.1,444,840.5,0.004342837,0
1202,02/05/15 13:52,22.29,26.025,456,831.25,0.004330271,0
1203,02/05/15 13:53,22.29,26,461,829,0.004326082,0
1204,02/05/15 13:53,22.29,26,461.5,825.5,0.004326082,0
1205,02/05/15 13:54,22.29,26,464,813.6666667,0.004326082,0
1206,02/05/15 13:56,22.29,26,476.5,819,0.004326082,0
1207,02/05/15 13:57,22.29,26,489,819.5,0.004326082,0
1208,02/05/15 13:58,22.29,25.945,489,810,0.004316867,0
1209,02/05/15 13:59,22.29,25.945,484,809.5,0.004316867,1
1210,02/05/15 13:59,22.29,25.96333333,454,801,0.004319939,1
1211,02/05/15 14:00,22.2675,25.89,451,795,0.004301716,0
1212,02/05/15 14:02,22.2675,25.89,449.5,785,0.004301716,0
1213,02/05/15 14:03,22.2675,25.9175,449.5,795,0.004306317,0
1214,02/05/15 14:04,22.29,25.92666667,453,795.25,0.004313796,0
1215,02/05/15 14:05,22.245,25.89,451.75,797.5,0.004295788,0
1216,02/05/15 14:06,22.29,25.89,459,797,0.004307653,0
1217,02/05/15 14:06,22.2675,25.89,459,795.5,0.004301716,0
1218,02/05/15 14:08,22.2675,25.865,464,784.5,0.004297534,0
1219,02/05/15 14:09,22.29,25.89,454,775.5,0.004307653,0
1220,02/05/15 14:10,22.23,25.82333333,454,777.3333333,0.004280711,0
1221,02/05/15 14:10,22.2225,25.8925,448,775.5,0.004290283,0
1222,02/05/15 14:12,22.2,25.96,453,780,0.004295614,1
1223,02/05/15 14:12,22.2225,25.99,444,781.5,0.00430655,1
1224,02/05/15 14:13,22.2,26.1225,444,776.75,0.00432269,1
1225,02/05/15 14:15,22.2,26.05,444,782,0.00431061,1
1226,02/05/15 14:16,22.2,26.213,441.9,788.6,0.00433777,1
1227,02/05/15 14:17,22.2,26.376,439.8,795.2,0.004364933,1
1228,02/05/15 14:18,22.2,26.6,442.5,818.5,0.004402265,1
1229,02/05/15 14:19,22.2,26.66666667,447,828.3333333,0.004413376,1
1230,02/05/15 14:19,22.2,26.745,443.5,837,0.004426433,1
1231,02/05/15 14:21,22.2,26.82333333,441,832.6666667,0.00443949,1
1232,02/05/15 14:22,22.2,26.945,438,847.5,0.004459771,1
1233,02/05/15 14:23,22.2,27,438,849,0.00446894,1
1234,02/05/15 14:23,22.2,26.9175,438,850,0.004455187,1
1235,02/05/15 14:25,22.2,26.9175,447,842.5,0.004455187,1
1236,02/05/15 14:25,22.2,27.1,441,839,0.004485611,1
1237,02/05/15 14:26,22.245,27.125,438,847.75,0.004502188,1
1238,02/05/15 14:28,22.2,27.19666667,441,860,0.004501727,1
1239,02/05/15 14:29,22.2,27.4175,438,885.75,0.004538547,1
1240,02/05/15 14:30,22.2,27.5,429,910,0.004552304,1
1241,02/05/15 14:31,22.2675,27.4225,429,917.25,0.004558213,1
1242,02/05/15 14:31,22.2,26.8975,438,919.75,0.004451853,1
1243,02/05/15 14:32,22.23,27.73,441,932,0.004599115,1
1244,02/05/15 14:34,22.2,27.745,438,942,0.00459316,1
1245,02/05/15 14:35,22.2675,28.025,429,959.75,0.004659112,1
1246,02/05/15 14:36,22.2,28,444,966.5,0.00463569,1
1247,02/05/15 14:37,22.2,28.1,451,970.6666667,0.00465237,1
1248,02/05/15 14:38,22.245,28.2225,454,988.75,0.004685722,1
1249,02/05/15 14:38,22.2225,28.2225,465.25,996.75,0.004679259,1
1250,02/05/15 14:39,22.2225,28.3675,474.5,1012,0.004703482,1
1251,02/05/15 14:41,22.29,28.39,479,1021,0.004726771,1
1252,02/05/15 14:42,22.245,28.245,525.5,1019.5,0.004689486,1
1253,02/05/15 14:43,22.29,28.39,515,1020,0.004726771,1
1254,02/05/15 14:44,22.29,28.5,494,1037,0.004745225,1
1255,02/05/15 14:44,22.29,28.42666667,487.3333333,1047,0.004732922,1
1256,02/05/15 14:45,22.315,28.39,474.5,1051,0.004734022,1
1257,02/05/15 14:47,22.32333333,28.39,486,1052.333333,0.004736442,1
1258,02/05/15 14:48,22.29,28.35666667,502.3333333,1048.333333,0.004721179,1
1259,02/05/15 14:49,22.29,28.34,540.5,1050.5,0.004718383,1
1260,02/05/15 14:50,22.34,28.39,504,1052.25,0.004741284,1
1261,02/05/15 14:51,22.39,28.2,489,1053,0.004723766,1
1262,02/05/15 14:51,22.39,28.2,490.25,1051,0.004723766,1
1263,02/05/15 14:53,22.39,28.29333333,536.3333333,1049.666667,0.004739519,1
1264,02/05/15 14:54,22.39,28.39,532,1054,0.004755836,1
1265,02/05/15 14:55,22.39,28.2925,543,1067.75,0.004739378,1
1266,02/05/15 14:55,22.42666667,28.2,543,1066.333333,0.00473439,1
1267,02/05/15 14:57,22.445,28.245,543,1066.5,0.004747331,1
1268,02/05/15 14:57,22.5,28.365,533.25,1081,0.004783741,1
1269,02/05/15 14:58,22.46333333,28.32666667,527,1081.333333,0.004766511,1
1270,02/05/15 15:00,22.5,28.3175,534,1084.5,0.004775668,1
1271,02/05/15 15:01,22.55,28.3175,530,1082.5,0.004790309,1
1272,02/05/15 15:02,22.5,28.34,524,1087.5,0.004779492,1
1273,02/05/15 15:03,22.525,28.39,526.25,1094,0.004795324,1
1274,02/05/15 15:04,22.5,28.39,522,1103.333333,0.004787989,1
1275,02/05/15 15:04,22.5,28.03333333,517,1099.333333,0.00472738,1
1276,02/05/15 15:06,22.525,28.025,513.5,1085,0.004733203,1
1277,02/05/15 15:07,22.575,28.22,524,1086.25,0.004780998,1
1278,02/05/15 15:08,22.6,28.2,513.5,1103,0.004784898,1
1279,02/05/15 15:08,22.6,28.245,513.5,1106.75,0.004792592,1
1280,02/05/15 15:10,22.5,28.29,513.5,1104,0.004770995,1
1281,02/05/15 15:10,22.6,28.315,518,1102.25,0.004804562,1
1282,02/05/15 15:11,22.55,28.2675,520.75,1097.5,0.004781786,1
1283,02/05/15 15:13,22.6,28.29,525,1100,0.004800287,1
1284,02/05/15 15:14,22.6,28.245,524.8333333,1101,0.004792592,1
1285,02/05/15 15:15,22.6,28.2,524.6666667,1102,0.004784898,1
1286,02/05/15 15:16,22.6,28.39,489,1102.5,0.004817386,1
1287,02/05/15 15:16,22.6,28.39,474,1114,0.004817386,1
1288,02/05/15 15:17,22.6,28.34,474,1112,0.004808837,1
1289,02/05/15 15:19,22.6,28.1725,472.75,1113.5,0.004780196,1
1290,02/05/15 15:20,22.6,28.1475,471.5,1105.25,0.004775922,1
1291,02/05/15 15:21,22.6,28.23,464,1104.333333,0.004790028,1
1292,02/05/15 15:22,22.6,28.13333333,469,1107.333333,0.004773499,1
1293,02/05/15 15:23,22.575,28,465.25,1108.25,0.004743442,1
1294,02/05/15 15:23,22.6,28,454,1101.666667,0.004750703,1
1295,02/05/15 15:24,22.55,27.82,450.25,1097,0.004705513,1
1296,02/05/15 15:26,22.525,27.815,449.5,1092.25,0.004697468,1
1297,02/05/15 15:27,22.5,27.815,454.75,1102.75,0.004690284,1
1298,02/05/15 15:28,22.5,27.745,449.5,1097,0.004678392,1
1299,02/05/15 15:29,22.525,27.7,454.75,1086.333333,0.0046779,1
1300,02/05/15 15:29,22.55,27.7,454.75,1092,0.004685063,1
1301,02/05/15 15:30,22.5,27.6,460,1085,0.004653759,1
1302,02/05/15 15:32,22.5,27.7,460,1084,0.004670747,1
1303,02/05/15 15:33,22.5,27.6,436.5,1076.25,0.004653759,1
1304,02/05/15 15:34,22.5,27.33,460,1060.666667,0.004607896,1
1305,02/05/15 15:35,22.55,27.445,449.5,1051.5,0.004641612,1
1306,02/05/15 15:36,22.5,27.4725,460.75,1062,0.0046321,1
1307,02/05/15 15:36,22.5,27.39,461,1068.333333,0.004618087,1
1308,02/05/15 15:38,22.5,27.34,454,1074,0.004609594,1
1309,02/05/15 15:39,22.5,27.29,469,1072,0.004601102,1
1310,02/05/15 15:40,22.5,27.315,469,1068,0.004605348,1
1311,02/05/15 15:40,22.5,27.29,479.6666667,1072,0.004601102,1
1312,02/05/15 15:42,22.5,27.2225,476.75,1072.75,0.004589637,1
1313,02/05/15 15:42,22.5,27.2225,476.5,1074,0.004589637,1
1314,02/05/15 15:43,22.5,27.2,474,1069,0.004585816,1
1315,02/05/15 15:45,22.5,27.15,481.5,1068.25,0.004577324,1
1316,02/05/15 15:46,22.5,27.2225,474,1079.75,0.004589637,1
1317,02/05/15 15:47,22.4725,27.1975,479,1085,0.004577678,1
1318,02/05/15 15:48,22.5,27.16666667,469,1066,0.004580154,1
1319,02/05/15 15:49,22.5,27.125,474,1063.5,0.004573078,1
1320,02/05/15 15:49,22.5,27.15,469,1065.5,0.004577324,1
1321,02/05/15 15:51,22.5,27.125,474,1071.25,0.004573078,1
1322,02/05/15 15:52,22.5,27.06666667,479,1068,0.004563171,1
1323,02/05/15 15:53,22.5,27.1,478.5,1064.75,0.004568832,1
1324,02/05/15 15:53,22.5,27.1,478.5,1070.75,0.004568832,1
1325,02/05/15 15:55,22.5,27.1,477,1072.333333,0.004568832,1
1326,02/05/15 15:55,22.5,27.025,470.25,1079.25,0.004556095,1
1327,02/05/15 15:56,22.5,27,469,1063.5,0.00455185,1
1328,02/05/15 15:58,22.5,27,460.6666667,1074.333333,0.00455185,1
1329,02/05/15 15:59,22.5,26.9725,465.25,1068.75,0.00454718,1
1330,02/05/15 16:00,22.5,26.73333333,452.3333333,1064,0.004506567,1
1331,02/05/15 16:01,22.5,26.925,446.5,1048.5,0.004539113,1
1332,02/05/15 16:01,22.5,26.9725,449.5,1054.5,0.00454718,1
1333,02/05/15 16:02,22.5,27.05,460,1055.5,0.004560341,1
1334,02/05/15 16:04,22.445,26.9,456,1064,0.004519625,1
1335,02/05/15 16:05,22.4175,26.82,456,1063.25,0.004498504,1
1336,02/05/15 16:06,22.39,26.69666667,444,1078,0.004470133,1
1337,02/05/15 16:07,22.39,26.96333333,444,1067.333333,0.004515109,1
1338,02/05/15 16:08,22.39,27.0225,454.75,1074.75,0.004525088,1
1339,02/05/15 16:08,22.39,26.82333333,453,1077.333333,0.004491496,1
1340,02/05/15 16:09,22.39,26.84,449.5,1072.75,0.004494307,1
1341,02/05/15 16:11,22.39,26.745,449.5,1074.25,0.004478285,1
1342,02/05/15 16:12,22.39,26.79,456,1074,0.004485874,1
1343,02/05/15 16:13,22.35666667,26.73,449.3333333,1068.333333,0.004466625,1
1344,02/05/15 16:14,22.39,26.5725,444,1062.75,0.004449194,1
1345,02/05/15 16:14,22.39,26.675,444,1056.5,0.004466479,1
1346,02/05/15 16:15,22.39,26.695,444,1054,0.004469852,1
1347,02/05/15 16:17,22.39,26.745,444,1068,0.004478285,1
1348,02/05/15 16:18,22.39,26.79,444,1074,0.004485874,1
1349,02/05/15 16:19,22.4175,26.65,444,1078.75,0.004469785,1
1350,02/05/15 16:20,22.4725,26.745,429,1077.5,0.004500966,1
1351,02/05/15 16:21,22.445,26.695,429,1077.5,0.004484933,1
1352,02/05/15 16:21,22.445,26.745,429,1083.25,0.004493394,1
1353,02/05/15 16:23,22.42666667,26.69666667,429,1088,0.004480183,1
1354,02/05/15 16:24,22.39,26.79,438,1086,0.004485874,1
1355,02/05/15 16:25,22.42666667,26.73,441,1087.666667,0.004485817,1
1356,02/05/15 16:25,22.39,26.5475,438,1075,0.004444978,1
1357,02/05/15 16:27,22.39,26.4175,438,1067.75,0.004423057,1
1358,02/05/15 16:27,22.39,26.53333333,441,1064,0.004442589,1
1359,02/05/15 16:28,22.39,26.456,438,1063.25,0.004429549,1
1360,02/05/15 16:30,22.39,26.26,432.75,1065.5,0.0043965,1
1361,02/05/15 16:31,22.39,26.42666667,444,1068.666667,0.004424603,1
1362,02/05/15 16:32,22.39,26.4175,444,1073.25,0.004423057,1
1363,02/05/15 16:33,22.39,26.34,444,1061.5,0.004409989,1
1364,02/05/15 16:34,22.39,26.32333333,444,1060.333333,0.004407179,1
1365,02/05/15 16:34,22.39,26.46333333,444,1057.333333,0.004430785,1
1366,02/05/15 16:36,22.39,26.015,444,1056.25,0.004355195,1
1367,02/05/15 16:37,22.39,26.045,429,1046,0.004360252,1
1368,02/05/15 16:38,22.39,26.29,435,1049.666667,0.004401559,1
1369,02/05/15 16:38,22.39,26.2675,438,1052.75,0.004397765,1
1370,02/05/15 16:40,22.39,26.29,438,1044.5,0.004401559,1
1371,02/05/15 16:40,22.39,26.32333333,441,1053.666667,0.004407179,1
1372,02/05/15 16:41,22.35666667,26.32333333,441,1059,0.00439819,1
1373,02/05/15 16:43,22.39,26.34,438,1067.25,0.004409989,1
1374,02/05/15 16:44,22.365,26.29,438,1067.25,0.004394824,1
1375,02/05/15 16:45,22.32333333,26.39,441,1065.333333,0.004400411,1
1376,02/05/15 16:46,22.34,26.39,438,1068.75,0.004404907,1
1377,02/05/15 16:46,22.34,26.39,447,1074.75,0.004404907,1
1378,02/05/15 16:47,22.32333333,26.46333333,447,1076.333333,0.004412726,1
1379,02/05/15 16:49,22.365,26.4725,447,1077.5,0.004425549,1
1380,02/05/15 16:50,22.315,26.3425,438,1073,0.004390193,1
1381,02/05/15 16:51,22.34,26.145,438,1068,0.004363726,1
1382,02/05/15 16:52,22.29,26.1425,438,1061.75,0.004349958,1
1383,02/05/15 16:53,22.29,25.7,441,1045.666667,0.004275822,1
1384,02/05/15 16:53,22.29,26.22,438,1041.5,0.004362944,1
1385,02/05/15 16:54,22.29,26.2425,442.5,1051,0.004366714,1
1386,02/05/15 16:56,22.29,26.125,438,1059.25,0.004347026,1
1387,02/05/15 16:57,22.315,26.2,438,1065,0.004366277,1
1388,02/05/15 16:58,22.29,26.175,442.5,1064.75,0.004355404,1
1389,02/05/15 16:59,22.29,26.1,441,1054.666667,0.004342837,1
1390,02/05/15 16:59,22.29,25.995,447,1042.5,0.004325244,1
1391,02/05/15 17:00,22.2675,25.8925,438,1039,0.004302135,1
1392,02/05/15 17:02,22.29,25.89,447,1036.333333,0.004307653,1
1393,02/05/15 17:03,22.29,25.89,447,1036.5,0.004307653,1
1394,02/05/15 17:04,22.29,25.85666667,433,1038.666667,0.004302068,1
1395,02/05/15 17:05,22.245,25.7225,433,1030.5,0.004267805,1
1396,02/05/15 17:06,22.23,25.66666667,433,1023.666667,0.004254563,1
1397,02/05/15 17:06,22.29,25.6,433,1019.5,0.004259071,1
1398,02/05/15 17:08,22.245,25.55,433,1010,0.004238989,1
1399,02/05/15 17:09,22.2675,25.575,433,1002.75,0.004249021,1
1400,02/05/15 17:10,22.29,25.56666667,433,1002.333333,0.004253488,1
1401,02/05/15 17:10,22.2675,25.4975,433,998.75,0.004236057,1
1402,02/05/15 17:12,22.245,25.55,433,1002,0.004238989,1
1403,02/05/15 17:12,22.29,25.5,433,1002.25,0.004242321,1
1404,02/05/15 17:13,22.29,25.5,433,1001.5,0.004242321,1
1405,02/05/15 17:15,22.29,25.445,433,998.5,0.004233108,1
1406,02/05/15 17:16,22.29,25.2,433,990.75,0.004192075,1
1407,02/05/15 17:17,22.29,25.23,433,991,0.004197099,1
1408,02/05/15 17:18,22.245,25.15,433,986,0.00417218,1
1409,02/05/15 17:19,22.29,25.2675,433,976.25,0.004203379,1
1410,02/05/15 17:19,22.29,25.2,433,966,0.004192075,1
1411,02/05/15 17:21,22.29,25.2,433,966.3333333,0.004192075,1
1412,02/05/15 17:22,22.29,25.15,433,967.5,0.004183701,1
1413,02/05/15 17:23,22.29,25.03,433,970,0.004163605,1
1414,02/05/15 17:23,22.2225,24.865,433,954.75,0.004118903,1
1415,02/05/15 17:25,22.26,24.82666667,433,951.6666667,0.004121974,1
1416,02/05/15 17:25,22.245,24.89,433,940.75,0.004128762,1
1417,02/05/15 17:26,22.245,24.89,433,935.5,0.004128762,1
1418,02/05/15 17:28,22.2225,24.84,433,933.25,0.004114734,1
1419,02/05/15 17:29,22.2,24.7,433,937.6666667,0.004085752,1
1420,02/05/15 17:30,22.2,24.7,433,938,0.004085752,1
1421,02/05/15 17:31,22.2,24.7,433,933.5,0.004085752,1
1422,02/05/15 17:31,22.2,24.7,433,925.5,0.004085752,1
1423,02/05/15 17:32,22.2,24.65,433,921,0.004077427,1
1424,02/05/15 17:34,22.2,24.56666667,433,920.3333333,0.004063552,1
1425,02/05/15 17:35,22.2,24.55,433,912.25,0.004060778,1
1426,02/05/15 17:36,22.2,24.334,429.5,913,0.004024818,1
1427,02/05/15 17:37,22.2,24.34,433,903,0.004025817,1
1428,02/05/15 17:38,22.2,24.395,433,905.5,0.004034973,1
1429,02/05/15 17:38,22.2,24.34,433,907,0.004025817,1
1430,02/05/15 17:39,22.2,24.35666667,433,903,0.004028591,1
1431,02/05/15 17:41,22.175,24.39,433,900.5,0.004027962,1
1432,02/05/15 17:42,22.175,24.365,433,900.25,0.004023807,1
1433,02/05/15 17:43,22.2,24.365,433,900.5,0.004029979,1
1434,02/05/15 17:44,22.13333333,24.29,433,898.6666667,0.004001106,1
1435,02/05/15 17:44,22.15,24.2225,433,892,0.003993996,1
1436,02/05/15 17:45,22.13333333,24.2,433,886,0.003986186,1
1437,02/05/15 17:47,22.1,24.2675,433,884.25,0.003989211,1
1438,02/05/15 17:48,22.1,24.245,433,887,0.003985489,1
1439,02/05/15 17:49,22.1,24.29,433,884,0.003992934,1
1440,02/05/15 17:50,22.125,24.2675,433,878.5,0.003995333,1
1441,02/05/15 17:51,22.13333333,24.26,433,887,0.003996132,1
1442,02/05/15 17:51,22.125,24.15,433,882.25,0.003975865,1
1443,02/05/15 17:53,22.1,24.0725,433,879.25,0.003956952,1
1444,02/05/15 17:54,22.1,23.99666667,433,866,0.003944408,1
1445,02/05/15 17:55,22.1,24.12,433,866,0.00396481,1
1446,02/05/15 17:55,22.06666667,23.92666667,433,863,0.003924796,1
1447,02/05/15 17:57,22.025,23.945,433,853.25,0.003917793,1
1448,02/05/15 17:57,22,23.92666667,433,858,0.003908772,1
1449,02/05/15 17:58,22,23.89,433,852.5,0.003902744,1
1450,02/05/15 18:00,22,23.89,433,850.6666667,0.003902744,1
1451,02/05/15 18:01,22.025,23.9175,433,847,0.003913265,1
1452,02/05/15 18:02,22,23.89,433,840.6666667,0.003902744,1
1453,02/05/15 18:03,22.075,23.9725,426,839,0.003934372,1
1454,02/05/15 18:04,22.025,24.0475,213,845.5,0.003934669,1
1455,02/05/15 18:04,22,24.1,0,844,0.003937268,0
1456,02/05/15 18:06,22,24.1,0,846.6666667,0.003937268,0
1457,02/05/15 18:07,22,24.1,0,852,0.003937268,0
1458,02/05/15 18:08,21.945,23.795,0,851,0.003874025,0
1459,02/05/15 18:08,21.89,23.85666667,0,824.6666667,0.00387103,0
1460,02/05/15 18:10,21.89,23.84,0,817,0.003868308,0
1461,02/05/15 18:10,21.84,23.745,0,813.6666667,0.003840981,0
1462,02/05/15 18:11,21.84,23.745,0,805,0.003840981,0
1463,02/05/15 18:13,21.79,23.7,0,807,0.003821894,0
1464,02/05/15 18:14,21.79,23.745,0,800,0.003829196,0
1465,02/05/15 18:15,21.79,23.7,0,781,0.003821894,0
1466,02/05/15 18:16,21.745,23.55,0,776.5,0.003787066,0
1467,02/05/15 18:16,21.7,23.7,0,771,0.003800801,0
1468,02/05/15 18:17,21.7,23.66666667,0,775,0.003795423,0
1469,02/05/15 18:19,21.7,23.66666667,0,771,0.003795423,0
1470,02/05/15 18:20,21.7,23.39,0,763,0.003750786,0
1471,02/05/15 18:21,21.7,23.55,0,755,0.003776599,0
1472,02/05/15 18:22,21.6,23.6,0,754,0.00376145,0
1473,02/05/15 18:23,21.7,23.6,0,755,0.003784667,0
1474,02/05/15 18:23,21.6,23.39333333,0,754.6666667,0.003728313,0
1475,02/05/15 18:24,21.6,23.55,0,751.5,0.003753433,0
1476,02/05/15 18:26,21.6,23.5,0,748.5,0.003745416,0
1477,02/05/15 18:27,21.55,23.5,0,745.5,0.003733904,0
1478,02/05/15 18:28,21.55,23.445,0,749,0.003725113,0
1479,02/05/15 18:29,21.56666667,23.5,0,746.6666667,0.003737738,0
1480,02/05/15 18:29,21.55,23.5,0,738.5,0.003733904,0
1481,02/05/15 18:30,21.5,23.35,0,732.5,0.003698522,0
1482,02/05/15 18:32,21.5,23.26,0,725.5,0.003684182,0
1483,02/05/15 18:33,21.5,23.245,0,711.6666667,0.003681792,0
1484,02/05/15 18:34,21.5,23.23,0,705.6666667,0.003679402,0
1485,02/05/15 18:35,21.5,23.05,0,702.5,0.003650725,0
1486,02/05/15 18:36,21.39,23.05,0,702.5,0.003626065,0
1487,02/05/15 18:36,21.39,22.945,0,698.5,0.003609451,0
1488,02/05/15 18:38,21.39,22.79,0,698,0.003584928,0
1489,02/05/15 18:39,21.39,22.695,0,677.5,0.003569898,0
1490,02/05/15 18:40,21.34,22.55,0,672,0.003536044,0
1491,02/05/15 18:40,21.29,22.6,0,666.5,0.003533018,0
1492,02/05/15 18:42,21.32333333,22.53333333,0,664.3333333,0.003529786,0
1493,02/05/15 18:42,21.34,22.395,0,660.5,0.003511601,0
1494,02/05/15 18:43,21.34,22.395,0,654,0.003511601,0
1495,02/05/15 18:45,21.29,21.945,0,650,0.003430059,0
1496,02/05/15 18:46,21.29,21.85,0,635.5,0.003415129,0
1497,02/05/15 18:47,21.245,21.745,0,634,0.003389208,0
1498,02/05/15 18:48,21.2,21.745,0,631.5,0.003379811,0
1499,02/05/15 18:49,21.2,21.995,0,631,0.003418882,0
1500,02/05/15 18:49,21.245,22.1,0,637.5,0.003444845,0
1501,02/05/15 18:51,21.29,22.1,0,640,0.00345442,0
1502,02/05/15 18:52,21.29,21.86333333,0,638.6666667,0.003417224,0
1503,02/05/15 18:53,21.29,21.5,0,628,0.003360128,0
1504,02/05/15 18:53,21.29,21.34,0,617,0.003334989,0
1505,02/05/15 18:55,21.2,21.16666667,0,612.3333333,0.003289446,0
1506,02/05/15 18:55,21.2,21.56666667,0,609,0.003351944,0
1507,02/05/15 18:56,21.2,21.6,0,616,0.003357152,0
1508,02/05/15 18:58,21.2,21.55,0,614,0.003349339,0
1509,02/05/15 18:59,21.2,21.445,0,613.5,0.003332933,0
1510,02/05/15 19:00,21.2,21.195,0,611.5,0.003293872,0
1511,02/05/15 19:01,21.2,21.2,0,600,0.003294654,0
1512,02/05/15 19:01,21.2,21.35666667,0,599,0.003319131,0
1513,02/05/15 19:02,21.2,21.06666667,0,592.6666667,0.003273823,0
1514,02/05/15 19:04,21.2,21.23,0,593,0.003299341,0
1515,02/05/15 19:05,21.2,21.2,0,586,0.003294654,0
1516,02/05/15 19:06,21.2,21.2,0,585,0.003294654,0
1517,02/05/15 19:07,21.29,21.1,0,592.5,0.003297283,0
1518,02/05/15 19:08,21.29,21.1,0,593,0.003297283,0
1519,02/05/15 19:08,21.29,20.89,0,583,0.003264294,0
1520,02/05/15 19:09,21.29,20.65,0,579.3333333,0.003226597,0
1521,02/05/15 19:11,21.29,20.89,0,578,0.003264294,0
1522,02/05/15 19:12,21.29,20.7475,0,570.5,0.003241911,0
1523,02/05/15 19:13,21.29,20.795,0,571,0.003249372,0
1524,02/05/15 19:14,21.29,20.65,0,571,0.003226597,0
1525,02/05/15 19:14,21.245,20.79,0,563.5,0.003239585,0
1526,02/05/15 19:15,21.2,20.495,0,560.5,0.00318453,0
1527,02/05/15 19:17,21.2,20.39333333,0,556,0.003168652,0
1528,02/05/15 19:18,21.2,20.3225,0,550.25,0.003157591,0
1529,02/05/15 19:19,21.2,20.1225,0,544.5,0.00312636,0
1530,02/05/15 19:20,21.2,20.22666667,0,547.6666667,0.003142625,0
1531,02/05/15 19:21,21.2,20,0,545,0.003107232,0
1532,02/05/15 19:21,21.1,20.2,0,536,0.003119155,0
1533,02/05/15 19:23,21.1,20.1,0,538,0.003103636,0
1534,02/05/15 19:24,21.1,20.195,0,539.5,0.003118379,0
1535,02/05/15 19:25,21.1,20.245,0,542.5,0.003126138,0
1536,02/05/15 19:25,21.15,20.245,0,539,0.0031358,0
1537,02/05/15 19:27,21.1,20.03333333,0,532.3333333,0.003093291,0
1538,02/05/15 19:27,21.15,20,0,534,0.003097662,0
1539,02/05/15 19:28,21.15,20,0,538.5,0.003097662,0
1540,02/05/15 19:30,21.2,19.96333333,0,538,0.003101507,0
1541,02/05/15 19:31,21.2,19.995,0,539.5,0.003106451,0
1542,02/05/15 19:32,21.2,19.895,0,531,0.003090838,0
1543,02/05/15 19:33,21.2,20,0,526.5,0.003107232,0
1544,02/05/15 19:34,21.2,19.96333333,0,522,0.003101507,0
1545,02/05/15 19:34,21.2,19.895,0,526,0.003090838,0
1546,02/05/15 19:36,21.2,19.945,0,522.6666667,0.003098645,0
1547,02/05/15 19:37,21.2,19.84,0,525.3333333,0.003082251,0
1548,02/05/15 19:38,21.2,19.79,0,516.3333333,0.003074445,0
1549,02/05/15 19:38,21.15,19.65,0,520,0.003043188,0
1550,02/05/15 19:40,21.1,19.795,0,515.5,0.00305631,0
1551,02/05/15 19:40,21.1,19.79,0,513.5,0.003055534,0
1552,02/05/15 19:41,21.1,19.79,0,517,0.003055534,0
1553,02/05/15 19:43,21.1,19.79,0,517,0.003055534,0
1554,02/05/15 19:44,21.175,19.79,0,514.75,0.003069708,0
1555,02/05/15 19:45,21.2,19.63,0,510,0.003049466,0
1556,02/05/15 19:46,21.1,19.29,0,503.5,0.002977965,0
1557,02/05/15 19:46,21.1,19.39,0,502,0.002993478,0
1558,02/05/15 19:47,21.1,19.65,0,498.5,0.003033813,0
1559,02/05/15 19:49,21.075,19.65,0,498.5,0.003029135,0
1560,02/05/15 19:50,21.05,19.6,0,502.5,0.00301673,0
1561,02/05/15 19:51,21.1,19.7,0,505,0.00304157,0
1562,02/05/15 19:52,21.15,19.55,0,506.5,0.003027626,0
1563,02/05/15 19:53,21.15,19.445,0,500,0.003011286,0
1564,02/05/15 19:53,21.2,19.6,0,496,0.003044783,0
1565,02/05/15 19:54,21.175,19.4425,0,499.25,0.003015544,0
1566,02/05/15 19:56,21.16666667,19.49666667,0,497.6666667,0.003022432,0
1567,02/05/15 19:57,21.15,19.55,0,497,0.003027626,0
1568,02/05/15 19:58,21.1,19.5,0,498,0.003010542,0
1569,02/05/15 19:59,21.2,19.39,0,495,0.003012003,0
1570,02/05/15 19:59,21.2,19.34,0,491.5,0.003004198,0
1571,02/05/15 20:00,21.15,19.395,0,491,0.003003506,0
1572,02/05/15 20:02,21.16666667,19.5,0,493,0.003022951,0
1573,02/05/15 20:03,21.1,19.5,0,489,0.003010542,0
1574,02/05/15 20:04,21.2,19.445,0,485.5,0.003020588,0
1575,02/05/15 20:05,21.2,19.39,0,488.5,0.003012003,0
1576,02/05/15 20:06,21.2,19.39,0,486,0.003012003,0
1577,02/05/15 20:06,21.2,19.445,0,488.5,0.003020588,0
1578,02/05/15 20:08,21.2,19.29,0,490,0.002996394,0
1579,02/05/15 20:09,21.2,19.39,0,491,0.003012003,0
1580,02/05/15 20:10,21.2,19.245,0,487,0.00298937,0
1581,02/05/15 20:10,21.2,19.34,0,485.5,0.003004198,0
1582,02/05/15 20:12,21.2,19.29,0,484.5,0.002996394,0
1583,02/05/15 20:12,21.2,19.29,0,491,0.002996394,0
1584,02/05/15 20:13,21.2,19.29,0,485,0.002996394,0
1585,02/05/15 20:15,21.2,19.29,0,484.5,0.002996394,0
1586,02/05/15 20:16,21.2,19.29,0,482,0.002996394,0
1587,02/05/15 20:17,21.2,19.315,0,491.25,0.003000296,0
1588,02/05/15 20:18,21.2,19.34,0,486.5,0.003004198,0
1589,02/05/15 20:19,21.2,19.39,0,481,0.003012003,0
1590,02/05/15 20:19,21.2,19.39,0,480,0.003012003,0
1591,02/05/15 20:21,21.2,19.34,0,483.5,0.003004198,0
1592,02/05/15 20:22,21.2,19.39,0,481.3333333,0.003012003,0
1593,02/05/15 20:23,21.2,19.39,0,484.3333333,0.003012003,0
1594,02/05/15 20:23,21.2,19.39,0,479.6666667,0.003012003,0
1595,02/05/15 20:25,21.2,19.39,0,479,0.003012003,0
1596,02/05/15 20:25,21.2,19.39,0,477.5,0.003012003,0
1597,02/05/15 20:26,21.2,19.39,0,483,0.003012003,0
1598,02/05/15 20:28,21.15,19.39,0,482,0.003002728,0
1599,02/05/15 20:29,21.2,19.39,0,483.25,0.003012003,0
1600,02/05/15 20:30,21.2,19.39,0,477,0.003012003,0
1601,02/05/15 20:31,21.2,19.35666667,0,479,0.0030068,0
1602,02/05/15 20:31,21.2,19.39,0,482.5,0.003012003,0
1603,02/05/15 20:32,21.2,19.39,0,474,0.003012003,0
1604,02/05/15 20:34,21.2,19.39,0,473,0.003012003,0
1605,02/05/15 20:35,21.2,19.39,0,472,0.003012003,0
1606,02/05/15 20:36,21.2,19.39,0,472.5,0.003012003,0
1607,02/05/15 20:37,21.2,19.445,0,475,0.003020588,0
1608,02/05/15 20:38,21.2,19.39,0,475,0.003012003,0
1609,02/05/15 20:38,21.2,19.445,0,477.5,0.003020588,0
1610,02/05/15 20:39,21.15,19.5,0,474,0.003019845,0
1611,02/05/15 20:41,21.16666667,19.5,0,474.6666667,0.003022951,0
1612,02/05/15 20:42,21.1,19.5,0,470.5,0.003010542,0
1613,02/05/15 20:43,21.1,19.5,0,474.3333333,0.003010542,0
1614,02/05/15 20:44,21.1,19.5,0,483,0.003010542,0
1615,02/05/15 20:44,21.1,19.6,0,484,0.003026056,0
1616,02/05/15 20:45,21.03333333,19.53333333,0,479.3333333,0.003003327,0
1617,02/05/15 20:47,21,19.6,0,479.5,0.00300743,0
1618,02/05/15 20:48,21,19.6,0,473,0.00300743,0
1619,02/05/15 20:49,21,19.6,0,470,0.00300743,0
1620,02/05/15 20:50,21,19.6,0,464,0.00300743,0
1621,02/05/15 20:51,21,19.7,0,463.5,0.003022848,0
1622,02/05/15 20:51,21,19.7,0,467.5,0.003022848,0
1623,02/05/15 20:53,21,19.7,0,476,0.003022848,0
1624,02/05/15 20:54,21,19.76,0,474,0.0030321,0
1625,02/05/15 20:55,21,19.79,0,471,0.003036726,0
1626,02/05/15 20:55,21,19.79,0,472,0.003036726,0
1627,02/05/15 20:57,21,19.79,0,472,0.003036726,0
1628,02/05/15 20:57,21,19.79,0,474.25,0.003036726,0
1629,02/05/15 20:58,20.9725,19.79,0,473,0.003031571,0
1630,02/05/15 21:00,21,19.79,0,469,0.003036726,0
1631,02/05/15 21:01,20.96333333,19.79,0,472.6666667,0.003029855,0
1632,02/05/15 21:02,21,19.79,0,473,0.003036726,0
1633,02/05/15 21:03,20.89,19.79,0,471.5,0.003016154,0
1634,02/05/15 21:04,20.96333333,19.79,0,471.3333333,0.003029855,0
1635,02/05/15 21:04,21,19.79,0,469,0.003036726,0
1636,02/05/15 21:06,20.89,19.89,0,471,0.003031469,0
1637,02/05/15 21:07,20.89,19.84,0,470,0.003023812,0
1638,02/05/15 21:08,20.89,19.89,0,469.5,0.003031469,0
1639,02/05/15 21:08,20.89,19.89,0,464,0.003031469,0
1640,02/05/15 21:10,20.89,19.89,0,467,0.003031469,0
1641,02/05/15 21:10,20.89,19.92666667,0,472,0.003037085,0
1642,02/05/15 21:11,20.89,19.945,0,469.5,0.003039893,0
1643,02/05/15 21:13,20.89,20,0,470.5,0.003048317,0
1644,02/05/15 21:14,20.89,20,0,470,0.003048317,0
1645,02/05/15 21:15,20.89,20,0,469,0.003048317,0
1646,02/05/15 21:16,20.89,20,0,468.5,0.003048317,0
1647,02/05/15 21:16,20.89,20,0,467.3333333,0.003048317,0
1648,02/05/15 21:17,20.89,20,0,467,0.003048317,0
1649,02/05/15 21:19,20.89,20,0,464,0.003048317,0
1650,02/05/15 21:20,20.89,20,0,462,0.003048317,0
1651,02/05/15 21:21,20.89,20,0,466,0.003048317,0
1652,02/05/15 21:22,20.89,20,0,465.5,0.003048317,0
1653,02/05/15 21:23,20.79,20,0,464,0.003029523,0
1654,02/05/15 21:23,20.89,20,0,469.6666667,0.003048317,0
1655,02/05/15 21:24,20.89,20.1,0,469.5,0.003063633,0
1656,02/05/15 21:26,20.89,20.1,0,472,0.003063633,0
1657,02/05/15 21:27,20.89,20.1,0,464.5,0.003063633,0
1658,02/05/15 21:28,20.89,20.1,0,467,0.003063633,0
1659,02/05/15 21:29,20.89,20.1,0,467,0.003063633,0
1660,02/05/15 21:29,20.89,20.1,0,462,0.003063633,0
1661,02/05/15 21:30,20.89,20.15,0,464.5,0.003071292,0
1662,02/05/15 21:32,20.79,20.05,0,460,0.003037133,0
1663,02/05/15 21:33,20.89,20.2,0,457,0.003078951,0
1664,02/05/15 21:34,20.79,20.1,0,461,0.003044744,0
1665,02/05/15 21:35,20.79,20.1,0,462,0.003044744,0
1666,02/05/15 21:36,20.79,20.15,0,463.5,0.003052356,0
1667,02/05/15 21:36,20.79,20.2,0,461.5,0.003059967,0
1668,02/05/15 21:38,20.79,20.2,0,461.5,0.003059967,0
1669,02/05/15 21:39,20.79,20.2,0,458,0.003059967,0
1670,02/05/15 21:40,20.79,20.2,0,460,0.003059967,0
1671,02/05/15 21:40,20.79,20.245,0,460,0.003066817,0
1672,02/05/15 21:42,20.79,20.29,0,460.5,0.003073668,0
1673,02/05/15 21:42,20.745,20.29,0,460,0.00306512,0
1674,02/05/15 21:43,20.79,20.29,0,457,0.003073668,0
1675,02/05/15 21:45,20.745,20.34,0,460.5,0.003072711,0
1676,02/05/15 21:46,20.7,20.39,0,461,0.003071733,0
1677,02/05/15 21:47,20.745,20.39,0,458.5,0.003080302,0
1678,02/05/15 21:48,20.7,20.39,0,461.3333333,0.003071733,0
1679,02/05/15 21:49,20.7,20.39,0,457.5,0.003071733,0
1680,02/05/15 21:49,20.7,20.39,0,455,0.003071733,0
1681,02/05/15 21:51,20.7,20.445,0,461.5,0.00308006,0
1682,02/05/15 21:52,20.7,20.445,0,461,0.00308006,0
1683,02/05/15 21:53,20.7,20.5,0,460.5,0.003088387,0
1684,02/05/15 21:53,20.7,20.5,0,461,0.003088387,0
1685,02/05/15 21:55,20.7,20.55,0,459.5,0.003095957,0
1686,02/05/15 21:55,20.7,20.6,0,463,0.003103527,0
1687,02/05/15 21:56,20.7,20.6,0,463.5,0.003103527,0
1688,02/05/15 21:58,20.7,20.6,0,463,0.003103527,0
1689,02/05/15 21:59,20.7,20.6,0,464,0.003103527,0
1690,02/05/15 22:00,20.7,20.6,0,462.5,0.003103527,0
1691,02/05/15 22:01,20.7,20.6,0,457.6666667,0.003103527,0
1692,02/05/15 22:01,20.63333333,20.63333333,0,460,0.003095765,0
1693,02/05/15 22:02,20.7,20.7,0,460,0.003118668,0
1694,02/05/15 22:04,20.65,20.65,0,458.5,0.003101479,0
1695,02/05/15 22:05,20.6,20.6,0,461,0.003084363,0
1696,02/05/15 22:06,20.65,20.65,0,460,0.003101479,0
1697,02/05/15 22:07,20.6,20.6,0,454,0.003084363,0
1698,02/05/15 22:08,20.6,20.7,0,451.3333333,0.00309941,0
1699,02/05/15 22:08,20.6,20.7,0,457,0.00309941,0
1700,02/05/15 22:09,20.6,20.7,0,454.5,0.00309941,0
1701,02/05/15 22:11,20.6,20.7,0,460,0.00309941,0
1702,02/05/15 22:12,20.6,20.745,0,458.5,0.003106182,0
1703,02/05/15 22:13,20.6,20.745,0,453.5,0.003106182,0
1704,02/05/15 22:14,20.6,20.79,0,457,0.003112953,0
1705,02/05/15 22:14,20.55,20.79,0,450.5,0.003103322,0
1706,02/05/15 22:15,20.6,20.79,0,454.5,0.003112953,0
1707,02/05/15 22:17,20.6,20.79,0,463,0.003112953,0
1708,02/05/15 22:18,20.6,20.79,0,459,0.003112953,0
1709,02/05/15 22:19,20.6,20.84,0,452.5,0.003120478,0
1710,02/05/15 22:20,20.6,20.89,0,451,0.003128002,0
1711,02/05/15 22:21,20.55,20.89,0,446,0.003118323,0
1712,02/05/15 22:21,20.6,20.84,0,449.5,0.003120478,0
1713,02/05/15 22:23,20.55,20.89,0,449.5,0.003118323,0
1714,02/05/15 22:24,20.6,20.89,0,450,0.003128002,0
1715,02/05/15 22:25,20.6,20.89,0,453.5,0.003128002,0
1716,02/05/15 22:25,20.6,20.89,0,458.5,0.003128002,0
1717,02/05/15 22:27,20.575,20.9175,0,459.5,0.003127291,0
1718,02/05/15 22:27,20.6,20.89,0,457,0.003128002,0
1719,02/05/15 22:28,20.5,20.945,0,458,0.003116897,0
1720,02/05/15 22:30,20.5,21,0,453,0.003125123,0
1721,02/05/15 22:31,20.55,21,0,450.5,0.003134826,0
1722,02/05/15 22:32,20.6,21,0,455,0.003144556,0
1723,02/05/15 22:33,20.55,21,0,453,0.003134826,0
1724,02/05/15 22:34,20.55,21,0,454.5,0.003134826,0
1725,02/05/15 22:34,20.5,21,0,455,0.003125123,0
1726,02/05/15 22:36,20.6,21,0,452,0.003144556,0
1727,02/05/15 22:37,20.56666667,21.03333333,0,456,0.003143073,0
1728,02/05/15 22:38,20.55,21.05,0,454,0.003142328,0
1729,02/05/15 22:38,20.5,21.1,0,453,0.003140079,0
1730,02/05/15 22:40,20.55,21.1,0,460.5,0.00314983,0
1731,02/05/15 22:40,20.6,21.1,0,455,0.003159606,0
1732,02/05/15 22:41,20.5,21.1,0,452,0.003140079,0
1733,02/05/15 22:43,20.55,21.1,0,453,0.00314983,0
1734,02/05/15 22:44,20.55,21.1,0,454,0.00314983,0
1735,02/05/15 22:45,20.5,21.1,0,454.5,0.003140079,0
1736,02/05/15 22:46,20.5,21.1,0,455,0.003140079,0
1737,02/05/15 22:46,20.5,21.1,0,454,0.003140079,0
1738,02/05/15 22:47,20.55,21.1,0,454,0.00314983,0
1739,02/05/15 22:49,20.5,21.1,0,447,0.003140079,0
1740,02/05/15 22:50,20.5,21.1,0,454,0.003140079,0
1741,02/05/15 22:51,20.53333333,21.2,0,455.6666667,0.003161565,0
1742,02/05/15 22:52,20.5,21.2,0,456,0.003155037,0
1743,02/05/15 22:53,20.5,21.2,0,453,0.003155037,0
1744,02/05/15 22:53,20.5,21.2,0,452,0.003155037,0
1745,02/05/15 22:54,20.5,21.2,0,446,0.003155037,0
1746,02/05/15 22:56,20.5,21.2,0,452.3333333,0.003155037,0
1747,02/05/15 22:57,20.5,21.245,0,451,0.003161768,0
1748,02/05/15 22:58,20.5,21.2,0,449,0.003155037,0
1749,02/05/15 22:59,20.5,21.2,0,447,0.003155037,0
1750,02/05/15 22:59,20.5,21.245,0,450,0.003161768,0
1751,02/05/15 23:00,20.5,21.29,0,449,0.003168499,0
1752,02/05/15 23:02,20.5,21.26,0,448.3333333,0.003164011,0
1753,02/05/15 23:03,20.5,21.2675,0,443.75,0.003165133,0
1754,02/05/15 23:04,20.5,21.29,0,442.5,0.003168499,0
1755,02/05/15 23:05,20.5,21.29,0,444.5,0.003168499,0
1756,02/05/15 23:06,20.5,21.29,0,446.25,0.003168499,0
1757,02/05/15 23:06,20.5,21.29,0,448,0.003168499,0
1758,02/05/15 23:08,20.5,21.29,0,451,0.003168499,0
1759,02/05/15 23:09,20.5,21.29,0,452.3333333,0.003168499,0
1760,02/05/15 23:10,20.5,21.29,0,447,0.003168499,0
1761,02/05/15 23:10,20.445,21.29,0,446.5,0.003157707,0
1762,02/05/15 23:12,20.5,21.29,0,442,0.003168499,0
1763,02/05/15 23:12,20.5,21.29,0,452,0.003168499,0
1764,02/05/15 23:13,20.39,21.29,0,450,0.003146948,0
1765,02/05/15 23:15,20.445,21.29,0,443.5,0.003157707,0
1766,02/05/15 23:16,20.39,21.29,0,443,0.003146948,0
1767,02/05/15 23:17,20.42666667,21.29,0,450,0.003154117,0
1768,02/05/15 23:18,20.39,21.29,0,445.6666667,0.003146948,0
1769,02/05/15 23:19,20.39,21.29,0,443.6666667,0.003146948,0
1770,02/05/15 23:19,20.39,21.29,0,445.3333333,0.003146948,0
1771,02/05/15 23:21,20.39,21.29,0,449,0.003146948,0
1772,02/05/15 23:22,20.39,21.29,0,444.5,0.003146948,0
1773,02/05/15 23:23,20.39,21.29,0,445.5,0.003146948,0
1774,02/05/15 23:23,20.39,21.29,0,447,0.003146948,0
1775,02/05/15 23:25,20.39,21.29,0,446.5,0.003146948,0
1776,02/05/15 23:25,20.39,21.29,0,451,0.003146948,0
1777,02/05/15 23:26,20.39,21.29,0,448,0.003146948,0
1778,02/05/15 23:28,20.39,21.29,0,450,0.003146948,0
1779,02/05/15 23:29,20.39,21.29,0,442.6666667,0.003146948,0
1780,02/05/15 23:30,20.39,21.29,0,445,0.003146948,0
1781,02/05/15 23:31,20.39,21.29,0,444.5,0.003146948,0
1782,02/05/15 23:31,20.35666667,21.29,0,441.6666667,0.003140442,0
1783,02/05/15 23:32,20.35666667,21.29,0,442.3333333,0.003140442,0
1784,02/05/15 23:34,20.39,21.29,0,441,0.003146948,0
1785,02/05/15 23:35,20.29,21.29,0,440.5,0.003127468,0
1786,02/05/15 23:36,20.39,21.29,0,447,0.003146948,0
1787,02/05/15 23:37,20.34,21.29,0,439.5,0.003137194,0
1788,02/05/15 23:38,20.29,21.29,0,444,0.003127468,0
1789,02/05/15 23:38,20.29,21.29,0,445.5,0.003127468,0
1790,02/05/15 23:39,20.29,21.29,0,446.6666667,0.003127468,0
1791,02/05/15 23:41,20.32333333,21.29,0,444.3333333,0.003133949,0
1792,02/05/15 23:42,20.29,21.29,0,446.5,0.003127468,0
1793,02/05/15 23:43,20.32333333,21.29,0,449.3333333,0.003133949,0
1794,02/05/15 23:44,20.29,21.29,0,445,0.003127468,0
1795,02/05/15 23:44,20.29,21.29,0,447,0.003127468,0
1796,02/05/15 23:45,20.29,21.29,0,443.5,0.003127468,0
1797,02/05/15 23:47,20.29,21.29,0,447,0.003127468,0
1798,02/05/15 23:48,20.29,21.29,0,445,0.003127468,0
1799,02/05/15 23:49,20.29,21.29,0,443,0.003127468,0
1800,02/05/15 23:50,20.29,21.29,0,446,0.003127468,0
1801,02/05/15 23:51,20.245,21.245,0,438,0.003112111,0
1802,02/05/15 23:51,20.29,21.29,0,435.3333333,0.003127468,0
1803,02/05/15 23:53,20.29,21.29,0,443,0.003127468,0
1804,02/05/15 23:54,20.29,21.29,0,441,0.003127468,0
1805,02/05/15 23:55,20.29,21.29,0,439.5,0.003127468,0
1806,02/05/15 23:55,20.2225,21.2225,0,445,0.003104455,0
1807,02/05/15 23:57,20.2,21.2,0,442.5,0.003096814,0
1808,02/05/15 23:57,20.2,21.2,0,443.5,0.003096814,0
1809,02/05/15 23:58,20.2,21.2,0,444,0.003096814,0
1810,02/06/15 0:00,20.2,21.29,0,438,0.003110027,0
1811,02/06/15 0:01,20.2,21.2,0,439,0.003096814,0
1812,02/06/15 0:02,20.2,21.29,0,441.5,0.003110027,0
1813,02/06/15 0:03,20.2,21.29,0,444,0.003110027,0
1814,02/06/15 0:04,20.2,21.29,0,446.5,0.003110027,0
1815,02/06/15 0:04,20.2,21.29,0,446,0.003110027,0
1816,02/06/15 0:06,20.2,21.29,0,447,0.003110027,0
1817,02/06/15 0:07,20.2,21.29,0,447,0.003110027,0
1818,02/06/15 0:08,20.2,21.29,0,446.3333333,0.003110027,0
1819,02/06/15 0:08,20.2,21.29,0,445.75,0.003110027,0
1820,02/06/15 0:10,20.2,21.29,0,445,0.003110027,0
1821,02/06/15 0:10,20.2,21.29,0,444.5,0.003110027,0
1822,02/06/15 0:11,20.16666667,21.23,0,446.3333333,0.003094799,0
1823,02/06/15 0:13,20.15,21.245,0,446.5,0.003093788,0
1824,02/06/15 0:14,20.2,21.29,0,448,0.003110027,0
1825,02/06/15 0:15,20.15,21.245,0,450,0.003093788,0
1826,02/06/15 0:16,20.15,21.29,0,452,0.003100374,0
1827,02/06/15 0:16,20.2,21.2,0,449,0.003096814,0
1828,02/06/15 0:17,20.15,21.2,0,446.5,0.003087203,0
1829,02/06/15 0:19,20.2,21.2,0,446.5,0.003096814,0
1830,02/06/15 0:20,20.15,21.2,0,448.5,0.003087203,0
1831,02/06/15 0:21,20.1,21.2,0,446,0.003077618,0
1832,02/06/15 0:22,20.2,21.2,0,446,0.003096814,0
1833,02/06/15 0:23,20.1,21.2,0,441,0.003077618,0
1834,02/06/15 0:23,20.1,21.2,0,443,0.003077618,0
1835,02/06/15 0:24,20.1,21.2,0,444.3333333,0.003077618,0
1836,02/06/15 0:26,20.1,21,0,444,0.003048442,0
1837,02/06/15 0:27,20.1,21.1,0,443,0.003063029,0
1838,02/06/15 0:28,20.1,21.1,0,444,0.003063029,0
1839,02/06/15 0:29,20.1,21.1,0,447.5,0.003063029,0
1840,02/06/15 0:29,20.1,21.1,0,443,0.003063029,0
1841,02/06/15 0:30,20.1,21.06666667,0,442.3333333,0.003058167,0
1842,02/06/15 0:32,20.1,21.06666667,0,444.6666667,0.003058167,0
1843,02/06/15 0:33,20.1,21,0,444.5,0.003048442,0
1844,02/06/15 0:34,20.1,21,0,445.3333333,0.003048442,0
1845,02/06/15 0:35,20.1,21,0,446.5,0.003048442,0
1846,02/06/15 0:36,20.1,21,0,445,0.003048442,0
1847,02/06/15 0:36,20.1,21,0,442,0.003048442,0
1848,02/06/15 0:38,20.16666667,21,0,439,0.003061105,0
1849,02/06/15 0:39,20.2,21,0,441,0.003067455,0
1850,02/06/15 0:40,20.2,20.96333333,0,445.6666667,0.003062073,0
1851,02/06/15 0:40,20.2,20.89,0,446,0.003051308,0
1852,02/06/15 0:42,20.2,20.85666667,0,443.6666667,0.003046416,0
1853,02/06/15 0:42,20.2,20.89,0,439,0.003051308,0
1854,02/06/15 0:43,20.2,20.79,0,441,0.00303663,0
1855,02/06/15 0:45,20.2,20.79,0,442,0.00303663,0
1856,02/06/15 0:46,20.2,20.745,0,443.5,0.003030026,0
1857,02/06/15 0:47,20.245,20.84,0,443,0.003052493,0
1858,02/06/15 0:48,20.245,20.84,0,442,0.003052493,0
1859,02/06/15 0:49,20.29,20.89,0,443,0.003068418,0
1860,02/06/15 0:49,20.29,20.89,0,444,0.003068418,0
1861,02/06/15 0:51,20.29,20.79,0,443,0.003053658,0
1862,02/06/15 0:52,20.29,20.79,0,442,0.003053658,0
1863,02/06/15 0:53,20.29,20.79,0,443,0.003053658,0
1864,02/06/15 0:53,20.29,20.79,0,441,0.003053658,0
1865,02/06/15 0:55,20.29,20.79,0,446.3333333,0.003053658,0
1866,02/06/15 0:55,20.29,20.7,0,446,0.003040374,0
1867,02/06/15 0:56,20.29,20.7,0,439,0.003040374,0
1868,02/06/15 0:58,20.35666667,20.7,0,444.3333333,0.003052986,0
1869,02/06/15 0:59,20.29,20.65,0,446,0.003032994,0
1870,02/06/15 1:00,20.29,20.7,0,442,0.003040374,0
1871,02/06/15 1:01,20.29,20.7,0,441.5,0.003040374,0
1872,02/06/15 1:01,20.29,20.7,0,440.5,0.003040374,0
1873,02/06/15 1:02,20.29,20.7,0,443.5,0.003040374,0
1874,02/06/15 1:04,20.29,20.7,0,440.5,0.003040374,0
1875,02/06/15 1:05,20.29,20.7,0,437.5,0.003040374,0
1876,02/06/15 1:06,20.29,20.7,0,438,0.003040374,0
1877,02/06/15 1:07,20.29,20.7,0,443,0.003040374,0
1878,02/06/15 1:08,20.26,20.7,0,443,0.003034714,0
1879,02/06/15 1:08,20.29,20.7,0,436.3333333,0.003040374,0
1880,02/06/15 1:09,20.29,20.76,0,438.3333333,0.00304923,0
1881,02/06/15 1:11,20.29,20.7,0,437,0.003040374,0
1882,02/06/15 1:12,20.29,20.7,0,439,0.003040374,0
1883,02/06/15 1:13,20.245,20.7,0,436,0.003031887,0
1884,02/06/15 1:14,20.29,20.7,0,432.5,0.003040374,0
1885,02/06/15 1:14,20.23,20.63333333,0,435,0.00301926,0
1886,02/06/15 1:15,20.245,20.65,0,442,0.003024528,0
1887,02/06/15 1:17,20.2,20.6,0,444.5,0.003008744,0
1888,02/06/15 1:18,20.29,20.7,0,447,0.003040374,0
1889,02/06/15 1:19,20.2,20.6,0,446,0.003008744,0
1890,02/06/15 1:20,20.23,20.56666667,0,442.3333333,0.003009457,0
1891,02/06/15 1:21,20.245,20.55,0,440,0.003009811,0
1892,02/06/15 1:21,20.29,20.6,0,440,0.003025615,0
1893,02/06/15 1:23,20.26,20.49666667,0,439.6666667,0.00300476,0
1894,02/06/15 1:24,20.29,20.5,0,442,0.003010856,0
1895,02/06/15 1:25,20.29,20.55,0,441,0.003018235,0
1896,02/06/15 1:25,20.29,20.6,0,441,0.003025615,0
1897,02/06/15 1:27,20.29,20.5,0,441.75,0.003010856,0
1898,02/06/15 1:27,20.32333333,20.5,0,442,0.003017095,0
1899,02/06/15 1:28,20.39,20.445,0,443,0.003021439,0
1900,02/06/15 1:30,20.39,20.39,0,443,0.003013271,0
1901,02/06/15 1:31,20.39,20.29,0,440,0.002998422,0
1902,02/06/15 1:32,20.39,20.2,0,441,0.002985058,0
1903,02/06/15 1:33,20.39,20.2,0,439,0.002985058,0
1904,02/06/15 1:34,20.39,20.2,0,436,0.002985058,0
1905,02/06/15 1:34,20.39,20.1,0,433.5,0.00297021,0
1906,02/06/15 1:36,20.39,20.1,0,435,0.00297021,0
1907,02/06/15 1:37,20.39,20.05,0,434,0.002962786,0
1908,02/06/15 1:38,20.34,20.05,0,438.5,0.002953606,0
1909,02/06/15 1:38,20.39,20.05,0,440,0.002962786,0
1910,02/06/15 1:40,20.39,20,0,439,0.002955362,0
1911,02/06/15 1:40,20.39,20,0,440.5,0.002955362,0
1912,02/06/15 1:41,20.39,20,0,433,0.002955362,0
1913,02/06/15 1:43,20.39,19.945,0,436.5,0.002947197,0
1914,02/06/15 1:44,20.5,19.89,0,438,0.002959152,0
1915,02/06/15 1:45,20.42666667,19.92666667,0,438,0.002951181,0
1916,02/06/15 1:46,20.5,19.89,0,441,0.002959152,0
1917,02/06/15 1:46,20.5,19.89,0,434,0.002959152,0
1918,02/06/15 1:47,20.5,19.89,0,439.5,0.002959152,0
1919,02/06/15 1:49,20.5,19.89,0,438,0.002959152,0
1920,02/06/15 1:50,20.5,19.89,0,435.5,0.002959152,0
1921,02/06/15 1:51,20.5,19.89,0,436,0.002959152,0
1922,02/06/15 1:52,20.5,19.89,0,439.5,0.002959152,0
1923,02/06/15 1:53,20.5,19.89,0,439.5,0.002959152,0
1924,02/06/15 1:53,20.5,19.89,0,438.5,0.002959152,0
1925,02/06/15 1:54,20.5,19.89,0,435,0.002959152,0
1926,02/06/15 1:56,20.5,19.745,0,435,0.002937477,0
1927,02/06/15 1:57,20.5,19.79,0,436,0.002944204,0
1928,02/06/15 1:58,20.55,19.84,0,433,0.00296084,0
1929,02/06/15 1:59,20.5,19.79,0,433.6666667,0.002944204,0
1930,02/06/15 1:59,20.5,19.745,0,431.5,0.002937477,0
1931,02/06/15 2:00,20.5,19.65,0,436.5,0.002923278,0
1932,02/06/15 2:02,20.5,19.7,0,437,0.002930751,0
1933,02/06/15 2:03,20.6,19.6,0,435,0.00293393,0
1934,02/06/15 2:04,20.5,19.745,0,437,0.002937477,0
1935,02/06/15 2:05,20.6,19.6,0,433,0.00293393,0
1936,02/06/15 2:06,20.5,19.65,0,431.5,0.002923278,0
1937,02/06/15 2:06,20.5,19.65,0,432,0.002923278,0
1938,02/06/15 2:08,20.55,19.65,0,429,0.002932352,0
1939,02/06/15 2:09,20.55,19.6,0,430,0.002924855,0
1940,02/06/15 2:10,20.5,19.6,0,430.5,0.002915804,0
1941,02/06/15 2:10,20.55,19.6,0,433,0.002924855,0
1942,02/06/15 2:12,20.6,19.6,0,436,0.00293393,0
1943,02/06/15 2:12,20.6,19.53,0,435,0.002923403,0
1944,02/06/15 2:13,20.6,19.445,0,434,0.00291062,0
1945,02/06/15 2:15,20.5,19.55,0,434,0.002908331,0
1946,02/06/15 2:16,20.5,19.6,0,435,0.002915804,0
1947,02/06/15 2:17,20.6,19.6,0,438,0.00293393,0
1948,02/06/15 2:18,20.6,19.5,0,440,0.002918891,0
1949,02/06/15 2:19,20.56666667,19.53333333,0,436.6666667,0.002917872,0
1950,02/06/15 2:19,20.56666667,19.5,0,437.6666667,0.002912869,0
1951,02/06/15 2:21,20.56666667,19.5,0,437,0.002912869,0
1952,02/06/15 2:22,20.6,19.5,0,433,0.002918891,0
1953,02/06/15 2:23,20.6,19.445,0,435.5,0.00291062,0
1954,02/06/15 2:23,20.6,19.5,0,435,0.002918891,0
1955,02/06/15 2:25,20.6,19.5,0,437,0.002918891,0
1956,02/06/15 2:25,20.6,19.34,0,436,0.00289483,0
1957,02/06/15 2:26,20.5,19.34,0,438,0.002876947,0
1958,02/06/15 2:28,20.6,19.5,0,440,0.002918891,0
1959,02/06/15 2:29,20.55,19.445,0,438.5,0.002901617,0
1960,02/06/15 2:30,20.55,19.39,0,436,0.002893372,0
1961,02/06/15 2:31,20.6,19.34,0,433,0.00289483,0
1962,02/06/15 2:31,20.5,19.39,0,432.5,0.002884419,0
1963,02/06/15 2:32,20.5,19.39,0,434.5,0.002884419,0
1964,02/06/15 2:34,20.55,19.29,0,433.5,0.00287838,0
1965,02/06/15 2:35,20.6,19.39,0,433.5,0.002902349,0
1966,02/06/15 2:36,20.6,19.295,0,434.5,0.002888063,0
1967,02/06/15 2:37,20.6,19.29,0,434,0.002887311,0
1968,02/06/15 2:38,20.6,19.29,0,435,0.002887311,0
1969,02/06/15 2:38,20.5,19.34,0,431,0.002876947,0
1970,02/06/15 2:39,20.5,19.29,0,431.5,0.002869474,0
1971,02/06/15 2:41,20.46333333,19.22666667,0,432.6666667,0.002853516,0
1972,02/06/15 2:42,20.5,19.39,0,436,0.002884419,0
1973,02/06/15 2:43,20.5,19.39,0,436,0.002884419,0
1974,02/06/15 2:44,20.5,19.245,0,441.5,0.00286275,0
1975,02/06/15 2:44,20.5,19.2,0,434,0.002856025,0
1976,02/06/15 2:45,20.39,19.29,0,433.5,0.002849966,0
1977,02/06/15 2:47,20.42666667,19.29,0,429.3333333,0.002856456,0
1978,02/06/15 2:48,20.5,19.29,0,434.5,0.002869474,0
1979,02/06/15 2:49,20.5,19.2,0,433.5,0.002856025,0
1980,02/06/15 2:50,20.5,19.15,0,435.5,0.002848553,0
1981,02/06/15 2:51,20.445,19.05,0,435,0.002823965,0
1982,02/06/15 2:51,20.39,19.16666667,0,434,0.002831662,0
1983,02/06/15 2:53,20.39,19.245,0,430.5,0.002843287,0
1984,02/06/15 2:54,20.39,19.2,0,426,0.002836609,0
1985,02/06/15 2:55,20.5,19.2,0,429,0.002856025,0
1986,02/06/15 2:55,20.5,19.2,0,435.5,0.002856025,0
1987,02/06/15 2:57,20.5,19.2,0,433.5,0.002856025,0
1988,02/06/15 2:57,20.5,19.2,0,427.5,0.002856025,0
1989,02/06/15 2:58,20.53333333,19.16666667,0,429.6666667,0.00285694,0
1990,02/06/15 3:00,20.525,19.175,0,433,0.002856712,0
1991,02/06/15 3:01,20.5,19.1,0,432.5,0.002841082,0
1992,02/06/15 3:02,20.5,19.1,0,431,0.002841082,0
1993,02/06/15 3:03,20.53333333,19.1,0,433.3333333,0.002846958,0
1994,02/06/15 3:04,20.5,19.1,0,433,0.002841082,0
1995,02/06/15 3:04,20.5,19.1,0,434,0.002841082,0
1996,02/06/15 3:06,20.5,19.1,0,437,0.002841082,0
1997,02/06/15 3:07,20.5,19.1,0,437,0.002841082,0
1998,02/06/15 3:08,20.5,19.1,0,439,0.002841082,0
1999,02/06/15 3:08,20.53333333,18.96333333,0,432.3333333,0.002826494,0
2000,02/06/15 3:10,20.525,19.075,0,432,0.002841746,0
2001,02/06/15 3:10,20.5,19.05,0,429.5,0.002833611,0
2002,02/06/15 3:11,20.5,19.1,0,436.5,0.002841082,0
2003,02/06/15 3:13,20.53333333,19,0,432.6666667,0.002831984,0
2004,02/06/15 3:14,20.55,19,0,430,0.002834911,0
2005,02/06/15 3:15,20.5,18.945,0,425,0.002817922,0
2006,02/06/15 3:16,20.55,19,0,425.5,0.002834911,0
2007,02/06/15 3:16,20.55,19,0,434,0.002834911,0
2008,02/06/15 3:17,20.5,19,0,433,0.00282614,0
2009,02/06/15 3:19,20.5,19,0,433,0.00282614,0
2010,02/06/15 3:20,20.6,18.96333333,0,433.5,0.002838193,0
2011,02/06/15 3:21,20.5,19,0,426,0.00282614,0
2012,02/06/15 3:22,20.53333333,18.96333333,0,426.3333333,0.002826494,0
2013,02/06/15 3:23,20.53333333,18.92666667,0,430,0.002821004,0
2014,02/06/15 3:23,20.6,18.945,0,436,0.002835436,0
2015,02/06/15 3:24,20.6,19,0,437.5,0.002843706,0
2016,02/06/15 3:26,20.5,19,0,433.5,0.00282614,0
2017,02/06/15 3:27,20.55,18.945,0,432.5,0.002826667,0
2018,02/06/15 3:28,20.55,18.945,0,430,0.002826667,0
2019,02/06/15 3:29,20.5,19,0,433,0.00282614,0
2020,02/06/15 3:29,20.6,19,0,439,0.002843706,0
2021,02/06/15 3:30,20.5,18.89,0,429.5,0.002809704,0
2022,02/06/15 3:32,20.55,19,0,431,0.002834911,0
2023,02/06/15 3:33,20.6,19,0,433,0.002843706,0
2024,02/06/15 3:34,20.55,19,0,434,0.002834911,0
2025,02/06/15 3:35,20.55,18.89,0,434.5,0.002818424,0
2026,02/06/15 3:36,20.5,18.945,0,435.5,0.002817922,0
2027,02/06/15 3:36,20.5,18.84,0,434.5,0.002802233,0
2028,02/06/15 3:38,20.5,18.89,0,433.5,0.002809704,0
2029,02/06/15 3:39,20.5,19,0,433,0.00282614,0
2030,02/06/15 3:40,20.5,19,0,433.5,0.00282614,0
2031,02/06/15 3:40,20.5,19,0,434.5,0.00282614,0
2032,02/06/15 3:42,20.5,19,0,438,0.00282614,0
2033,02/06/15 3:42,20.5,18.945,0,437,0.002817922,0
2034,02/06/15 3:43,20.445,18.945,0,435,0.002808329,0
2035,02/06/15 3:45,20.5,19,0,434,0.00282614,0
2036,02/06/15 3:46,20.5,18.895,0,434.5,0.002810451,0
2037,02/06/15 3:47,20.5,18.89,0,431,0.002809704,0
2038,02/06/15 3:48,20.5,19,0,433.5,0.00282614,0
2039,02/06/15 3:49,20.42666667,18.89,0,431.6666667,0.002796958,0
2040,02/06/15 3:49,20.39,18.82333333,0,428.6666667,0.002780711,0
2041,02/06/15 3:51,20.39,18.79,0,429.5,0.002775765,0
2042,02/06/15 3:52,20.39,18.92666667,0,434.3333333,0.002796045,0
2043,02/06/15 3:53,20.39,18.84,0,430,0.002783184,0
2044,02/06/15 3:53,20.39,18.7,0,430,0.002762411,0
2045,02/06/15 3:55,20.39,18.89,0,424,0.002790604,0
2046,02/06/15 3:55,20.39,18.92666667,0,427.3333333,0.002796045,0
2047,02/06/15 3:56,20.39,18.82333333,0,430,0.002780711,0
2048,02/06/15 3:58,20.39,18.79,0,431,0.002775765,0
2049,02/06/15 3:59,20.39,18.79,0,433.5,0.002775765,0
2050,02/06/15 4:00,20.445,18.79,0,430,0.00278525,0
2051,02/06/15 4:01,20.445,18.79,0,434,0.00278525,0
2052,02/06/15 4:01,20.5,18.79,0,434,0.002794763,0
2053,02/06/15 4:02,20.5,18.79,0,435.5,0.002794763,0
2054,02/06/15 4:04,20.5,18.79,0,436.3333333,0.002794763,0
2055,02/06/15 4:05,20.5,18.745,0,434.5,0.00278804,0
2056,02/06/15 4:06,20.5,18.745,0,434,0.00278804,0
2057,02/06/15 4:07,20.5,18.7,0,434,0.002781317,0
2058,02/06/15 4:08,20.5,18.79,0,435,0.002794763,0
2059,02/06/15 4:08,20.5,18.79,0,430.5,0.002794763,0
2060,02/06/15 4:09,20.5,18.7,0,436,0.002781317,0
2061,02/06/15 4:11,20.39,18.66666667,0,431.6666667,0.002757465,0
2062,02/06/15 4:12,20.39,18.76,0,428.6666667,0.002771313,0
2063,02/06/15 4:13,20.39,18.7675,0,431,0.002772426,0
2064,02/06/15 4:14,20.39,18.7225,0,434.5,0.002765749,0
2065,02/06/15 4:14,20.39,18.7,0,434.5,0.002762411,0
2066,02/06/15 4:15,20.39,18.7,0,429.5,0.002762411,0
2067,02/06/15 4:17,20.39,18.745,0,432,0.002769088,0
2068,02/06/15 4:18,20.39,18.7,0,435.5,0.002762411,0
2069,02/06/15 4:19,20.39,18.6,0,436,0.002747573,0
2070,02/06/15 4:20,20.39,18.745,0,430,0.002769088,0
2071,02/06/15 4:21,20.39,18.76,0,434,0.002771313,0
2072,02/06/15 4:21,20.39,18.745,0,435,0.002769088,0
2073,02/06/15 4:23,20.39,18.7,0,434.5,0.002762411,0
2074,02/06/15 4:24,20.39,18.7,0,427.5,0.002762411,0
2075,02/06/15 4:25,20.39,18.7,0,433.3333333,0.002762411,0
2076,02/06/15 4:25,20.5,18.745,0,433,0.00278804,0
2077,02/06/15 4:27,20.39,18.7,0,438,0.002762411,0
2078,02/06/15 4:27,20.445,18.7,0,434,0.00277185,0
2079,02/06/15 4:28,20.46333333,18.73,0,432.6666667,0.002779474,0
2080,02/06/15 4:30,20.5,18.7,0,435,0.002781317,0
2081,02/06/15 4:31,20.445,18.7,0,433.5,0.00277185,0
2082,02/06/15 4:32,20.39,18.6,0,432,0.002747573,0
2083,02/06/15 4:33,20.39,18.7,0,434,0.002762411,0
2084,02/06/15 4:34,20.39,18.7,0,439,0.002762411,0
2085,02/06/15 4:34,20.39,18.7,0,434,0.002762411,0
2086,02/06/15 4:36,20.445,18.7,0,430,0.00277185,0
2087,02/06/15 4:37,20.445,18.7,0,435,0.00277185,0
2088,02/06/15 4:38,20.5,18.7,0,437.5,0.002781317,0
2089,02/06/15 4:38,20.5,18.7,0,434,0.002781317,0
2090,02/06/15 4:40,20.445,18.7,0,436,0.00277185,0
2091,02/06/15 4:40,20.445,18.7,0,432.5,0.00277185,0
2092,02/06/15 4:41,20.46333333,18.7,0,429.5,0.002775002,0
2093,02/06/15 4:43,20.39,18.7,0,430,0.002762411,0
2094,02/06/15 4:44,20.5,18.7,0,436,0.002781317,0
2095,02/06/15 4:45,20.5,18.745,0,436.5,0.00278804,0
2096,02/06/15 4:46,20.46333333,18.66666667,0,439.3333333,0.002770034,0
2097,02/06/15 4:46,20.39,18.6,0,435,0.002747573,0
2098,02/06/15 4:47,20.39,18.6,0,432,0.002747573,0
2099,02/06/15 4:49,20.39,18.65,0,431,0.002754992,0
2100,02/06/15 4:50,20.39,18.7,0,425.5,0.002762411,0
2101,02/06/15 4:51,20.39,18.7,0,429,0.002762411,0
2102,02/06/15 4:52,20.39,18.7,0,431.5,0.002762411,0
2103,02/06/15 4:53,20.39,18.6,0,435,0.002747573,0
2104,02/06/15 4:53,20.39,18.7,0,428,0.002762411,0
2105,02/06/15 4:54,20.39,18.7,0,431.5,0.002762411,0
2106,02/06/15 4:56,20.39,18.7,0,432.5,0.002762411,0
2107,02/06/15 4:57,20.445,18.7,0,434.5,0.00277185,0
2108,02/06/15 4:58,20.39,18.7,0,429,0.002762411,0
2109,02/06/15 4:59,20.39,18.66666667,0,428.6666667,0.002757465,0
2110,02/06/15 4:59,20.39,18.7,0,432,0.002762411,0
2111,02/06/15 5:00,20.39,18.7,0,430,0.002762411,0
2112,02/06/15 5:02,20.39,18.7,0,431,0.002762411,0
2113,02/06/15 5:03,20.445,18.6,0,431.5,0.002756961,0
2114,02/06/15 5:04,20.39,18.7,0,433,0.002762411,0
2115,02/06/15 5:05,20.39,18.7,0,437.5,0.002762411,0
2116,02/06/15 5:06,20.39,18.7,0,434,0.002762411,0
2117,02/06/15 5:06,20.39,18.7,0,432,0.002762411,0
2118,02/06/15 5:08,20.39,18.65,0,433,0.002754992,0
2119,02/06/15 5:09,20.39,18.7,0,425.5,0.002762411,0
2120,02/06/15 5:10,20.39,18.7,0,423,0.002762411,0
2121,02/06/15 5:10,20.39,18.66666667,0,430,0.002757465,0
2122,02/06/15 5:12,20.39,18.6,0,434,0.002747573,0
2123,02/06/15 5:12,20.35666667,18.6,0,428.6666667,0.002741897,0
2124,02/06/15 5:13,20.29,18.65,0,427,0.002737949,0
2125,02/06/15 5:15,20.34,18.7,0,425.5,0.002753854,0
2126,02/06/15 5:16,20.34,18.7,0,433.5,0.002753854,0
2127,02/06/15 5:17,20.34,18.7,0,434.5,0.002753854,0
2128,02/06/15 5:18,20.39,18.7,0,427,0.002762411,0
2129,02/06/15 5:19,20.39,18.65,0,433,0.002754992,0
2130,02/06/15 5:19,20.34,18.65,0,433.5,0.002746459,0
2131,02/06/15 5:21,20.35666667,18.66666667,0,432.6666667,0.002751768,0
2132,02/06/15 5:22,20.39,18.7,0,430,0.002762411,0
2133,02/06/15 5:23,20.34,18.7,0,430.5,0.002753854,0
2134,02/06/15 5:23,20.39,18.7,0,431,0.002762411,0
2135,02/06/15 5:25,20.39,18.65,0,431.3333333,0.002754992,0
2136,02/06/15 5:25,20.39,18.7,0,433,0.002762411,0
2137,02/06/15 5:26,20.39,18.7,0,432,0.002762411,0
2138,02/06/15 5:28,20.39,18.7,0,430,0.002762411,0
2139,02/06/15 5:29,20.34,18.7,0,431.5,0.002753854,0
2140,02/06/15 5:30,20.39,18.7,0,430.3333333,0.002762411,0
2141,02/06/15 5:31,20.39,18.7,0,429,0.002762411,0
2142,02/06/15 5:31,20.35666667,18.66666667,0,432.6666667,0.002751768,0
2143,02/06/15 5:32,20.34,18.6,0,431.5,0.002739063,0
2144,02/06/15 5:34,20.29,18.745,0,428,0.002751957,0
2145,02/06/15 5:35,20.29,18.745,0,425.5,0.002751957,0
2146,02/06/15 5:36,20.29,18.745,0,430.5,0.002751957,0
2147,02/06/15 5:37,20.29,18.79,0,432,0.002758593,0
2148,02/06/15 5:38,20.29,18.7,0,433,0.002745321,0
2149,02/06/15 5:38,20.29,18.745,0,435.5,0.002751957,0
2150,02/06/15 5:39,20.29,18.79,0,431.5,0.002758593,0
2151,02/06/15 5:41,20.29,18.7675,0,432.75,0.002755275,0
2152,02/06/15 5:42,20.29,18.7,0,437,0.002745321,0
2153,02/06/15 5:43,20.29,18.7,0,433.5,0.002745321,0
2154,02/06/15 5:44,20.29,18.7,0,434,0.002745321,0
2155,02/06/15 5:44,20.245,18.695,0,438.5,0.002736927,0
2156,02/06/15 5:45,20.29,18.79,0,436.5,0.002758593,0
2157,02/06/15 5:47,20.29,18.79,0,437,0.002758593,0
2158,02/06/15 5:48,20.29,18.79,0,436,0.002758593,0
2159,02/06/15 5:49,20.29,18.79,0,441,0.002758593,0
2160,02/06/15 5:50,20.29,18.79,0,440,0.002758593,0
2161,02/06/15 5:51,20.29,18.745,0,437,0.002751957,0
2162,02/06/15 5:51,20.29,18.79,0,438.5,0.002758593,0
2163,02/06/15 5:53,20.29,18.84,0,433,0.002765966,0
2164,02/06/15 5:54,20.245,18.795,0,434,0.002751631,0
2165,02/06/15 5:55,20.29,18.76,0,437,0.002754169,0
2166,02/06/15 5:55,20.29,18.79,0,435,0.002758593,0
2167,02/06/15 5:57,20.29,18.79,0,434,0.002758593,0
2168,02/06/15 5:57,20.29,18.79,0,437,0.002758593,0
2169,02/06/15 5:58,20.29,18.745,0,434.5,0.002751957,0
2170,02/06/15 6:00,20.29,18.745,0,439,0.002751957,0
2171,02/06/15 6:01,20.29,18.79,0,433,0.002758593,0
2172,02/06/15 6:02,20.29,18.7,0,434,0.002745321,0
2173,02/06/15 6:03,20.245,18.745,0,433,0.002744279,0
2174,02/06/15 6:04,20.245,18.745,0,432.5,0.002744279,0
2175,02/06/15 6:04,20.245,18.745,0,433,0.002744279,0
2176,02/06/15 6:06,20.2,18.745,0,433,0.002736619,0
2177,02/06/15 6:07,20.245,18.84,0,432,0.002758249,0
2178,02/06/15 6:08,20.2,18.79,0,434,0.002743218,0
2179,02/06/15 6:08,20.29,18.79,0,433,0.002758593,0
2180,02/06/15 6:10,20.245,18.745,0,430.5,0.002744279,0
2181,02/06/15 6:10,20.29,18.79,0,433,0.002758593,0
2182,02/06/15 6:11,20.29,18.745,0,434,0.002751957,0
2183,02/06/15 6:13,20.29,18.84,0,430,0.002765966,0
2184,02/06/15 6:14,20.29,18.79,0,431.3333333,0.002758593,0
2185,02/06/15 6:15,20.29,18.7,0,439,0.002745321,0
2186,02/06/15 6:16,20.29,18.79,0,439,0.002758593,0
2187,02/06/15 6:16,20.29,18.73,0,442,0.002749745,0
2188,02/06/15 6:17,20.2,18.7,0,432,0.002730021,0
2189,02/06/15 6:19,20.23,18.73,0,427.5,0.00273952,0
2190,02/06/15 6:20,20.29,18.745,0,433,0.002751957,0
2191,02/06/15 6:21,20.29,18.6,0,437,0.002730576,0
2192,02/06/15 6:22,20.29,18.7,0,432,0.002745321,0
2193,02/06/15 6:23,20.2,18.7,0,426,0.002730021,0
2194,02/06/15 6:23,20.29,18.7,0,431,0.002745321,0
2195,02/06/15 6:24,20.29,18.7,0,433.3333333,0.002745321,0
2196,02/06/15 6:26,20.29,18.675,0,429.25,0.002741635,0
2197,02/06/15 6:27,20.26,18.63333333,0,433.3333333,0.002730401,0
2198,02/06/15 6:28,20.245,18.65,0,430.5,0.00273031,0
2199,02/06/15 6:29,20.29,18.7,0,430,0.002745321,0
2200,02/06/15 6:29,20.29,18.7,0,433.5,0.002745321,0
2201,02/06/15 6:30,20.29,18.6,0,432.5,0.002730576,0
2202,02/06/15 6:32,20.29,18.7,0,432,0.002745321,0
2203,02/06/15 6:33,20.29,18.7,0,434,0.002745321,0
2204,02/06/15 6:34,20.29,18.6,0,429,0.002730576,0
2205,02/06/15 6:35,20.29,18.65,0,438,0.002737949,0
2206,02/06/15 6:36,20.29,18.7,0,439,0.002745321,0
2207,02/06/15 6:36,20.29,18.7,0,433,0.002745321,0
2208,02/06/15 6:38,20.29,18.65,0,433.5,0.002737949,0
2209,02/06/15 6:39,20.29,18.6,0,431,0.002730576,0
2210,02/06/15 6:40,20.32333333,18.56666667,0,432.6666667,0.002731306,0
2211,02/06/15 6:40,20.39,18.6,0,434,0.002747573,0
2212,02/06/15 6:42,20.39,18.6,0,434,0.002747573,0
2213,02/06/15 6:42,20.39,18.6,0,436.5,0.002747573,0
2214,02/06/15 6:43,20.39,18.6,0,432.6666667,0.002747573,0
2215,02/06/15 6:45,20.39,18.6,0,429.75,0.002747573,0
2216,02/06/15 6:46,20.39,18.5,0,428.5,0.002732736,0
2217,02/06/15 6:47,20.39,18.6,0,434,0.002747573,0
2218,02/06/15 6:48,20.29,18.6,0,435.5,0.002730576,0
2219,02/06/15 6:49,20.29,18.39,0,432,0.002699613,0
2220,02/06/15 6:49,20.245,18.6,0,433,0.002722958,0
2221,02/06/15 6:51,20.29,18.7,0,434,0.002745321,0
2222,02/06/15 6:52,20.29,18.65,0,433.5,0.002737949,0
2223,02/06/15 6:53,20.2,18.6,0,432,0.002715358,0
2224,02/06/15 6:53,20.2,18.6,0,431,0.002715358,0
2225,02/06/15 6:55,20.2,18.6,0,435,0.002715358,0
2226,02/06/15 6:55,20.2,18.6,0,438,0.002715358,0
2227,02/06/15 6:56,20.2,18.6,0,432,0.002715358,0
2228,02/06/15 6:58,20.1,18.6,0,430,0.002698537,0
2229,02/06/15 6:59,20.2,18.6,0,428.5,0.002715358,0
2230,02/06/15 7:00,20.2,18.6,0,432.6666667,0.002715358,0
2231,02/06/15 7:01,20.2,18.6,0,432,0.002715358,0
2232,02/06/15 7:01,20.2,18.6,0,430,0.002715358,0
2233,02/06/15 7:02,20.2,18.6,0,431.3333333,0.002715358,0
2234,02/06/15 7:04,20.2,18.6,0,432.6666667,0.002715358,0
2235,02/06/15 7:05,20.2,18.6,0,434,0.002715358,0
2236,02/06/15 7:06,20.2,18.6,0,429,0.002715358,0
2237,02/06/15 7:07,20.2,18.6,0,429,0.002715358,0
2238,02/06/15 7:08,20.2,18.6,0,433,0.002715358,0
2239,02/06/15 7:08,20.2,18.6,0,436,0.002715358,0
2240,02/06/15 7:09,20.2,18.6,0,440,0.002715358,0
2241,02/06/15 7:11,20.2,18.6,0,436,0.002715358,0
2242,02/06/15 7:12,20.2,18.6,0,435,0.002715358,0
2243,02/06/15 7:13,20.2,18.56666667,0,430,0.002710471,0
2244,02/06/15 7:14,20.2,18.6,0,425.5,0.002715358,0
2245,02/06/15 7:14,20.2,18.6,0,432,0.002715358,0
2246,02/06/15 7:15,20.245,18.6,0,439.5,0.002722958,0
2247,02/06/15 7:17,20.29,18.6,0,434,0.002730576,0
2248,02/06/15 7:18,20.29,18.5,0,442,0.002715832,0
2249,02/06/15 7:19,20.29,18.5,0,439,0.002715832,0
2250,02/06/15 7:20,20.29,18.56666667,0,436.6666667,0.002725661,0
2251,02/06/15 7:21,20.29,18.5,0,439,0.002715832,0
2252,02/06/15 7:21,20.29,18.5,0,436,0.002715832,0
2253,02/06/15 7:23,20.29,18.5,0,435,0.002715832,0
2254,02/06/15 7:24,20.29,18.55,0,439,0.002723204,0
2255,02/06/15 7:25,20.29,18.5,0,433,0.002715832,0
2256,02/06/15 7:25,20.29,18.5,0,435,0.002715832,0
2257,02/06/15 7:27,20.29,18.5,0,436,0.002715832,0
2258,02/06/15 7:27,20.245,18.5,0,438,0.002708254,0
2259,02/06/15 7:28,20.245,18.55,0,439,0.002715606,0
2260,02/06/15 7:30,20.2,18.5,0,436.5,0.002700696,0
2261,02/06/15 7:31,20.2,18.5,0,432.6666667,0.002700696,0
2262,02/06/15 7:32,20.2,18.5,0,427.5,0.002700696,0
2263,02/06/15 7:33,20.2,18.5,0,427,0.002700696,0
2264,02/06/15 7:34,20.245,18.55,0,432,0.002715606,0
2265,02/06/15 7:34,20.245,18.55,0,438,0.002715606,0
2266,02/06/15 7:36,20.2,18.5,0,436,0.002700696,0
2267,02/06/15 7:37,20.2,18.5,0,434,0.002700696,0
2268,02/06/15 7:38,20.2,18.6,0,435,0.002715358,0
2269,02/06/15 7:38,20.2,18.6,0,435,0.002715358,0
2270,02/06/15 7:40,20.2,18.6,260.3333333,434,0.002715358,0
2271,02/06/15 7:40,20.2,18.6,401.3333333,439,0.002715358,1
2272,02/06/15 7:41,20.175,18.6,433,437.5,0.002711144,0
2273,02/06/15 7:43,20.175,18.675,422.5,440.75,0.002722124,0
2274,02/06/15 7:44,20.2,18.7,419,442,0.002730021,0
2275,02/06/15 7:45,20.175,18.7,419,448.5,0.002725784,0
2276,02/06/15 7:46,20.1,18.745,419,451,0.002719666,0
2277,02/06/15 7:46,20.15,18.7,419,457.25,0.002721553,1
2278,02/06/15 7:47,20.13333333,18.7,409,458.6666667,0.002718736,0
2279,02/06/15 7:49,20.175,18.7225,411,456,0.002729078,0
2280,02/06/15 7:50,20.125,18.865,411,458,0.00274141,1
2281,02/06/15 7:51,20.15,18.89,411,460,0.002749327,1
2282,02/06/15 7:52,20.2,18.89,411,459.75,0.002757882,1
2283,02/06/15 7:53,20.2,19.05,411,464,0.002781346,1
2284,02/06/15 7:53,20.2225,19.05,407.5,463.5,0.002785236,1
2285,02/06/15 7:54,20.2675,19.2175,400,470.25,0.0028177,1
2286,02/06/15 7:56,20.29,19.2225,400,483.5,0.002822377,1
2287,02/06/15 7:57,20.315,19.245,413,488.6666667,0.002830085,1
2288,02/06/15 7:58,20.39,19.22,412.2,496.25,0.002839577,1
2289,02/06/15 7:59,20.39,19.26,409,496.25,0.002845514,1
2290,02/06/15 7:59,20.4175,19.29,411,497,0.002854832,1
2291,02/06/15 8:00,20.42666667,19.16333333,413,504,0.002837614,1
2292,02/06/15 8:02,20.4725,19.0975,411,503.25,0.00283587,1
2293,02/06/15 8:03,20.525,19.315,411,509.25,0.002877666,1
2294,02/06/15 8:04,20.5,19.2425,405,515,0.002862376,1
2295,02/06/15 8:05,20.56666667,19.2,409,515.3333333,0.002867849,1
2296,02/06/15 8:06,20.625,19.4175,405,524.5,0.002910988,1
2297,02/06/15 8:06,20.65,19.4725,408.5,531,0.002923796,1
2298,02/06/15 8:08,20.7,19.5,418.3333333,530.3333333,0.002937022,1
2299,02/06/15 8:09,20.7,19.5,419,533.6666667,0.002937022,1
2300,02/06/15 8:10,20.7,19.575,419,535.75,0.002948372,1
2301,02/06/15 8:10,20.7225,19.6,419,546.25,0.00295627,1
2302,02/06/15 8:12,20.7,19.53333333,419,547,0.002942066,1
2303,02/06/15 8:12,20.79,19.4725,419,546.25,0.00294924,1
2304,02/06/15 8:13,20.79,19.5,419,551.25,0.002953425,1
2305,02/06/15 8:15,20.79,19.53333333,419,560,0.002958497,1
2306,02/06/15 8:16,20.79,19.525,419,564,0.002957229,1
2307,02/06/15 8:17,20.815,19.625,419,568.75,0.002977048,1
2308,02/06/15 8:18,20.79,19.63333333,419,572,0.002973716,1
2309,02/06/15 8:19,20.84,19.65,419,573,0.002985471,1
2310,02/06/15 8:19,20.89,19.72,419,575.25,0.003005434,1
2311,02/06/15 8:21,20.865,19.65,419,579.5,0.002990089,1
2312,02/06/15 8:22,20.89,19.6,426,583.5,0.002987058,1
2313,02/06/15 8:23,20.89,19.63333333,423.6666667,585.3333333,0.002992162,1
2314,02/06/15 8:23,20.89,19.7,426,587.5,0.003002371,1
2315,02/06/15 8:25,20.89,19.65,422.5,591.5,0.002994714,1
2316,02/06/15 8:25,20.89,19.7,426,594,0.003002371,1
2317,02/06/15 8:26,20.89,19.625,419,597.5,0.002990886,1
2318,02/06/15 8:28,20.89,19.63333333,428.3333333,595.3333333,0.002992162,1
2319,02/06/15 8:29,20.865,19.675,429.5,590.75,0.002993912,1
2320,02/06/15 8:30,20.865,19.7425,429.5,589.75,0.003004233,1
2321,02/06/15 8:31,20.82333333,19.66666667,433,591,0.002984937,1
2322,02/06/15 8:31,20.84,19.695,433,589.5,0.002992341,1
2323,02/06/15 8:32,20.89,19.7225,433,595.75,0.003005817,1
2324,02/06/15 8:34,20.865,19.7225,433,596.75,0.003001175,1
2325,02/06/15 8:35,20.85666667,19.76,433,598.6666667,0.00300536,1
2326,02/06/15 8:36,20.865,19.7675,433,605.5,0.003008055,1
2327,02/06/15 8:37,20.84,19.745,433,609,0.002999974,1
2328,02/06/15 8:38,20.84,19.745,433,614,0.002999974,1
2329,02/06/15 8:38,20.84,19.745,433,614.75,0.002999974,1
2330,02/06/15 8:39,20.89,19.79,433,621,0.003016154,1
2331,02/06/15 8:41,20.865,19.7675,433,620.25,0.003008055,1
2332,02/06/15 8:42,20.865,19.7675,433,617.5,0.003008055,1
2333,02/06/15 8:43,20.865,19.7675,433,621.25,0.003008055,1
2334,02/06/15 8:44,20.89,19.79,433,616.6666667,0.003016154,1
2335,02/06/15 8:44,20.865,19.7675,433,620,0.003008055,1
2336,02/06/15 8:45,20.85666667,19.76,433,628.3333333,0.00300536,1
2337,02/06/15 8:47,20.84,19.7675,433,635.25,0.003003409,1
2338,02/06/15 8:48,20.865,19.7675,433,636.5,0.003008055,1
2339,02/06/15 8:49,20.89,19.79,433,635.5,0.003016154,1
2340,02/06/15 8:50,20.89,19.79,433,635.75,0.003016154,1
2341,02/06/15 8:51,20.865,19.7675,433,637.5,0.003008055,1
2342,02/06/15 8:51,20.84,19.745,433,629.75,0.002999974,1
2343,02/06/15 8:53,20.865,19.7675,433,637.25,0.003008055,1
2344,02/06/15 8:54,20.89,19.79,433,647.3333333,0.003016154,1
2345,02/06/15 8:55,20.865,19.7675,433,646,0.003008055,1
2346,02/06/15 8:55,20.82333333,19.73,433,642.6666667,0.002994596,1
2347,02/06/15 8:57,20.85666667,19.79333333,433,648,0.003010454,1
2348,02/06/15 8:57,20.89,19.79,433,655,0.003016154,1
2349,02/06/15 8:58,20.9175,19.79,433,650.5,0.003021285,1
2350,02/06/15 9:00,20.92666667,19.79,433,643.6666667,0.003022998,1
2351,02/06/15 9:01,20.9175,19.79,433,642,0.003021285,1
2352,02/06/15 9:02,20.96333333,19.79,433,639.3333333,0.003029855,1
2353,02/06/15 9:03,20.89,19.79,436.5,648,0.003016154,1
2354,02/06/15 9:04,20.89,19.815,426,649,0.003019983,1
2355,02/06/15 9:04,20.89,19.79,433,654,0.003016154,1
2356,02/06/15 9:06,20.89,19.92666667,433,660,0.003037085,1
2357,02/06/15 9:07,20.89,20.13333333,442.3333333,677.3333333,0.003068739,1
2358,02/06/15 9:08,20.89,20.354,435.8,698.2,0.003102541,1
2359,02/06/15 9:08,20.89,20.4725,447,709.25,0.003120694,1
2360,02/06/15 9:10,20.92666667,20.39,442.3333333,712,0.003115109,1
2361,02/06/15 9:10,20.945,20.5,443.5,710,0.00313555,1
2362,02/06/15 9:11,20.945,20.445,447,708,0.003127095,1
2363,02/06/15 9:13,20.945,20.55,447,707.5,0.003143236,1
2364,02/06/15 9:14,20.945,20.6975,447,725.75,0.003165912,1
2365,02/06/15 9:15,20.9725,20.7675,438,733.25,0.003182078,1
2366,02/06/15 9:16,21,20.79,441,735.3333333,0.00319096,1
2367,02/06/15 9:16,21,20.815,438,740.75,0.003194817,1
2368,02/06/15 9:17,21,20.865,438,744.25,0.003202531,1
2369,02/06/15 9:19,21,20.79,438,757,0.00319096,1
2370,02/06/15 9:20,21,20.79,440,759,0.00319096,1
2371,02/06/15 9:21,21,20.815,437.25,752.25,0.003194817,1
2372,02/06/15 9:22,21,20.865,438,754.5,0.003202531,1
2373,02/06/15 9:23,21.025,20.945,440.25,758.5,0.003219843,1
2374,02/06/15 9:23,21.05,21,436.5,764,0.003233331,1
2375,02/06/15 9:24,21.05,21.05,441,765.25,0.003241069,1
2376,02/06/15 9:26,21.1,21.15,436.5,769.75,0.003266618,1
2377,02/06/15 9:27,21.1,21.245,444,780.25,0.003281368,1
2378,02/06/15 9:28,21.1,21.29,444,786,0.003288355,1
2379,02/06/15 9:29,21.1,21.2225,444,783.25,0.003277875,1
2380,02/06/15 9:29,21.1,21.2675,444,787,0.003284862,1
2381,02/06/15 9:30,21.1,21.2,444,787.6666667,0.003274381,1
2382,02/06/15 9:32,21.1,21.2,448,786.75,0.003274381,1
2383,02/06/15 9:33,21.1,21.2,444,782.5,0.003274381,1
2384,02/06/15 9:34,21.1,21.1,454.75,779.75,0.003258855,1
2385,02/06/15 9:35,21.1,21.05,454.75,777.5,0.003251092,1
2386,02/06/15 9:36,21.1,21.1,460,779.3333333,0.003258855,1
2387,02/06/15 9:36,21.175,21.075,449.5,782.75,0.003270077,1
2388,02/06/15 9:38,21.15,21.05,449.5,787.5,0.003261142,1
2389,02/06/15 9:39,21.2,21.075,454.75,777,0.003275125,1
2390,02/06/15 9:40,21.2,21.06666667,449.3333333,789.6666667,0.003273823,1
2391,02/06/15 9:40,21.175,21.075,460,805.25,0.003270077,1
2392,02/06/15 9:42,21.2,20.9975,456,801.25,0.003263018,1
2393,02/06/15 9:42,21.2,21,460,796,0.003263409,1
2394,02/06/15 9:43,21.2225,21.025,449.5,793.25,0.003271853,1
2395,02/06/15 9:45,21.29,20.96333333,453,788.3333333,0.003275814,1
2396,02/06/15 9:46,21.2675,21,460,794.5,0.003277024,1
2397,02/06/15 9:47,21.29,21,460,797.5,0.003281574,1
2398,02/06/15 9:48,21.32333333,21.03333333,460,810,0.003293571,1
2399,02/06/15 9:49,21.29,21,450.75,812.5,0.003281574,1
2400,02/06/15 9:49,21.29,21.03333333,454.6666667,813.6666667,0.00328681,1
2401,02/06/15 9:51,21.315,20.9725,444,809.25,0.003282309,1
2402,02/06/15 9:52,21.29,21,444,812.3333333,0.003281574,1
2403,02/06/15 9:53,21.29,21.03333333,454.6666667,807.6666667,0.00328681,1
2404,02/06/15 9:53,21.315,21,460,810.5,0.003286635,1
2405,02/06/15 9:55,21.34,21,452,811.5,0.003291704,1
2406,02/06/15 9:55,21.325,20.978,456,808,0.003285198,1
2407,02/06/15 9:56,21.31,20.956,460,804.5,0.003278702,1
2408,02/06/15 9:58,21.32333333,20.86,460,797.3333333,0.003266287,1
2409,02/06/15 9:59,21.35666667,20.92666667,460,796.3333333,0.003283519,1
2410,02/06/15 10:00,21.39,20.865,449.5,798.5,0.003280523,1
2411,02/06/15 10:01,21.39,20.79,460,796,0.003268669,1
2412,02/06/15 10:01,21.34,20.995,449.5,801.25,0.003290916,1
2413,02/06/15 10:02,21.34,21.1,449.5,811,0.003307462,1
2414,02/06/15 10:04,21.29,21.245,460,821.5,0.003320063,1
2415,02/06/15 10:05,21.34,21.2675,455.5,830.25,0.003333858,1
2416,02/06/15 10:06,21.29,21.29,457,835,0.003327133,1
2417,02/06/15 10:07,21.34,21.2,449.5,831,0.003323221,1
2418,02/06/15 10:08,21.315,21.29,454.75,834.75,0.003332265,1
2419,02/06/15 10:08,21.29,21.29,460,837,0.003327133,1
2420,02/06/15 10:09,21.315,21.29,460,841,0.003332265,1
2421,02/06/15 10:11,21.315,21.2675,460,844.5,0.003328725,1
2422,02/06/15 10:12,21.39,21.34,460,847,0.003355608,1
2423,02/06/15 10:13,21.39,21.2675,454.75,842.5,0.003344147,1
2424,02/06/15 10:14,21.39,21.2,453,841,0.003333476,1
2425,02/06/15 10:14,21.39,21.2475,449.5,839.5,0.003340985,1
2426,02/06/15 10:15,21.365,21.3175,454.75,844.5,0.003346891,1
2427,02/06/15 10:17,21.39,21.2,457,847,0.003333476,1
2428,02/06/15 10:18,21.39,21.2675,454,847.75,0.003344147,1
2429,02/06/15 10:19,21.32333333,21.23,464,843.3333333,0.003324531,1
2430,02/06/15 10:20,21.365,21.315,461.5,847.25,0.003346497,1
2431,02/06/15 10:21,21.39,21.34,449.5,848.5,0.003355608,1
2432,02/06/15 10:21,21.34,21.445,449.5,848.5,0.003361833,1
2433,02/06/15 10:23,21.39,21.39,454,854.25,0.003363513,1
2434,02/06/15 10:24,21.34,21.1475,455.5,848.25,0.003314947,1
2435,02/06/15 10:25,21.35666667,21.2,468,844.3333333,0.003326636,1
2436,02/06/15 10:25,21.29,21.2,454,836.5,0.003312993,1
2437,02/06/15 10:27,21.32333333,21.2,454,838,0.003319808,1
2438,02/06/15 10:27,21.315,21.125,469,841.5,0.003306302,1
2439,02/06/15 10:28,21.34,21,469,832,0.003291704,1
2440,02/06/15 10:30,21.315,20.865,469,825,0.003265396,1
2441,02/06/15 10:31,21.315,20.9175,465.25,824,0.003273655,1
2442,02/06/15 10:32,21.29,21.175,475.25,826.75,0.003309066,1
2443,02/06/15 10:33,21.29,21.1,464,824,0.003297283,1
2444,02/06/15 10:34,21.29,21.2,459,827.5,0.003312993,1
2445,02/06/15 10:34,21.29,21.236,468.2,843.5,0.003318649,1
2446,02/06/15 10:36,21.365,21.17,474,845.6,0.00332361,1
2447,02/06/15 10:37,21.39,20.79,492.3333333,837.3333333,0.003268669,1
2448,02/06/15 10:38,21.32333333,21.06666667,474,825.6666667,0.003298818,1
2449,02/06/15 10:38,21.39,20.97,480.25,831.75,0.003297119,1
2450,02/06/15 10:40,21.4725,21.0475,504,832.25,0.003326228,1
2451,02/06/15 10:40,21.5,21.1,539.5,843,0.00334022,1
2452,02/06/15 10:41,21.5,20.725,509,839,0.003280543,1
2453,02/06/15 10:43,21.5,20.84,528.5,832.5,0.003298842,1
2454,02/06/15 10:44,21.6,21.0225,499,840,0.003348428,1
2455,02/06/15 10:45,21.65,20.9175,497.75,850,0.003341874,1
2456,02/06/15 10:46,21.675,21.1,500.25,853.75,0.003376376,1
2457,02/06/15 10:46,21.7,21,489,852,0.003365456,1
2458,02/06/15 10:47,21.7,20.9725,490.25,856.25,0.003361025,1
2459,02/06/15 10:49,21.7,20.945,494,854.5,0.003356594,1
2460,02/06/15 10:50,21.7,20.89,485.6666667,854,0.003347732,1
2461,02/06/15 10:51,21.7,20.815,481.5,850.75,0.003335649,1
2462,02/06/15 10:52,21.7,20.8925,484,844.5,0.003348135,1
2463,02/06/15 10:53,21.7,21.075,482.75,850.75,0.00337754,1
2464,02/06/15 10:53,21.73,20.89,477.3333333,861,0.003353911,1
2465,02/06/15 10:54,21.73,20.93,477.3333333,865,0.003360367,1
2466,02/06/15 10:56,21.7675,20.795,485.25,860.75,0.003346278,1
2467,02/06/15 10:57,21.754,20.896,485.25,853.25,0.00335983,1
2468,02/06/15 10:58,21.73,20.7,482.75,849.75,0.003323243,1
2469,02/06/15 10:59,21.79,20.945,464,844.5,0.003375208,1
2470,02/06/15 10:59,21.7225,20.87,479,846.75,0.003349138,1
2471,02/06/15 11:00,21.745,20.7225,476.75,852.5,0.003329942,1
2472,02/06/15 11:02,21.7,20.79,476,851,0.003331621,1
2473,02/06/15 11:03,21.7,20.7675,480,854.75,0.003327996,1
2474,02/06/15 11:04,21.73,20.73,479,852.6666667,0.003328085,1
2475,02/06/15 11:05,21.7225,20.7,479,848.25,0.003321712,1
2476,02/06/15 11:06,21.7225,20.7,485.25,848,0.003321712,1
2477,02/06/15 11:06,21.7,20.6,489,846,0.003301012,1
2478,02/06/15 11:08,21.7,20.745,489,844.5,0.003324371,1
2479,02/06/15 11:09,21.7675,20.7925,471.5,846.75,0.003345873,1
2480,02/06/15 11:10,21.76,20.73,471,849,0.003334225,1
2481,02/06/15 11:10,21.79,20.55,487.75,837,0.003311217,1
2482,02/06/15 11:12,21.79,20.5,467.6666667,830.3333333,0.003303117,1
2483,02/06/15 11:12,21.79,20.65,469.25,829.5,0.003327416,1
2484,02/06/15 11:13,21.73,20.56666667,462.3333333,830.6666667,0.003301723,1
2485,02/06/15 11:15,21.79,20.6,462.75,834.25,0.003319316,1
2486,02/06/15 11:16,21.79,20.6225,462.75,833.5,0.003322961,1
2487,02/06/15 11:17,21.79,20.5,472.3333333,827.6666667,0.003303117,1
2488,02/06/15 11:18,21.79,20.678,485,821.25,0.003331952,1
2489,02/06/15 11:19,21.745,20.5,479,822.3333333,0.003293999,1
2490,02/06/15 11:19,21.745,20.6,471.5,821.75,0.003310153,1
2491,02/06/15 11:21,21.7,20.66666667,464,826,0.003311751,1
2492,02/06/15 11:22,21.7225,20.65,475.25,829.5,0.003313645,1
2493,02/06/15 11:23,21.7,20.6,479,832,0.003301012,1
2494,02/06/15 11:23,21.7,20.6,464,823,0.003301012,1
2495,02/06/15 11:25,21.7,20.6,469,824,0.003301012,1
2496,02/06/15 11:25,21.7,20.6,467.75,825.25,0.003301012,1
2497,02/06/15 11:26,21.7,20.625,481.5,830.75,0.003305039,1
2498,02/06/15 11:28,21.7,20.5,479,831,0.003284903,1
2499,02/06/15 11:29,21.7225,20.6,479,826,0.003305579,1
2500,02/06/15 11:30,21.76,20.53333333,490.6666667,818.3333333,0.003302425,1
2501,02/06/15 11:31,21.7225,20.525,502.75,815.75,0.003293481,1
2502,02/06/15 11:31,21.7225,20.5,490.25,816,0.003289448,0
2503,02/06/15 11:32,21.7,20.5,479,813.25,0.003284903,0
2504,02/06/15 11:34,21.7,20.39,474,806,0.003267184,0
2505,02/06/15 11:35,21.7,20.525,492.75,804.5,0.00328893,0
2506,02/06/15 11:36,21.7,20.46,507,801,0.003278459,1
2507,02/06/15 11:37,21.7,20.575,484,796,0.003296984,1
2508,02/06/15 11:38,21.7,20.4425,467.75,801,0.00327564,1
2509,02/06/15 11:38,21.7,20.39,464,803,0.003267184,1
2510,02/06/15 11:39,21.7,20.39,469,795.6666667,0.003267184,1
2511,02/06/15 11:41,21.7,20.4175,464,794,0.003271613,1
2512,02/06/15 11:42,21.7,20.5,471,787,0.003284903,1
2513,02/06/15 11:43,21.7,20.39,462.75,787,0.003267184,1
2514,02/06/15 11:44,21.7,20.39,481.5,788,0.003267184,1
2515,02/06/15 11:44,21.7,20.39,479,786.5,0.003267184,1
2516,02/06/15 11:45,21.7,20.39,469.25,788.25,0.003267184,1
2517,02/06/15 11:47,21.7,20.39,469,788.3333333,0.003267184,1
2518,02/06/15 11:48,21.7,20.39,469,781,0.003267184,1
2519,02/06/15 11:49,21.65,20.365,457.75,788.75,0.003253143,1
2520,02/06/15 11:50,21.63333333,20.32333333,460.6666667,790.6666667,0.003243127,1
2521,02/06/15 11:51,21.65,20.34,465.5,789.5,0.003249129,1
2522,02/06/15 11:51,21.7,20.39,474.3333333,794.3333333,0.003267184,1
2523,02/06/15 11:53,21.675,20.4175,477.75,792.5,0.00326659,1
2524,02/06/15 11:54,21.65,20.2475,487.75,789.5,0.003234276,1
2525,02/06/15 11:55,21.7,20.53333333,492.3333333,785.5,0.003290272,1
2526,02/06/15 11:55,21.7,20.4725,490.25,792.6,0.003280473,1
2527,02/06/15 11:57,21.7,20.42666667,484,800,0.00327309,1
2528,02/06/15 11:57,21.7,20.46333333,480.6666667,795,0.003278996,1
2529,02/06/15 11:58,21.7,20.32,491.5,795.75,0.003255909,1
2530,02/06/15 12:00,21.675,20.4175,501.5,802,0.00326659,1
2531,02/06/15 12:01,21.7,20.39,494,803,0.003267184,1
2532,02/06/15 12:02,21.7,20.39,494,796.25,0.003267184,1
2533,02/06/15 12:03,21.7,20.39,479,806.6666667,0.003267184,1
2534,02/06/15 12:04,21.7,20.39333333,506,805.6666667,0.003267721,1
2535,02/06/15 12:04,21.7,20.29,514,803,0.003251077,1
2536,02/06/15 12:06,21.7,20.4175,513.75,800.25,0.003271613,1
2537,02/06/15 12:07,21.7,20.39,514,793,0.003267184,1
2538,02/06/15 12:08,21.7,20.39,494,791,0.003267184,1
2539,02/06/15 12:08,21.7,20.5,514,800.5,0.003284903,1
2540,02/06/15 12:10,21.7,20.42666667,507.3333333,808,0.00327309,1
2541,02/06/15 12:10,21.7,20.39,567.5,805.5,0.003267184,1
2542,02/06/15 12:11,21.7,20.39,512.75,804,0.003267184,1
2543,02/06/15 12:13,21.7,20.34,528.5,798.5,0.00325913,1
2544,02/06/15 12:14,21.7225,20.315,541.5,806.25,0.003259607,1
2545,02/06/15 12:15,21.7,20.2475,533.75,802.5,0.003244231,1
2546,02/06/15 12:16,21.73,20.29333333,504,794.3333333,0.003257613,1
2547,02/06/15 12:16,21.79,20.3425,494,800.25,0.003277606,1
2548,02/06/15 12:17,21.7675,20.3175,496.5,806,0.003269036,1
2549,02/06/15 12:19,21.79,20.245,496.5,804.5,0.003261814,1
2550,02/06/15 12:20,21.79,20.295,504,801,0.003269913,1
2551,02/06/15 12:21,21.79,20.295,489,801.5,0.003269913,1
2552,02/06/15 12:22,21.79,20.2675,489,805,0.003265458,1
2553,02/06/15 12:23,21.79,20.23,518.6666667,802.3333333,0.003259385,1
2554,02/06/15 12:23,21.76,20.26,489,800.6666667,0.003258234,1
2555,02/06/15 12:24,21.79,20.2925,486.5,799.5,0.003269508,1
2556,02/06/15 12:26,21.79,20.245,471.5,806,0.003261814,1
2557,02/06/15 12:27,21.73,20.35666667,474,812.6666667,0.003267833,1
2558,02/06/15 12:28,21.745,20.34,484,816.5,0.003268155,1
2559,02/06/15 12:29,21.76,20.39,479,820.3333333,0.003279251,1
2560,02/06/15 12:29,21.7675,20.545,479,817.5,0.003305835,1
2561,02/06/15 12:30,21.79,20.39,479,811.3333333,0.0032853,1
2562,02/06/15 12:32,21.745,20.39,484,820.75,0.003276231,1
2563,02/06/15 12:33,21.745,20.4725,486.5,815.5,0.003289557,1
2564,02/06/15 12:34,21.745,20.445,499,821,0.003285115,1
2565,02/06/15 12:35,21.745,20.4425,511.5,821.5,0.003284711,1
2566,02/06/15 12:36,21.7,20.495,521.5,813,0.003284097,1
2567,02/06/15 12:36,21.73,20.35666667,504,801.6666667,0.003267833,1
2568,02/06/15 12:38,21.73,20.29,489,799,0.003257076,1
2569,02/06/15 12:39,21.7,20.35666667,500.6666667,799.6666667,0.003261815,1
2570,02/06/15 12:40,21.7,20.2675,511,797.25,0.003247453,1
2571,02/06/15 12:40,21.7,20.2225,500.25,789.75,0.003240205,1
2572,02/06/15 12:42,21.7,20.2,494,780.25,0.003236581,1
2573,02/06/15 12:42,21.7,20.16666667,497.3333333,782.3333333,0.003231212,1
2574,02/06/15 12:43,21.7,20.1,495.6666667,779.3333333,0.003220475,1
2575,02/06/15 12:45,21.7,20.14,492,773.5,0.003226917,1
2576,02/06/15 12:46,21.7,20.15,509,771.6666667,0.003228528,1
2577,02/06/15 12:47,21.7,20,509,769,0.00320437,1
2578,02/06/15 12:48,21.7,20,495.25,763,0.00320437,1
2579,02/06/15 12:49,21.7,20,499,760,0.00320437,1
2580,02/06/15 12:49,21.7,20.1,489,752,0.003220475,1
2581,02/06/15 12:51,21.7,20.125,481.25,757.5,0.003224501,1
2582,02/06/15 12:52,21.7,20.025,489,759,0.003208396,1
2583,02/06/15 12:53,21.7,20,377.75,757.75,0.00320437,1
2584,02/06/15 12:53,21.7,20.075,44,754.75,0.003216449,0
2585,02/06/15 12:55,21.7,20.075,60.25,755,0.003216449,0
2586,02/06/15 12:55,21.65,20.05,60.75,753.5,0.003202565,0
2587,02/06/15 12:56,21.65,20.05,57,760,0.003202565,0
2588,02/06/15 12:58,21.6,20,67,758,0.003184732,0
2589,02/06/15 12:59,21.6,20,66.5,751.75,0.003184732,0
2590,02/06/15 13:00,21.6,20,53,739.25,0.003184732,0
2591,02/06/15 13:01,21.53333333,19.96333333,58.33333333,732,0.003165854,0
2592,02/06/15 13:01,21.55,20,61.5,733,0.003174952,0
2593,02/06/15 13:02,21.525,20,48.5,723.5,0.003170072,0
2594,02/06/15 13:04,21.5,19.9725,62.5,720.25,0.003160825,0
2595,02/06/15 13:05,21.5,20,68.75,719.25,0.003165199,0
2596,02/06/15 13:06,21.5,19.9725,47,714.3333333,0.003160825,0
2597,02/06/15 13:07,21.4725,19.945,54.5,713.4,0.003151112,0
2598,02/06/15 13:08,21.445,19.89,50,708,0.003137064,0
2599,02/06/15 13:08,21.39,19.89,50,708.5,0.003126457,0
2600,02/06/15 13:09,21.39,19.89,52.33333333,701,0.003126457,0
2601,02/06/15 13:11,21.39,19.89,57,692.5,0.003126457,0
2602,02/06/15 13:12,21.39,19.89,81.25,688.75,0.003126457,0
2603,02/06/15 13:13,21.39,19.69666667,50,689.6666667,0.003095916,0
2604,02/06/15 13:14,21.34,19.7675,51.75,676.25,0.00309755,0
2605,02/06/15 13:14,21.29,19.72666667,58.33333333,671.3333333,0.00308161,0
2606,02/06/15 13:15,21.29,19.66666667,131.3333333,665.3333333,0.003072191,0
2607,02/06/15 13:17,21.29,19.745,293.5,662.25,0.003084488,1
2608,02/06/15 13:18,21.29,19.7,440,660,0.003077424,1
2609,02/06/15 13:19,21.29,19.625,483.75,662.5,0.00306565,1
2610,02/06/15 13:20,21.29,19.575,492.75,658.75,0.003057801,1
2611,02/06/15 13:21,21.29,19.6,499,659.25,0.003061725,1
2612,02/06/15 13:21,21.29,19.55,489,652,0.003053876,1
2613,02/06/15 13:23,21.29,19.6,479,653.5,0.003061725,1
2614,02/06/15 13:24,21.29,19.55,486.5,658.5,0.003053876,1
2615,02/06/15 13:25,21.29,19.4175,489,656,0.003033078,1
2616,02/06/15 13:25,21.29,19.525,490.25,652.5,0.003049952,1
2617,02/06/15 13:27,21.29,19.6,486.5,658.5,0.003061725,1
2618,02/06/15 13:27,21.39,19.5,495,665.25,0.003064852,1
2619,02/06/15 13:28,21.39,19.5,480.6666667,660,0.003064852,1
2620,02/06/15 13:30,21.39,19.5,485.25,663.25,0.003064852,1
2621,02/06/15 13:31,21.445,19.5,494,665,0.003075249,1
2622,02/06/15 13:32,21.5,19.5,500.6666667,668.6666667,0.003085676,1
2623,02/06/15 13:33,21.5,19.4725,508.5,667,0.003081303,1
2624,02/06/15 13:34,21.5,19.445,508.5,664,0.00307693,1
2625,02/06/15 13:34,21.5,19.4175,500.25,655.25,0.003072557,1
2626,02/06/15 13:36,21.5,19.4725,507.5,655.5,0.003081303,1
2627,02/06/15 13:37,21.5,19.445,516.5,659,0.00307693,1
2628,02/06/15 13:38,21.5,19.365,536.5,656.25,0.003064209,1
2629,02/06/15 13:38,21.5,19.39,514,659.5,0.003068184,1
2630,02/06/15 13:40,21.5,19.29,516.25,654,0.003052283,1
2631,02/06/15 13:40,21.5,19.315,546,647,0.003056258,0
2632,02/06/15 13:41,21.5,19.39,573,652.6666667,0.003068184,0
2633,02/06/15 13:43,21.55,19.34,560.75,663.75,0.003069662,0
2634,02/06/15 13:44,21.6,19.35666667,524,652,0.003081782,0
2635,02/06/15 13:45,21.6,19.29,537,653,0.003071115,0
2636,02/06/15 13:46,21.625,19.2225,548.75,649.5,0.003065023,0
2637,02/06/15 13:46,21.7,19.34,541.5,640,0.003098099,1
2638,02/06/15 13:47,21.64,19.31,549.4,645.5,0.003081885,1
2639,02/06/15 13:49,21.7,19.16666667,509,646,0.003070196,1
2640,02/06/15 13:50,21.675,19.125,523.75,637.25,0.003058786,1
2641,02/06/15 13:51,21.7,19.12,559.5,632.25,0.003062684,1
2642,02/06/15 13:52,21.63333333,19.03,549.25,623.25,0.003035734,1
2643,02/06/15 13:53,21.66666667,19.2,525.3333333,624,0.003069269,1
2644,02/06/15 13:53,21.7,19.2,535.5,633.5,0.003075562,1
2645,02/06/15 13:54,21.7,19.075,545.5,634.25,0.00305544,1
2646,02/06/15 13:56,21.7,19.1,551,626,0.003059464,1
2647,02/06/15 13:57,21.7225,19.1,586,629,0.003063696,1
2648,02/06/15 13:58,21.745,19.05,581.75,626.75,0.003059863,1
2649,02/06/15 13:59,21.76,19.06666667,557.6666667,626.6666667,0.003065375,1
2650,02/06/15 13:59,21.79,18.99333333,571,631,0.003059158,1
2651,02/06/15 14:00,21.79,19.05,555.5,629.75,0.00306833,1
2652,02/06/15 14:02,21.7675,19,525.25,625,0.003056012,1
2653,02/06/15 14:03,21.7675,19,543.75,626,0.003056012,1
2654,02/06/15 14:04,21.79,19,563.5,627,0.003060237,1
2655,02/06/15 14:05,21.79,19,551.6666667,630.6666667,0.003060237,1
2656,02/06/15 14:06,21.79,19.15,531,639.25,0.003084516,1
2657,02/06/15 14:06,21.76,19.03333333,553.3333333,642.3333333,0.00305999,1
2658,02/06/15 14:08,21.79,19.05,531.5,637,0.00306833,1
2659,02/06/15 14:09,21.79,19.1,546.5,654.5,0.003076423,1
2660,02/06/15 14:10,21.79,19.2,524,658.5,0.00309261,1
2661,02/06/15 14:10,21.79,19.2,509,669,0.00309261,1
2662,02/06/15 14:12,21.82333333,19.23,537.6666667,673,0.003103811,1
2663,02/06/15 14:12,21.89,19.32333333,524,680,0.003131738,1
2664,02/06/15 14:13,21.815,19.3675,543.25,683.5,0.003124517,1
2665,02/06/15 14:15,21.89,19.5,534.6666667,688.3333333,0.003160516,1
2666,02/06/15 14:16,21.89,19.55,526,709.75,0.003168661,1
2667,02/06/15 14:17,21.89,19.675,522,717.75,0.003189025,1
2668,02/06/15 14:18,21.89,19.5,549.5,717,0.003160516,1
2669,02/06/15 14:19,21.89,19.6,547.75,720.5,0.003176807,1
2670,02/06/15 14:19,21.89,19.76,552.3333333,731,0.003202874,1
2671,02/06/15 14:21,21.945,19.79,551,735.5,0.003218604,1
2672,02/06/15 14:22,22,19.79,538.3333333,735.6666667,0.003229478,1
2673,02/06/15 14:23,22,19.7175,555.25,733.25,0.003217586,1
2674,02/06/15 14:23,22,19.7675,570,724.75,0.003225787,1
2675,02/06/15 14:25,22,19.84,570,729,0.00323768,1
2676,02/06/15 14:25,22,19.87,535.5,738,0.003242601,1
2677,02/06/15 14:26,22,20,559.3333333,756.3333333,0.003263927,1
2678,02/06/15 14:28,22,20,566,763.75,0.003263927,1
2679,02/06/15 14:29,22.05,20.05,557.25,773.75,0.003282176,1
2680,02/06/15 14:30,22.06666667,20.06666667,562,766,0.003288276,1
2681,02/06/15 14:31,22.1,20.075,566.25,760,0.003296375,1
2682,02/06/15 14:31,22.1,20.13333333,567.6666667,767,0.003306005,1
2683,02/06/15 14:32,22.1,20.1975,562,768.5,0.003316597,1
2684,02/06/15 14:34,22.1,20.1,562,767.5,0.003300502,1
2685,02/06/15 14:35,22.1,20.13333333,554.3333333,767.6666667,0.003306005,1
2686,02/06/15 14:36,22.125,20.3175,556.75,769.25,0.003341523,1
2687,02/06/15 14:37,22.15,20.5,555,790,0.003376868,1
2688,02/06/15 14:38,22.16666667,20.46333333,543.6666667,799.6666667,0.003374239,1
2689,02/06/15 14:38,22.2,20.5,547,803.75,0.003387225,1
2690,02/06/15 14:39,22.2,20.445,539,804.5,0.003378088,1
2691,02/06/15 14:41,22.2,20.65,539,802.25,0.003412146,1
2692,02/06/15 14:42,22.2,20.7225,539,816.75,0.003424191,1
2693,02/06/15 14:43,22.2,20.55,538,812,0.003395532,1
2694,02/06/15 14:44,22.2,20.55,541.75,810.3333333,0.003395532,1
2695,02/06/15 14:44,22.2,20.7225,530.5,827,0.003424191,1
2696,02/06/15 14:45,22.175,20.745,534.25,830.25,0.003422685,1
2697,02/06/15 14:47,22.2,20.65,519,826,0.003412146,1
2698,02/06/15 14:48,22.2,20.625,526.75,822.5,0.003407992,1
2699,02/06/15 14:49,22.2,20.66333333,512,832,0.003414361,1
2700,02/06/15 14:50,22.2,20.745,513.5,840,0.00342793,1
2701,02/06/15 14:51,22.13333333,20.82333333,498.6666667,846,0.003426922,1
2702,02/06/15 14:51,22.16666667,20.85666667,528,853.3333333,0.003439455,1
2703,02/06/15 14:53,22.175,20.8975,528,857.5,0.003447985,1
2704,02/06/15 14:54,22.2,20.7,513,860,0.003420453,1
2705,02/06/15 14:55,22.2,20.945,523.5,863.5,0.003461162,1
2706,02/06/15 14:55,22.2,20.92,523.5,865,0.003457008,1
2707,02/06/15 14:57,22.2,21.1475,526,875,0.003494813,1
2708,02/06/15 14:57,22.2,21.245,523.5,882.5,0.003511017,1
2709,02/06/15 14:58,22.2,21.34,528.75,888.25,0.003526806,1
2710,02/06/15 15:00,22.2,21.3175,528.75,894,0.003523066,1
2711,02/06/15 15:01,22.2,21.29,528.6666667,895.3333333,0.003518496,1
2712,02/06/15 15:02,22.2,21.4175,518,893,0.003539687,1
2713,02/06/15 15:03,22.175,21.445,518,890,0.003538834,1
2714,02/06/15 15:04,22.16666667,21.46333333,518,898,0.003540069,1
2715,02/06/15 15:04,22.175,21.39,513.5,899.25,0.003529707,1
2716,02/06/15 15:06,22.2,21.5,513.5,896,0.0035534,1
2717,02/06/15 15:07,22.2,21.2925,518.75,902.5,0.003518911,1
2718,02/06/15 15:08,22.2,21.4,519,903.3333333,0.003536778,1
2719,02/06/15 15:08,22.2,21.445,509,904.5,0.003544258,1
2720,02/06/15 15:10,22.2,21.5,509,905,0.0035534,1
2721,02/06/15 15:10,22.2,21.575,512.75,910.75,0.003565866,1
2722,02/06/15 15:11,22.2,21.7675,509,915.25,0.003597866,1
2723,02/06/15 15:13,22.2,21.66666667,509,923.6666667,0.003581104,1
2724,02/06/15 15:14,22.2,21.7675,508.75,930,0.003597866,1
2725,02/06/15 15:15,22.15,21.745,514,930.5,0.003583133,1
2726,02/06/15 15:16,22.2,21.7,514,925.25,0.003586645,1
2727,02/06/15 15:16,22.16666667,21.76,509,920.3333333,0.003589282,1
2728,02/06/15 15:17,22.125,21.7475,499,922,0.003578061,1
2729,02/06/15 15:19,22.1,21.77,499,924,0.0035763,1
2730,02/06/15 15:20,22.1,21.49666667,499,919.3333333,0.003531142,1
2731,02/06/15 15:21,22.1,21.1475,499,893.5,0.003473466,1
2732,02/06/15 15:22,22.1,21.67,496.5,884.5,0.003559778,1
2733,02/06/15 15:23,22.1,21.84,499,914,0.003587865,1
2734,02/06/15 15:23,22.1,21.63333333,490.6666667,925,0.00355372,1
2735,02/06/15 15:24,22.1,21.1175,504,887,0.003468511,1
2736,02/06/15 15:26,22.1,21.575,500.25,884.25,0.003544083,1
2737,02/06/15 15:27,22.1,21.6,499,893.3333333,0.003548213,1
2738,02/06/15 15:28,22.1,21.625,496.5,895,0.003552343,1
2739,02/06/15 15:29,22.1,21.2925,489,889.75,0.003497416,1
2740,02/06/15 15:29,22.1,21.15,489,880.5,0.003473879,1
2741,02/06/15 15:30,22.075,21.2225,489,864.75,0.003480516,1
2742,02/06/15 15:32,22.1,21.2,481.5,863,0.003482138,1
2743,02/06/15 15:33,22.05,21.3975,484,868.5,0.003504003,1
2744,02/06/15 15:34,22.06666667,21.49333333,487.3333333,876.3333333,0.003523384,1
2745,02/06/15 15:35,22.075,21.3925,484,880.5,0.003508554,1
2746,02/06/15 15:36,22.03333333,21.56666667,487.3333333,883.6666667,0.003528255,1
2747,02/06/15 15:36,22.1,21.595,484,892,0.003547387,1
2748,02/06/15 15:38,22.1,21.225,494,884.5,0.003486267,1
2749,02/06/15 15:39,22.1,21.145,494,883.5,0.003473053,1
2750,02/06/15 15:40,22.1,21.32,490.25,876,0.003501959,1
2751,02/06/15 15:40,22.1,21.53333333,479,882.3333333,0.0035372,1
2752,02/06/15 15:42,22.1,21.3925,486.5,908.5,0.003513935,1
2753,02/06/15 15:42,22.1,21.16333333,479,892.3333333,0.003476081,1
2754,02/06/15 15:43,22.1,21.365,479,878.25,0.003509392,1
2755,02/06/15 15:45,22.1,21.06666667,479,870,0.003460116,1
2756,02/06/15 15:46,22.1,20.96333333,479,866.6666667,0.00344305,1
2757,02/06/15 15:47,22.1,21.26,479,863.3333333,0.003492048,1
2758,02/06/15 15:48,22.1,21.445,479,883.5,0.003522607,1
2759,02/06/15 15:49,22.1,21.46333333,479,896,0.003525636,1
2760,02/06/15 15:49,22.1,21.445,475.25,901.75,0.003522607,1
2761,02/06/15 15:51,22.1,21.2475,471.5,896.5,0.003489983,1
2762,02/06/15 15:52,22.06666667,21.06666667,464,876.3333333,0.003453053,1
2763,02/06/15 15:53,22.075,21.1725,467.75,865,0.00347227,1
2764,02/06/15 15:53,22.05,21.2425,474.5,872,0.003478479,1
2765,02/06/15 15:55,22,20.795,474.5,873.5,0.003394376,1
2766,02/06/15 15:55,22,20.96333333,478,854,0.003422005,1
2767,02/06/15 15:56,22,21.2425,474.5,865.25,0.003467829,1
2768,02/06/15 15:58,22,20.94,474.5,870.5,0.003418175,1
2769,02/06/15 15:59,22,21.15666667,478,858.6666667,0.003453739,1
2770,02/06/15 16:00,22.00833333,21.08416667,478.3,861.6333333,0.003443598,1
2771,02/06/15 16:01,22.01666667,21.01166667,478.6,864.6,0.003433446,1
2772,02/06/15 16:01,22,20.92,477,858.25,0.003414892,1
2773,02/06/15 16:02,21.9725,21.315,473,869.75,0.003473866,1
2774,02/06/15 16:04,22,21.15,469,877.75,0.003452645,1
2775,02/06/15 16:05,22,20.8675,469,867.75,0.003406275,1
2776,02/06/15 16:06,22,20.945,469,861,0.003418996,1
2777,02/06/15 16:07,22,21.32,469,866.5,0.003480552,1
2778,02/06/15 16:08,22,21.3925,469,880.75,0.003492454,1
2779,02/06/15 16:08,22,21.05,469,880,0.00343623,1
2780,02/06/15 16:09,22,21.2725,469,874,0.003472754,1
2781,02/06/15 16:11,21.96333333,21.46333333,469,885.6666667,0.00349621,1
2782,02/06/15 16:12,21.9725,21.3925,469,901.25,0.003486567,1
2783,02/06/15 16:13,21.96333333,21.29,469,893.6666667,0.003467818,1
2784,02/06/15 16:14,21.89,21.1725,469,886.5,0.003433088,1
2785,02/06/15 16:14,21.89,21.32333333,469,879,0.003457681,1
2786,02/06/15 16:15,21.9175,21.315,469,879,0.003462161,1
2787,02/06/15 16:17,21.89,21.39,469,884.25,0.003468552,1
2788,02/06/15 16:18,21.89,21.245,469,877,0.003444908,1
2789,02/06/15 16:19,21.89,21.22,469,875.75,0.003440832,1
2790,02/06/15 16:20,21.89,21.34,469,877,0.003460399,1
2791,02/06/15 16:21,21.89,21.29,461.5,879,0.003452246,1
2792,02/06/15 16:21,21.89,21.1725,454,871.75,0.003433088,1
2793,02/06/15 16:23,21.89,21.5225,454,880.5,0.003490158,1
2794,02/06/15 16:24,21.89,21.39,454,895.6666667,0.003468552,1
2795,02/06/15 16:25,21.89,21.2675,454,896,0.003448577,1
2796,02/06/15 16:25,21.865,21.32,459.25,883,0.003451835,1
2797,02/06/15 16:27,21.89,21.49666667,468,889,0.003485945,1
2798,02/06/15 16:27,21.865,21.3175,464.5,890.5,0.003451428,1
2799,02/06/15 16:28,21.79,21.53,468,897,0.003470005,1
2800,02/06/15 16:30,21.84,21.4425,464.5,913.75,0.003466454,1
2801,02/06/15 16:31,21.79,21.1975,464.5,902.5,0.003416121,1
2802,02/06/15 16:32,21.76,21.2,468,890.3333333,0.003410235,1
2803,02/06/15 16:33,21.745,21.1725,457,876,0.003402649,1
2804,02/06/15 16:34,21.79,21.445,464.5,890,0.003456229,1
2805,02/06/15 16:34,21.745,21.34,453.25,893,0.003429717,1
2806,02/06/15 16:36,21.73,21.29333333,453,891.6666667,0.003419022,1
2807,02/06/15 16:37,21.7225,21.5225,454.75,897.5,0.00345443,1
2808,02/06/15 16:38,21.7225,21.5225,460,903.75,0.00345443,1
2809,02/06/15 16:38,21.7,21.34,460,908.5,0.003420244,1
2810,02/06/15 16:40,21.73,21.56666667,460,907,0.003463155,1
2811,02/06/15 16:40,21.7225,21.525,460,910.5,0.003454834,1
2812,02/06/15 16:41,21.745,21.675,460,917.25,0.003483859,1
2813,02/06/15 16:43,21.79,21.6,460,926.5,0.00348135,1
2814,02/06/15 16:44,21.79,21.55,460,925,0.003473246,1
2815,02/06/15 16:45,21.79,21.63333333,460,921.6666667,0.003486752,1
2816,02/06/15 16:46,21.7675,21.7675,460,934,0.003503651,1
2817,02/06/15 16:46,21.7675,21.865,460,947.25,0.003519434,1
2818,02/06/15 16:47,21.79,21.82333333,460,953,0.003517549,1
2819,02/06/15 16:49,21.79,21.8175,460,959,0.003516603,1
2820,02/06/15 16:50,21.79,21.945,460,959.5,0.003537271,1
2821,02/06/15 16:51,21.7675,21.6975,444,962,0.003492321,1
2822,02/06/15 16:52,21.76,21.82666667,449.3333333,944,0.00351161,1
2823,02/06/15 16:53,21.7225,21.8925,444,953.5,0.003514152,1
2824,02/06/15 16:53,21.745,21.815,444,949,0.003506488,1
2825,02/06/15 16:54,21.7,21.82333333,444,948.6666667,0.003498145,1
2826,02/06/15 16:56,21.745,21.815,444,952.75,0.003506488,1
2827,02/06/15 16:57,21.7225,21.97,444,951.25,0.003526663,1
2828,02/06/15 16:58,21.79,22.05,444,961.5,0.003554292,1
2829,02/06/15 16:59,21.79,21.775,444,964.25,0.003509714,1
2830,02/06/15 16:59,21.7675,21.745,444,951,0.003500009,1
2831,02/06/15 17:00,21.79,21.79333333,444,945.6666667,0.003512686,1
2832,02/06/15 17:02,21.79,21.7225,444,936,0.003501205,1
2833,02/06/15 17:03,21.7675,21.79,444,935,0.003507293,1
2834,02/06/15 17:04,21.79,21.745,444,938,0.003504852,1
2835,02/06/15 17:05,21.7675,21.8175,444,926.75,0.003511745,1
2836,02/06/15 17:06,21.7675,21.89,444,932,0.00352348,1
2837,02/06/15 17:06,21.79,21.79,447.4,942,0.003512146,1
2838,02/06/15 17:08,21.79,21.79,450.6666667,935,0.003512146,1
2839,02/06/15 17:09,21.79,21.79,449,937.5,0.003512146,1
2840,02/06/15 17:10,21.79,21.65,438,927.25,0.003489454,1
2841,02/06/15 17:10,21.79,21.6,438,916.5,0.00348135,1
2842,02/06/15 17:12,21.79,21.745,438,914,0.003504852,1
2843,02/06/15 17:12,21.79,21.7,441,910,0.003497558,1
2844,02/06/15 17:13,21.79,21.65,437.25,923,0.003489454,1
2845,02/06/15 17:15,21.84,21.65,436.5,918.75,0.003500188,1
2846,02/06/15 17:16,21.84,21.6,429,904,0.003492059,1
2847,02/06/15 17:17,21.79,21.395,432.75,901,0.003448126,1
2848,02/06/15 17:18,21.79,21.6,438,893,0.00348135,1
2849,02/06/15 17:19,21.79,21.6225,438,885.5,0.003484997,1
2850,02/06/15 17:19,21.745,21.575,438,890,0.003467696,1
2851,02/06/15 17:21,21.7225,21.5475,438,886.5,0.003458465,1
2852,02/06/15 17:22,21.7,21.42666667,441,887,0.003434211,1
2853,02/06/15 17:23,21.7,21.525,438,883.25,0.003450059,1
2854,02/06/15 17:23,21.7,21.445,438,874,0.003437165,1
2855,02/06/15 17:25,21.7,21.575,447,874,0.003458117,1
2856,02/06/15 17:25,21.7,21.53333333,447,871.6666667,0.003451402,1
2857,02/06/15 17:26,21.7,21.6,447,879.25,0.003462147,1
2858,02/06/15 17:28,21.7,21.516,441.4,872.75,0.003448608,1
2859,02/06/15 17:29,21.7,21.36,447,868.5,0.003423467,1
2860,02/06/15 17:30,21.7,21.5,443.5,859.75,0.00344603,1
2861,02/06/15 17:31,21.7,21.2675,433,848.25,0.00340856,1
2862,02/06/15 17:31,21.66666667,21.39,433,843,0.003421283,1
2863,02/06/15 17:32,21.625,21.315,433,849,0.003400496,1
2864,02/06/15 17:34,21.6,21.39,433,841.6666667,0.003407283,1
2865,02/06/15 17:35,21.6,21.39,433,847.5,0.003407283,1
2866,02/06/15 17:36,21.6,21.34,433,844.25,0.003399275,1
2867,02/06/15 17:37,21.6,21.32333333,433,844.3333333,0.003396605,1
2868,02/06/15 17:38,21.6,21.29,433,838.75,0.003391267,1
2869,02/06/15 17:38,21.6,21.29,433,831.6666667,0.003391267,1
2870,02/06/15 17:39,21.6,21.2675,433,822.25,0.003387663,1
2871,02/06/15 17:41,21.6,21.2,433,817.5,0.003376853,1
2872,02/06/15 17:42,21.6,21.13333333,433,819,0.003366176,1
2873,02/06/15 17:43,21.6,21.13333333,433,817.6666667,0.003366176,1
2874,02/06/15 17:44,21.6,21.2,433,818,0.003376853,1
2875,02/06/15 17:44,21.625,21.2225,433,819.75,0.003385659,1
2876,02/06/15 17:45,21.65,21.2,433,819.5,0.003387254,1
2877,02/06/15 17:47,21.66666667,21.22666667,433,813,0.003395015,1
2878,02/06/15 17:48,21.65,21.125,433,811.75,0.003375206,1
2879,02/06/15 17:49,21.675,21.175,433,813.75,0.003388442,1
2880,02/06/15 17:50,21.7,21.125,433,812,0.003385597,1
2881,02/06/15 17:51,21.7,21.05,433,801,0.003373512,1
2882,02/06/15 17:51,21.63333333,20.96333333,433,801,0.003345806,1
2883,02/06/15 17:53,21.675,21.175,433,798.75,0.003388442,1
2884,02/06/15 17:54,21.7,21.08,433,805.75,0.003378346,1
2885,02/06/15 17:55,21.7,20.89,433,802.25,0.003347732,1
2886,02/06/15 17:55,21.625,20.9975,433,791.5,0.003349571,1
2887,02/06/15 17:57,21.65,20.9175,433,790.5,0.003341874,1
2888,02/06/15 17:57,21.65,20.89,433,780.5,0.003337457,1
2889,02/06/15 17:58,21.7,20.9175,433,781,0.003352163,1
2890,02/06/15 18:00,21.7,20.96333333,433,780.3333333,0.003359548,1
2891,02/06/15 18:01,21.7,20.85666667,433,778,0.003342362,1
2892,02/06/15 18:02,21.7,20.865,433,778.5,0.003343704,1
2893,02/06/15 18:03,21.7,20.945,433,780.75,0.003356594,1
2894,02/06/15 18:04,21.7,20.84,433,772,0.003339676,1
2895,02/06/15 18:04,21.7,20.89,433,777,0.003347732,1
2896,02/06/15 18:06,21.7,20.89,426,780.5,0.003347732,1
2897,02/06/15 18:07,21.7,20.84,0,778.5,0.003339676,0
2898,02/06/15 18:08,21.675,20.9725,0,781.25,0.003355863,0
2899,02/06/15 18:08,21.65,20.795,0,780.5,0.003322199,0
2900,02/06/15 18:10,21.6,20.6,0,775.5,0.003280778,0
2901,02/06/15 18:10,21.53333333,20.7,0,763.3333333,0.003283294,0
2902,02/06/15 18:11,21.5,20.6,0,758,0.003260653,0
2903,02/06/15 18:13,21.5,20.7,0,750.5,0.003276565,0
2904,02/06/15 18:14,21.5,20.7,0,746,0.003276565,0
2905,02/06/15 18:15,21.5,20.65,0,750,0.003268609,0
2906,02/06/15 18:16,21.5,20.7,0,740,0.003276565,0
2907,02/06/15 18:16,21.445,20.6,0,738.5,0.00324963,0
2908,02/06/15 18:17,21.39,20.5,0,730.6666667,0.003222838,0
2909,02/06/15 18:19,21.39,20.5,0,725.5,0.003222838,0
2910,02/06/15 18:20,21.39,20.5,0,724,0.003222838,0
2911,02/06/15 18:21,21.39,20.5,0,722.5,0.003222838,0
2912,02/06/15 18:22,21.39,20.5,0,719,0.003222838,0
2913,02/06/15 18:23,21.32333333,20.5,0,711,0.003209626,0
2914,02/06/15 18:23,21.32333333,20.5,0,703.6666667,0.003209626,0
2915,02/06/15 18:24,21.29,20.5,0,703,0.003203039,0
2916,02/06/15 18:26,21.29,20.39333333,0,704.3333333,0.003186287,0
2917,02/06/15 18:27,21.29,20.29,0,689,0.00317006,0
2918,02/06/15 18:28,21.2,20.29,0,686.5,0.003152515,0
2919,02/06/15 18:29,21.2,20.245,0,674.5,0.003145488,0
2920,02/06/15 18:29,21.2,20.15,0,672,0.003130654,0
2921,02/06/15 18:30,21.2,20.2,0,666.5,0.003138461,0
2922,02/06/15 18:32,21.175,20.2,0,664.75,0.003133625,0
2923,02/06/15 18:33,21.1,20.15,0,664.5,0.003111395,0
2924,02/06/15 18:34,21.1,20.2,0,661,0.003119155,0
2925,02/06/15 18:35,21.1,20.2,0,649.5,0.003119155,0
2926,02/06/15 18:36,21.1,20.1,0,647,0.003103636,0
2927,02/06/15 18:36,21.1,20.1,0,645.5,0.003103636,0
2928,02/06/15 18:38,21.05,20.05,0,644,0.003086335,0
2929,02/06/15 18:39,21,20,0,636.5,0.003069109,0
2930,02/06/15 18:40,21,20,0,630.5,0.003069109,0
2931,02/06/15 18:40,21,20,0,626,0.003069109,0
2932,02/06/15 18:42,21,20,0,625,0.003069109,0
2933,02/06/15 18:42,21,20,0,625.5,0.003069109,0
2934,02/06/15 18:43,21,19.945,0,624,0.003060627,0
2935,02/06/15 18:45,21,19.89,0,614,0.003052146,0
2936,02/06/15 18:46,20.89,20,0,616.5,0.003048317,0
2937,02/06/15 18:47,20.92666667,20,0,609.6666667,0.003055233,0
2938,02/06/15 18:48,21,19.89333333,0,607.5,0.00305266,0
2939,02/06/15 18:49,21,19.89,0,602,0.003052146,0
2940,02/06/15 18:49,21,19.89,0,598,0.003052146,0
2941,02/06/15 18:51,20.89,19.79,0,595.5,0.003016154,0
2942,02/06/15 18:52,21,19.79,0,593,0.003036726,0
2943,02/06/15 18:53,20.89,19.79,0,592,0.003016154,0
2944,02/06/15 18:53,20.89,19.79,0,582,0.003016154,0
2945,02/06/15 18:55,20.89,19.79,0,581.6666667,0.003016154,0
2946,02/06/15 18:55,20.89,19.79,0,576.5,0.003016154,0
2947,02/06/15 18:56,20.945,19.79,0,572.5,0.003026424,0
2948,02/06/15 18:58,20.89,19.79,0,575.5,0.003016154,0
2949,02/06/15 18:59,20.89,19.745,0,578.5,0.003009263,0
2950,02/06/15 19:00,21,19.79,0,578,0.003036726,0
2951,02/06/15 19:01,20.945,19.7,0,572.5,0.003012594,0
2952,02/06/15 19:01,20.96333333,19.63333333,0,574.3333333,0.003005753,0
2953,02/06/15 19:02,20.945,19.695,0,570,0.003011826,0
2954,02/06/15 19:04,21,19.5,0,569,0.002992012,0
2955,02/06/15 19:05,20.89,19.65,0,562,0.002994714,0
2956,02/06/15 19:06,20.89,19.5,0,562,0.002971745,0
2957,02/06/15 19:07,20.79,19.6,0,550,0.002968643,0
2958,02/06/15 19:08,20.84,19.65,0,551,0.002985471,0
2959,02/06/15 19:08,20.79,19.6,0,551.6666667,0.002968643,0
2960,02/06/15 19:09,20.79,19.6,0,547,0.002968643,0
2961,02/06/15 19:11,20.79,19.5,0,537,0.002953425,0
2962,02/06/15 19:12,20.7,19.39,0,532.5,0.002920377,0
2963,02/06/15 19:13,20.79,19.5,0,533,0.002953425,0
2964,02/06/15 19:14,20.745,19.445,0,536,0.002936867,0
2965,02/06/15 19:14,20.7,19.42666667,0,530,0.002925925,0
2966,02/06/15 19:15,20.7,19.4725,0,531.4,0.002932861,0
2967,02/06/15 19:17,20.7,19.445,0,520,0.002928699,0
2968,02/06/15 19:18,20.7,19.39,0,521.5,0.002920377,0
2969,02/06/15 19:19,20.7,19.5,0,528.5,0.002937022,0
2970,02/06/15 19:20,20.7,19.5,0,530,0.002937022,0
2971,02/06/15 19:21,20.63333333,19.32333333,0,523.6666667,0.002898301,0
2972,02/06/15 19:21,20.6,19.29,0,525,0.002887311,0
2973,02/06/15 19:23,20.6,19.34,0,523,0.00289483,0
2974,02/06/15 19:24,20.6,19.35666667,0,525,0.002897336,0
2975,02/06/15 19:25,20.6,19.29,0,517.5,0.002887311,0
2976,02/06/15 19:25,20.6,19.39,0,519.5,0.002902349,0
2977,02/06/15 19:27,20.63333333,19.39,0,519.3333333,0.002908347,0
2978,02/06/15 19:27,20.6,19.29,0,516,0.002887311,0
2979,02/06/15 19:28,20.6,19.29,0,516,0.002887311,0
2980,02/06/15 19:30,20.65,19.29,0,513.5,0.002896266,0
2981,02/06/15 19:31,20.6,19.29,0,509.5,0.002887311,0
2982,02/06/15 19:32,20.5,19.29,0,502,0.002869474,0
2983,02/06/15 19:33,20.5,19.29,0,503,0.002869474,0
2984,02/06/15 19:34,20.5,19.29,0,501,0.002869474,0
2985,02/06/15 19:34,20.39,19.245,0,500.5,0.002843287,0
2986,02/06/15 19:36,20.34,19.29,0,498,0.002841138,0
2987,02/06/15 19:37,20.39,19.445,0,499,0.002872972,0
2988,02/06/15 19:38,20.39,19.29,0,497,0.002849966,0
2989,02/06/15 19:38,20.39,19.34,0,498,0.002857387,0
2990,02/06/15 19:40,20.39,19.29,0,492,0.002849966,0
2991,02/06/15 19:40,20.5,19.29,0,492.5,0.002869474,0
2992,02/06/15 19:41,20.5,19.29,0,491.5,0.002869474,0
2993,02/06/15 19:43,20.445,19.245,0,492,0.002853004,0
2994,02/06/15 19:44,20.39,19.29,0,490.5,0.002849966,0
2995,02/06/15 19:45,20.39,19.34,0,492,0.002857387,0
2996,02/06/15 19:46,20.5,19.34,0,489.5,0.002876947,0
2997,02/06/15 19:46,20.445,19.29,0,488,0.002859706,0
2998,02/06/15 19:47,20.39,19.29,0,484.5,0.002849966,0
2999,02/06/15 19:49,20.39,19.245,0,485.5,0.002843287,0
3000,02/06/15 19:50,20.445,19.29,0,481.5,0.002859706,0
3001,02/06/15 19:51,20.5,19.29,0,484,0.002869474,0
3002,02/06/15 19:52,20.5,19.29,0,483,0.002869474,0
3003,02/06/15 19:53,20.5,19.29,0,479,0.002869474,0
3004,02/06/15 19:53,20.5,19.245,0,483,0.00286275,0
3005,02/06/15 19:54,20.5,19.26,0,479,0.002864991,0
3006,02/06/15 19:56,20.5,19.2,0,481,0.002856025,0
3007,02/06/15 19:57,20.39,19.2,0,477,0.002836609,0
3008,02/06/15 19:58,20.39,19.2,0,475,0.002836609,0
3009,02/06/15 19:59,20.39,19.29,0,474,0.002849966,0
3010,02/06/15 19:59,20.39,19.245,0,476,0.002843287,0
3011,02/06/15 20:00,20.39,19.2,0,472,0.002836609,0
3012,02/06/15 20:02,20.39,19.2,0,474,0.002836609,0
3013,02/06/15 20:03,20.39,19.2,0,479,0.002836609,0
3014,02/06/15 20:04,20.39,19.2,0,476,0.002836609,0
3015,02/06/15 20:05,20.39,19.245,0,476.5,0.002843287,0
3016,02/06/15 20:06,20.39,19.2,0,472.3333333,0.002836609,0
3017,02/06/15 20:06,20.39,19.245,0,473,0.002843287,0
3018,02/06/15 20:08,20.39,19.2,0,471,0.002836609,0
3019,02/06/15 20:09,20.445,19.2,0,471.5,0.002846302,0
3020,02/06/15 20:10,20.5,19.2,0,467,0.002856025,0
3021,02/06/15 20:10,20.5,19.2,0,455,0.002856025,0
3022,02/06/15 20:12,20.445,19.15,0,458.5,0.002838856,0
3023,02/06/15 20:12,20.39,19.1,0,462,0.002821768,0
3024,02/06/15 20:13,20.39,19.1,0,465,0.002821768,0
3025,02/06/15 20:15,20.39,19.2,0,468.5,0.002836609,0
3026,02/06/15 20:16,20.39,19.1,0,463,0.002821768,0
3027,02/06/15 20:17,20.39,19.1,0,458.5,0.002821768,0
3028,02/06/15 20:18,20.39,19.2,0,454,0.002836609,0
3029,02/06/15 20:19,20.39,19.15,0,462,0.002829188,0
3030,02/06/15 20:19,20.39,19.1,0,463.3333333,0.002821768,0
3031,02/06/15 20:21,20.39,19.1,0,458,0.002821768,0
3032,02/06/15 20:22,20.29,19.16666667,0,460,0.002814142,0
3033,02/06/15 20:23,20.29,19.2,0,457,0.002819058,0
3034,02/06/15 20:23,20.29,19.1,0,466,0.00280431,0
3035,02/06/15 20:25,20.29,19.2,0,465.5,0.002819058,0
3036,02/06/15 20:25,20.29,19.2,0,461.5,0.002819058,0
3037,02/06/15 20:26,20.2675,19.175,0,458,0.002811441,0
3038,02/06/15 20:28,20.245,19.245,0,464,0.002817811,0
3039,02/06/15 20:29,20.245,19.245,0,465.5,0.002817811,0
3040,02/06/15 20:30,20.29,19.245,0,464,0.002825696,0
3041,02/06/15 20:31,20.245,19.245,0,459.5,0.002817811,0
3042,02/06/15 20:31,20.29,19.245,0,455.5,0.002825696,0
3043,02/06/15 20:32,20.29,19.2,0,454,0.002819058,0
3044,02/06/15 20:34,20.29,19.2,0,457.6666667,0.002819058,0
3045,02/06/15 20:35,20.29,19.2,0,462,0.002819058,0
3046,02/06/15 20:36,20.29,19.2,0,457,0.002819058,0
3047,02/06/15 20:37,20.26,19.19666667,0,458.6666667,0.002813321,0
3048,02/06/15 20:38,20.29,19.29,0,459,0.002832333,0
3049,02/06/15 20:38,20.29,19.2,0,452,0.002819058,0
3050,02/06/15 20:39,20.29,19.2,0,455,0.002819058,0
3051,02/06/15 20:41,20.29,19.1,0,458,0.00280431,0
3052,02/06/15 20:42,20.29,19.2,0,459.5,0.002819058,0
3053,02/06/15 20:43,20.29,19.2,0,452.5,0.002819058,0
3054,02/06/15 20:44,20.29,19.2,0,451,0.002819058,0
3055,02/06/15 20:44,20.29,19.2,0,455,0.002819058,0
3056,02/06/15 20:45,20.245,19.2,0,452.5,0.002811192,0
3057,02/06/15 20:47,20.2,19.15,0,449,0.002796012,0
3058,02/06/15 20:48,20.2,19.2,0,452,0.002803345,0
3059,02/06/15 20:49,20.29,19.2,0,454,0.002819058,0
3060,02/06/15 20:50,20.2,19.1,0,453,0.002788679,0
3061,02/06/15 20:51,20.2,19.1,0,449,0.002788679,0
3062,02/06/15 20:51,20.2,19.1,0,450,0.002788679,0
3063,02/06/15 20:53,20.15,19.1,0,450,0.002780028,0
3064,02/06/15 20:54,20.2,19.2,0,452,0.002803345,0
3065,02/06/15 20:55,20.2,19.2,0,448.5,0.002803345,0
3066,02/06/15 20:55,20.2,19.13333333,0,448.6666667,0.002793568,0
3067,02/06/15 20:57,20.15,19.15,0,452,0.002787338,0
3068,02/06/15 20:57,20.2,19.1,0,461.5,0.002788679,0
3069,02/06/15 20:58,20.2,19.1,0,455,0.002788679,0
3070,02/06/15 21:00,20.2,19,0,455,0.002774013,0
3071,02/06/15 21:01,20.2,19.1,0,450,0.002788679,0
3072,02/06/15 21:02,20.2,19.1,0,449,0.002788679,0
3073,02/06/15 21:03,20.2,19.06666667,0,449.3333333,0.00278379,0
3074,02/06/15 21:04,20.2,19.1,0,450,0.002788679,0
3075,02/06/15 21:04,20.2,19,0,447,0.002774013,0
3076,02/06/15 21:06,20.2,19.1,0,445,0.002788679,0
3077,02/06/15 21:07,20.2,19.1,0,446,0.002788679,0
3078,02/06/15 21:08,20.2,19,0,450,0.002774013,0
3079,02/06/15 21:08,20.2,19.03333333,0,452.3333333,0.002778902,0
3080,02/06/15 21:10,20.2,19.05,0,448,0.002781346,0
3081,02/06/15 21:10,20.15,19.1,0,447.5,0.002780028,0
3082,02/06/15 21:11,20.2,19.1,0,448.5,0.002788679,0
3083,02/06/15 21:13,20.2,19.1,0,447,0.002788679,0
3084,02/06/15 21:14,20.2,19.1,0,443.6666667,0.002788679,0
3085,02/06/15 21:15,20.2,19.05,0,442,0.002781346,0
3086,02/06/15 21:16,20.15,19,0,443,0.002765408,0
3087,02/06/15 21:16,20.13333333,19.06666667,0,444.3333333,0.002772282,0
3088,02/06/15 21:17,20.15,19.05,0,442,0.002772718,0
3089,02/06/15 21:19,20.16666667,19.1,0,446.3333333,0.002782909,0
3090,02/06/15 21:20,20.2,19,0,447.5,0.002774013,0
3091,02/06/15 21:21,20.2,19,0,448.5,0.002774013,0
3092,02/06/15 21:22,20.1,19.1,0,450,0.002771401,0
3093,02/06/15 21:23,20.2,19.1,0,453,0.002788679,0
3094,02/06/15 21:23,20.2,19,0,453,0.002774013,0
3095,02/06/15 21:24,20.2,19.03333333,0,450.3333333,0.002778902,0
3096,02/06/15 21:26,20.15,18.945,0,440.5,0.002757368,0
3097,02/06/15 21:27,20.2,19.05,0,444.5,0.002781346,0
3098,02/06/15 21:28,20.2,18.89,0,450,0.002757882,0
3099,02/06/15 21:29,20.2,19,0,447,0.002774013,0
3100,02/06/15 21:29,20.2,19,0,446,0.002774013,0
3101,02/06/15 21:30,20.2,19,0,441.5,0.002774013,0
3102,02/06/15 21:32,20.2,18.92666667,0,441.3333333,0.002763259,0
3103,02/06/15 21:33,20.2,18.89,0,443,0.002757882,0
3104,02/06/15 21:34,20.2,19,0,438.5,0.002774013,0
3105,02/06/15 21:35,20.2,18.945,0,440.5,0.002765948,0
3106,02/06/15 21:36,20.2,18.89,0,442.6666667,0.002757882,0
3107,02/06/15 21:36,20.2,18.89,0,444,0.002757882,0
3108,02/06/15 21:38,20.15,18.945,0,444.5,0.002757368,0
3109,02/06/15 21:39,20.16666667,18.92666667,0,444.5,0.002757542,0
3110,02/06/15 21:40,20.2,18.92666667,0,444,0.002763259,0
3111,02/06/15 21:40,20.2,18.89,0,446,0.002757882,0
3112,02/06/15 21:42,20.2,18.89,0,446,0.002757882,0
3113,02/06/15 21:42,20.2,18.89,0,443.5,0.002757882,0
3114,02/06/15 21:43,20.2,18.89,0,440.5,0.002757882,0
3115,02/06/15 21:45,20.2,18.96333333,0,445.6666667,0.002768636,0
3116,02/06/15 21:46,20.2,19,0,445,0.002774013,0
3117,02/06/15 21:47,20.2,19,0,445.5,0.002774013,0
3118,02/06/15 21:48,20.2,18.89,0,445,0.002757882,0
3119,02/06/15 21:49,20.1,18.89,0,443.5,0.002740796,0
3120,02/06/15 21:49,20.2,18.89,0,439.5,0.002757882,0
3121,02/06/15 21:51,20.2,18.89,0,443.5,0.002757882,0
3122,02/06/15 21:52,20.2,18.89,0,441,0.002757882,0
3123,02/06/15 21:53,20.15,18.89,0,442,0.002749327,0
3124,02/06/15 21:53,20.15,18.89,0,444,0.002749327,0
3125,02/06/15 21:55,20.13333333,18.89,0,441.6666667,0.002746481,0
3126,02/06/15 21:55,20.05,18.89,0,436,0.002732288,0
3127,02/06/15 21:56,20.05,18.89,0,444,0.002732288,0
3128,02/06/15 21:58,20,18.89,0,443,0.002723803,0
3129,02/06/15 21:59,20.1,18.89,0,444,0.002740796,0
3130,02/06/15 22:00,20.1,18.89,0,444,0.002740796,0
3131,02/06/15 22:01,20.1,18.79,0,447,0.002726223,0
3132,02/06/15 22:01,20.05,18.89,0,444,0.002732288,0
3133,02/06/15 22:02,20.05,18.89,0,443.5,0.002732288,0
3134,02/06/15 22:04,20.05,18.89,0,438.5,0.002732288,0
3135,02/06/15 22:05,20,18.89,0,440,0.002723803,0
3136,02/06/15 22:06,20,18.89,0,441,0.002723803,0
3137,02/06/15 22:07,20,18.89,0,440.6666667,0.002723803,0
3138,02/06/15 22:08,20.1,19,0,441,0.002756827,0
3139,02/06/15 22:08,20,18.89,0,443,0.002723803,0
3140,02/06/15 22:09,20,18.79,0,442,0.002709321,0
3141,02/06/15 22:11,20.1,18.89,0,439,0.002740796,0
3142,02/06/15 22:12,19.945,18.84,0,436.5,0.002707281,0
3143,02/06/15 22:13,20,18.89,0,443,0.002723803,0
3144,02/06/15 22:14,20,18.89,0,439.6666667,0.002723803,0
3145,02/06/15 22:14,20,18.89,0,437,0.002723803,0
3146,02/06/15 22:15,20,18.89,0,436,0.002723803,0
3147,02/06/15 22:17,20,18.89,0,434,0.002723803,0
3148,02/06/15 22:18,20.06666667,18.89,0,439.6666667,0.002735121,0
3149,02/06/15 22:19,20.05,18.79,0,442,0.002717761,0
3150,02/06/15 22:20,20.1,18.89,0,439.5,0.002740796,0
3151,02/06/15 22:21,20.1,18.89,0,446,0.002740796,0
3152,02/06/15 22:21,20.05,18.84,0,444.5,0.002725024,0
3153,02/06/15 22:23,20.1,18.89,0,439,0.002740796,0
3154,02/06/15 22:24,20.1,18.89,0,439.5,0.002740796,0
3155,02/06/15 22:25,20.05,18.84,0,436.5,0.002725024,0
3156,02/06/15 22:25,20,18.79,0,436,0.002709321,0
3157,02/06/15 22:27,20,18.84,0,436,0.002716562,0
3158,02/06/15 22:27,20,18.89,0,437,0.002723803,0
3159,02/06/15 22:28,20,18.84,0,442,0.002716562,0
3160,02/06/15 22:30,20,18.89,0,441,0.002723803,0
3161,02/06/15 22:31,20,18.89,0,439,0.002723803,0
3162,02/06/15 22:32,20,18.89,0,444,0.002723803,0
3163,02/06/15 22:33,20,18.89,0,442.6666667,0.002723803,0
3164,02/06/15 22:34,20.1,18.89,0,437,0.002740796,0
3165,02/06/15 22:34,20,18.89,0,438,0.002723803,0
3166,02/06/15 22:36,20.05,18.84,0,442.5,0.002725024,0
3167,02/06/15 22:37,20.05,18.84,0,438.5,0.002725024,0
3168,02/06/15 22:38,20.05,18.89,0,441.5,0.002732288,0
3169,02/06/15 22:38,20,18.89,0,437,0.002723803,0
3170,02/06/15 22:40,20,18.745,0,437,0.002702804,0
3171,02/06/15 22:40,20,18.84,0,442,0.002716562,0
3172,02/06/15 22:41,20,18.89,0,440.5,0.002723803,0
3173,02/06/15 22:43,20,18.84,0,441,0.002716562,0
3174,02/06/15 22:44,20,18.84,0,444,0.002716562,0
3175,02/06/15 22:45,20,18.89,0,442.5,0.002723803,0
3176,02/06/15 22:46,20,18.84,0,440.5,0.002716562,0
3177,02/06/15 22:46,20,18.84,0,439.5,0.002716562,0
3178,02/06/15 22:47,20,18.79,0,441,0.002709321,0
3179,02/06/15 22:49,20,18.84,0,436.5,0.002716562,0
3180,02/06/15 22:50,19.945,18.89,0,434.5,0.002714497,0
3181,02/06/15 22:51,20,18.82333333,0,434.5,0.002714148,0
3182,02/06/15 22:52,20,18.84,0,435.6666667,0.002716562,0
3183,02/06/15 22:53,20,18.79,0,440.5,0.002709321,0
3184,02/06/15 22:53,20,18.84,0,439,0.002716562,0
3185,02/06/15 22:54,20,18.89,0,444.5,0.002723803,0
3186,02/06/15 22:56,20,18.84,0,441.5,0.002716562,0
3187,02/06/15 22:57,20,18.84,0,434.5,0.002716562,0
3188,02/06/15 22:58,20,18.84,0,438,0.002716562,0
3189,02/06/15 22:59,20,18.79,0,433,0.002709321,0
3190,02/06/15 22:59,20.03333333,18.79,0,434,0.002714945,0
3191,02/06/15 23:00,20,18.79,0,436.5,0.002709321,0
3192,02/06/15 23:02,20,18.745,0,438,0.002702804,0
3193,02/06/15 23:03,20,18.79,0,440,0.002709321,0
3194,02/06/15 23:04,20,18.745,0,440.5,0.002702804,0
3195,02/06/15 23:05,20,18.79,0,440,0.002709321,0
3196,02/06/15 23:06,19.945,18.84,0,440,0.002707281,0
3197,02/06/15 23:06,20,18.89,0,440.3333333,0.002723803,0
3198,02/06/15 23:08,20,18.79,0,439,0.002709321,0
3199,02/06/15 23:09,20,18.79,0,436,0.002709321,0
3200,02/06/15 23:10,20,18.79,0,434,0.002709321,0
3201,02/06/15 23:10,20,18.79,0,433,0.002709321,0
3202,02/06/15 23:12,20,18.7,0,438,0.002696288,0
3203,02/06/15 23:12,19.92666667,18.79,0,439.6666667,0.002696985,0
3204,02/06/15 23:13,19.89,18.79,0,441,0.002690836,0
3205,02/06/15 23:15,19.79,18.79,0,432,0.002674127,0
3206,02/06/15 23:16,19.89,18.89,0,435,0.002705218,0
3207,02/06/15 23:17,19.89,18.89,0,436,0.002705218,0
3208,02/06/15 23:18,19.89,18.84,0,431,0.002698027,0
3209,02/06/15 23:19,19.89,18.79,0,434.5,0.002690836,0
3210,02/06/15 23:19,19.89,18.89,0,436,0.002705218,0
3211,02/06/15 23:21,19.89,18.89,0,437,0.002705218,0
3212,02/06/15 23:22,19.89,18.89,0,444,0.002705218,0
3213,02/06/15 23:23,19.89,18.89,0,443,0.002705218,0
3214,02/06/15 23:23,19.89,18.79,0,439,0.002690836,0
3215,02/06/15 23:25,20,18.79,0,433.6666667,0.002709321,0
3216,02/06/15 23:25,20,18.79,0,434.5,0.002709321,0
3217,02/06/15 23:26,20,18.79,0,441,0.002709321,0
3218,02/06/15 23:28,20,18.79,0,436,0.002709321,0
3219,02/06/15 23:29,20,18.79,0,438,0.002709321,0
3220,02/06/15 23:30,20,18.79,0,437,0.002709321,0
3221,02/06/15 23:31,20,18.79,0,436.5,0.002709321,0
3222,02/06/15 23:31,20,18.7,0,437.5,0.002696288,0
3223,02/06/15 23:32,20,18.79,0,436,0.002709321,0
3224,02/06/15 23:34,20,18.79,0,433,0.002709321,0
3225,02/06/15 23:35,20,18.79,0,434,0.002709321,0
3226,02/06/15 23:36,20,18.7,0,438,0.002696288,0
3227,02/06/15 23:37,19.945,18.79,0,435.5,0.002700064,0
3228,02/06/15 23:38,19.945,18.79,0,430,0.002700064,0
3229,02/06/15 23:38,20,18.79,0,432,0.002709321,0
3230,02/06/15 23:39,20,18.79,0,439.5,0.002709321,0
3231,02/06/15 23:41,20,18.76,0,439,0.002704977,0
3232,02/06/15 23:42,20,18.7,0,438,0.002696288,0
3233,02/06/15 23:43,20,18.7,0,439.5,0.002696288,0
3234,02/06/15 23:44,20,18.7675,0,435,0.002706063,0
3235,02/06/15 23:44,20,18.7675,0,434.75,0.002706063,0
3236,02/06/15 23:45,20,18.745,0,431,0.002702804,0
3237,02/06/15 23:47,20.06666667,18.79,0,438,0.002720579,0
3238,02/06/15 23:48,20.1,18.79,0,439,0.002726223,0
3239,02/06/15 23:49,20,18.6,0,441,0.002681807,0
3240,02/06/15 23:50,20,18.65,0,442,0.002689047,0
3241,02/06/15 23:51,19.945,18.7,0,441,0.002687076,0
3242,02/06/15 23:51,19.89,18.745,0,438,0.002684364,0
3243,02/06/15 23:53,19.89,18.79,0,438.5,0.002690836,0
3244,02/06/15 23:54,19.89,18.79,0,437.6666667,0.002690836,0
3245,02/06/15 23:55,19.89,18.79,0,441.5,0.002690836,0
3246,02/06/15 23:55,20,18.745,0,435,0.002702804,0
3247,02/06/15 23:57,20,18.7,0,441,0.002696288,0
3248,02/06/15 23:57,20,18.7,0,441,0.002696288,0
3249,02/06/15 23:58,20,18.7,0,440,0.002696288,0
3250,02/07/15 0:00,20,18.7,0,438,0.002696288,0
3251,02/07/15 0:01,19.9725,18.745,0,433.6666667,0.002698184,0
3252,02/07/15 0:02,20,18.79,0,434.5,0.002709321,0
3253,02/07/15 0:03,20,18.7,0,434,0.002696288,0
3254,02/07/15 0:04,20,18.745,0,438.5,0.002702804,0
3255,02/07/15 0:04,20,18.745,0,443,0.002702804,0
3256,02/07/15 0:06,20,18.745,0,437,0.002702804,0
3257,02/07/15 0:07,20,18.79,0,436.5,0.002709321,0
3258,02/07/15 0:08,20,18.73,0,436.3333333,0.002700632,0
3259,02/07/15 0:08,20,18.73,0,433.6666667,0.002700632,0
3260,02/07/15 0:10,20,18.79,0,435.5,0.002709321,0
3261,02/07/15 0:10,20,18.79,0,438,0.002709321,0
3262,02/07/15 0:11,20,18.79,0,438,0.002709321,0
3263,02/07/15 0:13,20,18.79,0,441,0.002709321,0
3264,02/07/15 0:14,20,18.7,0,434,0.002696288,0
3265,02/07/15 0:15,20,18.745,0,435,0.002702804,0
3266,02/07/15 0:16,20,18.79,0,435,0.002709321,0
3267,02/07/15 0:16,20,18.79,0,435,0.002709321,0
3268,02/07/15 0:17,20,18.7,0,436,0.002696288,0
3269,02/07/15 0:19,20,18.7,0,443.5,0.002696288,0
3270,02/07/15 0:20,20,18.7,0,451,0.002696288,0
3271,02/07/15 0:21,20,18.7,0,448,0.002696288,0
3272,02/07/15 0:22,20,18.7,0,443.5,0.002696288,0
3273,02/07/15 0:23,20,18.65,0,442,0.002689047,0
3274,02/07/15 0:23,20,18.7,0,442,0.002696288,0
3275,02/07/15 0:24,20,18.7,0,437.6666667,0.002696288,0
3276,02/07/15 0:26,20,18.745,0,442,0.002702804,0
3277,02/07/15 0:27,20,18.79,0,444,0.002709321,0
3278,02/07/15 0:28,20,18.7,0,443.3333333,0.002696288,0
3279,02/07/15 0:29,20,18.65,0,440,0.002689047,0
3280,02/07/15 0:29,20,18.6,0,438,0.002681807,0
3281,02/07/15 0:30,20,18.7,0,439,0.002696288,0
3282,02/07/15 0:32,20,18.7,0,440,0.002696288,0
3283,02/07/15 0:33,20,18.7,0,439,0.002696288,0
3284,02/07/15 0:34,20,18.7,0,439,0.002696288,0
3285,02/07/15 0:35,20.05,18.7,0,436,0.002704687,0
3286,02/07/15 0:36,20,18.65,0,432,0.002689047,0
3287,02/07/15 0:36,20,18.6,0,438,0.002681807,0
3288,02/07/15 0:38,20,18.7,0,437.5,0.002696288,0
3289,02/07/15 0:39,20.05,18.7,0,433.5,0.002704687,0
3290,02/07/15 0:40,20,18.7,0,434.25,0.002696288,0
3291,02/07/15 0:40,20,18.7,0,435,0.002696288,0
3292,02/07/15 0:42,20,18.7,0,439,0.002696288,0
3293,02/07/15 0:42,20,18.7,0,434,0.002696288,0
3294,02/07/15 0:43,20,18.7,0,436,0.002696288,0
3295,02/07/15 0:45,20,18.7,0,434,0.002696288,0
3296,02/07/15 0:46,20,18.7,0,437,0.002696288,0
3297,02/07/15 0:47,20,18.7,0,433.6666667,0.002696288,0
3298,02/07/15 0:48,20,18.7,0,433.5,0.002696288,0
3299,02/07/15 0:49,20,18.6,0,432,0.002681807,0
3300,02/07/15 0:49,20,18.66666667,0,433.3333333,0.002691461,0
3301,02/07/15 0:51,20,18.7,0,432,0.002696288,0
3302,02/07/15 0:52,20,18.7,0,437,0.002696288,0
3303,02/07/15 0:53,20,18.7,0,439.5,0.002696288,0
3304,02/07/15 0:53,20,18.7,0,436,0.002696288,0
3305,02/07/15 0:55,20,18.7,0,435,0.002696288,0
3306,02/07/15 0:55,20.05,18.7,0,433.5,0.002704687,0
3307,02/07/15 0:56,20.03333333,18.63333333,0,438,0.00269221,0
3308,02/07/15 0:58,20,18.7,0,436.5,0.002696288,0
3309,02/07/15 0:59,20,18.65,0,435,0.002689047,0
3310,02/07/15 1:00,20,18.65,0,434.5,0.002689047,0
3311,02/07/15 1:01,19.945,18.7,0,435.5,0.002687076,0
3312,02/07/15 1:01,19.89,18.7,0,436,0.002677892,0
3313,02/07/15 1:02,20,18.65,0,435,0.002689047,0
3314,02/07/15 1:04,19.945,18.7,0,434,0.002687076,0
3315,02/07/15 1:05,20,18.7,0,436,0.002696288,0
3316,02/07/15 1:06,20,18.7,0,433,0.002696288,0
3317,02/07/15 1:07,20,18.7,0,434.5,0.002696288,0
3318,02/07/15 1:08,20,18.7,0,435,0.002696288,0
3319,02/07/15 1:08,20,18.6,0,436,0.002681807,0
3320,02/07/15 1:09,19.945,18.7,0,433.5,0.002687076,0
3321,02/07/15 1:11,19.945,18.7,0,434,0.002687076,0
3322,02/07/15 1:12,19.945,18.7,0,438,0.002687076,0
3323,02/07/15 1:13,19.945,18.7,0,436,0.002687076,0
3324,02/07/15 1:14,20,18.7,0,439,0.002696288,0
3325,02/07/15 1:14,20,18.7,0,437,0.002696288,0
3326,02/07/15 1:15,20,18.7,0,441.5,0.002696288,0
3327,02/07/15 1:17,20,18.7,0,441,0.002696288,0
3328,02/07/15 1:18,19.92666667,18.7,0,435.3333333,0.002684011,0
3329,02/07/15 1:19,19.945,18.7,0,437,0.002687076,0
3330,02/07/15 1:20,20,18.7,0,435.5,0.002696288,0
3331,02/07/15 1:21,20,18.7,0,439,0.002696288,0
3332,02/07/15 1:21,19.945,18.7,0,438.5,0.002687076,0
3333,02/07/15 1:23,19.945,18.7,0,440,0.002687076,0
3334,02/07/15 1:24,19.945,18.7,0,441,0.002687076,0
3335,02/07/15 1:25,19.92666667,18.7,0,441.6666667,0.002684011,0
3336,02/07/15 1:25,20,18.7,0,440,0.002696288,0
3337,02/07/15 1:27,20,18.7,0,439,0.002696288,0
3338,02/07/15 1:27,19.96333333,18.7,0,440,0.002690143,0
3339,02/07/15 1:28,19.945,18.745,0,441.5,0.00269357,0
3340,02/07/15 1:30,19.89,18.745,0,433,0.002684364,0
3341,02/07/15 1:31,20,18.79,0,435,0.002709321,0
3342,02/07/15 1:32,19.945,18.79,0,434.5,0.002700064,0
3343,02/07/15 1:33,19.92666667,18.79,0,435,0.002696985,0
3344,02/07/15 1:34,19.89,18.745,0,435.5,0.002684364,0
3345,02/07/15 1:34,19.89,18.79,0,441.3333333,0.002690836,0
3346,02/07/15 1:36,19.89,18.7,0,445,0.002677892,0
3347,02/07/15 1:37,19.89,18.79,0,444,0.002690836,0
3348,02/07/15 1:38,19.89,18.79,0,439,0.002690836,0
3349,02/07/15 1:38,19.89,18.79,0,438.5,0.002690836,0
3350,02/07/15 1:40,19.89,18.79,0,443.6666667,0.002690836,0
3351,02/07/15 1:40,19.89,18.76,0,437.6666667,0.002686521,0
3352,02/07/15 1:41,19.89,18.815,0,435,0.002694431,0
3353,02/07/15 1:43,19.89,18.79,0,437.5,0.002690836,0
3354,02/07/15 1:44,19.89,18.79,0,438.5,0.002690836,0
3355,02/07/15 1:45,19.89,18.79,0,439,0.002690836,0
3356,02/07/15 1:46,19.89,18.84,0,436.5,0.002698027,0
3357,02/07/15 1:46,19.89,18.79,0,439,0.002690836,0
3358,02/07/15 1:47,19.89,18.84,0,436,0.002698027,0
3359,02/07/15 1:49,19.89,18.89,0,437,0.002705218,0
3360,02/07/15 1:50,19.89,18.84,0,437.5,0.002698027,0
3361,02/07/15 1:51,19.89,18.84,0,438,0.002698027,0
3362,02/07/15 1:52,19.89,18.89,0,435,0.002705218,0
3363,02/07/15 1:53,19.89,18.79,0,438,0.002690836,0
3364,02/07/15 1:53,19.89,18.85666667,0,436.6666667,0.002700424,0
3365,02/07/15 1:54,19.89,18.89,0,436.3333333,0.002705218,0
3366,02/07/15 1:56,19.89,18.89,0,434.3333333,0.002705218,0
3367,02/07/15 1:57,19.89,18.89,0,440,0.002705218,0
3368,02/07/15 1:58,19.89,18.89,0,436.3333333,0.002705218,0
3369,02/07/15 1:59,19.89,18.89,0,433,0.002705218,0
3370,02/07/15 1:59,19.89,18.89,0,436.5,0.002705218,0
3371,02/07/15 2:00,19.89,18.89,0,436.5,0.002705218,0
3372,02/07/15 2:02,19.89,18.89,0,437.6666667,0.002705218,0
3373,02/07/15 2:03,19.89,18.85666667,0,435,0.002700424,0
3374,02/07/15 2:04,19.89,18.89,0,440,0.002705218,0
3375,02/07/15 2:05,19.89,18.89,0,438.5,0.002705218,0
3376,02/07/15 2:06,19.89,18.89,0,439,0.002705218,0
3377,02/07/15 2:06,19.84,18.89,0,439,0.002696808,0
3378,02/07/15 2:08,19.79,18.89,0,439,0.00268842,0
3379,02/07/15 2:09,19.89,18.89,0,438,0.002705218,0
3380,02/07/15 2:10,19.89,18.89,0,444,0.002705218,0
3381,02/07/15 2:10,19.84,18.945,0,438,0.002704694,0
3382,02/07/15 2:12,19.89,18.89,0,439,0.002705218,0
3383,02/07/15 2:12,19.89,18.89,0,437.6666667,0.002705218,0
3384,02/07/15 2:13,19.89,18.89,0,437,0.002705218,0
3385,02/07/15 2:15,19.89,18.89,0,433,0.002705218,0
3386,02/07/15 2:16,19.89,18.89,0,439,0.002705218,0
3387,02/07/15 2:17,19.89,18.945,0,442.5,0.002713129,0
3388,02/07/15 2:18,19.89,18.89,0,440.5,0.002705218,0
3389,02/07/15 2:19,19.89,18.89,0,439,0.002705218,0
3390,02/07/15 2:19,19.89,18.89,0,433,0.002705218,0
3391,02/07/15 2:21,19.89,18.96333333,0,431.6666667,0.002715766,0
3392,02/07/15 2:22,19.89,19,0,433,0.00272104,0
3393,02/07/15 2:23,19.89,19,0,434,0.00272104,0
3394,02/07/15 2:23,19.89,18.89,0,437,0.002705218,0
3395,02/07/15 2:25,19.89,18.945,0,439.5,0.002713129,0
3396,02/07/15 2:25,19.89,19,0,438,0.00272104,0
3397,02/07/15 2:26,19.89,18.89,0,439,0.002705218,0
3398,02/07/15 2:28,19.89,19,0,440.6666667,0.00272104,0
3399,02/07/15 2:29,19.89,18.945,0,438,0.002713129,0
3400,02/07/15 2:30,19.89,18.89,0,438,0.002705218,0
3401,02/07/15 2:31,19.89,18.89,0,437,0.002705218,0
3402,02/07/15 2:31,19.89,18.945,0,441,0.002713129,0
3403,02/07/15 2:32,19.89,18.89,0,437,0.002705218,0
3404,02/07/15 2:34,19.89,18.89,0,439,0.002705218,0
3405,02/07/15 2:35,19.89,18.89,0,437,0.002705218,0
3406,02/07/15 2:36,19.89,18.89,0,437,0.002705218,0
3407,02/07/15 2:37,19.89,18.89,0,436,0.002705218,0
3408,02/07/15 2:38,19.89,18.945,0,436,0.002713129,0
3409,02/07/15 2:38,19.89,18.89,0,431,0.002705218,0
3410,02/07/15 2:39,19.89,18.89,0,437,0.002705218,0
3411,02/07/15 2:41,19.89,19,0,442.5,0.00272104,0
3412,02/07/15 2:42,19.89,18.89,0,443,0.002705218,0
3413,02/07/15 2:43,19.89,19,0,443,0.00272104,0
3414,02/07/15 2:44,19.89,19,0,441,0.00272104,0
3415,02/07/15 2:44,19.89,19,0,440.5,0.00272104,0
3416,02/07/15 2:45,19.89,19,0,441.5,0.00272104,0
3417,02/07/15 2:47,19.89,19,0,442.5,0.00272104,0
3418,02/07/15 2:48,19.89,19.05,0,445,0.002728232,0
3419,02/07/15 2:49,19.89,19.05,0,442.5,0.002728232,0
3420,02/07/15 2:50,19.79,19,0,443,0.002704143,0
3421,02/07/15 2:51,19.89,19.05,0,442.5,0.002728232,0
3422,02/07/15 2:51,19.89,19.05,0,441,0.002728232,0
3423,02/07/15 2:53,19.89,19.1,0,433,0.002735425,0
3424,02/07/15 2:54,19.79,19,0,435,0.002704143,0
3425,02/07/15 2:55,19.89,19,0,434,0.00272104,0
3426,02/07/15 2:55,19.89,19,0,438.5,0.00272104,0
3427,02/07/15 2:57,19.89,19,0,437.3333333,0.00272104,0
3428,02/07/15 2:57,19.89,19,0,435,0.00272104,0
3429,02/07/15 2:58,19.84,19,0,437,0.00271258,0
3430,02/07/15 3:00,19.79,19,0,437,0.002704143,0
3431,02/07/15 3:01,19.79,19,0,434.5,0.002704143,0
3432,02/07/15 3:02,19.79,19,0,436,0.002704143,0
3433,02/07/15 3:03,19.79,19,0,441.3333333,0.002704143,0
3434,02/07/15 3:04,19.79,19,0,435,0.002704143,0
3435,02/07/15 3:04,19.79,19,0,430.5,0.002704143,0
3436,02/07/15 3:06,19.89,19.05,0,436.5,0.002728232,0
3437,02/07/15 3:07,19.84,19,0,442.5,0.00271258,0
3438,02/07/15 3:08,19.85666667,19.06666667,0,442.3333333,0.002724967,0
3439,02/07/15 3:08,19.79,19,0,443,0.002704143,0
3440,02/07/15 3:10,19.79,19,0,441.5,0.002704143,0
3441,02/07/15 3:10,19.79,19,0,443,0.002704143,0
3442,02/07/15 3:11,19.84,19.1,0,436,0.00272692,0
3443,02/07/15 3:13,19.79,19.1,0,435,0.002718438,0
3444,02/07/15 3:14,19.84,19.1,0,437,0.00272692,0
3445,02/07/15 3:15,19.79,19.05,0,441,0.00271129,0
3446,02/07/15 3:16,19.79,19.1,0,442,0.002718438,0
3447,02/07/15 3:16,19.79,19.1,0,438.5,0.002718438,0
3448,02/07/15 3:17,19.79,19.1,0,436.5,0.002718438,0
3449,02/07/15 3:19,19.79,19.1,0,440,0.002718438,0
3450,02/07/15 3:20,19.89,19.1,0,439,0.002735425,0
3451,02/07/15 3:21,19.79,19.1,0,439,0.002718438,0
3452,02/07/15 3:22,19.79,19.1,0,436,0.002718438,0
3453,02/07/15 3:23,19.79,19.1,0,436,0.002718438,0
3454,02/07/15 3:23,19.79,19.1,0,438.25,0.002718438,0
3455,02/07/15 3:24,19.79,19.1,0,440.5,0.002718438,0
3456,02/07/15 3:26,19.79,19.16666667,0,440.25,0.002727968,0
3457,02/07/15 3:27,19.79,19.1,0,443,0.002718438,0
3458,02/07/15 3:28,19.84,19.2,0,439.5,0.00274126,0
3459,02/07/15 3:29,19.79,19.15,0,440,0.002725585,0
3460,02/07/15 3:29,19.79,19.15,0,438.5,0.002725585,0
3461,02/07/15 3:30,19.79,19.1,0,438,0.002718438,0
3462,02/07/15 3:32,19.79,19.2,0,434,0.002732733,0
3463,02/07/15 3:33,19.745,19.2,0,438.6666667,0.002725079,0
3464,02/07/15 3:34,19.79,19.2,0,436,0.002732733,0
3465,02/07/15 3:35,19.79,19.2,0,440.5,0.002732733,0
3466,02/07/15 3:36,19.79,19.2,0,442.3333333,0.002732733,0
3467,02/07/15 3:36,19.79,19.2,0,441.5,0.002732733,0
3468,02/07/15 3:38,19.79,19.2,0,440,0.002732733,0
3469,02/07/15 3:39,19.79,19.2,0,438,0.002732733,0
3470,02/07/15 3:40,19.79,19.2,0,437.3333333,0.002732733,0
3471,02/07/15 3:40,19.79,19.2,0,443,0.002732733,0
3472,02/07/15 3:42,19.79,19.2,0,437,0.002732733,0
3473,02/07/15 3:42,19.79,19.2,0,435,0.002732733,0
3474,02/07/15 3:43,19.79,19.245,0,436,0.002739166,0
3475,02/07/15 3:45,19.79,19.2,0,440,0.002732733,0
3476,02/07/15 3:46,19.79,19.2,0,441.75,0.002732733,0
3477,02/07/15 3:47,19.79,19.245,0,445,0.002739166,0
3478,02/07/15 3:48,19.79,19.245,0,440,0.002739166,0
3479,02/07/15 3:49,19.79,19.245,0,437.5,0.002739166,0
3480,02/07/15 3:49,19.79,19.29,0,440,0.002745599,0
3481,02/07/15 3:51,19.79,19.29,0,438.5,0.002745599,0
3482,02/07/15 3:52,19.79,19.2,0,438,0.002732733,0
3483,02/07/15 3:53,19.79,19.29,0,439.5,0.002745599,0
3484,02/07/15 3:53,19.79,19.29,0,440,0.002745599,0
3485,02/07/15 3:55,19.79,19.29,0,441,0.002745599,0
3486,02/07/15 3:55,19.79,19.29,0,441,0.002745599,0
3487,02/07/15 3:56,19.79,19.29,0,437.5,0.002745599,0
3488,02/07/15 3:58,19.79,19.29,0,439,0.002745599,0
3489,02/07/15 3:59,19.79,19.29,0,438,0.002745599,0
3490,02/07/15 4:00,19.79,19.29,0,448,0.002745599,0
3491,02/07/15 4:01,19.79,19.29,0,441,0.002745599,0
3492,02/07/15 4:01,19.79,19.29,0,443,0.002745599,0
3493,02/07/15 4:02,19.79,19.29,0,442,0.002745599,0
3494,02/07/15 4:04,19.79,19.29,0,439,0.002745599,0
3495,02/07/15 4:05,19.79,19.29,0,439.5,0.002745599,0
3496,02/07/15 4:06,19.79,19.29,0,438.5,0.002745599,0
3497,02/07/15 4:07,19.79,19.35666667,0,438.6666667,0.00275513,0
3498,02/07/15 4:08,19.79,19.29,0,443,0.002745599,0
3499,02/07/15 4:08,19.79,19.29,0,436,0.002745599,0
3500,02/07/15 4:09,19.79,19.29,0,442,0.002745599,0
3501,02/07/15 4:11,19.79,19.29,0,440,0.002745599,0
3502,02/07/15 4:12,19.79,19.29,0,439,0.002745599,0
3503,02/07/15 4:13,19.79,19.29,0,442.3333333,0.002745599,0
3504,02/07/15 4:14,19.79,19.39,0,441.5,0.002759896,0
3505,02/07/15 4:14,19.79,19.29,0,446.5,0.002745599,0
3506,02/07/15 4:15,19.79,19.29,0,450,0.002745599,0
3507,02/07/15 4:17,19.84,19.29,0,444,0.002754166,0
3508,02/07/15 4:18,19.79,19.29,0,442,0.002745599,0
3509,02/07/15 4:19,19.79,19.29,0,440,0.002745599,0
3510,02/07/15 4:20,19.79,19.29,0,441,0.002745599,0
3511,02/07/15 4:21,19.79,19.29,0,442,0.002745599,0
3512,02/07/15 4:21,19.79,19.29,0,441,0.002745599,0
3513,02/07/15 4:23,19.79,19.29,0,441,0.002745599,0
3514,02/07/15 4:24,19.79,19.32333333,0,441.3333333,0.002750365,0
3515,02/07/15 4:25,19.79,19.39,0,439,0.002759896,0
3516,02/07/15 4:25,19.79,19.34,0,439.5,0.002752747,0
3517,02/07/15 4:27,19.79,19.39,0,442,0.002759896,0
3518,02/07/15 4:27,19.79,19.29,0,443,0.002745599,0
3519,02/07/15 4:28,19.79,19.29,0,439.5,0.002745599,0
3520,02/07/15 4:30,19.79,19.29,0,441,0.002745599,0
3521,02/07/15 4:31,19.79,19.29,0,441,0.002745599,0
3522,02/07/15 4:32,19.79,19.29,0,443.3333333,0.002745599,0
3523,02/07/15 4:33,19.79,19.29,0,443,0.002745599,0
3524,02/07/15 4:34,19.79,19.29,0,445.5,0.002745599,0
3525,02/07/15 4:34,19.79,19.29,0,446,0.002745599,0
3526,02/07/15 4:36,19.79,19.29,0,442,0.002745599,0
3527,02/07/15 4:37,19.79,19.29,0,442.5,0.002745599,0
3528,02/07/15 4:38,19.79,19.29,0,440,0.002745599,0
3529,02/07/15 4:38,19.79,19.29,0,441.5,0.002745599,0
3530,02/07/15 4:40,19.79,19.29,0,443,0.002745599,0
3531,02/07/15 4:40,19.79,19.29,0,443,0.002745599,0
3532,02/07/15 4:41,19.79,19.35666667,0,441.6666667,0.00275513,0
3533,02/07/15 4:43,19.79,19.29,0,442,0.002745599,0
3534,02/07/15 4:44,19.79,19.32333333,0,446.3333333,0.002750365,0
3535,02/07/15 4:45,19.79,19.29,0,440.5,0.002745599,0
3536,02/07/15 4:46,19.745,19.34,0,437.5,0.002745037,0
3537,02/07/15 4:46,19.79,19.34,0,442.5,0.002752747,0
3538,02/07/15 4:47,19.79,19.39,0,442,0.002759896,0
3539,02/07/15 4:49,19.7,19.39,0,439,0.002744454,0
3540,02/07/15 4:50,19.7,19.39,0,437,0.002744454,0
3541,02/07/15 4:51,19.745,19.39,0,439,0.002752165,0
3542,02/07/15 4:52,19.79,19.39,0,441,0.002759896,0
3543,02/07/15 4:53,19.79,19.39,0,446,0.002759896,0
3544,02/07/15 4:53,19.745,19.39,0,443,0.002752165,0
3545,02/07/15 4:54,19.745,19.39,0,441,0.002752165,0
3546,02/07/15 4:56,19.79,19.39,0,443,0.002759896,0
3547,02/07/15 4:57,19.79,19.39,0,439,0.002759896,0
3548,02/07/15 4:58,19.7,19.39,0,441.5,0.002744454,0
3549,02/07/15 4:59,19.76,19.39,0,440.6666667,0.00275474,0
3550,02/07/15 4:59,19.73,19.39,0,444,0.002749593,0
3551,02/07/15 5:00,19.745,19.39,0,442,0.002752165,0
3552,02/07/15 5:02,19.7,19.39,0,441,0.002744454,0
3553,02/07/15 5:03,19.7225,19.39,0,448.5,0.002748307,0
3554,02/07/15 5:04,19.7,19.39,0,445,0.002744454,0
3555,02/07/15 5:05,19.745,19.39,0,442,0.002752165,0
3556,02/07/15 5:06,19.79,19.39,0,444.5,0.002759896,0
3557,02/07/15 5:06,19.73,19.39,0,444.6666667,0.002749593,0
3558,02/07/15 5:08,19.79,19.39,0,445,0.002759896,0
3559,02/07/15 5:09,19.79,19.39,0,445,0.002759896,0
3560,02/07/15 5:10,19.79,19.34,0,445.5,0.002752747,0
3561,02/07/15 5:10,19.79,19.39,0,444,0.002759896,0
3562,02/07/15 5:12,19.79,19.29,0,443.5,0.002745599,0
3563,02/07/15 5:12,19.79,19.315,0,446,0.002749173,0
3564,02/07/15 5:13,19.745,19.34,0,446,0.002745037,0
3565,02/07/15 5:15,19.7,19.29,0,447,0.002730238,0
3566,02/07/15 5:16,19.745,19.29,0,444.5,0.002737909,0
3567,02/07/15 5:17,19.79,19.29,0,437.5,0.002745599,0
3568,02/07/15 5:18,19.79,19.29,0,435.5,0.002745599,0
3569,02/07/15 5:19,19.745,19.29,0,443,0.002737909,0
3570,02/07/15 5:19,19.79,19.29,0,446,0.002745599,0
3571,02/07/15 5:21,19.745,19.29,0,440.5,0.002737909,0
3572,02/07/15 5:22,19.79,19.29,0,439.5,0.002745599,0
3573,02/07/15 5:23,19.7,19.29,0,444.5,0.002730238,0
3574,02/07/15 5:23,19.7675,19.29,0,444.25,0.002741752,0
3575,02/07/15 5:25,19.79,19.29,0,446,0.002745599,0
3576,02/07/15 5:25,19.79,19.29,0,442,0.002745599,0
3577,02/07/15 5:26,19.745,19.29,0,443,0.002737909,0
3578,02/07/15 5:28,19.7,19.34,0,443,0.002737346,0
3579,02/07/15 5:29,19.745,19.34,0,443.5,0.002745037,0
3580,02/07/15 5:30,19.745,19.29,0,441.5,0.002737909,0
3581,02/07/15 5:31,19.79,19.29,0,439,0.002745599,0
3582,02/07/15 5:31,19.79,19.29,0,437,0.002745599,0
3583,02/07/15 5:32,19.79,19.29,0,442.6666667,0.002745599,0
3584,02/07/15 5:34,19.79,19.29,0,442,0.002745599,0
3585,02/07/15 5:35,19.79,19.29,0,438.5,0.002745599,0
3586,02/07/15 5:36,19.79,19.29,0,437,0.002745599,0
3587,02/07/15 5:37,19.79,19.29,0,440,0.002745599,0
3588,02/07/15 5:38,19.79,19.26,0,444.5,0.00274131,0
3589,02/07/15 5:38,19.79,19.29,0,438.6666667,0.002745599,0
3590,02/07/15 5:39,19.79,19.2,0,438,0.002732733,0
3591,02/07/15 5:41,19.79,19.2,0,437,0.002732733,0
3592,02/07/15 5:42,19.79,19.2,0,444,0.002732733,0
3593,02/07/15 5:43,19.79,19.2,0,444,0.002732733,0
3594,02/07/15 5:44,19.79,19.2,0,443,0.002732733,0
3595,02/07/15 5:44,19.79,19.245,0,444,0.002739166,0
3596,02/07/15 5:45,19.76,19.26,0,442.3333333,0.00273619,0
3597,02/07/15 5:47,19.79,19.29,0,442,0.002745599,0
3598,02/07/15 5:48,19.76,19.29,0,444.6666667,0.00274047,0
3599,02/07/15 5:49,19.79,19.29,0,443,0.002745599,0
3600,02/07/15 5:50,19.745,19.29,0,443.5,0.002737909,0
3601,02/07/15 5:51,19.79,19.29,0,444,0.002745599,0
3602,02/07/15 5:51,19.745,19.29,0,441,0.002737909,0
3603,02/07/15 5:53,19.73,19.32333333,0,441.75,0.002740098,0
3604,02/07/15 5:54,19.745,19.34,0,445.5,0.002745037,0
3605,02/07/15 5:55,19.7,19.34,0,442,0.002737346,0
3606,02/07/15 5:55,19.7,19.39,0,441,0.002744454,0
3607,02/07/15 5:57,19.7,19.39,0,448,0.002744454,0
3608,02/07/15 5:57,19.7,19.39,0,443,0.002744454,0
3609,02/07/15 5:58,19.7,19.39,0,442,0.002744454,0
3610,02/07/15 6:00,19.745,19.39,0,443,0.002752165,0
3611,02/07/15 6:01,19.7,19.39,0,446,0.002744454,0
3612,02/07/15 6:02,19.7,19.39,0,439,0.002744454,0
3613,02/07/15 6:03,19.7,19.39,0,444,0.002744454,0
3614,02/07/15 6:04,19.7,19.39,0,445,0.002744454,0
3615,02/07/15 6:04,19.7,19.39,0,440,0.002744454,0
3616,02/07/15 6:06,19.7,19.39,0,442.3333333,0.002744454,0
3617,02/07/15 6:07,19.7,19.39,0,444,0.002744454,0
3618,02/07/15 6:08,19.7,19.39,0,441.5,0.002744454,0
3619,02/07/15 6:08,19.7,19.39,0,444,0.002744454,0
3620,02/07/15 6:10,19.7,19.39,0,439.5,0.002744454,0
3621,02/07/15 6:10,19.7,19.39,0,441,0.002744454,0
3622,02/07/15 6:11,19.7,19.39,0,442,0.002744454,0
3623,02/07/15 6:13,19.745,19.39,0,447,0.002752165,0
3624,02/07/15 6:14,19.7225,19.39,0,450.5,0.002748307,0
3625,02/07/15 6:15,19.7,19.39,0,452,0.002744454,0
3626,02/07/15 6:16,19.7,19.39,0,450,0.002744454,0
3627,02/07/15 6:16,19.7,19.39,0,447,0.002744454,0
3628,02/07/15 6:17,19.79,19.39,0,442,0.002759896,0
3629,02/07/15 6:19,19.7,19.39,0,442,0.002744454,0
3630,02/07/15 6:20,19.7,19.39,0,449.6666667,0.002744454,0
3631,02/07/15 6:21,19.7,19.39,0,445,0.002744454,0
3632,02/07/15 6:22,19.7,19.39,0,445,0.002744454,0
3633,02/07/15 6:23,19.7,19.39,0,446,0.002744454,0
3634,02/07/15 6:23,19.7,19.39,0,447,0.002744454,0
3635,02/07/15 6:24,19.7,19.39,0,444,0.002744454,0
3636,02/07/15 6:26,19.7,19.39,0,443,0.002744454,0
3637,02/07/15 6:27,19.7,19.39,0,442,0.002744454,0
3638,02/07/15 6:28,19.7,19.39,0,442.5,0.002744454,0
3639,02/07/15 6:29,19.7,19.39,0,441,0.002744454,0
3640,02/07/15 6:29,19.7,19.39,0,444,0.002744454,0
3641,02/07/15 6:30,19.7,19.39,0,447,0.002744454,0
3642,02/07/15 6:32,19.7,19.35666667,0,445,0.002739715,0
3643,02/07/15 6:33,19.7,19.39,0,445,0.002744454,0
3644,02/07/15 6:34,19.65,19.34,0,442.5,0.002728822,0
3645,02/07/15 6:35,19.7,19.39,0,445,0.002744454,0
3646,02/07/15 6:36,19.7,19.29,0,448.5,0.002730238,0
3647,02/07/15 6:36,19.7,19.29,0,448,0.002730238,0
3648,02/07/15 6:38,19.7,19.29,0,449.5,0.002730238,0
3649,02/07/15 6:39,19.7,19.29,0,450,0.002730238,0
3650,02/07/15 6:40,19.7,19.245,0,449,0.002723841,0
3651,02/07/15 6:40,19.7,19.245,0,442,0.002723841,0
3652,02/07/15 6:42,19.7,19.2,0,446,0.002717444,0
3653,02/07/15 6:42,19.7,19.2,0,445,0.002717444,0
3654,02/07/15 6:43,19.7,19.29,0,444.5,0.002730238,0
3655,02/07/15 6:45,19.7,19.2,0,445,0.002717444,0
3656,02/07/15 6:46,19.745,19.2675,0,451.75,0.002734702,0
3657,02/07/15 6:47,19.76,19.23,0,450.3333333,0.002731909,0
3658,02/07/15 6:48,19.745,19.2,0,451,0.002725079,0
3659,02/07/15 6:49,19.79,19.2,0,452,0.002732733,0
3660,02/07/15 6:49,19.79,19.2,0,450,0.002732733,0
3661,02/07/15 6:51,19.79,19.2,0,444,0.002732733,0
3662,02/07/15 6:52,19.7675,19.2,0,446.5,0.002728904,0
3663,02/07/15 6:53,19.79,19.2,0,447.6666667,0.002732733,0
3664,02/07/15 6:53,19.79,19.2,0,440.3333333,0.002732733,0
3665,02/07/15 6:55,19.79,19.2,0,448,0.002732733,0
3666,02/07/15 6:55,19.73,19.2,0,448.3333333,0.002722532,0
3667,02/07/15 6:56,19.745,19.245,0,445,0.002731494,0
3668,02/07/15 6:58,19.7,19.2,0,442,0.002717444,0
3669,02/07/15 6:59,19.745,19.245,0,448,0.002731494,0
3670,02/07/15 7:00,19.745,19.29,0,449,0.002737909,0
3671,02/07/15 7:01,19.7,19.29,0,451,0.002730238,0
3672,02/07/15 7:01,19.79,19.29,0,448,0.002745599,0
3673,02/07/15 7:02,19.7,19.29,0,447.5,0.002730238,0
3674,02/07/15 7:04,19.7,19.29,0,446.5,0.002730238,0
3675,02/07/15 7:05,19.7,19.29,0,449,0.002730238,0
3676,02/07/15 7:06,19.7,19.29,0,453,0.002730238,0
3677,02/07/15 7:07,19.7,19.29,0,448,0.002730238,0
3678,02/07/15 7:08,19.7,19.34,0,449.5,0.002737346,0
3679,02/07/15 7:08,19.7,19.39,0,449,0.002744454,0
3680,02/07/15 7:09,19.7,19.39,0,447,0.002744454,0
3681,02/07/15 7:11,19.66666667,19.35666667,0,449.3333333,0.002734025,0
3682,02/07/15 7:12,19.7,19.39,0,448,0.002744454,0
3683,02/07/15 7:13,19.7,19.39,0,446.5,0.002744454,0
3684,02/07/15 7:14,19.65,19.34,0,444,0.002728822,0
3685,02/07/15 7:14,19.7,19.39,0,443.3333333,0.002744454,0
3686,02/07/15 7:15,19.66666667,19.35666667,0,450,0.002734025,0
3687,02/07/15 7:17,19.66666667,19.35666667,0,453.3333333,0.002734025,0
3688,02/07/15 7:18,19.7,19.39,0,448,0.002744454,0
3689,02/07/15 7:19,19.65,19.34,0,449,0.002728822,0
3690,02/07/15 7:20,19.6,19.29,0,450,0.002713259,0
3691,02/07/15 7:21,19.7,19.39,0,451,0.002744454,0
3692,02/07/15 7:21,19.65,19.34,0,443,0.002728822,0
3693,02/07/15 7:23,19.66666667,19.35666667,0,448.3333333,0.002734025,0
3694,02/07/15 7:24,19.65,19.34,0,453,0.002728822,0
3695,02/07/15 7:25,19.6,19.29,0,451,0.002713259,0
3696,02/07/15 7:25,19.7,19.39,0,451.5,0.002744454,0
3697,02/07/15 7:27,19.7,19.39,0,451,0.002744454,0
3698,02/07/15 7:27,19.7,19.39,0,448,0.002744454,0
3699,02/07/15 7:28,19.7,19.39,0,450,0.002744454,0
3700,02/07/15 7:30,19.65,19.34,0,446,0.002728822,0
3701,02/07/15 7:31,19.7,19.39,0,445,0.002744454,0
3702,02/07/15 7:32,19.65,19.34,0,446,0.002728822,0
3703,02/07/15 7:33,19.7,19.4175,0,448.75,0.002748364,0
3704,02/07/15 7:34,19.7,19.445,0,449,0.002752273,0
3705,02/07/15 7:34,19.7,19.39,0,454,0.002744454,0
3706,02/07/15 7:36,19.7,19.39,0,452.6666667,0.002744454,0
3707,02/07/15 7:37,19.7,19.39,0,450,0.002744454,0
3708,02/07/15 7:38,19.65,19.34,0,444.5,0.002728822,0
3709,02/07/15 7:38,19.7,19.39,0,448.5,0.002744454,0
3710,02/07/15 7:40,19.7,19.39,0,448,0.002744454,0
3711,02/07/15 7:40,19.7,19.39,0,447,0.002744454,0
3712,02/07/15 7:41,19.7,19.39,0,449.5,0.002744454,0
3713,02/07/15 7:43,19.6,19.29,0,450,0.002713259,0
3714,02/07/15 7:44,19.7,19.39,0,450,0.002744454,0
3715,02/07/15 7:45,19.7,19.39,0,445,0.002744454,0
3716,02/07/15 7:46,19.7,19.39,0,447.5,0.002744454,0
3717,02/07/15 7:46,19.7,19.39,0,454,0.002744454,0
3718,02/07/15 7:47,19.7,19.5,0,450,0.002760093,0
3719,02/07/15 7:49,19.7,19.5,0,452,0.002760093,0
3720,02/07/15 7:50,19.7,19.5,0,447,0.002760093,0
3721,02/07/15 7:51,19.7,19.5,0,456,0.002760093,0
3722,02/07/15 7:52,19.65,19.445,0,452,0.002743703,0
3723,02/07/15 7:53,19.7,19.5,0,452,0.002760093,0
3724,02/07/15 7:53,19.7,19.445,0,450,0.002752273,0
3725,02/07/15 7:54,19.65,19.445,0,450.5,0.002743703,0
3726,02/07/15 7:56,19.6,19.39,0,450.5,0.002727386,0
3727,02/07/15 7:57,19.7,19.5,0,452,0.002760093,0
3728,02/07/15 7:58,19.7,19.5,0,455,0.002760093,0
3729,02/07/15 7:59,19.7,19.5,0,454,0.002760093,0
3730,02/07/15 7:59,19.6,19.42666667,0,453,0.002732566,0
3731,02/07/15 8:00,19.6,19.39,0,449,0.002727386,0
3732,02/07/15 8:02,19.6,19.5,0,451,0.002742927,0
3733,02/07/15 8:03,19.6,19.5,0,449,0.002742927,0
3734,02/07/15 8:04,19.575,19.5,0,451,0.00273865,0
3735,02/07/15 8:05,19.6,19.5,0,455.5,0.002742927,0
3736,02/07/15 8:06,19.6,19.5,0,453.5,0.002742927,0
3737,02/07/15 8:06,19.6,19.5,0,445.5,0.002742927,0
3738,02/07/15 8:08,19.6,19.5,0,448,0.002742927,0
3739,02/07/15 8:09,19.6,19.5,14,453.5,0.002742927,0
3740,02/07/15 8:10,19.6,19.5,14,450,0.002742927,0
3741,02/07/15 8:10,19.6,19.5,14,451,0.002742927,0
3742,02/07/15 8:12,19.6,19.5,14,451.3333333,0.002742927,0
3743,02/07/15 8:12,19.6,19.5,14,453.6,0.002742927,0
3744,02/07/15 8:13,19.6,19.5,14,456,0.002742927,0
3745,02/07/15 8:15,19.6,19.5,9.333333333,451,0.002742927,0
3746,02/07/15 8:16,19.6,19.5,10.5,446,0.002742927,0
3747,02/07/15 8:17,19.6,19.5,7,447,0.002742927,0
3748,02/07/15 8:18,19.6,19.5,9.333333333,449.3333333,0.002742927,0
3749,02/07/15 8:19,19.6,19.5,7,450.75,0.002742927,0
3750,02/07/15 8:19,19.63333333,19.53333333,9.333333333,451.3333333,0.002753358,0
3751,02/07/15 8:21,19.6,19.5,7,450.5,0.002742927,0
3752,02/07/15 8:22,19.625,19.5,10,458,0.002747209,0
3753,02/07/15 8:23,19.6,19.5,13.5,454.5,0.002742927,0
3754,02/07/15 8:23,19.6,19.5,11.5,459.75,0.002742927,0
3755,02/07/15 8:25,19.65,19.55,6,457,0.002758584,0
3756,02/07/15 8:25,19.7,19.55,6,459,0.002767201,0
3757,02/07/15 8:26,19.675,19.5,6,456.25,0.002755792,0
3758,02/07/15 8:28,19.675,19.5,6,453,0.002755792,0
3759,02/07/15 8:29,19.7,19.5,12,452.6666667,0.002760093,0
3760,02/07/15 8:30,19.675,19.5,24,453.25,0.002755792,0
3761,02/07/15 8:31,19.7,19.5,24,454,0.002760093,0
3762,02/07/15 8:31,19.7,19.5,24,458,0.002760093,0
3763,02/07/15 8:32,19.68,19.478,24,458,0.002753528,0
3764,02/07/15 8:34,19.7,19.5,14,454.75,0.002760093,0
3765,02/07/15 8:35,19.675,19.4725,14,453.5,0.002751889,0
3766,02/07/15 8:36,19.66666667,19.46333333,17.33333333,456.3333333,0.002749158,0
3767,02/07/15 8:37,19.7,19.5,18.5,457.75,0.002760093,0
3768,02/07/15 8:38,19.7,19.5,20.33333333,461,0.002760093,0
3769,02/07/15 8:38,19.7,19.5,26.5,460.25,0.002760093,0
3770,02/07/15 8:39,19.7,19.5,26.5,458,0.002760093,0
3771,02/07/15 8:41,19.7,19.5,26.5,459,0.002760093,0
3772,02/07/15 8:42,19.63333333,19.42666667,22,457,0.002738256,0
3773,02/07/15 8:43,19.7,19.5,13,451.5,0.002760093,0
3774,02/07/15 8:44,19.7,19.5,22,451.5,0.002760093,0
3775,02/07/15 8:44,19.66666667,19.46333333,31,455,0.002749158,0
3776,02/07/15 8:45,19.675,19.4725,31,458,0.002751889,0
3777,02/07/15 8:47,19.7,19.5,31,457.5,0.002760093,0
3778,02/07/15 8:48,19.675,19.4725,31,456.5,0.002751889,0
3779,02/07/15 8:49,19.63333333,19.42666667,31,454.3333333,0.002738256,0
3780,02/07/15 8:50,19.675,19.4725,31,455,0.002751889,0
3781,02/07/15 8:51,19.66666667,19.46333333,42.33333333,456.3333333,0.002749158,0
3782,02/07/15 8:51,19.65,19.445,48,456,0.002743703,0
3783,02/07/15 8:53,19.65,19.4725,48,452.5,0.0027476,0
3784,02/07/15 8:54,19.63333333,19.5,38.33333333,451.3333333,0.002748638,0
3785,02/07/15 8:55,19.625,19.5,33.5,453,0.002747209,0
3786,02/07/15 8:55,19.6,19.5,38.33333333,453,0.002742927,0
3787,02/07/15 8:57,19.6,19.5,33.5,454.5,0.002742927,0
3788,02/07/15 8:57,19.6,19.5,40.75,456.75,0.002742927,0
3789,02/07/15 8:58,19.6,19.5,41.5,453.5,0.002742927,0
3790,02/07/15 9:00,19.575,19.55,38.75,450.25,0.002745703,0
3791,02/07/15 9:01,19.575,19.6,55,454.75,0.002752757,0
3792,02/07/15 9:02,19.575,19.6,67.75,455,0.002752757,0
3793,02/07/15 9:03,19.6,19.6,81.66666667,455.3333333,0.002757055,0
3794,02/07/15 9:04,19.63333333,19.6,82.66666667,457,0.002762796,0
3795,02/07/15 9:04,19.65,19.5,89.75,461.5,0.002751498,0
3796,02/07/15 9:06,19.7,19.53333333,96,458,0.002764832,0
3797,02/07/15 9:07,19.7675,19.5,93.5,461,0.002771733,0
3798,02/07/15 9:08,19.79,19.39,93.5,458,0.002759896,0
3799,02/07/15 9:08,19.79,19.39,91.5,460,0.002759896,0
3800,02/07/15 9:10,19.89,19.4175,103,453.25,0.002781099,0
3801,02/07/15 9:10,19.89,19.39,107.25,452.5,0.002777143,0
3802,02/07/15 9:11,19.92666667,19.42666667,110,455.3333333,0.002788777,0
3803,02/07/15 9:13,19.945,19.365,112,451,0.00278306,0
3804,02/07/15 9:14,20,19.34,116,453,0.002788981,0
3805,02/07/15 9:15,20,19.29,119.5,450.75,0.002781738,0
3806,02/07/15 9:16,20,19.29,126.3333333,450.6666667,0.002781738,0
3807,02/07/15 9:16,20,19.2675,133,458.25,0.002778479,0
3808,02/07/15 9:17,20.06666667,19.26,133,460.6666667,0.002788935,0
3809,02/07/15 9:19,20.1,19.29,130.5,460,0.002799094,0
3810,02/07/15 9:20,20.13333333,19.23,137.6666667,457,0.002796137,0
3811,02/07/15 9:21,20.15,19.2225,137.75,455,0.002797938,0
3812,02/07/15 9:22,20.13333333,19.2,143.3333333,456.3333333,0.002791755,0
3813,02/07/15 9:23,20.2,19.2,141.6,461.75,0.002803345,0
3814,02/07/15 9:23,20.2675,19.2,151.75,459.6,0.002815123,0
3815,02/07/15 9:24,20.2675,19.175,152,455,0.002811441,0
3816,02/07/15 9:26,20.29,19.175,157,454.4,0.002815371,0
3817,02/07/15 9:27,20.29,19.15,153,458.5,0.002811684,0
3818,02/07/15 9:28,20.365,19.1,165.5,455.75,0.002817394,0
3819,02/07/15 9:29,20.39,19.075,168,455,0.002818058,0
3820,02/07/15 9:29,20.39,19.03333333,173.3333333,456,0.002811874,0
3821,02/07/15 9:30,20.39,19,166.25,455.5,0.002806927,0
3822,02/07/15 9:32,20.445,19.05,170.5,453.5,0.002823965,0
3823,02/07/15 9:33,20.5,19.025,172.5,460.5,0.002829875,0
3824,02/07/15 9:34,20.5,19,175.3333333,454.6666667,0.00282614,0
3825,02/07/15 9:35,20.525,19,181.5,455,0.002830522,0
3826,02/07/15 9:36,20.55,19,188.5,458.25,0.002834911,0
3827,02/07/15 9:36,20.6,18.9725,190,457,0.002839571,0
3828,02/07/15 9:38,20.6,18.92666667,196.6666667,456.3333333,0.00283268,0
3829,02/07/15 9:39,20.65,18.945,199,457.5,0.002844229,0
3830,02/07/15 9:40,20.7,18.9175,215,454.5,0.002848886,0
3831,02/07/15 9:40,20.7,18.89,611.5,452.25,0.002844726,0
3832,02/07/15 9:42,20.7,18.89,1546.333333,455.3333333,0.002844726,0
3833,02/07/15 9:42,20.745,18.89,1451.75,453,0.002852659,0
3834,02/07/15 9:43,20.76,18.85666667,829,452.6666667,0.002850246,0
3835,02/07/15 9:45,20.79,18.84,251.25,458.75,0.002853004,0
3836,02/07/15 9:46,20.79,18.815,205.5,461.6666667,0.002849201,0
3837,02/07/15 9:47,20.79,18.84,220.75,458.4,0.002853004,0
3838,02/07/15 9:48,20.82333333,18.85666667,224.6666667,454.3333333,0.002861432,0
3839,02/07/15 9:49,20.815,18.815,205,458.5,0.00285361,0
3840,02/07/15 9:49,20.84,18.84,219,457.5,0.002861839,0
3841,02/07/15 9:51,20.89,18.84,212,460,0.002870698,0
3842,02/07/15 9:52,20.89,18.815,230.25,459.25,0.002866871,0
3843,02/07/15 9:53,20.89,18.82333333,241.3333333,459.3333333,0.002868147,0
3844,02/07/15 9:53,20.96333333,18.79,204.3333333,460.3333333,0.002876047,0
3845,02/07/15 9:55,20.9725,18.79,183.25,464,0.002877675,0
3846,02/07/15 9:55,20.96333333,18.79,229,459,0.002876047,0
3847,02/07/15 9:56,21,18.7675,206.5,456.75,0.002879099,0
3848,02/07/15 9:58,21,18.7675,204,459.75,0.002879099,0
3849,02/07/15 9:59,21,18.7675,257.25,459,0.002879099,0
3850,02/07/15 10:00,21,18.7,257,456.5,0.002868696,0
3851,02/07/15 10:01,21.075,18.7,257,458.25,0.00288201,0
3852,02/07/15 10:01,21.125,18.7,253,461.5,0.002890915,0
3853,02/07/15 10:02,21.1,18.66666667,270.3333333,463,0.00288129,0
3854,02/07/15 10:04,21.13333333,18.6,269,460.6666667,0.002876863,0
3855,02/07/15 10:05,21.15,18.6,265.5,461,0.002879822,0
3856,02/07/15 10:06,21.2,18.6,270,461.6666667,0.002888716,0
3857,02/07/15 10:07,21.2,18.6,271,463.3333333,0.002888716,0
3858,02/07/15 10:08,21.2675,18.6,258,461.25,0.00290076,0
3859,02/07/15 10:08,21.29,18.6,267,463,0.002904785,0
3860,02/07/15 10:09,21.29,18.56666667,270.3333333,460.3333333,0.002899555,0
3861,02/07/15 10:11,21.29,18.525,258.75,461.5,0.002893018,0
3862,02/07/15 10:12,21.315,18.525,269,461.75,0.002897477,0
3863,02/07/15 10:13,21.365,18.5,262.5,455.5,0.002902474,0
3864,02/07/15 10:14,21.35666667,18.5,275.3333333,457.3333333,0.002900985,0
3865,02/07/15 10:14,21.39,18.5,271.25,459.25,0.002906945,0
3866,02/07/15 10:15,21.4175,18.5,288.25,461.5,0.002911871,0
3867,02/07/15 10:17,21.39,18.445,291,460.5,0.002898263,0
3868,02/07/15 10:18,21.5,18.5,287.25,462,0.002926692,0
3869,02/07/15 10:19,21.5,18.5,283.3333333,464,0.002926692,0
3870,02/07/15 10:20,21.5,18.5,290.5,462.5,0.002926692,0
3871,02/07/15 10:21,21.5,18.4725,290.25,461.5,0.002922321,0
3872,02/07/15 10:21,21.5,18.42666667,303,459,0.002915036,0
3873,02/07/15 10:23,21.55,18.39,300.5,459.25,0.002918169,0
3874,02/07/15 10:24,21.6,18.39,297,462.5,0.002927154,0
3875,02/07/15 10:25,21.6,18.39,300.5,458.5,0.002927154,0
3876,02/07/15 10:25,21.6,18.39,307.6666667,457,0.002927154,0
3877,02/07/15 10:27,21.7,18.39,306.75,454,0.002945197,0
3878,02/07/15 10:27,21.7,18.365,305,454.5,0.002941174,0
3879,02/07/15 10:28,21.7,18.29,304,456,0.002929106,0
3880,02/07/15 10:30,21.7,18.29,305,460.75,0.002929106,0
3881,02/07/15 10:31,21.7,18.29,317.3333333,454.6666667,0.002929106,0
3882,02/07/15 10:32,21.745,18.245,300.5,459,0.002929952,0
3883,02/07/15 10:33,21.745,18.2,324.75,458.25,0.002922692,0
3884,02/07/15 10:34,21.79,18.2,314,454.75,0.002930778,0
3885,02/07/15 10:34,21.79,18.2,316.75,453.5,0.002930778,0
3886,02/07/15 10:36,21.84,18.2225,327.5,463,0.002943436,0
3887,02/07/15 10:37,21.85666667,18.16666667,311.3333333,462,0.002937377,0
3888,02/07/15 10:38,21.89,18.2,328.5,461.25,0.002948816,0
3889,02/07/15 10:38,21.89,18.2,327,459.6666667,0.002948816,0
3890,02/07/15 10:40,21.89,18.1,324,457.25,0.002932538,0
3891,02/07/15 10:40,21.89,18.1,329.3333333,460,0.002932538,0
3892,02/07/15 10:41,21.89,18.1,330.25,458.5,0.002932538,0
3893,02/07/15 10:43,21.945,18.1,321.25,458,0.002942445,0
3894,02/07/15 10:44,22,18.1,334.75,460,0.002952382,0
3895,02/07/15 10:45,22,18.05,333,452.5,0.002944188,0
3896,02/07/15 10:46,22,18.025,334.75,464.5,0.002940091,0
3897,02/07/15 10:46,22.03333333,18.03333333,345,464.3333333,0.002947471,0
3898,02/07/15 10:47,22.06666667,18,335.3333333,459,0.002948011,0
3899,02/07/15 10:49,22.1,18,336.5,458.5,0.002954036,0
3900,02/07/15 10:50,22.1,17.9725,342,461.25,0.002949501,0
3901,02/07/15 10:51,22.1,17.96333333,335.3333333,464.6666667,0.00294799,0
3902,02/07/15 10:52,22.1,17.945,288.75,461,0.002944967,0
3903,02/07/15 10:53,22.1,17.89,351.3333333,459.3333333,0.002935898,0
3904,02/07/15 10:53,22.1,17.945,348,459.25,0.002944967,0
3905,02/07/15 10:54,22.1,17.9725,351,457.5,0.002949501,0
3906,02/07/15 10:56,22.1,18,351,463,0.002954036,0
3907,02/07/15 10:57,22.15,17.945,351,458.5,0.002953996,0
3908,02/07/15 10:58,22.2,17.89,355.5,456.75,0.002953926,0
3909,02/07/15 10:59,22.2,17.89,333,459.75,0.002953926,0
3910,02/07/15 10:59,22.2,17.89,337.5,459.5,0.002953926,0
3911,02/07/15 11:00,22.2,17.89,350.25,458.5,0.002953926,0
3912,02/07/15 11:02,22.245,17.89,347.5,456.75,0.00296207,0
3913,02/07/15 11:03,22.29,17.89,352.3333333,452,0.002970233,0
3914,02/07/15 11:04,22.272,17.83,350.4,452.5,0.002956967,0
3915,02/07/15 11:05,22.29,17.815,357.5,455.4,0.002957722,0
3916,02/07/15 11:06,22.29,17.84,353,453.5,0.002961892,0
3917,02/07/15 11:06,22.34,17.79,344,456.75,0.002962594,0
3918,02/07/15 11:08,22.35666667,17.79,350,459,0.002965614,0
3919,02/07/15 11:09,22.34,17.79,337.75,457.5,0.002962594,0
3920,02/07/15 11:10,22.365,17.7675,333.5,453.5,0.002963354,0
3921,02/07/15 11:10,22.39,17.7,338,453.6666667,0.002956556,0
3922,02/07/15 11:12,22.365,17.745,353,452,0.002959584,0
3923,02/07/15 11:12,22.35666667,17.7,342,452.6666667,0.00295054,0
3924,02/07/15 11:13,22.39,17.7,351.5,453.5,0.002956556,0
3925,02/07/15 11:15,22.39,17.7,350,455.25,0.002956556,0
3926,02/07/15 11:16,22.39,17.7,362,452,0.002956556,0
3927,02/07/15 11:17,22.4175,17.7,355.75,452.25,0.002961528,0
3928,02/07/15 11:18,22.4175,17.7,342.5,459.5,0.002961528,0
3929,02/07/15 11:19,22.445,17.65,353,458,0.002958087,0
3930,02/07/15 11:19,22.5,17.7,344,456.5,0.002976488,0
3931,02/07/15 11:21,22.5,17.7,357.5,456,0.002976488,0
3932,02/07/15 11:22,22.5,17.7,353,453.75,0.002976488,0
3933,02/07/15 11:23,22.5,17.7,334,459,0.002976488,0
3934,02/07/15 11:23,22.53333333,17.63333333,331,459,0.002971263,0
3935,02/07/15 11:25,22.55,17.6,346,458.75,0.002968638,0
3936,02/07/15 11:25,22.525,17.65,341,451.5,0.002972573,0
3937,02/07/15 11:26,22.5,17.6,331,451,0.002959591,0
3938,02/07/15 11:28,22.55,17.6,354.25,450.5,0.002968638,0
3939,02/07/15 11:29,22.575,17.6,349.75,455.5,0.00297317,0
3940,02/07/15 11:30,22.6,17.6,364.5,453,0.002977709,0
3941,02/07/15 11:31,22.6,17.6,356,455.5,0.002977709,0
3942,02/07/15 11:31,22.6,17.55,349.75,456,0.002969209,0
3943,02/07/15 11:32,22.6,17.6,357.3333333,458.6666667,0.002977709,0
3944,02/07/15 11:34,22.6,17.525,354.25,458.5,0.002964959,0
3945,02/07/15 11:35,22.6,17.56666667,357.3333333,456,0.002972042,0
3946,02/07/15 11:36,22.6,17.5,336.3333333,455,0.00296071,0
3947,02/07/15 11:37,22.6,17.6,359.75,455,0.002977709,0
3948,02/07/15 11:38,22.65,17.6,358,458.75,0.002986804,0
3949,02/07/15 11:38,22.66666667,17.56666667,355,455.3333333,0.002984152,0
3950,02/07/15 11:39,22.7,17.6,349,451,0.002995924,0
3951,02/07/15 11:41,22.7,17.6,358,455.5,0.002995924,0
3952,02/07/15 11:42,22.7,17.6,349,458,0.002995924,0
3953,02/07/15 11:43,22.7,17.6,352.6666667,456.6666667,0.002995924,0
3954,02/07/15 11:44,22.7,17.6,345.5,453.75,0.002995924,0
3955,02/07/15 11:44,22.7225,17.6,347.25,454.5,0.003000036,0
3956,02/07/15 11:45,22.7225,17.6,360,453.5,0.003000036,0
3957,02/07/15 11:47,22.7,17.6,360,453,0.002995924,0
3958,02/07/15 11:48,22.79,17.6,343,450.5,0.003012401,0
3959,02/07/15 11:49,22.76,17.6,343,452.3333333,0.0030069,0
3960,02/07/15 11:50,22.79,17.6,343,453.5,0.003012401,0
3961,02/07/15 11:51,22.76,17.6,344.3333333,450,0.0030069,0
3962,02/07/15 11:51,22.79,17.6,339.5,450.5,0.003012401,0
3963,02/07/15 11:53,22.79,17.6,339.5,452,0.003012401,0
3964,02/07/15 11:54,22.79,17.6,357.5,455.75,0.003012401,0
3965,02/07/15 11:55,22.79,17.6,354,458,0.003012401,0
3966,02/07/15 11:55,22.79,17.6,334,457,0.003012401,0
3967,02/07/15 11:57,22.815,17.6,334.5,461.75,0.003016993,0
3968,02/07/15 11:57,22.815,17.6,336,458,0.003016993,0
3969,02/07/15 11:58,22.85666667,17.6,334,455.6666667,0.003024658,0
3970,02/07/15 12:00,22.89,17.6,352.25,453,0.003030803,0
3971,02/07/15 12:01,22.89,17.6,338.3333333,451.6666667,0.003030803,0
3972,02/07/15 12:02,22.865,17.6,340.5,452.5,0.003026193,0
3973,02/07/15 12:03,22.89,17.6,333,454,0.003030803,0
3974,02/07/15 12:04,22.89,17.6,337.2,457,0.003030803,0
3975,02/07/15 12:04,22.89,17.6,336,448.6666667,0.003030803,0
3976,02/07/15 12:06,22.89,17.6,334.5,451.25,0.003030803,0
3977,02/07/15 12:07,22.9175,17.625,342.75,453,0.003040214,0
3978,02/07/15 12:08,22.89,17.65,342.75,455.25,0.003039455,0
3979,02/07/15 12:08,22.89,17.625,341,457,0.003035129,0
3980,02/07/15 12:10,22.89,17.65,341,457,0.003039455,0
3981,02/07/15 12:10,22.89,17.675,318.5,452.5,0.003043782,0
3982,02/07/15 12:11,22.89,17.63333333,337,453.6666667,0.003036571,0
3983,02/07/15 12:13,22.89,17.6,314.6666667,457.3333333,0.003030803,0
3984,02/07/15 12:14,22.9175,17.6,298.75,453,0.003035881,0
3985,02/07/15 12:15,22.945,17.55,312.25,459,0.003032285,0
3986,02/07/15 12:16,22.945,17.6,321.5,458.25,0.003040966,0
3987,02/07/15 12:16,22.92666667,17.53333333,317,452,0.003026013,0
3988,02/07/15 12:17,22.9725,17.525,319.75,451.5,0.003033015,0
3989,02/07/15 12:19,22.9725,17.55,310.75,445,0.003037363,0
3990,02/07/15 12:20,23,17.6,313.5,444.5,0.003051159,0
3991,02/07/15 12:21,22.9725,17.5,313.5,445.75,0.003028667,0
3992,02/07/15 12:22,23,17.5,310,449,0.003033738,0
3993,02/07/15 12:23,23,17.5,310,449.5,0.003033738,0
3994,02/07/15 12:23,23,17.46333333,310,446,0.003027351,0
3995,02/07/15 12:24,23,17.4175,308.75,449.5,0.003019367,0
3996,02/07/15 12:26,23,17.39,308.75,455,0.003014576,0
3997,02/07/15 12:27,23.03333333,17.42666667,318.3333333,457,0.003027094,0
3998,02/07/15 12:28,23.03333333,17.35666667,312.3333333,455,0.003014876,0
3999,02/07/15 12:29,23,17.315,308.5,452,0.003001512,0
4000,02/07/15 12:29,23.02,17.352,317.5,456,0.003011618,0
4001,02/07/15 12:30,23.03333333,17.35666667,308.5,454,0.003014876,0
4002,02/07/15 12:32,23.025,17.365,306.75,447.25,0.003014802,0
4003,02/07/15 12:33,23.04,17.35,321.25,445.5,0.003014934,0
4004,02/07/15 12:34,23.06666667,17.35666667,305,450.25,0.003020992,0
4005,02/07/15 12:35,23.05,17.315,315,446.75,0.003010653,0
4006,02/07/15 12:36,23.1,17.29,310.5,446.5,0.003015436,0
4007,02/07/15 12:36,23.06666667,17.26,297,448.6666667,0.003004086,0
4008,02/07/15 12:38,23.06666667,17.26,297,451.3333333,0.003004086,0
4009,02/07/15 12:39,23.1,17.29,310.5,453.5,0.003015436,0
4010,02/07/15 12:40,23.075,17.2675,310.5,455,0.00300692,0
4011,02/07/15 12:40,23.1,17.29,303,454.6666667,0.003015436,0
4012,02/07/15 12:42,23.1,17.29,312.6666667,448.6666667,0.003015436,0
4013,02/07/15 12:42,23.075,17.2675,291,450.5,0.00300692,0
4014,02/07/15 12:43,23.1,17.245,288,447.5,0.00300755,0
4015,02/07/15 12:45,23.1,17.2,291,444,0.002999664,0
4016,02/07/15 12:46,23.1,17.2,301,444.25,0.002999664,0
4017,02/07/15 12:47,23.1,17.2,292,448.5,0.002999664,0
4018,02/07/15 12:48,23.1,17.16666667,302,446,0.002993823,0
4019,02/07/15 12:49,23.1,17.1,293.5,449.75,0.002982141,0
4020,02/07/15 12:49,23.1,17.03333333,302,453,0.002970459,0
4021,02/07/15 12:51,23.1,17.05,285,448.75,0.002973379,0
4022,02/07/15 12:52,23.1,17,285,448.5,0.002964618,0
4023,02/07/15 12:53,23.1,17,285,448.25,0.002964618,0
4024,02/07/15 12:53,23.1,17,283.25,451,0.002964618,0
4025,02/07/15 12:55,23.1,17,288.6666667,449.6666667,0.002964618,0
4026,02/07/15 12:55,23.1,17,278.75,448.5,0.002964618,0
4027,02/07/15 12:56,23.1,17,279.75,446,0.002964618,0
4028,02/07/15 12:58,23.1,17,283.25,447,0.002964618,0
4029,02/07/15 12:59,23.1,17,271,441.6666667,0.002964618,0
4030,02/07/15 13:00,23.1,17.06,268,445.25,0.002975132,0
4031,02/07/15 13:01,23.1,17.03333333,268.25,447.5,0.002970459,0
4032,02/07/15 13:01,23.1,17.06666667,266,446.3333333,0.0029763,0
4033,02/07/15 13:02,23.1,17,270.25,453.5,0.002964618,0
4034,02/07/15 13:04,23.1,16.9725,268.5,449.25,0.0029598,0
4035,02/07/15 13:05,23.1,16.89,272,445.25,0.002945345,0
4036,02/07/15 13:06,23.1,16.89,274,445,0.002945345,0
4037,02/07/15 13:07,23.1,16.84,265,446,0.002936584,0
4038,02/07/15 13:08,23.1,16.89,265,449,0.002945345,0
4039,02/07/15 13:08,23.1,16.96333333,267.3333333,448.6666667,0.002958193,0
4040,02/07/15 13:09,23.075,16.9725,243.75,442.75,0.002955306,0
4041,02/07/15 13:11,23.06666667,17,265,449.3333333,0.002958618,0
4042,02/07/15 13:12,23.075,17,263.5,449.5,0.002960117,0
4043,02/07/15 13:13,23.1,17,262,452,0.002964618,0
4044,02/07/15 13:14,23.075,17,260.5,449.75,0.002960117,0
4045,02/07/15 13:14,23.1,17,252,447.6666667,0.002964618,0
4046,02/07/15 13:15,23.075,16.945,259,443.5,0.002950495,0
4047,02/07/15 13:17,23.075,16.865,250,443.25,0.002936499,0
4048,02/07/15 13:18,23.1,16.945,241,447,0.002954981,0
4049,02/07/15 13:19,23.075,16.865,248.25,452.5,0.002936499,0
4050,02/07/15 13:20,23.075,16.865,261,448,0.002936499,0
4051,02/07/15 13:21,23.075,16.865,252,448.5,0.002936499,0
4052,02/07/15 13:21,23.05,16.865,243,451.75,0.00293204,0
4053,02/07/15 13:23,23.025,16.89,239.75,446,0.002931947,0
4054,02/07/15 13:24,23,16.89,241.3333333,444,0.002927493,0
4055,02/07/15 13:25,23,16.865,232.5,441.25,0.002923139,0
4056,02/07/15 13:25,23.025,16.84,224.75,438.75,0.002923227,0
4057,02/07/15 13:27,23,16.79,221.6666667,440,0.002910079,0
4058,02/07/15 13:27,23,16.79,199,441,0.002910079,0
4059,02/07/15 13:28,23,16.79,206.25,438,0.002910079,0
4060,02/07/15 13:30,23,16.84,186,439.75,0.002918786,0
4061,02/07/15 13:31,23,16.82333333,189,443,0.002915884,0
4062,02/07/15 13:32,23,16.745,189,442.75,0.002902243,0
4063,02/07/15 13:33,22.96333333,16.79,189,440,0.002903596,0
4064,02/07/15 13:34,22.9725,16.79,181.5,444,0.002905216,0
4065,02/07/15 13:34,22.9725,16.865,198,445.5,0.002918254,0
4066,02/07/15 13:36,22.945,16.84,180,444.5,0.002909037,0
4067,02/07/15 13:37,22.9175,16.89,193.5,441.5,0.002912837,0
4068,02/07/15 13:38,22.9175,16.865,188.5,442.5,0.002908505,0
4069,02/07/15 13:38,22.92666667,16.89,202,446.3333333,0.002914462,0
4070,02/07/15 13:40,22.89,16.9175,187.5,447.25,0.002912723,0
4071,02/07/15 13:40,22.89,16.89,205,445,0.002907966,0
4072,02/07/15 13:41,22.89,17,201.5,437,0.002926994,0
4073,02/07/15 13:43,22.89,17,193.75,440.25,0.002926994,0
4074,02/07/15 13:44,22.89,17,171.75,438.5,0.002926994,0
4075,02/07/15 13:45,22.79,17,157,440.25,0.002909226,0
4076,02/07/15 13:46,22.82333333,17.06666667,139.3333333,446,0.002926624,0
4077,02/07/15 13:46,22.79,17.06666667,164.6666667,444.3333333,0.002920688,0
4078,02/07/15 13:47,22.79,17.1,150,443.5,0.002926419,0
4079,02/07/15 13:49,22.76,17.1,149.6666667,441.6666667,0.002921076,0
4080,02/07/15 13:50,22.7225,17.075,154,439.5,0.002910128,0
4081,02/07/15 13:51,22.73,17.03333333,160.6666667,441,0.00290432,0
4082,02/07/15 13:52,22.7,17.075,143.25,446.5,0.00290614,0
4083,02/07/15 13:53,22.7,17.1,151,441.5,0.002910414,0
4084,02/07/15 13:53,22.7,17.03333333,153.3333333,441.6666667,0.002899015,0
4085,02/07/15 13:54,22.7,17.025,157,439.5,0.00289759,0
4086,02/07/15 13:56,22.7,17.05,144.75,442.5,0.002901865,0
4087,02/07/15 13:57,22.7,17.1,115,443.75,0.002910414,0
4088,02/07/15 13:58,22.65,17.1,131,445,0.002901556,0
4089,02/07/15 13:59,22.6,17.1,140,443.25,0.002892722,0
4090,02/07/15 13:59,22.6,17.1,167.6666667,444,0.002892722,0
4091,02/07/15 14:00,22.6,17.125,168.75,436.5,0.00289697,0
4092,02/07/15 14:02,22.6,17.13333333,176,437,0.002898387,0
4093,02/07/15 14:03,22.6,17.175,163,445.75,0.002905468,0
4094,02/07/15 14:04,22.6,17.2,170,446,0.002909717,0
4095,02/07/15 14:05,22.6,17.175,163.25,443.75,0.002905468,0
4096,02/07/15 14:06,22.6,17.1,151,442.25,0.002892722,0
4097,02/07/15 14:06,22.6,17.16666667,140.6666667,446,0.002904052,0
4098,02/07/15 14:08,22.6,17.15,138.5,446.25,0.002901219,0
4099,02/07/15 14:09,22.6,17.175,142.5,443,0.002905468,0
4100,02/07/15 14:10,22.6,17.16666667,139,439.3333333,0.002904052,0
4101,02/07/15 14:10,22.6,17.2225,158.5,441.5,0.002913541,0
4102,02/07/15 14:12,22.55,17.2225,157,440.5,0.002904667,0
4103,02/07/15 14:12,22.6,17.2,148,442.5,0.002909717,0
4104,02/07/15 14:13,22.55,17.245,139,444,0.002908479,0
4105,02/07/15 14:15,22.5,17.245,139,444,0.002899617,0
4106,02/07/15 14:16,22.5,17.34,151.75,443.75,0.002915665,0
4107,02/07/15 14:17,22.5,17.39,142,445,0.002924112,0
4108,02/07/15 14:18,22.5,17.365,126.5,447.5,0.002919888,0
4109,02/07/15 14:19,22.5,17.39,120,444.3333333,0.002924112,0
4110,02/07/15 14:19,22.4725,17.365,123,443,0.00291499,0
4111,02/07/15 14:21,22.445,17.365,121.5,441.5,0.002910099,0
4112,02/07/15 14:22,22.5,17.39,117,437,0.002924112,0
4113,02/07/15 14:23,22.4725,17.39,126,440,0.002919206,0
4114,02/07/15 14:23,22.39,17.32333333,124,439.6666667,0.002893346,0
4115,02/07/15 14:25,22.39,17.315,123,437,0.002891948,0
4116,02/07/15 14:25,22.39,17.34,138,436,0.002896143,0
4117,02/07/15 14:26,22.39,17.39,116,442.75,0.002904533,0
4118,02/07/15 14:28,22.39,17.39,122.75,441.5,0.002904533,0
4119,02/07/15 14:29,22.39,17.4175,128.25,442,0.002909148,0
4120,02/07/15 14:30,22.365,17.39,126.5,441,0.002900099,0
4121,02/07/15 14:31,22.35666667,17.5,119,442.3333333,0.002917044,0
4122,02/07/15 14:31,22.39,17.525,110,442.25,0.002927187,0
4123,02/07/15 14:32,22.39,17.6,125,442.6666667,0.002939774,0
4124,02/07/15 14:34,22.365,17.6,116,442,0.002935286,0
4125,02/07/15 14:35,22.29,17.6,119,438,0.002921859,0
4126,02/07/15 14:36,22.29,17.6,116,440.5,0.002921859,0
4127,02/07/15 14:37,22.34,17.6,107,445,0.002930804,0
4128,02/07/15 14:38,22.29,17.6,107,439.5,0.002921859,0
4129,02/07/15 14:38,22.29,17.6,118,440.6666667,0.002921859,0
4130,02/07/15 14:39,22.29,17.675,100,440.5,0.002934369,0
4131,02/07/15 14:41,22.29,17.7,100,440,0.002938539,0
4132,02/07/15 14:42,22.29,17.7,100,442.75,0.002938539,0
4133,02/07/15 14:43,22.29,17.7,100,443,0.002938539,0
4134,02/07/15 14:44,22.2225,17.675,99.5,443.5,0.002922279,0
4135,02/07/15 14:44,22.2,17.7,87,445.5,0.002922406,0
4136,02/07/15 14:45,22.2,17.7,87,444.5,0.002922406,0
4137,02/07/15 14:47,22.2,17.7,105,441.25,0.002922406,0
4138,02/07/15 14:48,22.2,17.7,105,442,0.002922406,0
4139,02/07/15 14:49,22.175,17.745,90.5,440.25,0.002925392,0
4140,02/07/15 14:50,22.15,17.745,97.75,441.25,0.002920919,0
4141,02/07/15 14:51,22.175,17.79,93.25,441.5,0.002932845,0
4142,02/07/15 14:51,22.15,17.79,87,438.5,0.002928361,0
4143,02/07/15 14:53,22.1,17.79,87,445.3333333,0.00291941,0
4144,02/07/15 14:54,22.13333333,17.79,87,443.6666667,0.002925375,0
4145,02/07/15 14:55,22.125,17.815,70,438.75,0.002928011,0
4146,02/07/15 14:55,22.1,17.82333333,89.33333333,441,0.002924906,0
4147,02/07/15 14:57,22.1,17.865,91.75,438,0.002931776,0
4148,02/07/15 14:57,22.1,17.89,81,437,0.002935898,0
4149,02/07/15 14:58,22.1,17.89,81,446.25,0.002935898,0
4150,02/07/15 15:00,22.1,17.945,76.5,445.25,0.002944967,0
4151,02/07/15 15:01,22.05,17.945,63,443.5,0.002935962,0
4152,02/07/15 15:02,22.06666667,17.96333333,82.33333333,441.6666667,0.002941977,0
4153,02/07/15 15:03,22.025,17.9175,77.5,445.5,0.002926955,0
4154,02/07/15 15:04,22,17.9725,77.5,446.5,0.002931487,0
4155,02/07/15 15:04,22,18,78.5,445.25,0.002935994,0
4156,02/07/15 15:06,22,18,74,446,0.002935994,0
4157,02/07/15 15:07,21.96333333,18,74,443,0.002929403,0
4158,02/07/15 15:08,21.9725,18.05,74,440.5,0.00293923,0
4159,02/07/15 15:08,21.9725,18.025,69.75,441,0.00293514,0
4160,02/07/15 15:10,21.89,18.1,57,439.3333333,0.002932538,0
4161,02/07/15 15:10,21.89,18.1,69.75,437,0.002932538,0
4162,02/07/15 15:11,21.89,18.1,68,438,0.002932538,0
4163,02/07/15 15:13,21.89,18.1,68,446,0.002932538,0
4164,02/07/15 15:14,21.89,18.1,64.4,442,0.002932538,0
4165,02/07/15 15:15,21.85666667,18.16666667,62,442,0.002937377,0
4166,02/07/15 15:16,21.865,18.175,68,437.5,0.002940234,0
4167,02/07/15 15:16,21.865,18.2,68,441,0.002944297,0
4168,02/07/15 15:17,21.82333333,18.23,50,441.3333333,0.002941643,0
4169,02/07/15 15:19,21.84,18.245,57.25,440.5,0.002947088,0
4170,02/07/15 15:20,21.79,18.2,64.5,442.5,0.002930778,0
4171,02/07/15 15:21,21.79,18.2,64.5,436.5,0.002930778,0
4172,02/07/15 15:22,21.79,18.29,52,442,0.002945339,0
4173,02/07/15 15:23,21.745,18.29,54.5,440,0.002937213,0
4174,02/07/15 15:23,21.745,18.315,62,438.5,0.002941247,0
4175,02/07/15 15:24,21.745,18.34,62,442,0.00294528,0
4176,02/07/15 15:26,21.7,18.39,44,442,0.002945197,0
4177,02/07/15 15:27,21.7,18.39,51,441.5,0.002945197,0
4178,02/07/15 15:28,21.7,18.39,62.66666667,442,0.002945197,0
4179,02/07/15 15:29,21.7,18.39,58,441.75,0.002945197,0
4180,02/07/15 15:29,21.66666667,18.42666667,44,440.6666667,0.00294506,0
4181,02/07/15 15:30,21.7,18.4725,44,442.5,0.002958472,0
4182,02/07/15 15:32,21.65,18.445,44,443,0.002944986,0
4183,02/07/15 15:33,21.6,18.5,51,442.5,0.002944746,0
4184,02/07/15 15:34,21.6,18.5,53.75,446.5,0.002944746,0
4185,02/07/15 15:35,21.6,18.5,45.33333333,442,0.002944746,0
4186,02/07/15 15:36,21.6,18.525,47.75,442.5,0.002948744,0
4187,02/07/15 15:36,21.6,18.575,55,440.5,0.002956741,0
4188,02/07/15 15:38,21.56666667,18.6,55,440,0.002954678,0
4189,02/07/15 15:39,21.55,18.65,50.5,439.25,0.002959623,0
4190,02/07/15 15:40,21.5,18.6,37,442,0.002942587,0
4191,02/07/15 15:40,21.5,18.7,37,442,0.002958482,0
4192,02/07/15 15:42,21.5,18.7,37,438.75,0.002958482,0
4193,02/07/15 15:42,21.5,18.7,37,439,0.002958482,0
4194,02/07/15 15:43,21.5,18.7675,37,440.75,0.002969212,0
4195,02/07/15 15:45,21.5,18.79,37,440,0.002972789,0
4196,02/07/15 15:46,21.5,18.79,37,439.5,0.002972789,0
4197,02/07/15 15:47,21.445,18.815,37,440,0.002966705,0
4198,02/07/15 15:48,21.39,18.79,37,439,0.00295273,0
4199,02/07/15 15:49,21.39,18.815,43.75,439,0.002956677,0
4200,02/07/15 15:49,21.39,18.89,33.5,436.75,0.002968519,0
4201,02/07/15 15:51,21.39,18.89,38.33333333,440.3333333,0.002968519,0
4202,02/07/15 15:52,21.365,18.89,33.5,440.75,0.002963953,0
4203,02/07/15 15:53,21.365,18.89,33.5,443.25,0.002963953,0
4204,02/07/15 15:53,21.29,18.89,48,444,0.00295029,0
4205,02/07/15 15:55,21.29,18.945,33.5,435.75,0.002958921,0
4206,02/07/15 15:55,21.29,19,40.75,436.5,0.002967552,0
4207,02/07/15 15:56,21.32333333,19.03333333,48,440.3333333,0.002978895,0
4208,02/07/15 15:58,21.29,19.1,48,439,0.002983245,0
4209,02/07/15 15:59,21.29,19.1,48,438,0.002983245,0
4210,02/07/15 16:00,21.29,19.1,42.33333333,437.6666667,0.002983245,0
4211,02/07/15 16:01,21.272,19.16,39.5,439.75,0.002989344,0
4212,02/07/15 16:01,21.26,19.16666667,40.75,437.75,0.002988178,0
4213,02/07/15 16:02,21.2225,19.2,32.25,439.75,0.002986488,0
4214,02/07/15 16:04,21.2,19.2,36.5,437.5,0.002982347,0
4215,02/07/15 16:05,21.2,19.2,31,435.6666667,0.002982347,0
4216,02/07/15 16:06,21.2,19.2675,37,435.75,0.002992882,0
4217,02/07/15 16:07,21.2,19.29,19,443,0.002996394,0
4218,02/07/15 16:08,21.2,19.29,31,440.25,0.002996394,0
4219,02/07/15 16:08,21.15,19.34,31,439.5,0.002994947,0
4220,02/07/15 16:09,21.2,19.39,22,433.5,0.003012003,0
4221,02/07/15 16:11,21.1,19.39,19.75,433.5,0.002993478,0
4222,02/07/15 16:12,21.1,19.445,26.5,439.5,0.00300201,0
4223,02/07/15 16:13,21.125,19.5,19,439,0.00301519,0
4224,02/07/15 16:14,21.1,19.5,24,435,0.003010542,0
4225,02/07/15 16:14,21.1,19.55,24,437,0.003018299,0
4226,02/07/15 16:15,21.075,19.575,24,436,0.003017517,0
4227,02/07/15 16:17,21.03333333,19.5,24,438,0.002998177,0
4228,02/07/15 16:18,21.075,19.575,24,441.25,0.003017517,0
4229,02/07/15 16:19,21.03333333,19.6,24,440.3333333,0.003013627,0
4230,02/07/15 16:20,21,19.6,24,438,0.00300743,0
4231,02/07/15 16:21,21,19.675,24,436,0.003018994,0
4232,02/07/15 16:21,21,19.66,24,440.25,0.003016681,0
4233,02/07/15 16:23,21,19.79,24,444,0.003036726,0
4234,02/07/15 16:24,21,19.79,12,444,0.003036726,0
4235,02/07/15 16:25,20.945,19.79,6,437.2,0.003026424,0
4236,02/07/15 16:25,20.89,19.79,6,439.5,0.003016154,0
4237,02/07/15 16:27,20.9175,19.84,6,433.5,0.003028956,0
4238,02/07/15 16:27,20.89,19.84,6,439.25,0.003023812,0
4239,02/07/15 16:28,20.89,19.865,6,443.75,0.00302764,0
4240,02/07/15 16:30,20.85666667,19.82333333,6,446,0.003015039,0
4241,02/07/15 16:31,20.89,19.945,11.5,437,0.003039893,0
4242,02/07/15 16:32,20.865,19.945,13.5,435.75,0.003035198,0
4243,02/07/15 16:33,20.89,20,10,438,0.003048317,0
4244,02/07/15 16:34,20.85666667,20,9.333333333,441.3333333,0.003042041,0
4245,02/07/15 16:34,20.85666667,20,9.333333333,444.3333333,0.003042041,0
4246,02/07/15 16:36,20.815,19.9725,7,438.5,0.003030019,0
4247,02/07/15 16:37,20.815,20,7,438.75,0.003034212,0
4248,02/07/15 16:38,20.79,20,7,441.5,0.003029523,0
4249,02/07/15 16:38,20.79,20,10.5,438.75,0.003029523,0
4250,02/07/15 16:40,20.79,20,14,437.3333333,0.003029523,0
4251,02/07/15 16:40,20.79,20,14,438.75,0.003029523,0
4252,02/07/15 16:41,20.79,20.075,10.5,440,0.003040939,0
4253,02/07/15 16:43,20.79,20.15,14,440.5,0.003052356,0
4254,02/07/15 16:44,20.79,20.15,14,441,0.003052356,0
4255,02/07/15 16:45,20.79,20.2,14,439.3333333,0.003059967,0
4256,02/07/15 16:46,20.7225,20.245,14,436.75,0.003054033,0
4257,02/07/15 16:46,20.7225,20.29,14,435.75,0.003060855,0
4258,02/07/15 16:47,20.7225,20.245,14,436.75,0.003054033,0
4259,02/07/15 16:49,20.7,20.365,14,437.5,0.003067948,0
4260,02/07/15 16:50,20.7,20.39,14,440.75,0.003071733,0
4261,02/07/15 16:51,20.7,20.39,14,441,0.003071733,0
4262,02/07/15 16:52,20.7,20.5,14,433.75,0.003088387,0
4263,02/07/15 16:53,20.7,20.5,14,438,0.003088387,0
4264,02/07/15 16:53,20.7,20.525,14,442.75,0.003092172,0
4265,02/07/15 16:54,20.66666667,20.49666667,14,441,0.003081515,0
4266,02/07/15 16:56,20.7,20.575,14,436.5,0.003099742,0
4267,02/07/15 16:57,20.7,20.6,14,435,0.003103527,0
4268,02/07/15 16:58,20.7,20.6,4.666666667,441,0.003103527,0
4269,02/07/15 16:59,20.7,20.6,0,443,0.003103527,0
4270,02/07/15 16:59,20.7,20.65,0,439,0.003111098,0
4271,02/07/15 17:00,20.63333333,20.63333333,0,438,0.003095765,0
4272,02/07/15 17:02,20.7,20.7,0,436.5,0.003118668,0
4273,02/07/15 17:03,20.6,20.63333333,0,437.6666667,0.003089379,0
4274,02/07/15 17:04,20.6,20.7,0,438,0.00309941,0
4275,02/07/15 17:05,20.7,20.7,0,443,0.003118668,0
4276,02/07/15 17:06,20.6,20.7,0,439,0.00309941,0
4277,02/07/15 17:06,20.6,20.7,0,439,0.00309941,0
4278,02/07/15 17:08,20.6,20.7,0,440,0.00309941,0
4279,02/07/15 17:09,20.6,20.745,0,439.5,0.003106182,0
4280,02/07/15 17:10,20.6,20.79,0,431.6666667,0.003112953,0
4281,02/07/15 17:10,20.6,20.79,0,434.5,0.003112953,0
4282,02/07/15 17:12,20.6,20.89,0,437,0.003128002,0
4283,02/07/15 17:12,20.6,20.89,0,441.5,0.003128002,0
4284,02/07/15 17:13,20.55,20.89,0,431,0.003118323,0
4285,02/07/15 17:15,20.6,20.89,0,437,0.003128002,0
4286,02/07/15 17:16,20.6,20.96333333,0,433.6666667,0.003139038,0
4287,02/07/15 17:17,20.6,21.03333333,0,439.6666667,0.003149573,0
4288,02/07/15 17:18,20.6,21.05,0,439.5,0.003152081,0
4289,02/07/15 17:19,20.5,21,0,440,0.003125123,0
4290,02/07/15 17:19,20.5,21,0,436,0.003125123,0
4291,02/07/15 17:21,20.6,21,0,435,0.003144556,0
4292,02/07/15 17:22,20.5,21.15,0,440,0.003147558,0
4293,02/07/15 17:23,20.5,21.1,0,438,0.003140079,0
4294,02/07/15 17:23,20.5,21.1,0,435,0.003140079,0
4295,02/07/15 17:25,20.55,21.1,0,435,0.00314983,0
4296,02/07/15 17:25,20.5,21.1,0,434,0.003140079,0
4297,02/07/15 17:26,20.5,21.2,0,436,0.003155037,0
4298,02/07/15 17:28,20.5,21.245,0,439.5,0.003161768,0
4299,02/07/15 17:29,20.5,21.26,0,441.3333333,0.003164011,0
4300,02/07/15 17:30,20.5,21.245,0,442,0.003161768,0
4301,02/07/15 17:31,20.5,21.29,0,435.5,0.003168499,0
4302,02/07/15 17:31,20.5,21.29,0,436.5,0.003168499,0
4303,02/07/15 17:32,20.5,21.29,0,441.6666667,0.003168499,0
4304,02/07/15 17:34,20.5,21.29,0,442,0.003168499,0
4305,02/07/15 17:35,20.5,21.39,0,440,0.003183458,0
4306,02/07/15 17:36,20.5,21.39,0,437.25,0.003183458,0
4307,02/07/15 17:37,20.5,21.39,0,437,0.003183458,0
4308,02/07/15 17:38,20.5,21.445,0,435.5,0.003191685,0
4309,02/07/15 17:38,20.5,21.39,0,433.5,0.003183458,0
4310,02/07/15 17:39,20.5,21.39,0,436,0.003183458,0
4311,02/07/15 17:41,20.5,21.39,0,439,0.003183458,0
4312,02/07/15 17:42,20.5,21.495,0,438.5,0.003199165,0
4313,02/07/15 17:43,20.5,21.55,0,435.5,0.003207393,0
4314,02/07/15 17:44,20.46333333,21.56666667,0,438.6666667,0.003202594,0
4315,02/07/15 17:44,20.4725,21.625,0,442.5,0.003213128,0
4316,02/07/15 17:45,20.5,21.6,0,437.5,0.003214873,0
4317,02/07/15 17:47,20.5,21.6,0,435,0.003214873,0
4318,02/07/15 17:48,20.39,21.6,0,434,0.003193005,0
4319,02/07/15 17:49,20.39,21.6,0,438,0.003193005,0
4320,02/07/15 17:50,20.39,21.63333333,0,431,0.003197958,0
4321,02/07/15 17:51,20.39,21.7,0,430,0.003207864,0
4322,02/07/15 17:51,20.39,21.76,0,436.6666667,0.003216779,0
4323,02/07/15 17:53,20.39,21.76,0,439.3333333,0.003216779,0
4324,02/07/15 17:54,20.5,21.89,0,437,0.003258262,0
4325,02/07/15 17:55,20.39,21.79,0,443.5,0.003221237,0
4326,02/07/15 17:55,20.39,21.89,0,435,0.003236097,0
4327,02/07/15 17:57,20.39,21.89,0,434,0.003236097,0
4328,02/07/15 17:57,20.39,21.89,0,437.6666667,0.003236097,0
4329,02/07/15 17:58,20.39,22,0,441.5,0.003252444,0
4330,02/07/15 18:00,20.39,22,0,433,0.003252444,0
4331,02/07/15 18:01,20.39,22,0,433.3333333,0.003252444,0
4332,02/07/15 18:02,20.39,22,0,433,0.003252444,0
4333,02/07/15 18:03,20.39,22,0,432,0.003252444,0
4334,02/07/15 18:04,20.39,22.1,0,439,0.003267305,0
4335,02/07/15 18:04,20.39,22.05,0,441,0.003259875,0
4336,02/07/15 18:06,20.39,22.1,0,442.5,0.003267305,0
4337,02/07/15 18:07,20.39,22.1,0,444.5,0.003267305,0
4338,02/07/15 18:08,20.39,22.1,0,440,0.003267305,0
4339,02/07/15 18:08,20.39,22.2,0,433,0.003282168,0
4340,02/07/15 18:10,20.39,22.2,0,436,0.003282168,0
4341,02/07/15 18:10,20.39,22.2,0,441,0.003282168,0
4342,02/07/15 18:11,20.39,22.245,0,433,0.003288856,0
4343,02/07/15 18:13,20.35666667,22.29,0,434.3333333,0.00328873,0
4344,02/07/15 18:14,20.34,22.29,0,434,0.003285328,0
4345,02/07/15 18:15,20.34,22.34,0,437,0.003292736,0
4346,02/07/15 18:16,20.29,22.34,0,438.5,0.003282525,0
4347,02/07/15 18:16,20.29,22.29,0,439,0.00327514,0
4348,02/07/15 18:17,20.39,22.39,0,432,0.003310408,0
4349,02/07/15 18:19,20.34,22.445,0,442,0.003308295,0
4350,02/07/15 18:20,20.29,22.5,0,439.3333333,0.00330616,0
4351,02/07/15 18:21,20.29,22.5,0,432,0.00330616,0
4352,02/07/15 18:22,20.29,22.6,0,434,0.003320932,0
4353,02/07/15 18:23,20.29,22.6,0,434,0.003320932,0
4354,02/07/15 18:23,20.29,22.65,0,435,0.003328319,0
4355,02/07/15 18:24,20.29,22.7,0,437,0.003335705,0
4356,02/07/15 18:26,20.29,22.7,0,437,0.003335705,0
4357,02/07/15 18:27,20.29,22.7,0,437,0.003335705,0
4358,02/07/15 18:28,20.29,22.7,0,436,0.003335705,0
4359,02/07/15 18:29,20.29,22.745,0,438,0.003342353,0
4360,02/07/15 18:29,20.29,22.79,0,428,0.003349002,0
4361,02/07/15 18:30,20.29,22.79,0,433,0.003349002,0
4362,02/07/15 18:32,20.29,22.79,0,435,0.003349002,0
4363,02/07/15 18:33,20.29,22.89,0,439.5,0.003363776,0
4364,02/07/15 18:34,20.29,22.89,0,438.5,0.003363776,0
4365,02/07/15 18:35,20.29,22.89,0,440,0.003363776,0
4366,02/07/15 18:36,20.29,23,0,438,0.003380029,0
4367,02/07/15 18:36,20.2,22.89,0,437,0.00334501,0
4368,02/07/15 18:38,20.29,23,0,435.5,0.003380029,0
4369,02/07/15 18:39,20.245,22.9725,0,436,0.003366537,0
4370,02/07/15 18:40,20.26,22.99666667,0,435.25,0.003373241,0
4371,02/07/15 18:40,20.2,23,0,432,0.003361172,0
4372,02/07/15 18:42,20.245,23.05,0,436,0.003377956,0
4373,02/07/15 18:42,20.245,23.05,0,441,0.003377956,0
4374,02/07/15 18:43,20.2,23,0,437,0.003361172,0
4375,02/07/15 18:45,20.2,23.1,0,438,0.003375865,0
4376,02/07/15 18:46,20.2,23.1,0,436,0.003375865,0
4377,02/07/15 18:47,20.2,23.23,0,438,0.003394967,0
4378,02/07/15 18:48,20.2,23.2,0,435,0.003390559,0
4379,02/07/15 18:49,20.2,23.29,0,441,0.003403784,0
4380,02/07/15 18:49,20.2,23.29,0,436,0.003403784,0
4381,02/07/15 18:51,20.1,23.29,0,434.5,0.003382675,0
4382,02/07/15 18:52,20.15,23.29,0,438,0.003393215,0
4383,02/07/15 18:53,20.15,23.29,0,439,0.003393215,0
4384,02/07/15 18:53,20.2,23.35666667,0,440,0.003413581,0
4385,02/07/15 18:55,20.15,23.29,0,441.5,0.003393215,0
4386,02/07/15 18:55,20.15,23.34,0,439.5,0.003400539,0
4387,02/07/15 18:56,20.2,23.39,0,439,0.003418479,0
4388,02/07/15 18:58,20.1,23.34,0,436.5,0.003389976,0
4389,02/07/15 18:59,20.2,23.34,0,433,0.003411131,0
4390,02/07/15 19:00,20.1,23.39,0,439,0.003397278,0
4391,02/07/15 19:01,20.2,23.46333333,0,439.3333333,0.003429256,0
4392,02/07/15 19:01,20.2,23.445,0,435,0.003426562,0
4393,02/07/15 19:02,20.15,23.55,0,438.5,0.003431304,0
4394,02/07/15 19:04,20.15,23.5,0,441,0.003423979,0
4395,02/07/15 19:05,20.15,23.6,0,441,0.00343863,0
4396,02/07/15 19:06,20.15,23.65,0,442,0.003445955,0
4397,02/07/15 19:07,20.15,23.65,0,440,0.003445955,0
4398,02/07/15 19:08,20.15,23.6,0,440,0.00343863,0
4399,02/07/15 19:08,20.2,23.745,0,444,0.003470652,0
4400,02/07/15 19:09,20.2,23.7,0,443,0.003464038,0
4401,02/07/15 19:11,20.15,23.7,0,441.5,0.003453281,0
4402,02/07/15 19:12,20.2,23.7,0,440.5,0.003464038,0
4403,02/07/15 19:13,20.15,23.895,0,440,0.003481853,0
4404,02/07/15 19:14,20.15,24,0,442,0.003497239,0
4405,02/07/15 19:14,20.1,24.05,0,434.5,0.003493678,0
4406,02/07/15 19:15,20.13333333,24.03333333,0,437.6666667,0.003498494,0
4407,02/07/15 19:17,20.1,24.06666667,0,441.6666667,0.003496113,0
4408,02/07/15 19:18,20.1,24,0,436,0.003486374,0
4409,02/07/15 19:19,20.1,24.15,0,440,0.003508287,0
4410,02/07/15 19:20,20.1,24.1,0,445,0.003500982,0
4411,02/07/15 19:21,20.1,24.1,0,441,0.003500982,0
4412,02/07/15 19:21,20.1,24.2,0,443,0.003515591,0
4413,02/07/15 19:23,20.1,24.1,0,438.5,0.003500982,0
4414,02/07/15 19:24,20.2,24.1,0,439,0.003522834,0
4415,02/07/15 19:25,20.1,24,0,444,0.003486374,0
4416,02/07/15 19:25,20.1,24.05,0,438.5,0.003493678,0
4417,02/07/15 19:27,20.1,24.2,0,439,0.003515591,0
4418,02/07/15 19:27,20.1,24.15,0,437,0.003508287,0
4419,02/07/15 19:28,20.1,24.2,0,435.3333333,0.003515591,0
4420,02/07/15 19:30,20.1,24.2,0,440,0.003515591,0
4421,02/07/15 19:31,20.1,24.2,0,435,0.003515591,0
4422,02/07/15 19:32,20.05,24.2,0,440,0.003504665,0
4423,02/07/15 19:33,20.1,24.245,0,439.5,0.003522166,0
4424,02/07/15 19:34,20.1,24.245,0,445,0.003522166,0
4425,02/07/15 19:34,20.05,24.245,0,442,0.003511219,0
4426,02/07/15 19:36,20.06666667,24.29,0,441,0.003521425,0
4427,02/07/15 19:37,20,24.32333333,0,441.5,0.003511674,0
4428,02/07/15 19:38,20.1,24.39,0,440,0.00354335,0
4429,02/07/15 19:38,20.06666667,24.46333333,0,439.3333333,0.003546697,0
4430,02/07/15 19:40,20.1,24.5,0,446,0.003559423,0
4431,02/07/15 19:40,20,24.445,0,445,0.00352934,0
4432,02/07/15 19:41,20,24.5,0,444,0.003537326,0
4433,02/07/15 19:43,20.1,24.6,0,445,0.003574034,0
4434,02/07/15 19:44,20,24.5,0,443.5,0.003537326,0
4435,02/07/15 19:45,20,24.5,0,444,0.003537326,0
4436,02/07/15 19:46,20.1,24.7,0,443,0.003588647,0
4437,02/07/15 19:46,20,24.6,0,443,0.003551846,0
4438,02/07/15 19:47,20,24.7,0,443,0.003566367,0
4439,02/07/15 19:49,20,24.7,0,442,0.003566367,0
4440,02/07/15 19:50,20,24.7,0,447,0.003566367,0
4441,02/07/15 19:51,20,24.745,0,441.5,0.003572902,0
4442,02/07/15 19:52,20,24.79,0,441.6666667,0.003579437,0
4443,02/07/15 19:53,20,24.89,0,434,0.003593959,0
4444,02/07/15 19:53,20,24.89,0,439,0.003593959,0
4445,02/07/15 19:54,20,24.89,0,440,0.003593959,0
4446,02/07/15 19:56,20,24.945,0,439,0.003601947,0
4447,02/07/15 19:57,20,25,0,437,0.003609935,0
4448,02/07/15 19:58,20,25,0,442,0.003609935,0
4449,02/07/15 19:59,20,25.06666667,0,446.3333333,0.003619617,0
4450,02/07/15 19:59,20,25.025,0,442,0.003613566,0
4451,02/07/15 20:00,20,25.1,0,440.5,0.003624459,0
4452,02/07/15 20:02,20,25.05,0,441,0.003617197,0
4453,02/07/15 20:03,20,25,0,443,0.003609935,0
4454,02/07/15 20:04,20,25,0,441.6666667,0.003609935,0
4455,02/07/15 20:05,20,25,0,438.5,0.003609935,0
4456,02/07/15 20:06,20,25,0,443,0.003609935,0
4457,02/07/15 20:06,20.025,25.025,0,440.5,0.003619198,0
4458,02/07/15 20:08,20.025,25.05,0,441.25,0.003622835,0
4459,02/07/15 20:09,20.05,25.1,0,443.5,0.003635765,0
4460,02/07/15 20:10,20,25,0,445.5,0.003609935,0
4461,02/07/15 20:10,20,25.1,0,447,0.003624459,0
4462,02/07/15 20:12,20,25.1,0,445,0.003624459,0
4463,02/07/15 20:12,20,25.06666667,0,443,0.003619617,0
4464,02/07/15 20:13,20.1,25.2,0,444,0.003661719,0
4465,02/07/15 20:15,20,25.13333333,0,445.3333333,0.0036293,0
4466,02/07/15 20:16,20.05,25.15,0,443,0.00364305,0
4467,02/07/15 20:17,20,25.2,0,440.5,0.003638983,0
4468,02/07/15 20:18,20,25.2,0,440.5,0.003638983,0
4469,02/07/15 20:19,20,25.2,0,439,0.003638983,0
4470,02/07/15 20:19,20.03333333,25.23,0,447,0.003650915,0
4471,02/07/15 20:21,20,25.2,0,447,0.003638983,0
4472,02/07/15 20:22,20,25.29,0,442,0.003652056,0
4473,02/07/15 20:23,20,25.2675,0,439,0.003648788,0
4474,02/07/15 20:23,20,25.29,0,440,0.003652056,0
4475,02/07/15 20:25,20,25.34,0,440,0.003659319,0
4476,02/07/15 20:25,20.03333333,25.35666667,0,442,0.003669352,0
4477,02/07/15 20:26,20,25.34,0,440,0.003659319,0
4478,02/07/15 20:28,20,25.39,0,439.5,0.003666582,0
4479,02/07/15 20:29,20,25.445,0,439.5,0.003674571,0
4480,02/07/15 20:30,20,25.5,0,440,0.003682561,0
4481,02/07/15 20:31,20,25.55,0,441,0.003689825,0
4482,02/07/15 20:31,20,25.6,0,443,0.003697088,0
4483,02/07/15 20:32,20,25.65,0,442,0.003704352,0
4484,02/07/15 20:34,20,25.7,0,445,0.003711616,0
4485,02/07/15 20:35,20,25.65,0,441,0.003704352,0
4486,02/07/15 20:36,20,25.7,0,439.5,0.003711616,0
4487,02/07/15 20:37,19.945,25.745,0,440,0.00370543,0
4488,02/07/15 20:38,20,25.84,0,434,0.003731957,0
4489,02/07/15 20:38,20,25.89,0,440,0.003739221,0
4490,02/07/15 20:39,20,25.89,0,443,0.003739221,0
4491,02/07/15 20:41,19.945,25.89,0,442.5,0.003726425,0
4492,02/07/15 20:42,19.89,25.89,0,441,0.003713667,0
4493,02/07/15 20:43,19.945,25.89,0,443,0.003726425,0
4494,02/07/15 20:44,19.92666667,25.96333333,0,444.3333333,0.003732774,0
4495,02/07/15 20:44,19.92666667,26,0,446.3333333,0.003738077,0
4496,02/07/15 20:45,19.89,26.1,0,436,0.003743971,0
4497,02/07/15 20:47,19.89,26.1,0,438.5,0.003743971,0
4498,02/07/15 20:48,20,26.1,0,436,0.003769735,0
4499,02/07/15 20:49,19.89,26.1,0,443,0.003743971,0
4500,02/07/15 20:50,19.89,26.1,0,445.5,0.003743971,0
4501,02/07/15 20:51,19.89,26.1,0,445.5,0.003743971,0
4502,02/07/15 20:51,19.89,26.2,0,441.3333333,0.003758402,0
4503,02/07/15 20:53,19.89,26.2,0,440,0.003758402,0
4504,02/07/15 20:54,19.89,26.245,0,438.5,0.003764896,0
4505,02/07/15 20:55,19.89,26.245,0,443.5,0.003764896,0
4506,02/07/15 20:55,19.89,26.2,0,441,0.003758402,0
4507,02/07/15 20:57,19.89,26.29,0,439,0.003771391,0
4508,02/07/15 20:57,19.89,26.29,0,440.5,0.003771391,0
4509,02/07/15 20:58,19.89,26.29,0,444,0.003771391,0
4510,02/07/15 21:00,19.89,26.29,0,439,0.003771391,0
4511,02/07/15 21:01,19.89,26.29,0,438,0.003771391,0
4512,02/07/15 21:02,19.89,26.29,0,438,0.003771391,0
4513,02/07/15 21:03,19.89,26.39,0,440,0.003785823,0
4514,02/07/15 21:04,19.89,26.39,0,443,0.003785823,0
4515,02/07/15 21:04,19.79,26.39,0,435,0.003762275,0
4516,02/07/15 21:06,19.89,26.6,0,439,0.003816134,0
4517,02/07/15 21:07,19.89,26.6,0,438,0.003816134,0
4518,02/07/15 21:08,19.82333333,26.6,0,440.3333333,0.003800294,0
4519,02/07/15 21:08,19.79,26.5,0,438,0.003778052,0
4520,02/07/15 21:10,19.82333333,26.6,0,440.6666667,0.003800294,0
4521,02/07/15 21:10,19.89,26.6,0,435.3333333,0.003816134,0
4522,02/07/15 21:11,19.84,26.6,0,437,0.003804249,0
4523,02/07/15 21:13,19.89,26.6,0,438,0.003816134,0
4524,02/07/15 21:14,19.89,26.6,0,441,0.003816134,0
4525,02/07/15 21:15,19.89,26.55,0,442,0.003808917,0
4526,02/07/15 21:16,19.89,26.6,0,441.5,0.003816134,0
4527,02/07/15 21:16,19.89,26.6,0,440.5,0.003816134,0
4528,02/07/15 21:17,19.89,26.6,0,443.6666667,0.003816134,0
4529,02/07/15 21:19,19.89,26.7,0,441,0.003830569,0
4530,02/07/15 21:20,19.89,26.79,0,440,0.003843561,0
4531,02/07/15 21:21,19.89,26.84,0,429.5,0.003850779,0
4532,02/07/15 21:22,19.89,26.7,0,433,0.003830569,0
4533,02/07/15 21:23,19.89,26.675,0,443,0.00382696,0
4534,02/07/15 21:23,19.89,26.7,0,438.75,0.003830569,0
4535,02/07/15 21:24,19.89,26.7,0,441,0.003830569,0
4536,02/07/15 21:26,19.89,26.79,0,443,0.003843561,0
4537,02/07/15 21:27,19.89,26.7,0,438.6666667,0.003830569,0
4538,02/07/15 21:28,19.89,26.79,0,437,0.003843561,0
4539,02/07/15 21:29,19.89,26.79,0,438,0.003843561,0
4540,02/07/15 21:29,19.89,26.79,0,437.5,0.003843561,0
4541,02/07/15 21:30,19.89,26.84,0,445,0.003850779,0
4542,02/07/15 21:32,19.89,26.89,0,443,0.003857997,0
4543,02/07/15 21:33,19.89,26.89333333,0,440.6666667,0.003858478,0
4544,02/07/15 21:34,19.89,26.945,0,441.5,0.003865937,0
4545,02/07/15 21:35,19.89,27,0,442.5,0.003873877,0
4546,02/07/15 21:36,19.89,27,0,440.5,0.003873877,0
4547,02/07/15 21:36,19.89,27.1,0,438,0.003888314,0
4548,02/07/15 21:38,19.89,27.1,0,438,0.003888314,0
4549,02/07/15 21:39,19.89,27.1,0,438.5,0.003888314,0
4550,02/07/15 21:40,19.79,27.1,0,441,0.003864124,0
4551,02/07/15 21:40,19.89,27.2,0,444,0.003902753,0
4552,02/07/15 21:42,19.89,27.245,0,441.5,0.00390925,0
4553,02/07/15 21:42,19.89,27.29,0,438,0.003915747,0
4554,02/07/15 21:43,19.89,27.29,0,441,0.003915747,0
4555,02/07/15 21:45,19.79,27.2,0,440.5,0.003878472,0
4556,02/07/15 21:46,19.79,27.23,0,443,0.003882776,0
4557,02/07/15 21:47,19.79,27.29,0,442,0.003891385,0
4558,02/07/15 21:48,19.79,27.29,0,446,0.003891385,0
4559,02/07/15 21:49,19.79,27.29,0,444,0.003891385,0
4560,02/07/15 21:49,19.79,27.29,0,438,0.003891385,0
4561,02/07/15 21:51,19.79,27.29,0,438,0.003891385,0
4562,02/07/15 21:52,19.79,27.29,0,437,0.003891385,0
4563,02/07/15 21:53,19.79,27.35666667,0,437,0.003900951,0
4564,02/07/15 21:53,19.79,27.39,0,443.5,0.003905734,0
4565,02/07/15 21:55,19.79,27.5,0,444,0.003921519,0
4566,02/07/15 21:55,19.79,27.39,0,442,0.003905734,0
4567,02/07/15 21:56,19.79,27.5,0,440,0.003921519,0
4568,02/07/15 21:58,19.79,27.5,0,441,0.003921519,0
4569,02/07/15 21:59,19.79,27.5,0,443.6666667,0.003921519,0
4570,02/07/15 22:00,19.79,27.5,0,438.3333333,0.003921519,0
4571,02/07/15 22:01,19.79,27.5,0,444,0.003921519,0
4572,02/07/15 22:01,19.79,27.5,0,444.5,0.003921519,0
4573,02/07/15 22:02,19.79,27.6,0,440,0.003935869,0
4574,02/07/15 22:04,19.79,27.65,0,441,0.003943044,0
4575,02/07/15 22:05,19.79,27.7,0,436.5,0.00395022,0
4576,02/07/15 22:06,19.745,27.7,0,435,0.003939135,0
4577,02/07/15 22:07,19.79,27.7,0,442,0.00395022,0
4578,02/07/15 22:08,19.79,27.7,0,443,0.00395022,0
4579,02/07/15 22:08,19.79,27.79,0,441,0.003963136,0
4580,02/07/15 22:09,19.7,27.79,0,439,0.00394092,0
4581,02/07/15 22:11,19.7,27.84,0,437,0.003948056,0
4582,02/07/15 22:12,19.7,27.89,0,440,0.003955192,0
4583,02/07/15 22:13,19.73,27.96333333,0,439,0.003973097,0
4584,02/07/15 22:14,19.79,28,0,438,0.003993277,0
4585,02/07/15 22:14,19.7,27.945,0,438,0.003963041,0
4586,02/07/15 22:15,19.745,27.945,0,443,0.003974198,0
4587,02/07/15 22:17,19.79,27.79,0,439,0.003963136,0
4588,02/07/15 22:18,19.745,27.79,0,441,0.003952015,0
4589,02/07/15 22:19,19.79,27.79,0,437.5,0.003963136,0
4590,02/07/15 22:20,19.79,27.79,0,439.5,0.003963136,0
4591,02/07/15 22:21,19.79,27.79,0,435.5,0.003963136,0
4592,02/07/15 22:21,19.79,27.79,0,438,0.003963136,0
4593,02/07/15 22:23,19.79,27.79,0,437,0.003963136,0
4594,02/07/15 22:24,19.79,27.79,0,434.6666667,0.003963136,0
4595,02/07/15 22:25,19.79,27.79,0,439,0.003963136,0
4596,02/07/15 22:25,19.79,27.79,0,438,0.003963136,0
4597,02/07/15 22:27,19.79,27.84,0,441.5,0.003970312,0
4598,02/07/15 22:27,19.79,27.79,0,439.5,0.003963136,0
4599,02/07/15 22:28,19.79,27.945,0,436,0.003985383,0
4600,02/07/15 22:30,19.79,28.05,0,433.5,0.004000454,0
4601,02/07/15 22:31,19.79,28.05,0,433,0.004000454,0
4602,02/07/15 22:32,19.79,28.15,0,433.5,0.004014807,0
4603,02/07/15 22:33,19.79,28.03333333,0,431.6666667,0.003998061,0
4604,02/07/15 22:34,19.79,28.1,0,431.5,0.00400763,0
4605,02/07/15 22:34,19.79,28.2,0,430.5,0.004021985,0
4606,02/07/15 22:36,19.76,28.23,0,435,0.004018754,0
4607,02/07/15 22:37,19.7,28.29,0,438,0.004012283,0
4608,02/07/15 22:38,19.745,28.34,0,439.5,0.004030737,0
4609,02/07/15 22:38,19.7,28.39,0,440.5,0.004026558,0
4610,02/07/15 22:40,19.7,28.39,0,435.5,0.004026558,0
4611,02/07/15 22:40,19.7,28.39,0,435.5,0.004026558,0
4612,02/07/15 22:41,19.7,28.445,0,438.5,0.004034409,0
4613,02/07/15 22:43,19.7,28.5,0,437,0.00404226,0
4614,02/07/15 22:44,19.7,28.5,0,430.5,0.00404226,0
4615,02/07/15 22:45,19.7,28.5,0,433.5,0.00404226,0
4616,02/07/15 22:46,19.7,28.445,0,437.5,0.004034409,0
4617,02/07/15 22:46,19.7,28.5,0,436.5,0.00404226,0
4618,02/07/15 22:47,19.7,28.5,0,439,0.00404226,0
4619,02/07/15 22:49,19.7,28.5,0,437,0.00404226,0
4620,02/07/15 22:50,19.7,28.5,0,440.5,0.00404226,0
4621,02/07/15 22:51,19.7,28.53333333,0,441.3333333,0.004047019,0
4622,02/07/15 22:52,19.7,28.56666667,0,439.6666667,0.004051777,0
4623,02/07/15 22:53,19.7,28.6,0,440,0.004056536,0
4624,02/07/15 22:53,19.65,28.6,0,439.5,0.004043878,0
4625,02/07/15 22:54,19.7,28.65,0,436,0.004063674,0
4626,02/07/15 22:56,19.65,28.65,0,438.5,0.004050994,0
4627,02/07/15 22:57,19.65,28.65,0,440.5,0.004050994,0
4628,02/07/15 22:58,19.7,28.7,0,437.5,0.004070813,0
4629,02/07/15 22:59,19.6,28.6,0,435,0.004031255,0
4630,02/07/15 22:59,19.7,28.7,0,435.5,0.004070813,0
4631,02/07/15 23:00,19.7,28.7,0,440,0.004070813,0
4632,02/07/15 23:02,19.6,28.6,0,438,0.004031255,0
4633,02/07/15 23:03,19.66666667,28.73,0,439.6666667,0.004066614,0
4634,02/07/15 23:04,19.65,28.745,0,441,0.004064514,0
4635,02/07/15 23:05,19.65,28.79,0,438,0.004070919,0
4636,02/07/15 23:06,19.7,28.945,0,440,0.004105793,0
4637,02/07/15 23:06,19.7,28.945,0,441.5,0.004105793,0
4638,02/07/15 23:08,19.6,28.89,0,439,0.004072399,0
4639,02/07/15 23:09,19.6,28.84,0,435,0.004065305,0
4640,02/07/15 23:10,19.65,28.945,0,437,0.00409298,0
4641,02/07/15 23:10,19.65,28.945,0,438.5,0.00409298,0
4642,02/07/15 23:12,19.6,28.89,0,439,0.004072399,0
4643,02/07/15 23:12,19.7,29,0,441,0.004113646,0
4644,02/07/15 23:13,19.65,28.945,0,441,0.00409298,0
4645,02/07/15 23:15,19.6,28.89,0,444.5,0.004072399,0
4646,02/07/15 23:16,19.65,28.945,0,443.5,0.00409298,0
4647,02/07/15 23:17,19.7,29.05,0,437.5,0.004120786,0
4648,02/07/15 23:18,19.7,29,0,438.5,0.004113646,0
4649,02/07/15 23:19,19.6,28.89,0,433.5,0.004072399,0
4650,02/07/15 23:19,19.7,29,0,432,0.004113646,0
4651,02/07/15 23:21,19.7,28.89,0,433,0.00409794,0
4652,02/07/15 23:22,19.66666667,28.85666667,0,433,0.004084661,0
4653,02/07/15 23:23,19.7,28.89,0,439,0.00409794,0
4654,02/07/15 23:23,19.7,29,0,440,0.004113646,0
4655,02/07/15 23:25,19.65,28.89,0,439,0.004085152,0
4656,02/07/15 23:25,19.7,28.945,0,437.5,0.004105793,0
4657,02/07/15 23:26,19.7,29.05,0,438,0.004120786,0
4658,02/07/15 23:28,19.65,28.945,0,441,0.00409298,0
4659,02/07/15 23:29,19.7,29.05,0,438.5,0.004120786,0
4660,02/07/15 23:30,19.7,29.05,0,437.5,0.004120786,0
4661,02/07/15 23:31,19.7,29.05,0,444,0.004120786,0
4662,02/07/15 23:31,19.7,29.1,0,439,0.004127925,0
4663,02/07/15 23:32,19.7,29.1,0,438,0.004127925,0
4664,02/07/15 23:34,19.66666667,29.1,0,439.6666667,0.004119333,0
4665,02/07/15 23:35,19.7,29,0,438,0.004113646,0
4666,02/07/15 23:36,19.7,29,0,438,0.004113646,0
4667,02/07/15 23:37,19.7,29.05,0,438.5,0.004120786,0
4668,02/07/15 23:38,19.7,29,0,438,0.004113646,0
4669,02/07/15 23:38,19.7,29.16666667,0,439.6666667,0.004137445,0
4670,02/07/15 23:39,19.7,29.1,0,436,0.004127925,0
4671,02/07/15 23:41,19.6,29.1,0,438,0.004102197,0
4672,02/07/15 23:42,19.66666667,29.1,0,440.6666667,0.004119333,0
4673,02/07/15 23:43,19.7,29.1,0,440,0.004127925,0
4674,02/07/15 23:44,19.65,29.2,0,435,0.004129278,0
4675,02/07/15 23:44,19.65,29.245,0,438,0.004135684,0
4676,02/07/15 23:45,19.65,29.245,0,439.5,0.004135684,0
4677,02/07/15 23:47,19.65,29.29,0,432.5,0.00414209,0
4678,02/07/15 23:48,19.65,29.34,0,433,0.004149208,0
4679,02/07/15 23:49,19.6,29.29,0,432,0.004129159,0
4680,02/07/15 23:50,19.6,29.29,0,437,0.004129159,0
4681,02/07/15 23:51,19.65,29.34,0,435,0.004149208,0
4682,02/07/15 23:51,19.6,29.29,0,438,0.004129159,0
4683,02/07/15 23:53,19.7,29.39,0,438,0.004169338,0
4684,02/07/15 23:54,19.6,29.29,0,439.3333333,0.004129159,0
4685,02/07/15 23:55,19.63333333,29.35666667,0,436.6666667,0.004147256,0
4686,02/07/15 23:55,19.6,29.39,0,432,0.00414335,0
4687,02/07/15 23:57,19.6,29.39,0,438,0.00414335,0
4688,02/07/15 23:57,19.6,29.39,0,440.6666667,0.00414335,0
4689,02/07/15 23:58,19.6,29.39,0,438,0.00414335,0
4690,02/08/15 0:00,19.6,29.39,0,438.5,0.00414335,0
4691,02/08/15 0:01,19.6,29.46333333,0,438.6666667,0.004153757,0
4692,02/08/15 0:02,19.6,29.5,0,437.5,0.004158961,0
4693,02/08/15 0:03,19.6,29.445,0,437,0.004151156,0
4694,02/08/15 0:04,19.6,29.5,0,440,0.004158961,0
4695,02/08/15 0:04,19.55,29.5,0,441,0.004145972,0
4696,02/08/15 0:06,19.6,29.5,0,438,0.004158961,0
4697,02/08/15 0:07,19.6,29.5,0,439,0.004158961,0
4698,02/08/15 0:08,19.6,29.5,0,440.5,0.004158961,0
4699,02/08/15 0:08,19.6,29.6,0,439.5,0.004173154,0
4700,02/08/15 0:10,19.5,29.65,0,440,0.004154174,0
4701,02/08/15 0:10,19.55,29.65,0,442,0.004167194,0
4702,02/08/15 0:11,19.55,29.7,0,441.5,0.004174269,0
4703,02/08/15 0:13,19.5,29.7,0,441.6666667,0.004161226,0
4704,02/08/15 0:14,19.55,29.7,0,440,0.004174269,0
4705,02/08/15 0:15,19.525,29.675,0,437.25,0.004164211,0
4706,02/08/15 0:16,19.6,29.7,0,435,0.004187347,0
4707,02/08/15 0:16,19.6,29.6,0,443,0.004173154,0
4708,02/08/15 0:17,19.6,29.55,0,437,0.004166058,0
4709,02/08/15 0:19,19.6,29.63333333,0,436.6666667,0.004177885,0
4710,02/08/15 0:20,19.6,29.5,0,436,0.004158961,0
4711,02/08/15 0:21,19.6,29.5,0,437,0.004158961,0
4712,02/08/15 0:22,19.6,29.5,0,438,0.004158961,0
4713,02/08/15 0:23,19.6,29.5,0,439.5,0.004158961,0
4714,02/08/15 0:23,19.6,29.5,0,440,0.004158961,0
4715,02/08/15 0:24,19.6,29.5,0,440,0.004158961,0
4716,02/08/15 0:26,19.6,29.55,0,442,0.004166058,0
4717,02/08/15 0:27,19.6,29.5,0,439.5,0.004158961,0
4718,02/08/15 0:28,19.6,29.6,0,434.3333333,0.004173154,0
4719,02/08/15 0:29,19.6,29.55,0,435.5,0.004166058,0
4720,02/08/15 0:29,19.6,29.7,0,437,0.004187347,0
4721,02/08/15 0:30,19.6,29.66666667,0,437.6666667,0.004182616,0
4722,02/08/15 0:32,19.6,29.65,0,440.5,0.004180251,0
4723,02/08/15 0:33,19.6,29.7,0,439.5,0.004187347,0
4724,02/08/15 0:34,19.6,29.79,0,440,0.004200122,0
4725,02/08/15 0:35,19.6,29.79,0,436.5,0.004200122,0
4726,02/08/15 0:36,19.6,29.79,0,435.5,0.004200122,0
4727,02/08/15 0:36,19.6,29.79,0,434,0.004200122,0
4728,02/08/15 0:38,19.6,29.79,0,430,0.004200122,0
4729,02/08/15 0:39,19.6,29.84,0,433.5,0.004207219,0
4730,02/08/15 0:40,19.6,29.89,0,435.5,0.004214317,0
4731,02/08/15 0:40,19.6,29.89,0,439,0.004214317,0
4732,02/08/15 0:42,19.6,29.89,0,435,0.004214317,0
4733,02/08/15 0:42,19.6,29.89,0,440,0.004214317,0
4734,02/08/15 0:43,19.6,29.89,0,443,0.004214317,0
4735,02/08/15 0:45,19.55,29.89,0,439,0.004201153,0
4736,02/08/15 0:46,19.6,29.92666667,0,437.5,0.004219522,0
4737,02/08/15 0:47,19.55,29.945,0,439.6666667,0.004208936,0
4738,02/08/15 0:48,19.6,29.89,0,446,0.004214317,0
4739,02/08/15 0:49,19.55,29.89,0,441,0.004201153,0
4740,02/08/15 0:49,19.55,29.89,0,442,0.004201153,0
4741,02/08/15 0:51,19.55,29.945,0,442,0.004208936,0
4742,02/08/15 0:52,19.5,30,0,439.5,0.004203543,0
4743,02/08/15 0:53,19.6,30,0,437,0.004229932,0
4744,02/08/15 0:53,19.5,30.03333333,0,436.6666667,0.004208245,0
4745,02/08/15 0:55,19.5,30,0,435,0.004203543,0
4746,02/08/15 0:55,19.5,30,0,434,0.004203543,0
4747,02/08/15 0:56,19.55,30,0,436,0.004216719,0
4748,02/08/15 0:58,19.55,30,0,438.5,0.004216719,0
4749,02/08/15 0:59,19.5,30,0,437,0.004203543,0
4750,02/08/15 1:00,19.5,30.1,0,435.5,0.00421765,0
4751,02/08/15 1:01,19.5,30.06666667,0,437,0.004212947,0
4752,02/08/15 1:01,19.5,30.1,0,438.5,0.00421765,0
4753,02/08/15 1:02,19.5,30.1,0,436.6666667,0.00421765,0
4754,02/08/15 1:04,19.5,30.1,0,436.5,0.00421765,0
4755,02/08/15 1:05,19.5,30.1,0,438,0.00421765,0
4756,02/08/15 1:06,19.5,30.1,0,436,0.00421765,0
4757,02/08/15 1:07,19.5,30.1,0,431,0.00421765,0
4758,02/08/15 1:08,19.5,30.13333333,0,433,0.004222352,0
4759,02/08/15 1:08,19.5,30.1,0,436,0.00421765,0
4760,02/08/15 1:09,19.6,30.2,0,438,0.004258324,0
4761,02/08/15 1:11,19.5,30.2,0,436.5,0.004231757,0
4762,02/08/15 1:12,19.5,30.2,0,439,0.004231757,0
4763,02/08/15 1:13,19.5,30.2,0,438,0.004231757,0
4764,02/08/15 1:14,19.5,30.2,0,436.5,0.004231757,0
4765,02/08/15 1:14,19.5,30.2675,0,436.5,0.00424128,0
4766,02/08/15 1:15,19.5,30.29,0,441.5,0.004244454,0
4767,02/08/15 1:17,19.5,30.29,0,442.5,0.004244454,0
4768,02/08/15 1:18,19.5,30.29,0,440.5,0.004244454,0
4769,02/08/15 1:19,19.5,30.29,0,444.6666667,0.004244454,0
4770,02/08/15 1:20,19.5,30.29,0,439,0.004244454,0
4771,02/08/15 1:21,19.5,30.245,0,437,0.004238106,0
4772,02/08/15 1:21,19.5,30.2,0,438,0.004231757,0
4773,02/08/15 1:23,19.55,30.15,0,438.5,0.004237946,0
4774,02/08/15 1:24,19.5,30.1,0,434,0.00421765,0
4775,02/08/15 1:25,19.5,30.1,0,433.5,0.00421765,0
4776,02/08/15 1:25,19.5,30.1,0,437.3333333,0.00421765,0
4777,02/08/15 1:27,19.5,30.1,0,442,0.00421765,0
4778,02/08/15 1:27,19.5,30.15,0,443.5,0.004224703,0
4779,02/08/15 1:28,19.5,30.15,0,445.5,0.004224703,0
4780,02/08/15 1:30,19.5,30.1,0,439,0.00421765,0
4781,02/08/15 1:31,19.6,30.1,0,442,0.004244128,0
4782,02/08/15 1:32,19.53333333,30.1,0,439.6666667,0.004226459,0
4783,02/08/15 1:33,19.5,30.1,0,440,0.00421765,0
4784,02/08/15 1:34,19.5,30.15,0,438.5,0.004224703,0
4785,02/08/15 1:34,19.56666667,30.16666667,0,442.6666667,0.00424473,0
4786,02/08/15 1:36,19.56666667,30.2,0,436.3333333,0.004249452,0
4787,02/08/15 1:37,19.56666667,30.2,0,438,0.004249452,0
4788,02/08/15 1:38,19.5,30.2,0,437,0.004231757,0
4789,02/08/15 1:38,19.6,30.2,0,441.5,0.004258324,0
4790,02/08/15 1:40,19.6,30.2,0,441,0.004258324,0
4791,02/08/15 1:40,19.5,30.2,0,439,0.004231757,0
4792,02/08/15 1:41,19.55,30.2,0,441.5,0.004245022,0
4793,02/08/15 1:43,19.53333333,30.32333333,0,437,0.004258033,0
4794,02/08/15 1:44,19.55,30.34,0,437.5,0.004264836,0
4795,02/08/15 1:45,19.5,30.39,0,443,0.004258563,0
4796,02/08/15 1:46,19.5,30.29,0,437,0.004244454,0
4797,02/08/15 1:46,19.5,30.39,0,433,0.004258563,0
4798,02/08/15 1:47,19.5,30.39,0,434.5,0.004258563,0
4799,02/08/15 1:49,19.5,30.39,0,436,0.004258563,0
4800,02/08/15 1:50,19.56666667,30.39,0,439.6666667,0.004276371,0
4801,02/08/15 1:51,19.5,30.5,0,439,0.004274083,0
4802,02/08/15 1:52,19.5,30.5,0,441,0.004274083,0
4803,02/08/15 1:53,19.5,30.5,0,439,0.004274083,0
4804,02/08/15 1:53,19.5,30.5,0,440,0.004274083,0
4805,02/08/15 1:54,19.5,30.6,0,436,0.004288193,0
4806,02/08/15 1:56,19.5,30.6,0,436,0.004288193,0
4807,02/08/15 1:57,19.5,30.6,0,437.75,0.004288193,0
4808,02/08/15 1:58,19.445,30.55,0,435,0.004266418,0
4809,02/08/15 1:59,19.5,30.6,0,438.5,0.004288193,0
4810,02/08/15 1:59,19.5,30.6,0,439,0.004288193,0
4811,02/08/15 2:00,19.39,30.55,0,436.5,0.004251742,0
4812,02/08/15 2:02,19.445,30.65,0,440,0.004280479,0
4813,02/08/15 2:03,19.39,30.55,0,441.5,0.004251742,0
4814,02/08/15 2:04,19.42666667,30.53333333,0,441,0.00425918,0
4815,02/08/15 2:05,19.39,30.55,0,440,0.004251742,0
4816,02/08/15 2:06,19.445,30.55,0,433,0.004266418,0
4817,02/08/15 2:06,19.39,30.6,0,440,0.004258748,0
4818,02/08/15 2:08,19.5,30.7,0,435,0.004302304,0
4819,02/08/15 2:09,19.39,30.6,0,436,0.004258748,0
4820,02/08/15 2:10,19.39,30.7,0,436,0.004272761,0
4821,02/08/15 2:10,19.445,30.7,0,431.5,0.00428751,0
4822,02/08/15 2:12,19.39,30.7,0,439,0.004272761,0
4823,02/08/15 2:12,19.39,30.7,0,440.5,0.004272761,0
4824,02/08/15 2:13,19.39,30.7,0,438,0.004272761,0
4825,02/08/15 2:15,19.39,30.745,0,438,0.004279067,0
4826,02/08/15 2:16,19.39,30.79,0,438,0.004285374,0
4827,02/08/15 2:17,19.39,30.79,0,433.6666667,0.004285374,0
4828,02/08/15 2:18,19.39,30.79,0,439,0.004285374,0
4829,02/08/15 2:19,19.39,30.745,0,438,0.004279067,0
4830,02/08/15 2:19,19.39,30.745,0,439.5,0.004279067,0
4831,02/08/15 2:21,19.39,30.745,0,436,0.004279067,0
4832,02/08/15 2:22,19.39,30.7,0,437,0.004272761,0
4833,02/08/15 2:23,19.39,30.79,0,437,0.004285374,0
4834,02/08/15 2:23,19.39,30.73,0,446.3333333,0.004276965,0
4835,02/08/15 2:25,19.5,30.79,0,447,0.004315004,0
4836,02/08/15 2:25,19.39,30.79,0,440,0.004285374,0
4837,02/08/15 2:26,19.39,30.79,0,441,0.004285374,0
4838,02/08/15 2:28,19.39,30.84,0,438,0.004292381,0
4839,02/08/15 2:29,19.39,30.89,0,434,0.004299388,0
4840,02/08/15 2:30,19.39,30.89,0,435.3333333,0.004299388,0
4841,02/08/15 2:31,19.39,30.92666667,0,439.3333333,0.004304527,0
4842,02/08/15 2:31,19.39,30.945,0,438.5,0.004307096,0
4843,02/08/15 2:32,19.39,30.89,0,434.5,0.004299388,0
4844,02/08/15 2:34,19.39,30.82333333,0,441.3333333,0.004290045,0
4845,02/08/15 2:35,19.42666667,30.86,0,441,0.004305063,0
4846,02/08/15 2:36,19.39,30.89,0,437,0.004299388,0
4847,02/08/15 2:37,19.39,30.89,0,433.5,0.004299388,0
4848,02/08/15 2:38,19.39,30.89,0,434,0.004299388,0
4849,02/08/15 2:38,19.39,30.84,0,439,0.004292381,0
4850,02/08/15 2:39,19.39,30.84,0,441.5,0.004292381,0
4851,02/08/15 2:41,19.39,30.84,0,440,0.004292381,0
4852,02/08/15 2:42,19.39,30.89,0,443,0.004299388,0
4853,02/08/15 2:43,19.39,31,0,441.6666667,0.004314804,0
4854,02/08/15 2:44,19.39,31,0,437,0.004314804,0
4855,02/08/15 2:44,19.39,31.05,0,434.5,0.004321812,0
4856,02/08/15 2:45,19.39,31.1,0,436.6666667,0.00432882,0
4857,02/08/15 2:47,19.29,31.1,0,442,0.004301766,0
4858,02/08/15 2:48,19.34,31.05,0,434.5,0.004308289,0
4859,02/08/15 2:49,19.39,31.1,0,437,0.00432882,0
4860,02/08/15 2:50,19.39,31,0,439,0.004314804,0
4861,02/08/15 2:51,19.39,31.05,0,435.5,0.004321812,0
4862,02/08/15 2:51,19.39,31.1,0,434,0.00432882,0
4863,02/08/15 2:53,19.39,31.06666667,0,433,0.004324148,0
4864,02/08/15 2:54,19.39,31.1,0,440,0.00432882,0
4865,02/08/15 2:55,19.39,31.1,0,436,0.00432882,0
4866,02/08/15 2:55,19.39,31.1,0,434,0.00432882,0
4867,02/08/15 2:57,19.39,31.05,0,431.5,0.004321812,0
4868,02/08/15 2:57,19.35666667,31.1,0,437,0.004319785,0
4869,02/08/15 2:58,19.39,31.1,0,437,0.00432882,0
4870,02/08/15 3:00,19.39,31.1,0,440.5,0.00432882,0
4871,02/08/15 3:01,19.39,31.1,0,440,0.00432882,0
4872,02/08/15 3:02,19.39,31.1,0,440.6666667,0.00432882,0
4873,02/08/15 3:03,19.39,31.1,0,440,0.00432882,0
4874,02/08/15 3:04,19.34,31.15,0,440,0.00432226,0
4875,02/08/15 3:04,19.39,31.1,0,441,0.00432882,0
4876,02/08/15 3:06,19.39,31.1,0,435,0.00432882,0
4877,02/08/15 3:07,19.39,31.1,0,439,0.00432882,0
4878,02/08/15 3:08,19.39,31.1,0,438,0.00432882,0
4879,02/08/15 3:08,19.39,31.1,0,437,0.00432882,0
4880,02/08/15 3:10,19.39,31.1,0,436.6666667,0.00432882,0
4881,02/08/15 3:10,19.34,31.1,0,436.5,0.004315274,0
4882,02/08/15 3:11,19.39,31.1,0,436,0.00432882,0
4883,02/08/15 3:13,19.39,31.15,0,436.5,0.004335828,0
4884,02/08/15 3:14,19.29,31.2,0,435.5,0.004315694,0
4885,02/08/15 3:15,19.39,31.2,0,437,0.004342836,0
4886,02/08/15 3:16,19.34,31.2,0,437.5,0.004329246,0
4887,02/08/15 3:16,19.29,31.2,0,437,0.004315694,0
4888,02/08/15 3:17,19.34,31.2,0,431,0.004329246,0
4889,02/08/15 3:19,19.39,31.2,0,433,0.004342836,0
4890,02/08/15 3:20,19.35666667,31.2,0,439,0.004333772,0
4891,02/08/15 3:21,19.34,31.15,0,438,0.00432226,0
4892,02/08/15 3:22,19.29,31.15,0,438,0.00430873,0
4893,02/08/15 3:23,19.39,31.16666667,0,441,0.004338164,0
4894,02/08/15 3:23,19.39,31,0,438,0.004314804,0
4895,02/08/15 3:24,19.39,31.1,0,437,0.00432882,0
4896,02/08/15 3:26,19.39,31.05,0,437,0.004321812,0
4897,02/08/15 3:27,19.39,31.1,0,437,0.00432882,0
4898,02/08/15 3:28,19.39,31.05,0,437,0.004321812,0
4899,02/08/15 3:29,19.39,31,0,434,0.004314804,0
4900,02/08/15 3:29,19.39,31.06666667,0,437.6666667,0.004324148,0
4901,02/08/15 3:30,19.39,31,0,443,0.004314804,0
4902,02/08/15 3:32,19.42666667,31,0,439,0.004324729,0
4903,02/08/15 3:33,19.39,31,0,440,0.004314804,0
4904,02/08/15 3:34,19.445,31,0,434,0.004329699,0
4905,02/08/15 3:35,19.39,31,0,435,0.004314804,0
4906,02/08/15 3:36,19.39,30.945,0,432,0.004307096,0
4907,02/08/15 3:36,19.39,31,0,437,0.004314804,0
4908,02/08/15 3:38,19.39,31,0,433.5,0.004314804,0
4909,02/08/15 3:39,19.39,31,0,435,0.004314804,0
4910,02/08/15 3:40,19.445,31,0,436.5,0.004329699,0
4911,02/08/15 3:40,19.445,31,0,434.5,0.004329699,0
4912,02/08/15 3:42,19.39,31,0,438.3333333,0.004314804,0
4913,02/08/15 3:42,19.39,31,0,440.5,0.004314804,0
4914,02/08/15 3:43,19.39,31,0,438.6666667,0.004314804,0
4915,02/08/15 3:45,19.39,31,0,436.5,0.004314804,0
4916,02/08/15 3:46,19.39,31,0,437,0.004314804,0
4917,02/08/15 3:47,19.39,31,0,443.5,0.004314804,0
4918,02/08/15 3:48,19.39,31.1,0,436.5,0.00432882,0
4919,02/08/15 3:49,19.39,31.1,0,435,0.00432882,0
4920,02/08/15 3:49,19.5,31.2,0,438.5,0.004372866,0
4921,02/08/15 3:51,19.39,31.1,0,437.5,0.00432882,0
4922,02/08/15 3:52,19.39,31.15,0,433.5,0.004335828,0
4923,02/08/15 3:53,19.39,31.2,0,434,0.004342836,0
4924,02/08/15 3:53,19.39,31.2,0,436,0.004342836,0
4925,02/08/15 3:55,19.39,31.2,0,434,0.004342836,0
4926,02/08/15 3:55,19.39,31.2,0,434.5,0.004342836,0
4927,02/08/15 3:56,19.39,31.2,0,433.6666667,0.004342836,0
4928,02/08/15 3:58,19.39,31.2,0,431.5,0.004342836,0
4929,02/08/15 3:59,19.39,31.2,0,432,0.004342836,0
4930,02/08/15 4:00,19.39,31.2,0,438,0.004342836,0
4931,02/08/15 4:01,19.39,31.2,0,437.5,0.004342836,0
4932,02/08/15 4:01,19.39,31.2,0,433,0.004342836,0
4933,02/08/15 4:02,19.39,31.2,0,437,0.004342836,0
4934,02/08/15 4:04,19.39,31.2,0,433.5,0.004342836,0
4935,02/08/15 4:05,19.39,31.245,0,434.5,0.004349144,0
4936,02/08/15 4:06,19.34,31.2,0,433.5,0.004329246,0
4937,02/08/15 4:07,19.29,31.245,0,433.5,0.004321962,0
4938,02/08/15 4:08,19.34,31.2,0,433.5,0.004329246,0
4939,02/08/15 4:08,19.39,31.245,0,436.5,0.004349144,0
4940,02/08/15 4:09,19.29,31.29,0,436,0.00432823,0
4941,02/08/15 4:11,19.34,31.29,0,433,0.004341822,0
4942,02/08/15 4:12,19.29,31.29,0,434,0.00432823,0
4943,02/08/15 4:13,19.32333333,31.29,0,431,0.004337287,0
4944,02/08/15 4:14,19.39,31.29,0,436,0.004355451,0
4945,02/08/15 4:14,19.29,31.29,0,439.5,0.00432823,0
4946,02/08/15 4:15,19.29,31.29,0,439,0.00432823,0
4947,02/08/15 4:17,19.39,31.29,0,435.5,0.004355451,0
4948,02/08/15 4:18,19.29,31.34,0,437,0.004335194,0
4949,02/08/15 4:19,19.29,31.39,0,436.5,0.004342159,0
4950,02/08/15 4:20,19.39,31.39,0,438,0.004369469,0
4951,02/08/15 4:21,19.29,31.39,0,433,0.004342159,0
4952,02/08/15 4:21,19.29,31.46333333,0,435,0.004352374,0
4953,02/08/15 4:23,19.29,31.5,0,434.3333333,0.004357482,0
4954,02/08/15 4:24,19.39,31.39,0,438,0.004369469,0
4955,02/08/15 4:25,19.32333333,31.35666667,0,435,0.004346593,0
4956,02/08/15 4:25,19.29,31.29,0,434.5,0.00432823,0
4957,02/08/15 4:27,19.29,31.39,0,434.3333333,0.004342159,0
4958,02/08/15 4:27,19.29,31.29,0,434,0.00432823,0
4959,02/08/15 4:28,19.39,31.29,0,439,0.004355451,0
4960,02/08/15 4:30,19.32333333,31.29,0,441.6666667,0.004337287,0
4961,02/08/15 4:31,19.29,31.29,0,439,0.00432823,0
4962,02/08/15 4:32,19.29,31.29,0,439,0.00432823,0
4963,02/08/15 4:33,19.32333333,31.29,0,436.3333333,0.004337287,0
4964,02/08/15 4:34,19.39,31.29,0,436.5,0.004355451,0
4965,02/08/15 4:34,19.39,31.29,0,436,0.004355451,0
4966,02/08/15 4:36,19.39,31.29,0,438,0.004355451,0
4967,02/08/15 4:37,19.39,31.29,0,435,0.004355451,0
4968,02/08/15 4:38,19.39,31.2,0,434,0.004342836,0
4969,02/08/15 4:38,19.39,31.29,0,434,0.004355451,0
4970,02/08/15 4:40,19.39,31.29,0,436.3333333,0.004355451,0
4971,02/08/15 4:40,19.39,31.29,0,430.6666667,0.004355451,0
4972,02/08/15 4:41,19.39,31.29,0,436,0.004355451,0
4973,02/08/15 4:43,19.39,31.29,0,433,0.004355451,0
4974,02/08/15 4:44,19.34,31.29,0,432,0.004341822,0
4975,02/08/15 4:45,19.39,31.29,0,431,0.004355451,0
4976,02/08/15 4:46,19.39,31.29,0,437,0.004355451,0
4977,02/08/15 4:46,19.34,31.445,0,437,0.004363481,0
4978,02/08/15 4:47,19.32333333,31.42666667,0,439.3333333,0.004356364,0
4979,02/08/15 4:49,19.29,31.39,0,438,0.004342159,0
4980,02/08/15 4:50,19.29,31.29,0,438,0.00432823,0
4981,02/08/15 4:51,19.29,31.39,0,436,0.004342159,0
4982,02/08/15 4:52,19.39,31.39,0,436,0.004369469,0
4983,02/08/15 4:53,19.29,31.445,0,438.5,0.00434982,0
4984,02/08/15 4:53,19.39,31.39,0,437.25,0.004369469,0
4985,02/08/15 4:54,19.29,31.445,0,436,0.00434982,0
4986,02/08/15 4:56,19.34,31.5,0,433.5,0.004371166,0
4987,02/08/15 4:57,19.35666667,31.5,0,434,0.004375736,0
4988,02/08/15 4:58,19.29,31.5,0,433,0.004357482,0
4989,02/08/15 4:59,19.29,31.5,0,433,0.004357482,0
4990,02/08/15 4:59,19.29,31.55,0,438.5,0.004364447,0
4991,02/08/15 5:00,19.29,31.6,0,440.3333333,0.004371412,0
4992,02/08/15 5:02,19.29,31.6,0,437.3333333,0.004371412,0
4993,02/08/15 5:03,19.29,31.6,0,436,0.004371412,0
4994,02/08/15 5:04,19.29,31.6,0,430,0.004371412,0
4995,02/08/15 5:05,19.29,31.6,0,431,0.004371412,0
4996,02/08/15 5:06,19.29,31.6,0,431.5,0.004371412,0
4997,02/08/15 5:06,19.2,31.5,0,434,0.004332945,0
4998,02/08/15 5:08,19.29,31.63333333,0,429.6666667,0.004376056,0
4999,02/08/15 5:09,19.245,31.55,0,429.5,0.004352144,0
5000,02/08/15 5:10,19.245,31.65,0,430,0.004366035,0
5001,02/08/15 5:10,19.2,31.6,0,430,0.004346797,0
5002,02/08/15 5:12,19.245,31.6,0,429,0.004359089,0
5003,02/08/15 5:12,19.2,31.6,0,435,0.004346797,0
5004,02/08/15 5:13,19.23,31.63333333,0,432,0.004359615,0
5005,02/08/15 5:15,19.245,31.65,0,435.5,0.004366035,0
5006,02/08/15 5:16,19.245,31.7,0,434.5,0.004372981,0
5007,02/08/15 5:17,19.26,31.7,0,434,0.004377098,0
5008,02/08/15 5:18,19.29,31.7,0,435,0.004385344,0
5009,02/08/15 5:19,19.2,31.6,0,435,0.004346797,0
5010,02/08/15 5:19,19.29,31.7,0,436.5,0.004385344,0
5011,02/08/15 5:21,19.2,31.6,0,434.5,0.004346797,0
5012,02/08/15 5:22,19.29,31.7,0,432,0.004385344,0
5013,02/08/15 5:23,19.2,31.53333333,0,432.6666667,0.004337563,0
5014,02/08/15 5:23,19.26,31.56666667,0,437,0.004358559,0
5015,02/08/15 5:25,19.245,31.6,0,435.5,0.004359089,0
5016,02/08/15 5:25,19.29,31.7,0,429.5,0.004385344,0
5017,02/08/15 5:26,19.29,31.7,0,430,0.004385344,0
5018,02/08/15 5:28,19.29,31.7,0,437,0.004385344,0
5019,02/08/15 5:29,19.29,31.7,0,438,0.004385344,0
5020,02/08/15 5:30,19.29,31.7,0,436.3333333,0.004385344,0
5021,02/08/15 5:31,19.2,31.6,0,435,0.004346797,0
5022,02/08/15 5:31,19.29,31.6,0,433,0.004371412,0
5023,02/08/15 5:32,19.29,31.6,0,436.5,0.004371412,0
5024,02/08/15 5:34,19.245,31.55,0,439,0.004352144,0
5025,02/08/15 5:35,19.29,31.6,0,432,0.004371412,0
5026,02/08/15 5:36,19.29,31.5,0,434.5,0.004357482,0
5027,02/08/15 5:37,19.29,31.6,0,433.5,0.004371412,0
5028,02/08/15 5:38,19.29,31.55,0,434,0.004364447,0
5029,02/08/15 5:38,19.29,31.55,0,434,0.004364447,0
5030,02/08/15 5:39,19.29,31.5,0,435,0.004357482,0
5031,02/08/15 5:41,19.29,31.55,0,433.5,0.004364447,0
5032,02/08/15 5:42,19.29,31.5,0,428.5,0.004357482,0
5033,02/08/15 5:43,19.29,31.5,0,428.3333333,0.004357482,0
5034,02/08/15 5:44,19.29,31.5,0,431,0.004357482,0
5035,02/08/15 5:44,19.29,31.5,0,435.5,0.004357482,0
5036,02/08/15 5:45,19.29,31.5,0,436.6666667,0.004357482,0
5037,02/08/15 5:47,19.29,31.55,0,434,0.004364447,0
5038,02/08/15 5:48,19.34,31.6,0,432.5,0.004385141,0
5039,02/08/15 5:49,19.29,31.5,0,431.5,0.004357482,0
5040,02/08/15 5:50,19.29,31.5,0,437,0.004357482,0
5041,02/08/15 5:51,19.34,31.55,0,439.5,0.004378153,0
5042,02/08/15 5:51,19.29,31.5,0,436,0.004357482,0
5043,02/08/15 5:53,19.29,31.5,0,431.6666667,0.004357482,0
5044,02/08/15 5:54,19.29,31.55,0,434.5,0.004364447,0
5045,02/08/15 5:55,19.29,31.55,0,435,0.004364447,0
5046,02/08/15 5:55,19.29,31.6,0,433.5,0.004371412,0
5047,02/08/15 5:57,19.29,31.6,0,435,0.004371412,0
5048,02/08/15 5:57,19.29,31.6,0,436,0.004371412,0
5049,02/08/15 5:58,19.29,31.6,0,433.3333333,0.004371412,0
5050,02/08/15 6:00,19.29,31.55,0,436.5,0.004364447,0
5051,02/08/15 6:01,19.29,31.6,0,441,0.004371412,0
5052,02/08/15 6:02,19.29,31.6,0,436,0.004371412,0
5053,02/08/15 6:03,19.29,31.6,0,433,0.004371412,0
5054,02/08/15 6:04,19.2,31.6,0,432,0.004346797,0
5055,02/08/15 6:04,19.245,31.65,0,429,0.004366035,0
5056,02/08/15 6:06,19.2,31.6,0,433,0.004346797,0
5057,02/08/15 6:07,19.23,31.63333333,0,434.3333333,0.004359615,0
5058,02/08/15 6:08,19.29,31.7,0,432,0.004385344,0
5059,02/08/15 6:08,19.245,31.65,0,437.5,0.004366035,0
5060,02/08/15 6:10,19.2,31.6,0,437.5,0.004346797,0
5061,02/08/15 6:10,19.245,31.65,0,437.5,0.004366035,0
5062,02/08/15 6:11,19.29,31.7,0,438,0.004385344,0
5063,02/08/15 6:13,19.2,31.6,0,439.3333333,0.004346797,0
5064,02/08/15 6:14,19.2,31.6,0,437.5,0.004346797,0
5065,02/08/15 6:15,19.29,31.7,0,433,0.004385344,0
5066,02/08/15 6:16,19.2,31.6,0,433,0.004346797,0
5067,02/08/15 6:16,19.245,31.7,0,431,0.004372981,0
5068,02/08/15 6:17,19.2,31.6,0,431,0.004346797,0
5069,02/08/15 6:19,19.2,31.7,0,433,0.004360649,0
5070,02/08/15 6:20,19.2,31.7,0,435,0.004360649,0
5071,02/08/15 6:21,19.2,31.7,0,431,0.004360649,0
5072,02/08/15 6:22,19.2,31.7,0,431.5,0.004360649,0
5073,02/08/15 6:23,19.2,31.7,0,427,0.004360649,0
5074,02/08/15 6:23,19.2,31.7,0,426,0.004360649,0
5075,02/08/15 6:24,19.2,31.7,0,435,0.004360649,0
5076,02/08/15 6:26,19.2225,31.7,0,434.25,0.004366811,0
5077,02/08/15 6:27,19.2,31.6,0,434,0.004346797,0
5078,02/08/15 6:28,19.245,31.65,0,435,0.004366035,0
5079,02/08/15 6:29,19.2,31.55,0,434.5,0.004339871,0
5080,02/08/15 6:29,19.23,31.56666667,0,432,0.004350362,0
5081,02/08/15 6:30,19.2,31.5,0,432,0.004332945,0
5082,02/08/15 6:32,19.29,31.7,0,433,0.004385344,0
5083,02/08/15 6:33,19.26,31.66666667,0,437.3333333,0.004372463,0
5084,02/08/15 6:34,19.2,31.5,0,437,0.004332945,0
5085,02/08/15 6:35,19.2,31.5,0,435,0.004332945,0
5086,02/08/15 6:36,19.245,31.5,0,431,0.004345198,0
5087,02/08/15 6:36,19.2,31.5,0,435,0.004332945,0
5088,02/08/15 6:38,19.2,31.5,0,431.5,0.004332945,0
5089,02/08/15 6:39,19.2,31.6,0,429.5,0.004346797,0
5090,02/08/15 6:40,19.2,31.5,0,435,0.004332945,0
5091,02/08/15 6:40,19.2,31.55,0,432,0.004339871,0
5092,02/08/15 6:42,19.2,31.6,0,428.6666667,0.004346797,0
5093,02/08/15 6:42,19.2,31.55,0,432.5,0.004339871,0
5094,02/08/15 6:43,19.2,31.5,0,435,0.004332945,0
5095,02/08/15 6:45,19.29,31.6,0,441,0.004371412,0
5096,02/08/15 6:46,19.2,31.5,0,430.5,0.004332945,0
5097,02/08/15 6:47,19.2,31.5,0,430,0.004332945,0
5098,02/08/15 6:48,19.2,31.445,0,434,0.004325327,0
5099,02/08/15 6:49,19.2,31.39,0,436,0.004317709,0
5100,02/08/15 6:49,19.245,31.445,0,436.5,0.004337559,0
5101,02/08/15 6:51,19.2,31.5,0,433.5,0.004332945,0
5102,02/08/15 6:52,19.245,31.445,0,431,0.004337559,0
5103,02/08/15 6:53,19.26,31.46333333,0,428.3333333,0.004344191,0
5104,02/08/15 6:53,19.26,31.46333333,0,431.6666667,0.004344191,0
5105,02/08/15 6:55,19.2,31.39,0,435,0.004317709,0
5106,02/08/15 6:55,19.2,31.39,0,435,0.004317709,0
5107,02/08/15 6:56,19.2,31.39,0,434,0.004317709,0
5108,02/08/15 6:58,19.2,31.39,0,433.5,0.004317709,0
5109,02/08/15 6:59,19.2,31.39,0,432.5,0.004317709,0
5110,02/08/15 7:00,19.2,31.39,0,429,0.004317709,0
5111,02/08/15 7:01,19.2,31.39,0,436.3333333,0.004317709,0
5112,02/08/15 7:01,19.2,31.39,0,432.3333333,0.004317709,0
5113,02/08/15 7:02,19.2,31.39,0,429.3333333,0.004317709,0
5114,02/08/15 7:04,19.2,31.39,0,423.5,0.004317709,0
5115,02/08/15 7:05,19.2,31.39,0,429,0.004317709,0
5116,02/08/15 7:06,19.16666667,31.39,0,428.6666667,0.004308685,0
5117,02/08/15 7:07,19.2,31.39,0,432,0.004317709,0
5118,02/08/15 7:08,19.16666667,31.39,0,426.6666667,0.004308685,0
5119,02/08/15 7:08,19.2,31.39,0,431,0.004317709,0
5120,02/08/15 7:09,19.13333333,31.39,0,433.3333333,0.004299677,0
5121,02/08/15 7:11,19.2,31.39,0,437.5,0.004317709,0
5122,02/08/15 7:12,19.2,31.39,0,428,0.004317709,0
5123,02/08/15 7:13,19.15,31.39,0,432.5,0.004304179,0
5124,02/08/15 7:14,19.1,31.39,0,432,0.004290686,0
5125,02/08/15 7:14,19.1,31.39,0,436,0.004290686,0
5126,02/08/15 7:15,19.1,31.39,0,433,0.004290686,0
5127,02/08/15 7:17,19.1,31.445,0,435.5,0.004298256,0
5128,02/08/15 7:18,19.1,31.445,0,433,0.004298256,0
5129,02/08/15 7:19,19.1,31.445,0,430,0.004298256,0
5130,02/08/15 7:20,19.1,31.5,0,432,0.004305826,0
5131,02/08/15 7:21,19.1,31.39,0,439,0.004290686,0
5132,02/08/15 7:21,19.1,31.39,0,441,0.004290686,0
5133,02/08/15 7:23,19.1,31.39,0,442,0.004290686,0
5134,02/08/15 7:24,19.1,31.46333333,0,440.6666667,0.004300779,0
5135,02/08/15 7:25,19.1,31.5,0,439,0.004305826,0
5136,02/08/15 7:25,19.1,31.5,0,435,0.004305826,0
5137,02/08/15 7:27,19.05,31.445,0,436,0.004284776,0
5138,02/08/15 7:27,19,31.39,0,437.5,0.004263812,0
5139,02/08/15 7:28,19,31.39,0,439,0.004263812,0
5140,02/08/15 7:30,19,31.39,0,440.5,0.004263812,0
5141,02/08/15 7:31,19,31.35666667,0,435.3333333,0.004259253,0
5142,02/08/15 7:32,19,31.39,0,432,0.004263812,0
5143,02/08/15 7:33,19.1,31.39,0,434,0.004290686,0
5144,02/08/15 7:34,19.1,31.29,0,431,0.004276923,0
5145,02/08/15 7:34,19.1,31.29,0,436,0.004276923,0
5146,02/08/15 7:36,19.1,31.245,0,435.5,0.00427073,0
5147,02/08/15 7:37,19.13333333,31.2,0,433.6666667,0.004273473,0
5148,02/08/15 7:38,19.15,31.2,0,428.5,0.004277947,0
5149,02/08/15 7:38,19.13333333,31.2,0,430,0.004273473,0
5150,02/08/15 7:40,19.16666667,31.2,0,429.6666667,0.004282425,0
5151,02/08/15 7:40,19.2,31.2,0,431.6666667,0.004291395,0
5152,02/08/15 7:41,19.2,31.2,0,431,0.004291395,0
5153,02/08/15 7:43,19.2,31.2,0,431.5,0.004291395,0
5154,02/08/15 7:44,19.2,31.2,0,435.5,0.004291395,0
5155,02/08/15 7:45,19.2,31.13333333,0,433,0.004282162,0
5156,02/08/15 7:46,19.2,31.1,0,430,0.004277545,0
5157,02/08/15 7:46,19.2,31.1,0,432,0.004277545,0
5158,02/08/15 7:47,19.2,31.1,0,431,0.004277545,0
5159,02/08/15 7:49,19.29,31.2,0,434,0.004315694,0
5160,02/08/15 7:50,19.245,31.15,0,431,0.004296585,0
5161,02/08/15 7:51,19.2,31.1,0,430.5,0.004277545,0
5162,02/08/15 7:52,19.2,31.1,0,429,0.004277545,0
5163,02/08/15 7:53,19.245,31.15,0,427.5,0.004296585,0
5164,02/08/15 7:53,19.2,31.1,0,429.5,0.004277545,0
5165,02/08/15 7:54,19.2,31.1,0,436,0.004277545,0
5166,02/08/15 7:56,19.2,31.1,0,435.5,0.004277545,0
5167,02/08/15 7:57,19.26,31.16666667,0,436.6666667,0.004302947,0
5168,02/08/15 7:58,19.29,31.2,0,437,0.004315694,0
5169,02/08/15 7:59,19.23,31.13333333,0,432,0.004290231,0
5170,02/08/15 7:59,19.2,31,0,432,0.004263697,0
5171,02/08/15 8:00,19.245,31.1,0,431,0.004289641,0
5172,02/08/15 8:02,19.245,31.05,0,432,0.004282697,0
5173,02/08/15 8:03,19.26,31.1,0,442,0.004293679,0
5174,02/08/15 8:04,19.29,31.1,0,441,0.004301766,0
5175,02/08/15 8:05,19.2,31.05,0,438,0.004270621,0
5176,02/08/15 8:06,19.23,31.1,0,437.6666667,0.004285606,0
5177,02/08/15 8:06,19.2,31.05,0,436,0.004270621,0
5178,02/08/15 8:08,19.2,31.05,0,436.5,0.004270621,0
5179,02/08/15 8:09,19.2,31.1,0,437,0.004277545,0
5180,02/08/15 8:10,19.29,31.2,0,433,0.004315694,0
5181,02/08/15 8:10,19.23,31.1,0,433.3333333,0.004285606,0
5182,02/08/15 8:12,19.245,31.05,0,432,0.004282697,0
5183,02/08/15 8:12,19.245,31.1,0,437,0.004289641,0
5184,02/08/15 8:13,19.245,31.1,7,438.5,0.004289641,0
5185,02/08/15 8:15,19.26,31.16666667,14,436.6666667,0.004302947,0
5186,02/08/15 8:16,19.2675,31.175,14,435.5,0.004306131,0
5187,02/08/15 8:17,19.26,31.1,14,434,0.004293679,0
5188,02/08/15 8:18,19.245,31.15,14,436.75,0.004296585,0
5189,02/08/15 8:19,19.2225,31.125,14,430.5,0.004287056,0
5190,02/08/15 8:19,19.2675,31.175,14,427,0.004306131,0
5191,02/08/15 8:21,19.23,31.13333333,14,430.6666667,0.004290231,0
5192,02/08/15 8:22,19.245,31.15,14,437.25,0.004296585,0
5193,02/08/15 8:23,19.29,31.2,14,438,0.004315694,0
5194,02/08/15 8:23,19.2225,31.1,14,432.5,0.004283589,0
5195,02/08/15 8:25,19.23,31.13333333,14,428,0.004290231,0
5196,02/08/15 8:25,19.2675,31.175,7,429,0.004306131,0
5197,02/08/15 8:26,19.23,31.13333333,9.333333333,434,0.004290231,0
5198,02/08/15 8:28,19.245,31.175,8.5,434,0.004300057,0
5199,02/08/15 8:29,19.2225,31.15,10,435.5,0.004290524,0
5200,02/08/15 8:30,19.245,31.15,17,439,0.004296585,0
5201,02/08/15 8:31,19.23,31.13333333,20.66666667,439,0.004290231,0
5202,02/08/15 8:31,19.2225,31.125,11.5,430.5,0.004287056,0
5203,02/08/15 8:32,19.245,31.15,6,424.5,0.004296585,0
5204,02/08/15 8:34,19.2,31.1,6,428.6666667,0.004277545,0
5205,02/08/15 8:35,19.2225,31.125,9.6,432,0.004287056,0
5206,02/08/15 8:36,19.245,31.15,10.5,429.2,0.004296585,0
5207,02/08/15 8:37,19.245,31.15,6,430.3333333,0.004296585,0
5208,02/08/15 8:38,19.2,31.1,6,431.8,0.004277545,0
5209,02/08/15 8:38,19.2,31.1,6,431.3333333,0.004277545,0
5210,02/08/15 8:39,19.2,31.1,6,431.5,0.004277545,0
5211,02/08/15 8:41,19.2,31.125,6.5,433.5,0.004281008,0
5212,02/08/15 8:42,19.23,31.16666667,9.333333333,433,0.004294856,0
5213,02/08/15 8:43,19.2,31.13333333,9.333333333,430,0.004282162,0
5214,02/08/15 8:44,19.2,31.125,7,432.5,0.004281008,0
5215,02/08/15 8:44,19.2,31.175,14,434.5,0.004287932,0
5216,02/08/15 8:45,19.2,31.1,14,439.5,0.004277545,0
5217,02/08/15 8:47,19.2,31.1,14,438.6666667,0.004277545,0
5218,02/08/15 8:48,19.2,31.1,14,432,0.004277545,0
5219,02/08/15 8:49,19.2,31.125,14,439,0.004281008,0
5220,02/08/15 8:50,19.2,31.13333333,14,438.3333333,0.004282162,0
5221,02/08/15 8:51,19.2,31.16666667,14,437,0.004286778,0
5222,02/08/15 8:51,19.2,31.2,14,435.75,0.004291395,0
5223,02/08/15 8:53,19.2,31.13333333,14,437.3333333,0.004282162,0
5224,02/08/15 8:54,19.2225,31.175,14,439.5,0.004293991,0
5225,02/08/15 8:55,19.2,31.2,14,431,0.004291395,0
5226,02/08/15 8:55,19.23,31.2,9.333333333,433.3333333,0.004299481,0
5227,02/08/15 8:57,19.2225,31.15,12,442.25,0.004290524,0
5228,02/08/15 8:57,19.23,31.13333333,12,435.6666667,0.004290231,0
5229,02/08/15 8:58,19.2225,31.2,18.5,431.5,0.004297458,0
5230,02/08/15 9:00,19.26,31.2,29,430.6666667,0.004307581,0
5231,02/08/15 9:01,19.245,31.15,36,428.75,0.004296585,0
5232,02/08/15 9:02,19.2675,31.175,30.5,430.75,0.004306131,0
5233,02/08/15 9:03,19.2675,31.15,40,437.25,0.004302654,0
5234,02/08/15 9:04,19.26,31.16666667,46,438,0.004302947,0
5235,02/08/15 9:04,19.29,31.1,35,434.5,0.004301766,0
5236,02/08/15 9:06,19.26,31.06666667,25,435,0.004289045,0
5237,02/08/15 9:07,19.29,31.05,32.25,435.25,0.004294802,0
5238,02/08/15 9:08,19.29,31.1,28.75,437.75,0.004301766,0
5239,02/08/15 9:08,19.29,31.1,19.5,435,0.004301766,0
5240,02/08/15 9:10,19.29,31.06666667,6,438.3333333,0.004297124,0
5241,02/08/15 9:10,19.29,31.075,6,437.5,0.004298284,0
5242,02/08/15 9:11,19.29,31,6,436.5,0.004287839,0
5243,02/08/15 9:13,19.29,31,11.5,439,0.004287839,0
5244,02/08/15 9:14,19.29,31.1,10,440,0.004301766,0
5245,02/08/15 9:15,19.29,31.06666667,9.333333333,437.6666667,0.004297124,0
5246,02/08/15 9:16,19.29,31,7,432.75,0.004287839,0
5247,02/08/15 9:16,19.29,31,7,435,0.004287839,0
5248,02/08/15 9:17,19.2675,31,13.5,436.5,0.004281792,0
5249,02/08/15 9:19,19.29,31,20.66666667,436.3333333,0.004287839,0
5250,02/08/15 9:20,19.29,31,17,433,0.004287839,0
5251,02/08/15 9:21,19.2675,31,17,428.75,0.004281792,0
5252,02/08/15 9:22,19.29,31,6,430,0.004287839,0
5253,02/08/15 9:23,19.29,31,6,430.3333333,0.004287839,0
5254,02/08/15 9:23,19.272,30.978,24,436.5,0.00427994,0
5255,02/08/15 9:24,19.29,30.9725,22.8,434.6,0.004284009,0
5256,02/08/15 9:26,19.29,30.945,13,430,0.004280179,0
5257,02/08/15 9:27,19.245,30.945,28,427.75,0.004268115,0
5258,02/08/15 9:28,19.29,31,29.33333333,431,0.004287839,0
5259,02/08/15 9:29,19.29,30.9175,30.75,434,0.004276349,0
5260,02/08/15 9:29,19.29,30.89,36,435.25,0.004272519,0
5261,02/08/15 9:30,19.29,30.89,75.5,435,0.004272519,0
5262,02/08/15 9:32,19.29,30.89,97,432,0.004272519,0
5263,02/08/15 9:33,19.29,30.89,147.5,439.75,0.004272519,0
5264,02/08/15 9:34,19.29,30.865,166,437.75,0.004269038,0
5265,02/08/15 9:35,19.34,30.79,149,433.5,0.004271965,0
5266,02/08/15 9:36,19.39,30.7,146,428.75,0.004272761,0
5267,02/08/15 9:36,19.39,30.65,167.5,428.5,0.004265755,0
5268,02/08/15 9:38,19.445,30.625,118.25,430.5,0.004276964,0
5269,02/08/15 9:39,19.5,30.6,42.25,430.75,0.004288193,0
5270,02/08/15 9:40,19.42666667,30.53333333,37,426.6666667,0.00425918,0
5271,02/08/15 9:40,19.4725,30.575,34.25,424.75,0.004277294,0
5272,02/08/15 9:42,19.46333333,30.56666667,26,428.6666667,0.004273666,0
5273,02/08/15 9:42,19.46333333,30.56666667,43,429.3333333,0.004273666,0
5274,02/08/15 9:43,19.434,30.56,28,429,0.004264884,0
5275,02/08/15 9:45,19.39,30.53333333,29.25,429,0.004249407,0
5276,02/08/15 9:46,19.39,30.525,25.5,427,0.004248239,0
5277,02/08/15 9:47,19.412,30.6,16.6,428.25,0.004264623,0
5278,02/08/15 9:48,19.39,30.6,31,428.75,0.004258748,0
5279,02/08/15 9:49,19.39,30.6,20.33333333,438,0.004258748,0
5280,02/08/15 9:49,19.39,30.575,14,426.5,0.004255245,0
5281,02/08/15 9:51,19.4175,30.6,14,430.25,0.004266093,0
5282,02/08/15 9:52,19.39,30.6,24,435,0.004258748,0
5283,02/08/15 9:53,19.39,30.56666667,24,433,0.004254077,0
5284,02/08/15 9:53,19.39,30.55,24,430,0.004251742,0
5285,02/08/15 9:55,19.39,30.6,24,431,0.004258748,0
5286,02/08/15 9:55,19.39,30.6,24,431,0.004258748,0
5287,02/08/15 9:56,19.365,30.6,24,427,0.004252081,0
5288,02/08/15 9:58,19.39,30.6,24,430,0.004258748,0
5289,02/08/15 9:59,19.39,30.6,19,428,0.004258748,0
5290,02/08/15 10:00,19.35666667,30.6,31,432,0.004249861,0
5291,02/08/15 10:01,19.39,30.575,13,431.5,0.004255245,0
5292,02/08/15 10:01,19.34,30.55,13,432,0.004238439,0
5293,02/08/15 10:02,19.39,30.5,26.5,434,0.004244736,0
5294,02/08/15 10:04,19.39,30.5,26.5,433.75,0.004244736,0
5295,02/08/15 10:05,19.39,30.5,26.5,429,0.004244736,0
5296,02/08/15 10:06,19.365,30.6,26.5,431.75,0.004252081,0
5297,02/08/15 10:07,19.32333333,30.6,17.33333333,431.6666667,0.00424099,0
5298,02/08/15 10:08,19.29,30.6,24,428.75,0.004232135,0
5299,02/08/15 10:08,19.35,30.58,24,426.25,0.00424529,0
5300,02/08/15 10:09,19.32333333,30.6,24,425,0.00424099,0
5301,02/08/15 10:11,19.315,30.55,24,426.5,0.004231802,0
5302,02/08/15 10:12,19.315,30.575,24,428,0.004235288,0
5303,02/08/15 10:13,19.29,30.6,24,429,0.004232135,0
5304,02/08/15 10:14,19.29,30.6,17.33333333,430,0.004232135,0
5305,02/08/15 10:14,19.315,30.6,14,441,0.004238775,0
5306,02/08/15 10:15,19.29,30.63333333,17.33333333,441,0.004236777,0
5307,02/08/15 10:17,19.315,30.6,18.5,432.25,0.004238775,0
5308,02/08/15 10:18,19.29,30.6,17.33333333,435,0.004232135,0
5309,02/08/15 10:19,19.29,30.6,19,429.5,0.004232135,0
5310,02/08/15 10:20,19.34,30.6,24,430,0.004245423,0
5311,02/08/15 10:21,19.29,30.6,24,431.5,0.004232135,0
5312,02/08/15 10:21,19.315,30.6,24,430,0.004238775,0
5313,02/08/15 10:23,19.29,30.6,24,427.3333333,0.004232135,0
5314,02/08/15 10:24,19.29,30.6,24,425,0.004232135,0
5315,02/08/15 10:25,19.29,30.5,24,431,0.004218211,0
5316,02/08/15 10:25,19.29,30.5,24,432.75,0.004218211,0
5317,02/08/15 10:27,19.35666667,30.6,24,426.6666667,0.004249861,0
5318,02/08/15 10:27,19.29,30.5,24,429.3333333,0.004218211,0
5319,02/08/15 10:28,19.29,30.56,24,429.5,0.004226566,0
5320,02/08/15 10:30,19.29,30.525,24,428.4,0.004221692,0
5321,02/08/15 10:31,19.29,30.53333333,24,427.6666667,0.004222852,0
5322,02/08/15 10:32,19.29,30.5,24,428,0.004218211,0
5323,02/08/15 10:33,19.29,30.5,12,430.6666667,0.004218211,0
5324,02/08/15 10:34,19.29,30.56666667,6,428.6666667,0.004227494,0
5325,02/08/15 10:34,19.29,30.55,6,435.5,0.004225173,0
5326,02/08/15 10:36,19.29,30.575,6,435.75,0.004228654,0
5327,02/08/15 10:37,19.29,30.6,6,437,0.004232135,0
5328,02/08/15 10:38,19.29,30.6,6,437.5,0.004232135,0
5329,02/08/15 10:38,19.2675,30.55,6,438.75,0.004219215,0
5330,02/08/15 10:40,19.29,30.53333333,6,435,0.004222852,0
5331,02/08/15 10:40,19.245,30.55,24,437.5,0.004213265,0
5332,02/08/15 10:41,19.23,30.53333333,24,435,0.00420699,0
5333,02/08/15 10:43,19.245,30.55,24,435,0.004213265,0
5334,02/08/15 10:44,19.2675,30.575,14,436.5,0.004222691,0
5335,02/08/15 10:45,19.23,30.53333333,17.33333333,433,0.00420699,0
5336,02/08/15 10:46,19.245,30.55,22.5,433,0.004213265,0
5337,02/08/15 10:46,19.2675,30.525,26.5,430,0.004215739,0
5338,02/08/15 10:47,19.245,30.525,19.75,428.25,0.004209794,0
5339,02/08/15 10:49,19.26,30.56666667,13,433.3333333,0.004219547,0
5340,02/08/15 10:50,19.245,30.525,19.75,435.25,0.004209794,0
5341,02/08/15 10:51,19.26,30.56666667,31,433.3333333,0.004219547,0
5342,02/08/15 10:52,19.2675,30.575,26.5,428.25,0.004222691,0
5343,02/08/15 10:53,19.23,30.5,31,430.6666667,0.004202367,0
5344,02/08/15 10:53,19.2225,30.5,26.5,428,0.00420039,0
5345,02/08/15 10:54,19.26,30.56666667,22,423,0.004219547,0
5346,02/08/15 10:56,19.2225,30.525,26.5,433.5,0.004203856,0
5347,02/08/15 10:57,19.23,30.53333333,31,437.6666667,0.00420699,0
5348,02/08/15 10:58,19.23,30.53333333,31,433.6666667,0.00420699,0
5349,02/08/15 10:59,19.245,30.55,19.75,432.75,0.004213265,0
5350,02/08/15 10:59,19.245,30.55,19.75,433,0.004213265,0
5351,02/08/15 11:00,19.23,30.53333333,31,433,0.00420699,0
5352,02/08/15 11:02,19.23,30.53333333,31,432.6666667,0.00420699,0
5353,02/08/15 11:03,19.2225,30.525,26.5,427,0.004203856,0
5354,02/08/15 11:04,19.245,30.6,20.25,427.75,0.004220207,0
5355,02/08/15 11:05,19.245,30.55,14,429.5,0.004213265,0
5356,02/08/15 11:06,19.245,30.55,19,430.25,0.004213265,0
5357,02/08/15 11:06,19.23,30.53333333,24,432,0.00420699,0
5358,02/08/15 11:08,19.2225,30.575,15,434.25,0.004210788,0
5359,02/08/15 11:09,19.23,30.63333333,6,430,0.004220862,0
5360,02/08/15 11:10,19.245,30.575,6,430.25,0.004216736,0
5361,02/08/15 11:10,19.245,30.55,6,437,0.004213265,0
5362,02/08/15 11:12,19.245,30.6,17,435,0.004220207,0
5363,02/08/15 11:12,19.2,30.6,17,430.75,0.004208309,0
5364,02/08/15 11:13,19.2,30.6,13.5,431,0.004208309,0
5365,02/08/15 11:15,19.2,30.625,7,435.5,0.004211771,0
5366,02/08/15 11:16,19.2,30.66666667,16,428.6666667,0.00421754,0
5367,02/08/15 11:17,19.2,30.7,10.5,427,0.004222155,0
5368,02/08/15 11:18,19.2,30.7,25.25,429,0.004222155,0
5369,02/08/15 11:19,19.13333333,30.73,25,431.3333333,0.004208661,0
5370,02/08/15 11:19,19.15,30.7675,22,429.5,0.004218243,0
5371,02/08/15 11:21,19.1,30.79,22,430,0.004208117,0
5372,02/08/15 11:22,19.13333333,30.89,31,425,0.004230723,0
5373,02/08/15 11:23,19.1,30.89,18.5,424,0.004221877,0
5374,02/08/15 11:23,19.1,30.89,18.5,425.5,0.004221877,0
5375,02/08/15 11:25,19.1,30.89,17.33333333,426,0.004221877,0
5376,02/08/15 11:25,19.1,30.89,14,426.5,0.004221877,0
5377,02/08/15 11:26,19.1,30.89,14,429.25,0.004221877,0
5378,02/08/15 11:28,19.1,30.89,17.33333333,431.6666667,0.004221877,0
5379,02/08/15 11:29,19.1,30.89,19.75,433.5,0.004221877,0
5380,02/08/15 11:30,19.1,30.89,13,435.5,0.004221877,0
5381,02/08/15 11:31,19.1,30.89,13,436.3333333,0.004221877,0
5382,02/08/15 11:31,19.1,30.89,22.5,432.5,0.004221877,0
5383,02/08/15 11:32,19.1,30.89,24,433,0.004221877,0
5384,02/08/15 11:34,19.1,30.89,24,432.75,0.004221877,0
5385,02/08/15 11:35,19.1,30.89,6,434,0.004221877,0
5386,02/08/15 11:36,19.1,30.89,6,434.3333333,0.004221877,0
5387,02/08/15 11:37,19.1,30.89,13.5,433,0.004221877,0
5388,02/08/15 11:38,19.1,30.89,9.333333333,430.3333333,0.004221877,0
5389,02/08/15 11:38,19.1,30.9175,12,433,0.004225661,0
5390,02/08/15 11:39,19.1,31,15,437,0.004237014,0
5391,02/08/15 11:41,19.1,31,18.5,435,0.004237014,0
5392,02/08/15 11:42,19.05,31.05,26.5,431,0.004230586,0
5393,02/08/15 11:43,19.1,31.03333333,31,432,0.004241601,0
5394,02/08/15 11:44,19.1,31,26.5,434.25,0.004237014,0
5395,02/08/15 11:44,19.1,31,31,435,0.004237014,0
5396,02/08/15 11:45,19.1,31,16.25,436,0.004237014,0
5397,02/08/15 11:47,19.1,31,24,435.5,0.004237014,0
5398,02/08/15 11:48,19.1,31,24,432.25,0.004237014,0
5399,02/08/15 11:49,19.1,31,24,435.5,0.004237014,0
5400,02/08/15 11:50,19.1,31,17.33333333,434.3333333,0.004237014,0
5401,02/08/15 11:51,19.1,31,18.5,432,0.004237014,0
5402,02/08/15 11:51,19.1,31,22.5,432,0.004237014,0
5403,02/08/15 11:53,19.1,30.92666667,31,433,0.004226923,0
5404,02/08/15 11:54,19.15,30.89,13,432.5,0.004235152,0
5405,02/08/15 11:55,19.175,30.89,13,429.5,0.004241804,0
5406,02/08/15 11:55,19.2,30.84,31,427.5,0.004241541,0
5407,02/08/15 11:57,19.2,30.865,31,428.75,0.004245003,0
5408,02/08/15 11:57,19.2,30.79,25,428.3333333,0.004234617,0
5409,02/08/15 11:58,19.2,30.79,39.33333333,425.6666667,0.004234617,0
5410,02/08/15 12:00,19.2,30.79,53,421.5,0.004234617,0
5411,02/08/15 12:01,19.2,30.79,65.66666667,423.3333333,0.004234617,0
5412,02/08/15 12:02,19.245,30.7675,67.25,426.75,0.004243466,0
5413,02/08/15 12:03,19.245,30.745,116.75,424.25,0.004240342,0
5414,02/08/15 12:04,19.29,30.745,112.5,425,0.004252327,0
5415,02/08/15 12:04,19.29,30.7675,201.5,431,0.00425546,0
5416,02/08/15 12:06,19.29,30.7,102.6666667,435,0.00424606,0
5417,02/08/15 12:07,19.315,30.7,85.75,431.25,0.004252722,0
5418,02/08/15 12:08,19.29,30.7,81,431.3333333,0.00424606,0
5419,02/08/15 12:08,19.365,30.675,81.5,435.75,0.004262574,0
5420,02/08/15 12:10,19.39,30.63333333,93.66666667,434.3333333,0.004263419,0
5421,02/08/15 12:10,19.39,30.6,106,431,0.004258748,0
5422,02/08/15 12:11,19.39,30.53333333,74,432.6666667,0.004249407,0
5423,02/08/15 12:13,19.39,30.5,79.5,428.75,0.004244736,0
5424,02/08/15 12:14,19.39,30.5,110,430,0.004244736,0
5425,02/08/15 12:15,19.39,30.5,150.25,427,0.004244736,0
5426,02/08/15 12:16,19.39,30.5,66.66666667,428,0.004244736,0
5427,02/08/15 12:16,19.39,30.5,62.5,427.25,0.004244736,0
5428,02/08/15 12:17,19.42666667,30.5,54,428,0.004254498,0
5429,02/08/15 12:19,19.4175,30.4725,47,429,0.004248196,0
5430,02/08/15 12:20,19.4725,30.5,62,423.5,0.00426673,0
5431,02/08/15 12:21,19.4175,30.4175,255,425.6666667,0.004240476,0
5432,02/08/15 12:22,19.5,30.42666667,317.25,428.75,0.004263736,0
5433,02/08/15 12:23,19.525,30.34,233,429.5,0.004258168,0
5434,02/08/15 12:23,19.6,30.245,277.5,432.75,0.004264713,0
5435,02/08/15 12:24,19.675,30.2,88.5,428.75,0.004278346,0
5436,02/08/15 12:26,19.7,30.2,72.75,425.5,0.004285039,0
5437,02/08/15 12:27,19.65,30.15,68,424,0.004264542,0
5438,02/08/15 12:28,19.625,30.125,57.25,426.75,0.004254325,0
5439,02/08/15 12:29,19.66666667,30.16666667,63.66666667,427,0.004271365,0
5440,02/08/15 12:29,19.65,30.15,50,427,0.004264542,0
5441,02/08/15 12:30,19.625,30.125,54.5,426.25,0.004254325,0
5442,02/08/15 12:32,19.65,30.15,68,427.5,0.004264542,0
5443,02/08/15 12:33,19.7,30.2,71.5,434,0.004285039,0
5444,02/08/15 12:34,19.625,30.125,69.75,428.25,0.004254325,0
5445,02/08/15 12:35,19.63333333,30.13333333,84.66666667,428.6666667,0.004257728,0
5446,02/08/15 12:36,19.65,30.15,81.5,427.5,0.004264542,0
5447,02/08/15 12:36,19.7,30.15,90.5,422,0.004277895,0
5448,02/08/15 12:38,19.6,30.1,99.75,422.5,0.004244128,0
5449,02/08/15 12:39,19.63333333,30.1,226,423,0.004252986,0
5450,02/08/15 12:40,19.7,30.1,161.25,422.25,0.004270752,0
5451,02/08/15 12:40,19.7,30.1,178.6666667,425,0.004270752,0
5452,02/08/15 12:42,19.7225,30,241,428.25,0.004262457,0
5453,02/08/15 12:42,19.79,30,214.75,425,0.004280474,0
5454,02/08/15 12:43,19.79,29.9175,293.5,425.5,0.004268622,0
5455,02/08/15 12:45,19.89,29.84,290.5,426,0.004284158,0
5456,02/08/15 12:46,19.92666667,29.79,290.6666667,424.3333333,0.004286729,0
5457,02/08/15 12:47,20,29.7225,288.5,425.75,0.004296562,0
5458,02/08/15 12:48,20.025,29.65,295.5,425.5,0.004292697,0
5459,02/08/15 12:49,20.03333333,29.6,194,429.3333333,0.004287636,0
5460,02/08/15 12:49,20.125,29.575,261.75,426,0.004308538,0
5461,02/08/15 12:51,20.13333333,29.5,243.3333333,430,0.004299769,0
5462,02/08/15 12:52,20.125,29.445,247.5,427,0.004289469,0
5463,02/08/15 12:53,20.2,29.39,256,430.5,0.004301451,0
5464,02/08/15 12:53,20.2,29.365,192.75,426.75,0.004297767,0
5465,02/08/15 12:55,20.245,29.365,252.5,425,0.004309826,0
5466,02/08/15 12:55,20.23,29.32333333,287.6666667,428.6666667,0.004299651,0
5467,02/08/15 12:56,20.29,29.315,279.75,429,0.004314505,0
5468,02/08/15 12:58,20.29,29.23,253.3333333,427.6666667,0.004301908,0
5469,02/08/15 12:59,20.34,29.2,273,427.5,0.004310853,0
5470,02/08/15 13:00,20.39,29.2,272,427.3333333,0.00432428,0
5471,02/08/15 13:01,20.39,29.2,273.3333333,429,0.00432428,0
5472,02/08/15 13:01,20.445,29.125,265,424.75,0.004327871,0
5473,02/08/15 13:02,20.4725,28.9725,265,426.75,0.004312417,0
5474,02/08/15 13:04,20.5,28.82333333,265,429.3333333,0.004297398,0
5475,02/08/15 13:05,20.5,28.82333333,265,423.6666667,0.004297398,0
5476,02/08/15 13:06,20.525,28.7225,265,426.75,0.004288917,0
5477,02/08/15 13:07,20.55,28.7,262,434.25,0.004292194,0
5478,02/08/15 13:08,20.6,28.6,259,427,0.004290436,0
5479,02/08/15 13:08,20.6,28.6,257.25,425.5,0.004290436,0
5480,02/08/15 13:09,20.65,28.525,256.75,429,0.004292409,0
5481,02/08/15 13:11,20.625,28.5,247.25,431.5,0.004281971,0
5482,02/08/15 13:12,20.7,28.5,175.6666667,431,0.004301946,0
5483,02/08/15 13:13,20.7,28.5,250.75,432,0.004301946,0
5484,02/08/15 13:14,20.7,28.4175,255.5,432,0.004289407,0
5485,02/08/15 13:14,20.7,28.245,252,425,0.004263191,0
5486,02/08/15 13:15,20.7,28.16666667,260.3333333,422,0.004251287,0
5487,02/08/15 13:17,20.745,28.1,174.5,427,0.00425301,0
5488,02/08/15 13:18,20.7225,28.1,97.75,431.5,0.004247079,0
5489,02/08/15 13:19,20.7,28.1,252,429,0.004241156,0
5490,02/08/15 13:20,20.7,28.1,215.5,426.5,0.004241156,0
5491,02/08/15 13:21,20.745,28.025,164.5,424.75,0.004241581,0
5492,02/08/15 13:21,20.73,28,97.66666667,422,0.004233831,0
5493,02/08/15 13:23,20.7,27.945,237,420,0.004217604,0
5494,02/08/15 13:24,20.745,27.815,153,418,0.004209582,0
5495,02/08/15 13:25,20.7225,27.84,231.5,420.5,0.004207517,0
5496,02/08/15 13:25,20.7,27.815,82,423.5,0.004197851,0
5497,02/08/15 13:27,20.7,27.79,90,422,0.004194052,0
5498,02/08/15 13:27,20.7,27.76,89,423.6666667,0.004189494,0
5499,02/08/15 13:28,20.7,27.79,115.25,428.75,0.004194052,0
5500,02/08/15 13:30,20.68,27.79,96.4,428.75,0.004188852,0
5501,02/08/15 13:31,20.6,27.7,127,428,0.004154521,0
5502,02/08/15 13:32,20.6,27.65,169.25,429,0.004146971,0
5503,02/08/15 13:33,20.625,27.65,205.5,429.5,0.004153411,0
5504,02/08/15 13:34,20.65,27.65,202,427,0.004159859,0
5505,02/08/15 13:34,20.7,27.625,156.75,422.75,0.004168984,0
5506,02/08/15 13:36,20.7,27.6,209,425,0.004165186,0
5507,02/08/15 13:37,20.7,27.525,211,426,0.004153792,0
5508,02/08/15 13:38,20.7,27.46333333,133.3333333,425,0.004144424,0
5509,02/08/15 13:38,20.7,27.39,197.25,424,0.004133283,0
5510,02/08/15 13:40,20.7,27.39,147.5,420.5,0.004133283,0
5511,02/08/15 13:40,20.7,27.32333333,171,423,0.004123156,0
5512,02/08/15 13:41,20.7,27.2675,152,425.25,0.004114675,0
5513,02/08/15 13:43,20.7,27.175,77.5,424.75,0.004100625,0
5514,02/08/15 13:44,20.7,27.1,74,427.5,0.004089233,0
5515,02/08/15 13:45,20.66666667,27.16666667,123,425,0.004090893,0
5516,02/08/15 13:46,20.6,27.0475,151.5,423.75,0.004056019,0
5517,02/08/15 13:46,20.625,26.9975,182,425.5,0.004054757,0
5518,02/08/15 13:47,20.65,27.05,199.75,424.5,0.004069,0
5519,02/08/15 13:49,20.65,27,201.5,422,0.00406143,0
5520,02/08/15 13:50,20.675,26.89,179.5,418.5,0.004051053,0
5521,02/08/15 13:51,20.675,26.8925,195.25,417,0.004051432,0
5522,02/08/15 13:52,20.7,26.82333333,157.3333333,418.3333333,0.004047214,0
5523,02/08/15 13:53,20.7,26.79,141,427.75,0.004042152,0
5524,02/08/15 13:53,20.7,26.79,183,424.75,0.004042152,0
5525,02/08/15 13:54,20.7,26.79,186,428,0.004042152,0
5526,02/08/15 13:56,20.7,26.745,186,428,0.004035318,0
5527,02/08/15 13:57,20.7,26.675,136,423,0.004024688,0
5528,02/08/15 13:58,20.7,26.65,85.5,420.5,0.004020892,0
5529,02/08/15 13:59,20.7,26.55,77.5,416,0.004005707,0
5530,02/08/15 13:59,20.7,26.65,128.75,412.75,0.004020892,0
5531,02/08/15 14:00,20.66666667,26.6,178.3333333,414,0.004005012,0
5532,02/08/15 14:02,20.7,26.6,154.25,421,0.004013299,0
5533,02/08/15 14:03,20.7,26.5,140.5,415,0.003998115,0
5534,02/08/15 14:04,20.7,26.5,130,416.3333333,0.003998115,0
5535,02/08/15 14:05,20.7,26.4725,64.25,420.5,0.003993939,0
5536,02/08/15 14:06,20.675,26.4725,113,415.75,0.003987752,0
5537,02/08/15 14:06,20.66666667,26.5,152.3333333,417.3333333,0.003989859,0
5538,02/08/15 14:08,20.625,26.39,145,418.6666667,0.003962936,0
5539,02/08/15 14:09,20.675,26.4175,151,426.6,0.003979414,0
5540,02/08/15 14:10,20.625,26.4175,152.5,427,0.003967092,0
5541,02/08/15 14:10,20.675,26.39,142.25,424.5,0.003975245,0
5542,02/08/15 14:12,20.675,26.365,134.5,420.75,0.003971455,0
5543,02/08/15 14:12,20.7,26.39,149.25,418.25,0.003981413,0
5544,02/08/15 14:13,20.7,26.315,115.75,423,0.003970025,0
5545,02/08/15 14:15,20.66666667,26.35666667,142.3333333,421,0.003968141,0
5546,02/08/15 14:16,20.7,26.35666667,130,423,0.003976352,0
5547,02/08/15 14:17,20.675,26.29,145.25,429.25,0.003960086,0
5548,02/08/15 14:18,20.7,26.32333333,157,422.3333333,0.003971291,0
5549,02/08/15 14:19,20.7,26.245,106.25,419.25,0.003959398,0
5550,02/08/15 14:19,20.7,26.23,82.33333333,423.6666667,0.00395712,0
5551,02/08/15 14:21,20.7,26.2225,72,421.5,0.003955981,0
5552,02/08/15 14:22,20.6,26.15,95.75,422,0.003920582,0
5553,02/08/15 14:23,20.6,26.13333333,112,426,0.003918068,0
5554,02/08/15 14:23,20.6,26.15,110.25,424.75,0.003920582,0
5555,02/08/15 14:25,20.6,26.125,85.75,421,0.00391681,0
5556,02/08/15 14:25,20.6,26.1,59.5,419.5,0.003913039,0
5557,02/08/15 14:26,20.6,26.125,115.25,426,0.00391681,0
5558,02/08/15 14:28,20.6,26.2,74,418,0.003928126,0
5559,02/08/15 14:29,20.5,26.2,74,417,0.003903819,0
5560,02/08/15 14:30,20.5,26.2,81.66666667,417.6666667,0.003903819,0
5561,02/08/15 14:31,20.5,26.2,63.5,419,0.003903819,0
5562,02/08/15 14:31,20.5,26.245,86.25,420,0.003910566,0
5563,02/08/15 14:32,20.5,26.26,63.33333333,425.6666667,0.003912816,0
5564,02/08/15 14:34,20.5,26.254,59.5,424.5,0.003911916,0
5565,02/08/15 14:35,20.5,26.29,65.8,422,0.003917314,0
5566,02/08/15 14:36,20.5,26.29,81,421.6666667,0.003917314,0
5567,02/08/15 14:37,20.46333333,26.23,69,421.6666667,0.003899428,0
5568,02/08/15 14:38,20.39,26.2,108,428.25,0.003877236,0
5569,02/08/15 14:38,20.445,26.245,57,429,0.003897231,0
5570,02/08/15 14:39,20.39,26.2,68,425.75,0.003877236,0
5571,02/08/15 14:41,20.39,26.2,73.25,421.5,0.003877236,0
5572,02/08/15 14:42,20.39,26.2,98.66666667,424,0.003877236,0
5573,02/08/15 14:43,20.39,26.2,59,424,0.003877236,0
5574,02/08/15 14:44,20.39,26.23,54.33333333,426,0.003881703,0
5575,02/08/15 14:44,20.39,26.245,100.25,419.75,0.003883937,0
5576,02/08/15 14:45,20.39,26.23,100,417.6666667,0.003881703,0
5577,02/08/15 14:47,20.39,26.2225,67.5,419,0.003880586,0
5578,02/08/15 14:48,20.365,26.2,59,424.75,0.003871216,0
5579,02/08/15 14:49,20.39,26.2,72.33333333,421.6666667,0.003877236,0
5580,02/08/15 14:50,20.35666667,26.2,70.33333333,424.3333333,0.003869211,0
5581,02/08/15 14:51,20.34,26.2225,69.75,422.5,0.003868545,0
5582,02/08/15 14:51,20.35666667,26.2,85.33333333,424.3333333,0.003869211,0
5583,02/08/15 14:53,20.29,26.2,79.75,426.25,0.003853207,0
5584,02/08/15 14:54,20.29,26.2225,76.75,421.5,0.003856537,0
5585,02/08/15 14:55,20.29,26.2,85.66666667,418.6666667,0.003853207,0
5586,02/08/15 14:55,20.315,26.2,59.25,422.5,0.003859202,0
5587,02/08/15 14:57,20.29,26.23,62,422.3333333,0.003857647,0
5588,02/08/15 14:57,20.29,26.2,48.5,418.5,0.003853207,0
5589,02/08/15 14:58,20.29,26.2,48.5,421.5,0.003853207,0
5590,02/08/15 15:00,20.29,26.2,59,421.5,0.003853207,0
5591,02/08/15 15:01,20.29,26.175,60.75,417.75,0.003849508,0
5592,02/08/15 15:02,20.29,26.2,44.33333333,422,0.003853207,0
5593,02/08/15 15:03,20.29,26.2,64,419,0.003853207,0
5594,02/08/15 15:04,20.2225,26.2225,44,423.75,0.003840378,0
5595,02/08/15 15:04,20.245,26.245,54.5,425.25,0.003849078,0
5596,02/08/15 15:06,20.2,26.16666667,46,420.6666667,0.003826789,0
5597,02/08/15 15:07,20.2,26.2,49,417.5,0.003831694,0
5598,02/08/15 15:08,20.2,26.2,63,418.5,0.003831694,0
5599,02/08/15 15:08,20.2,26.2,52.75,424.25,0.003831694,0
5600,02/08/15 15:10,20.2,26.2,55,423.6666667,0.003831694,0
5601,02/08/15 15:10,20.2,26.175,56.5,419,0.003828015,0
5602,02/08/15 15:11,20.2,26.2,62.5,420.5,0.003831694,0
5603,02/08/15 15:13,20.2,26.2225,57.75,426.5,0.003835005,0
5604,02/08/15 15:14,20.13333333,26.2,58.33333333,422.6666667,0.003815827,0
5605,02/08/15 15:15,20.125,26.2225,69.25,420.25,0.003817143,0
5606,02/08/15 15:16,20.15,26.2675,58.75,420.25,0.00382969,0
5607,02/08/15 15:16,20.15,26.29,60.75,424.25,0.00383299,0
5608,02/08/15 15:17,20.15,26.29,53.5,423.5,0.00383299,0
5609,02/08/15 15:19,20.175,26.2675,60.75,420.25,0.003835654,0
5610,02/08/15 15:20,20.15,26.2675,62,424.75,0.00382969,0
5611,02/08/15 15:21,20.15,26.2675,52.25,423.75,0.00382969,0
5612,02/08/15 15:22,20.1,26.29,46,425.6666667,0.003821076,0
5613,02/08/15 15:23,20.1,26.26,53.66666667,426.5,0.003816689,0
5614,02/08/15 15:23,20.1,26.2675,47,421.5,0.003817786,0
5615,02/08/15 15:24,20.1,26.29,50,423,0.003821076,0
5616,02/08/15 15:26,20.1,26.29,40.5,424,0.003821076,0
5617,02/08/15 15:27,20.1,26.29,34.66666667,422.3333333,0.003821076,0
5618,02/08/15 15:28,20.1,26.29,35.25,422,0.003821076,0
5619,02/08/15 15:29,20.075,26.2675,33.5,420.5,0.003811846,0
5620,02/08/15 15:29,20.06666667,26.26,44,422.6666667,0.003808773,0
5621,02/08/15 15:30,20.075,26.29,44,418.5,0.003815131,0
5622,02/08/15 15:32,20.05,26.29,55,418.5,0.003809194,0
5623,02/08/15 15:33,20,26.2675,46,423.75,0.003794075,0
5624,02/08/15 15:34,20,26.29,44,423.6666667,0.003797345,0
5625,02/08/15 15:35,20,26.29,44,422.5,0.003797345,0
5626,02/08/15 15:36,20,26.29,47.66666667,423,0.003797345,0
5627,02/08/15 15:36,20,26.29,40.5,421.5,0.003797345,0
5628,02/08/15 15:38,20,26.29,51.5,426,0.003797345,0
5629,02/08/15 15:39,20,26.29,36.66666667,421,0.003797345,0
5630,02/08/15 15:40,20,26.34,37,420.5,0.003804611,0
5631,02/08/15 15:40,20,26.365,37,421,0.003808244,0
5632,02/08/15 15:42,20,26.39,37,421.5,0.003811877,0
5633,02/08/15 15:42,19.96333333,26.39,37,419.6666667,0.003803175,0
5634,02/08/15 15:43,19.92666667,26.39,37,421.3333333,0.003794491,0
5635,02/08/15 15:45,19.89,26.39,37,418.75,0.003785823,0
5636,02/08/15 15:46,19.89,26.445,37,418,0.003793762,0
5637,02/08/15 15:47,19.89,26.4725,37,422.25,0.003797731,0
5638,02/08/15 15:48,19.89,26.5,28.66666667,422.6666667,0.0038017,0
5639,02/08/15 15:49,19.89,26.4725,28,421.5,0.003797731,0
5640,02/08/15 15:49,19.89,26.5,30.75,422.5,0.0038017,0
5641,02/08/15 15:51,19.89,26.5,19,421,0.0038017,0
5642,02/08/15 15:52,19.89,26.525,23.5,424.75,0.003805309,0
5643,02/08/15 15:53,19.89,26.5,33.5,422.5,0.0038017,0
5644,02/08/15 15:53,19.865,26.525,26.25,420.25,0.003799379,0
5645,02/08/15 15:55,19.82333333,26.53333333,38.33333333,420.6666667,0.003790711,0
5646,02/08/15 15:55,19.84,26.55,33.5,421.75,0.003797054,0
5647,02/08/15 15:56,19.84,26.55,33.5,420.5,0.003797054,0
5648,02/08/15 15:58,19.84,26.55,33.5,421,0.003797054,0
5649,02/08/15 15:59,19.815,26.575,33.5,420,0.003794726,0
5650,02/08/15 16:00,19.79,26.6,38.33333333,421.3333333,0.003792396,0
5651,02/08/15 16:01,19.79,26.6,33.5,424.25,0.003792396,0
5652,02/08/15 16:01,19.79,26.6,38.33333333,421.3333333,0.003792396,0
5653,02/08/15 16:02,19.79,26.6,40.75,422,0.003792396,0
5654,02/08/15 16:04,19.79,26.6,36.66666667,418.6666667,0.003792396,0
5655,02/08/15 16:05,19.79,26.6,34.4,422.75,0.003792396,0
5656,02/08/15 16:06,19.79,26.6,36.66666667,421,0.003792396,0
5657,02/08/15 16:07,19.79,26.6,39.5,418,0.003792396,0
5658,02/08/15 16:08,19.79,26.6,39.5,421.75,0.003792396,0
5659,02/08/15 16:08,19.745,26.7,39.5,423,0.00379606,0
5660,02/08/15 16:09,19.7225,26.7,31,422.5,0.003790729,0
5661,02/08/15 16:11,19.7,26.7,31,423,0.003785406,0
5662,02/08/15 16:12,19.7225,26.7,31,422,0.003790729,0
5663,02/08/15 16:13,19.7,26.7,31,424,0.003785406,0
5664,02/08/15 16:14,19.7,26.7,31,427.75,0.003785406,0
5665,02/08/15 16:14,19.7,26.73,31,423.3333333,0.003789685,0
5666,02/08/15 16:15,19.7,26.79,31,423.5,0.003798244,0
5667,02/08/15 16:17,19.7,26.79,31,421.5,0.003798244,0
5668,02/08/15 16:18,19.7,26.79,31,419.3333333,0.003798244,0
5669,02/08/15 16:19,19.63333333,26.73,31,426,0.003773932,0
5670,02/08/15 16:20,19.675,26.7675,31,418.75,0.003789112,0
5671,02/08/15 16:21,19.65,26.745,31,417.75,0.003779998,0
5672,02/08/15 16:21,19.7,26.79,31,418,0.003798244,0
5673,02/08/15 16:23,19.6,26.7,31,417,0.003761825,0
5674,02/08/15 16:24,19.66666667,26.85666667,31,415.6666667,0.003799832,0
5675,02/08/15 16:25,19.63333333,26.82333333,31,413,0.00378719,0
5676,02/08/15 16:25,19.625,26.79,22,416.75,0.003780485,0
5677,02/08/15 16:27,19.65,26.745,17.5,423,0.003779998,0
5678,02/08/15 16:27,19.6,26.73,13,425.3333333,0.003766077,0
5679,02/08/15 16:28,19.6,26.79,13,425.25,0.003774582,0
5680,02/08/15 16:30,19.6,26.76,13,429,0.00377033,0
5681,02/08/15 16:31,19.6,26.7,26.5,428,0.003761825,0
5682,02/08/15 16:32,19.6,26.7675,33.25,422,0.003771393,0
5683,02/08/15 16:33,19.6,26.84,26.5,416.5,0.00378167,0
5684,02/08/15 16:34,19.6,26.79,31,423.6666667,0.003774582,0
5685,02/08/15 16:34,19.58,26.79,23.8,421.75,0.003769866,0
5686,02/08/15 16:36,19.5,26.82333333,31,417,0.003755747,0
5687,02/08/15 16:37,19.55,26.865,26.5,423.5,0.003773399,0
5688,02/08/15 16:38,19.53333333,26.89,31,430,0.003772996,0
5689,02/08/15 16:38,19.5,26.89,22.5,423,0.003765138,0
5690,02/08/15 16:40,19.525,26.89,18.5,424.5,0.00377103,0
5691,02/08/15 16:40,19.5,26.89,29.33333333,426,0.003765138,0
5692,02/08/15 16:41,19.5,26.89,24,421.75,0.003765138,0
5693,02/08/15 16:43,19.5,26.89,24,425.5,0.003765138,0
5694,02/08/15 16:44,19.5,26.89,24,424.5,0.003765138,0
5695,02/08/15 16:45,19.525,26.945,24,422,0.00377879,0
5696,02/08/15 16:46,19.5,26.9175,24,425.75,0.003769011,0
5697,02/08/15 16:46,19.5,26.945,24,422,0.003772885,0
5698,02/08/15 16:47,19.5,27,24,423.3333333,0.003780633,0
5699,02/08/15 16:49,19.5,27,24,426.75,0.003780633,0
5700,02/08/15 16:50,19.5,27,24,421.75,0.003780633,0
5701,02/08/15 16:51,19.5,27.05,24,414.5,0.003787677,0
5702,02/08/15 16:52,19.5,27,24,416,0.003780633,0
5703,02/08/15 16:53,19.4725,27,24,423.25,0.003774134,0
5704,02/08/15 16:53,19.5,27.1,10.5,424.5,0.003794721,0
5705,02/08/15 16:54,19.5,27.1,6,424.5,0.003794721,0
5706,02/08/15 16:56,19.4725,27.075,6,424.75,0.003784681,0
5707,02/08/15 16:57,19.4175,27.075,6,423,0.003771676,0
5708,02/08/15 16:58,19.39,27.1,6,425,0.003768685,0
5709,02/08/15 16:59,19.4175,27.075,6,421,0.003771676,0
5710,02/08/15 16:59,19.4175,27.125,6,420.25,0.003778683,0
5711,02/08/15 17:00,19.39,27.1,6,423,0.003768685,0
5712,02/08/15 17:02,19.39,27.1,6,418.75,0.003768685,0
5713,02/08/15 17:03,19.42666667,27.13333333,6,423,0.003782021,0
5714,02/08/15 17:04,19.4175,27.125,6,428,0.003778683,0
5715,02/08/15 17:05,19.39,27.1,6,423.75,0.003768685,0
5716,02/08/15 17:06,19.42666667,27.13333333,6,428,0.003782021,0
5717,02/08/15 17:06,19.42666667,27.13333333,6,426.3333333,0.003782021,0
5718,02/08/15 17:08,19.39,27.1,11.5,429.5,0.003768685,0
5719,02/08/15 17:09,19.42666667,27.16666667,20.66666667,427,0.003786695,0
5720,02/08/15 17:10,19.39,27.125,17,424.25,0.003772183,0
5721,02/08/15 17:10,19.39,27.2,17,423,0.003782676,0
5722,02/08/15 17:12,19.39,27.13333333,20.66666667,424,0.003773349,0
5723,02/08/15 17:12,19.39,27.15,17,423.5,0.003775681,0
5724,02/08/15 17:13,19.39,27.1,17,425.75,0.003768685,0
5725,02/08/15 17:15,19.39,27.15,17,426.75,0.003775681,0
5726,02/08/15 17:16,19.445,27.2,17,434.5,0.003795723,0
5727,02/08/15 17:17,19.39,27.2,20.66666667,426,0.003782676,0
5728,02/08/15 17:18,19.39,27.125,17,420.5,0.003772183,0
5729,02/08/15 17:19,19.39,27.1,10,425.5,0.003768685,0
5730,02/08/15 17:19,19.39,27.16666667,11.33333333,423.6666667,0.003778013,0
5731,02/08/15 17:21,19.39,27.15,8.5,424.5,0.003775681,0
5732,02/08/15 17:22,19.39,27.175,7,421,0.003779178,0
5733,02/08/15 17:23,19.39,27.2,7,425.5,0.003782676,0
5734,02/08/15 17:23,19.39,27.2,7,426.5,0.003782676,0
5735,02/08/15 17:25,19.39,27.2,9.333333333,420.6666667,0.003782676,0
5736,02/08/15 17:25,19.39,27.2,14,423.75,0.003782676,0
5737,02/08/15 17:26,19.39,27.2,14,422.6666667,0.003782676,0
5738,02/08/15 17:28,19.39,27.2,14,420.75,0.003782676,0
5739,02/08/15 17:29,19.39,27.15,14,419.5,0.003775681,0
5740,02/08/15 17:30,19.39,27.175,14,426,0.003779178,0
5741,02/08/15 17:31,19.39,27.15,14,422,0.003775681,0
5742,02/08/15 17:31,19.39,27.2,14,419,0.003782676,0
5743,02/08/15 17:32,19.39,27.2,14,421.6666667,0.003782676,0
5744,02/08/15 17:34,19.4175,27.2,14,425,0.003789195,0
5745,02/08/15 17:35,19.39,27.2,14,422.5,0.003782676,0
5746,02/08/15 17:36,19.39,27.2,14,419.5,0.003782676,0
5747,02/08/15 17:37,19.39,27.2,14,422,0.003782676,0
5748,02/08/15 17:38,19.39,27.2,9.333333333,425.3333333,0.003782676,0
5749,02/08/15 17:38,19.42666667,27.23,4.666666667,427.6666667,0.003795577,0
5750,02/08/15 17:39,19.39,27.2,0,427,0.003782676,0
5751,02/08/15 17:41,19.39,27.2,0,426,0.003782676,0
5752,02/08/15 17:42,19.39,27.2,0,423,0.003782676,0
5753,02/08/15 17:43,19.445,27.2,0,427,0.003795723,0
5754,02/08/15 17:44,19.39,27.2,0,422,0.003782676,0
5755,02/08/15 17:44,19.39,27.2,0,423,0.003782676,0
5756,02/08/15 17:45,19.39,27.2,0,421,0.003782676,0
5757,02/08/15 17:47,19.39,27.2,0,422.3333333,0.003782676,0
5758,02/08/15 17:48,19.39,27.2,0,424,0.003782676,0
5759,02/08/15 17:49,19.39,27.2,0,426,0.003782676,0
5760,02/08/15 17:50,19.39,27.2,0,428,0.003782676,0
5761,02/08/15 17:51,19.39,27.2,0,427.5,0.003782676,0
5762,02/08/15 17:51,19.46333333,27.26,0,428,0.003808515,0
5763,02/08/15 17:53,19.39,27.2,0,425,0.003782676,0
5764,02/08/15 17:54,19.39,27.2,0,426.5,0.003782676,0
5765,02/08/15 17:55,19.39,27.2,0,426,0.003782676,0
5766,02/08/15 17:55,19.39,27.2,0,422,0.003782676,0
5767,02/08/15 17:57,19.39,27.2,0,426,0.003782676,0
5768,02/08/15 17:57,19.39,27.2,0,423.5,0.003782676,0
5769,02/08/15 17:58,19.39,27.2,0,424,0.003782676,0
5770,02/08/15 18:00,19.39,27.2,0,429,0.003782676,0
5771,02/08/15 18:01,19.34,27.29,0,422.5,0.003783403,0
5772,02/08/15 18:02,19.34,27.29,0,424.5,0.003783403,0
5773,02/08/15 18:03,19.29,27.29,0,428,0.00377157,0
5774,02/08/15 18:04,19.29,27.29,0,426.5,0.00377157,0
5775,02/08/15 18:04,19.34,27.34,0,424.5,0.003790377,0
5776,02/08/15 18:06,19.29,27.29,0,425,0.00377157,0
5777,02/08/15 18:07,19.29,27.35666667,0,423.3333333,0.003780839,0
5778,02/08/15 18:08,19.29,27.29,0,426,0.00377157,0
5779,02/08/15 18:08,19.34,27.39,0,424.5,0.003797351,0
5780,02/08/15 18:10,19.34,27.39,0,424.5,0.003797351,0
5781,02/08/15 18:10,19.32333333,27.39,0,420.3333333,0.003793389,0
5782,02/08/15 18:11,19.29,27.39,0,425,0.003785474,0
5783,02/08/15 18:13,19.29,27.445,0,427.5,0.003793122,0
5784,02/08/15 18:14,19.29,27.5,0,426,0.00380077,0
5785,02/08/15 18:15,19.29,27.445,0,425,0.003793122,0
5786,02/08/15 18:16,19.29,27.5,0,427,0.00380077,0
5787,02/08/15 18:16,19.29,27.5,0,424,0.00380077,0
5788,02/08/15 18:17,19.29,27.5,0,424,0.00380077,0
5789,02/08/15 18:19,19.29,27.5,0,425,0.00380077,0
5790,02/08/15 18:20,19.29,27.5,0,425,0.00380077,0
5791,02/08/15 18:21,19.29,27.5,0,426,0.00380077,0
5792,02/08/15 18:22,19.29,27.5,0,432,0.00380077,0
5793,02/08/15 18:23,19.29,27.5,0,428.5,0.00380077,0
5794,02/08/15 18:23,19.29,27.5,0,426,0.00380077,0
5795,02/08/15 18:24,19.34,27.4725,0,428,0.003808859,0
5796,02/08/15 18:26,19.29,27.5,0,426.6666667,0.00380077,0
5797,02/08/15 18:27,19.34,27.5,0,427.5,0.003812695,0
5798,02/08/15 18:28,19.29,27.39,0,428,0.003785474,0
5799,02/08/15 18:29,19.34,27.39,0,427,0.003797351,0
5800,02/08/15 18:29,19.39,27.39,0,425,0.003809261,0
5801,02/08/15 18:30,19.34,27.445,0,425,0.003805023,0
5802,02/08/15 18:32,19.34,27.39,0,430,0.003797351,0
5803,02/08/15 18:33,19.39,27.39,0,437,0.003809261,0
5804,02/08/15 18:34,19.39,27.39,0,430.5,0.003809261,0
5805,02/08/15 18:35,19.39,27.39,0,430.6666667,0.003809261,0
5806,02/08/15 18:36,19.39,27.39,0,422.5,0.003809261,0
5807,02/08/15 18:36,19.39,27.39,0,422,0.003809261,0
5808,02/08/15 18:38,19.39,27.39,0,424,0.003809261,0
5809,02/08/15 18:39,19.39,27.39,0,427.6666667,0.003809261,0
5810,02/08/15 18:40,19.32333333,27.39,0,430,0.003793389,0
5811,02/08/15 18:40,19.39,27.39,0,432,0.003809261,0
5812,02/08/15 18:42,19.39,27.5,0,429,0.003824654,0
5813,02/08/15 18:42,19.29,27.5,0,428,0.00380077,0
5814,02/08/15 18:43,19.29,27.5,0,428,0.00380077,0
5815,02/08/15 18:45,19.29,27.55,0,426,0.003807723,0
5816,02/08/15 18:46,19.29,27.6,0,427.5,0.003814675,0
5817,02/08/15 18:47,19.29,27.6,0,429,0.003814675,0
5818,02/08/15 18:48,19.29,27.6,0,426.3333333,0.003814675,0
5819,02/08/15 18:49,19.29,27.6,0,428.5,0.003814675,0
5820,02/08/15 18:49,19.29,27.6,0,426,0.003814675,0
5821,02/08/15 18:51,19.29,27.6,0,429,0.003814675,0
5822,02/08/15 18:52,19.29,27.6,0,432,0.003814675,0
5823,02/08/15 18:53,19.29,27.6,0,427,0.003814675,0
5824,02/08/15 18:53,19.245,27.6,0,429,0.003803931,0
5825,02/08/15 18:55,19.26,27.66666667,0,426.3333333,0.003816763,0
5826,02/08/15 18:55,19.2,27.6,0,436,0.003793214,0
5827,02/08/15 18:56,19.2,27.6,0,429,0.003793214,0
5828,02/08/15 18:58,19.2,27.6,0,429.5,0.003793214,0
5829,02/08/15 18:59,19.2,27.6,0,434,0.003793214,0
5830,02/08/15 19:00,19.2,27.65,0,423.5,0.003800128,0
5831,02/08/15 19:01,19.29,27.7,0,432,0.003828582,0
5832,02/08/15 19:01,19.245,27.745,0,427,0.003824039,0
5833,02/08/15 19:02,19.245,27.745,0,430,0.003824039,0
5834,02/08/15 19:04,19.23,27.73,0,432.6666667,0.003818366,0
5835,02/08/15 19:05,19.2,27.7,0,434,0.003807042,0
5836,02/08/15 19:06,19.2,27.7,0,436,0.003807042,0
5837,02/08/15 19:07,19.2,27.7,0,440.3333333,0.003807042,0
5838,02/08/15 19:08,19.2,27.7,0,439,0.003807042,0
5839,02/08/15 19:08,19.23,27.73,0,440.3333333,0.003818366,0
5840,02/08/15 19:09,19.2,27.7,0,443,0.003807042,0
5841,02/08/15 19:11,19.2,27.7,0,439.5,0.003807042,0
5842,02/08/15 19:12,19.2,27.6,0,437,0.003793214,0
5843,02/08/15 19:13,19.245,27.65,0,431.5,0.003810865,0
5844,02/08/15 19:14,19.29,27.7,0,430.3333333,0.003828582,0
5845,02/08/15 19:14,19.29,27.7,0,436.5,0.003828582,0
5846,02/08/15 19:15,19.29,27.7,0,437.5,0.003828582,0
5847,02/08/15 19:17,19.29,27.63333333,0,434,0.003819311,0
5848,02/08/15 19:18,19.29,27.6,0,432.5,0.003814675,0
5849,02/08/15 19:19,19.29,27.6,0,427.6666667,0.003814675,0
5850,02/08/15 19:20,19.29,27.6,0,428.5,0.003814675,0
5851,02/08/15 19:21,19.315,27.6,0,434.5,0.003820656,0
5852,02/08/15 19:21,19.29,27.6,0,438,0.003814675,0
5853,02/08/15 19:23,19.29,27.6,0,438,0.003814675,0
5854,02/08/15 19:24,19.34,27.6,0,435,0.003826645,0
5855,02/08/15 19:25,19.39,27.6,0,437,0.003838647,0
5856,02/08/15 19:25,19.39,27.6,0,437.5,0.003838647,0
5857,02/08/15 19:27,19.39,27.5,0,437,0.003824654,0
5858,02/08/15 19:27,19.39,27.55,0,431.5,0.00383165,0
5859,02/08/15 19:28,19.39,27.6,0,432,0.003838647,0
5860,02/08/15 19:30,19.39,27.6,0,434,0.003838647,0
5861,02/08/15 19:31,19.39,27.6,0,434,0.003838647,0
5862,02/08/15 19:32,19.39,27.6,0,438,0.003838647,0
5863,02/08/15 19:33,19.29,27.6,0,437,0.003814675,0
5864,02/08/15 19:34,19.29,27.6,0,435.5,0.003814675,0
5865,02/08/15 19:34,19.29,27.65,0,435,0.003821629,0
5866,02/08/15 19:36,19.29,27.6,0,435,0.003814675,0
5867,02/08/15 19:37,19.39,27.65,0,435,0.003845644,0
5868,02/08/15 19:38,19.29,27.7,0,435,0.003828582,0
5869,02/08/15 19:38,19.29,27.7,0,432,0.003828582,0
5870,02/08/15 19:40,19.29,27.7,0,432,0.003828582,0
5871,02/08/15 19:40,19.29,27.7,0,435,0.003828582,0
5872,02/08/15 19:41,19.29,27.7,0,433,0.003828582,0
5873,02/08/15 19:43,19.29,27.7,0,435,0.003828582,0
5874,02/08/15 19:44,19.29,27.745,0,438,0.00383484,0
5875,02/08/15 19:45,19.29,27.7,0,437,0.003828582,0
5876,02/08/15 19:46,19.29,27.7,0,439,0.003828582,0
5877,02/08/15 19:46,19.29,27.7,0,436,0.003828582,0
5878,02/08/15 19:47,19.39,27.7,0,434,0.003852641,0
5879,02/08/15 19:49,19.34,27.7,0,440.5,0.003840595,0
5880,02/08/15 19:50,19.315,27.675,0,437.75,0.003831102,0
5881,02/08/15 19:51,19.34,27.65,0,436,0.00383362,0
5882,02/08/15 19:52,19.39,27.6,0,437,0.003838647,0
5883,02/08/15 19:53,19.39,27.6,0,432,0.003838647,0
5884,02/08/15 19:53,19.39,27.6,0,437.6666667,0.003838647,0
5885,02/08/15 19:54,19.39,27.6,0,443,0.003838647,0
5886,02/08/15 19:56,19.39,27.6,0,440.25,0.003838647,0
5887,02/08/15 19:57,19.39,27.6,0,437.5,0.003838647,0
5888,02/08/15 19:58,19.39,27.6,0,434.6666667,0.003838647,0
5889,02/08/15 19:59,19.39,27.6,0,441,0.003838647,0
5890,02/08/15 19:59,19.39,27.6,0,440.5,0.003838647,0
5891,02/08/15 20:00,19.39,27.6,0,441.5,0.003838647,0
5892,02/08/15 20:02,19.39,27.6,0,434.3333333,0.003838647,0
5893,02/08/15 20:03,19.39,27.6,0,431,0.003838647,0
5894,02/08/15 20:04,19.39,27.6,0,434,0.003838647,0
5895,02/08/15 20:05,19.39,27.6,0,435,0.003838647,0
5896,02/08/15 20:06,19.39,27.6,0,441,0.003838647,0
5897,02/08/15 20:06,19.39,27.6,0,434.5,0.003838647,0
5898,02/08/15 20:08,19.39,27.6,0,440.3333333,0.003838647,0
5899,02/08/15 20:09,19.39,27.6,0,434.5,0.003838647,0
5900,02/08/15 20:10,19.39,27.6,0,440,0.003838647,0
5901,02/08/15 20:10,19.39,27.5,0,444,0.003824654,0
5902,02/08/15 20:12,19.39,27.56666667,0,441,0.003833983,0
5903,02/08/15 20:12,19.42666667,27.56666667,0,441.6666667,0.003842795,0
5904,02/08/15 20:13,19.39,27.6,0,444,0.003838647,0
5905,02/08/15 20:15,19.39,27.55,0,444.5,0.00383165,0
5906,02/08/15 20:16,19.39,27.5,0,443,0.003824654,0
5907,02/08/15 20:17,19.39,27.5,0,437,0.003824654,0
5908,02/08/15 20:18,19.39,27.5,0,436.5,0.003824654,0
5909,02/08/15 20:19,19.39,27.5,0,437,0.003824654,0
5910,02/08/15 20:19,19.39,27.5,0,437.5,0.003824654,0
5911,02/08/15 20:21,19.39,27.5,0,439.3333333,0.003824654,0
5912,02/08/15 20:22,19.39,27.5,0,440.6666667,0.003824654,0
5913,02/08/15 20:23,19.39,27.5,0,442,0.003824654,0
5914,02/08/15 20:23,19.39,27.5,0,441,0.003824654,0
5915,02/08/15 20:25,19.39,27.5,0,439,0.003824654,0
5916,02/08/15 20:25,19.39,27.5,0,436.5,0.003824654,0
5917,02/08/15 20:26,19.39,27.5,0,437,0.003824654,0
5918,02/08/15 20:28,19.39,27.5,0,445,0.003824654,0
5919,02/08/15 20:29,19.39,27.5,0,449,0.003824654,0
5920,02/08/15 20:30,19.39,27.5,0,443.5,0.003824654,0
5921,02/08/15 20:31,19.39,27.5,0,442,0.003824654,0
5922,02/08/15 20:31,19.39,27.5,0,445,0.003824654,0
5923,02/08/15 20:32,19.39,27.445,0,443.5,0.003816957,0
5924,02/08/15 20:34,19.39,27.39,0,444.5,0.003809261,0
5925,02/08/15 20:35,19.39,27.39,0,442,0.003809261,0
5926,02/08/15 20:36,19.39,27.39,0,442,0.003809261,0
5927,02/08/15 20:37,19.39,27.39,0,444,0.003809261,0
5928,02/08/15 20:38,19.39,27.39,0,435,0.003809261,0
5929,02/08/15 20:38,19.39,27.39,0,434,0.003809261,0
5930,02/08/15 20:39,19.39,27.39,0,441.5,0.003809261,0
5931,02/08/15 20:41,19.39,27.39,0,443.5,0.003809261,0
5932,02/08/15 20:42,19.39,27.39,0,441,0.003809261,0
5933,02/08/15 20:43,19.39,27.39,0,444,0.003809261,0
5934,02/08/15 20:44,19.39,27.39,0,444.5,0.003809261,0
5935,02/08/15 20:44,19.39,27.39,0,445.5,0.003809261,0
5936,02/08/15 20:45,19.39,27.445,0,447,0.003816957,0
5937,02/08/15 20:47,19.39,27.445,0,445,0.003816957,0
5938,02/08/15 20:48,19.39,27.39,0,447,0.003809261,0
5939,02/08/15 20:49,19.39,27.39,0,449,0.003809261,0
5940,02/08/15 20:50,19.39,27.39,0,449,0.003809261,0
5941,02/08/15 20:51,19.39,27.39,0,453,0.003809261,0
5942,02/08/15 20:51,19.39,27.39,0,452.5,0.003809261,0
5943,02/08/15 20:53,19.39,27.46333333,0,446,0.003819523,0
5944,02/08/15 20:54,19.39,27.39,0,447,0.003809261,0
5945,02/08/15 20:55,19.39,27.39,0,449,0.003809261,0
5946,02/08/15 20:55,19.445,27.445,0,441.5,0.003830123,0
5947,02/08/15 20:57,19.39,27.39,0,444,0.003809261,0
5948,02/08/15 20:57,19.445,27.445,0,446,0.003830123,0
5949,02/08/15 20:58,19.39,27.39,0,441.3333333,0.003809261,0
5950,02/08/15 21:00,19.39,27.39,0,442.6666667,0.003809261,0
5951,02/08/15 21:01,19.39,27.39,0,446,0.003809261,0
5952,02/08/15 21:02,19.39,27.445,0,446,0.003816957,0
5953,02/08/15 21:03,19.39,27.39,0,443,0.003809261,0
5954,02/08/15 21:04,19.42666667,27.46333333,0,444.6666667,0.003828301,0
5955,02/08/15 21:04,19.42666667,27.42666667,0,437,0.003823159,0
5956,02/08/15 21:06,19.39,27.39,0,450,0.003809261,0
5957,02/08/15 21:07,19.39,27.39,0,454.5,0.003809261,0
5958,02/08/15 21:08,19.46333333,27.46333333,0,451,0.003837098,0
5959,02/08/15 21:08,19.39,27.39,0,450.5,0.003809261,0
5960,02/08/15 21:10,19.39,27.39,0,449,0.003809261,0
5961,02/08/15 21:10,19.5,27.5,0,443.5,0.003851079,0
5962,02/08/15 21:11,19.39,27.39,0,447.5,0.003809261,0
5963,02/08/15 21:13,19.5,27.5,0,445,0.003851079,0
5964,02/08/15 21:14,19.445,27.445,0,447.5,0.003830123,0
5965,02/08/15 21:15,19.42666667,27.46,0,449.6666667,0.003827834,0
5966,02/08/15 21:16,19.46333333,27.56666667,0,450,0.003851625,0
5967,02/08/15 21:16,19.5,27.6,0,451,0.00386517,0
5968,02/08/15 21:17,19.5,27.6,0,454.5,0.00386517,0
5969,02/08/15 21:19,19.39,27.5,0,455,0.003824654,0
5970,02/08/15 21:20,19.39,27.39,0,454,0.003809261,0
5971,02/08/15 21:21,19.5,27.5,0,452,0.003851079,0
5972,02/08/15 21:22,19.5,27.525,0,451,0.003854601,0
5973,02/08/15 21:23,19.5,27.55,0,447,0.003858124,0
5974,02/08/15 21:23,19.46333333,27.56666667,0,450,0.003851625,0
5975,02/08/15 21:24,19.5,27.6,0,446,0.00386517,0
5976,02/08/15 21:26,19.5,27.6,0,447,0.00386517,0
5977,02/08/15 21:27,19.445,27.55,0,449,0.003844867,0
5978,02/08/15 21:28,19.5,27.6,0,449,0.00386517,0
5979,02/08/15 21:29,19.5,27.6,0,447.6666667,0.00386517,0
5980,02/08/15 21:29,19.445,27.55,0,446.5,0.003844867,0
5981,02/08/15 21:30,19.445,27.55,0,447,0.003844867,0
5982,02/08/15 21:32,19.5,27.6,0,453.5,0.00386517,0
5983,02/08/15 21:33,19.5,27.6,0,458,0.00386517,0
5984,02/08/15 21:34,19.5,27.6,0,450,0.00386517,0
5985,02/08/15 21:35,19.5,27.6,0,446,0.00386517,0
5986,02/08/15 21:36,19.5,27.6,0,447,0.00386517,0
5987,02/08/15 21:36,19.5,27.6,0,448,0.00386517,0
5988,02/08/15 21:38,19.5,27.6,0,450,0.00386517,0
5989,02/08/15 21:39,19.5,27.6,0,447,0.00386517,0
5990,02/08/15 21:40,19.5,27.6,0,446.5,0.00386517,0
5991,02/08/15 21:40,19.5,27.6,0,449.5,0.00386517,0
5992,02/08/15 21:42,19.5,27.6,0,447.5,0.00386517,0
5993,02/08/15 21:42,19.5,27.6,0,447,0.00386517,0
5994,02/08/15 21:43,19.5,27.6,0,447,0.00386517,0
5995,02/08/15 21:45,19.5,27.6,0,450,0.00386517,0
5996,02/08/15 21:46,19.5,27.6,0,454,0.00386517,0
5997,02/08/15 21:47,19.5,27.6,0,447,0.00386517,0
5998,02/08/15 21:48,19.5,27.6,0,447.5,0.00386517,0
5999,02/08/15 21:49,19.5,27.6,0,448.5,0.00386517,0
6000,02/08/15 21:49,19.5,27.6,0,445.5,0.00386517,0
6001,02/08/15 21:51,19.5,27.6,0,444,0.00386517,0
6002,02/08/15 21:52,19.5,27.6,0,444.5,0.00386517,0
6003,02/08/15 21:53,19.5,27.6,0,449.5,0.00386517,0
6004,02/08/15 21:53,19.5,27.6,0,456,0.00386517,0
6005,02/08/15 21:55,19.5,27.6,0,451.5,0.00386517,0
6006,02/08/15 21:55,19.5,27.6,0,447.6666667,0.00386517,0
6007,02/08/15 21:56,19.5,27.6,0,447.5,0.00386517,0
6008,02/08/15 21:58,19.5,27.6,0,450,0.00386517,0
6009,02/08/15 21:59,19.5,27.6,0,449,0.00386517,0
6010,02/08/15 22:00,19.5,27.6,0,442,0.00386517,0
6011,02/08/15 22:01,19.5,27.6,0,444,0.00386517,0
6012,02/08/15 22:01,19.5,27.6,0,447.5,0.00386517,0
6013,02/08/15 22:02,19.6,27.6,0,451,0.003889421,0
6014,02/08/15 22:04,19.5,27.6,0,444,0.00386517,0
6015,02/08/15 22:05,19.5,27.6,0,445.6666667,0.00386517,0
6016,02/08/15 22:06,19.5,27.7,0,450,0.003879261,0
6017,02/08/15 22:07,19.5,27.7,0,446.6666667,0.003879261,0
6018,02/08/15 22:08,19.5,27.6,0,452,0.00386517,0
6019,02/08/15 22:08,19.5,27.7,0,455,0.003879261,0
6020,02/08/15 22:09,19.5,27.7,0,453,0.003879261,0
6021,02/08/15 22:11,19.5,27.7,0,446,0.003879261,0
6022,02/08/15 22:12,19.5,27.65,0,449,0.003872215,0
6023,02/08/15 22:13,19.5,27.7,0,451,0.003879261,0
6024,02/08/15 22:14,19.5,27.6,0,451,0.00386517,0
6025,02/08/15 22:14,19.5,27.7,0,445.5,0.003879261,0
6026,02/08/15 22:15,19.5,27.65,0,443,0.003872215,0
6027,02/08/15 22:17,19.5,27.7,0,450,0.003879261,0
6028,02/08/15 22:18,19.5,27.7,0,455.5,0.003879261,0
6029,02/08/15 22:19,19.5,27.7,0,456,0.003879261,0
6030,02/08/15 22:20,19.5,27.65,0,454,0.003872215,0
6031,02/08/15 22:21,19.5,27.7,0,450.5,0.003879261,0
6032,02/08/15 22:21,19.5,27.7,0,450.75,0.003879261,0
6033,02/08/15 22:23,19.5,27.7,0,452,0.003879261,0
6034,02/08/15 22:24,19.5,27.7,0,452,0.003879261,0
6035,02/08/15 22:25,19.5,27.7,0,454,0.003879261,0
6036,02/08/15 22:25,19.5,27.7,0,453,0.003879261,0
6037,02/08/15 22:27,19.5,27.7,0,452,0.003879261,0
6038,02/08/15 22:27,19.5,27.7,0,447.3333333,0.003879261,0
6039,02/08/15 22:28,19.5,27.7,0,444,0.003879261,0
6040,02/08/15 22:30,19.5,27.7,0,446,0.003879261,0
6041,02/08/15 22:31,19.5,27.7,0,447.6666667,0.003879261,0
6042,02/08/15 22:32,19.5,27.7,0,448,0.003879261,0
6043,02/08/15 22:33,19.5,27.7,0,447,0.003879261,0
6044,02/08/15 22:34,19.5,27.7,0,443,0.003879261,0
6045,02/08/15 22:34,19.5,27.7,0,442.5,0.003879261,0
6046,02/08/15 22:36,19.5,27.7,0,445.6666667,0.003879261,0
6047,02/08/15 22:37,19.5,27.7,0,453,0.003879261,0
6048,02/08/15 22:38,19.5,27.7,0,452,0.003879261,0
6049,02/08/15 22:38,19.5,27.745,0,450,0.003885603,0
6050,02/08/15 22:40,19.5,27.79,0,451,0.003891944,0
6051,02/08/15 22:40,19.5,27.7,0,447,0.003879261,0
6052,02/08/15 22:41,19.5,27.745,0,451,0.003885603,0
6053,02/08/15 22:43,19.5,27.745,0,450,0.003885603,0
6054,02/08/15 22:44,19.5,27.7,0,448,0.003879261,0
6055,02/08/15 22:45,19.5,27.7,0,452,0.003879261,0
6056,02/08/15 22:46,19.5,27.745,0,454,0.003885603,0
6057,02/08/15 22:46,19.5,27.79,0,454.5,0.003891944,0
6058,02/08/15 22:47,19.5,27.745,0,451.5,0.003885603,0
6059,02/08/15 22:49,19.5,27.79,0,452,0.003891944,0
6060,02/08/15 22:50,19.5,27.79,0,454,0.003891944,0
6061,02/08/15 22:51,19.5,27.79,0,453.5,0.003891944,0
6062,02/08/15 22:52,19.5,27.79,0,454,0.003891944,0
6063,02/08/15 22:53,19.5,27.79,0,450,0.003891944,0
6064,02/08/15 22:53,19.5,27.79,0,448,0.003891944,0
6065,02/08/15 22:54,19.5,27.79,0,444,0.003891944,0
6066,02/08/15 22:56,19.5,27.79,0,447.5,0.003891944,0
6067,02/08/15 22:57,19.5,27.7,0,451,0.003879261,0
6068,02/08/15 22:58,19.5,27.79,0,449,0.003891944,0
6069,02/08/15 22:59,19.5,27.79,0,448.3333333,0.003891944,0
6070,02/08/15 22:59,19.5,27.79,0,456.5,0.003891944,0
6071,02/08/15 23:00,19.5,27.79,0,452,0.003891944,0
6072,02/08/15 23:02,19.5,27.79,0,447,0.003891944,0
6073,02/08/15 23:03,19.5,27.79,0,449.5,0.003891944,0
6074,02/08/15 23:04,19.5,27.79,0,452,0.003891944,0
6075,02/08/15 23:05,19.5,27.79,0,451,0.003891944,0
6076,02/08/15 23:06,19.5,27.745,0,450.5,0.003885603,0
6077,02/08/15 23:06,19.5,27.7,0,449,0.003879261,0
6078,02/08/15 23:08,19.5,27.7,0,449,0.003879261,0
6079,02/08/15 23:09,19.5,27.7,0,453,0.003879261,0
6080,02/08/15 23:10,19.5,27.7,0,447.5,0.003879261,0
6081,02/08/15 23:10,19.5,27.7,0,450.5,0.003879261,0
6082,02/08/15 23:12,19.5,27.7,0,453,0.003879261,0
6083,02/08/15 23:12,19.5,27.7,0,447,0.003879261,0
6084,02/08/15 23:13,19.5,27.7,0,447.6666667,0.003879261,0
6085,02/08/15 23:15,19.5,27.66666667,0,452.6666667,0.003874564,0
6086,02/08/15 23:16,19.5,27.6,0,452,0.00386517,0
6087,02/08/15 23:17,19.5,27.6,0,454,0.00386517,0
6088,02/08/15 23:18,19.5,27.6,0,448,0.00386517,0
6089,02/08/15 23:19,19.5,27.6,0,453.5,0.00386517,0
6090,02/08/15 23:19,19.5,27.6,0,451,0.00386517,0
6091,02/08/15 23:21,19.46333333,27.56666667,0,447,0.003851625,0
6092,02/08/15 23:22,19.5,27.6,0,452.3333333,0.00386517,0
6093,02/08/15 23:23,19.5,27.6,0,455.6666667,0.00386517,0
6094,02/08/15 23:23,19.5,27.55,0,446,0.003858124,0
6095,02/08/15 23:25,19.46333333,27.49666667,0,448.3333333,0.003841784,0
6096,02/08/15 23:25,19.5,27.5,0,452.5,0.003851079,0
6097,02/08/15 23:26,19.5,27.5,0,455,0.003851079,0
6098,02/08/15 23:28,19.5,27.42666667,0,451.3333333,0.003840746,0
6099,02/08/15 23:29,19.5,27.39,0,450.3333333,0.003835579,0
6100,02/08/15 23:30,19.5,27.39,0,451,0.003835579,0
6101,02/08/15 23:31,19.5,27.39,0,449.5,0.003835579,0
6102,02/08/15 23:31,19.5,27.39,0,448.5,0.003835579,0
6103,02/08/15 23:32,19.5,27.34,0,447.5,0.003828534,0
6104,02/08/15 23:34,19.5,27.29,0,447,0.00382149,0
6105,02/08/15 23:35,19.5,27.29,0,450,0.00382149,0
6106,02/08/15 23:36,19.5,27.2,0,459,0.00380881,0
6107,02/08/15 23:37,19.5,27.2,0,453,0.00380881,0
6108,02/08/15 23:38,19.5,27.2,0,454.3333333,0.00380881,0
6109,02/08/15 23:38,19.5,27.2,0,455.5,0.00380881,0
6110,02/08/15 23:39,19.5,27.2,0,457.6666667,0.00380881,0
6111,02/08/15 23:41,19.5,27.2,0,452,0.00380881,0
6112,02/08/15 23:42,19.5,27.2,0,452.6666667,0.00380881,0
6113,02/08/15 23:43,19.5,27.2,0,453,0.00380881,0
6114,02/08/15 23:44,19.5,27.2,0,460,0.00380881,0
6115,02/08/15 23:44,19.5,27.2,0,455,0.00380881,0
6116,02/08/15 23:45,19.5,27.2,0,453,0.00380881,0
6117,02/08/15 23:47,19.5,27.2,0,454.5,0.00380881,0
6118,02/08/15 23:48,19.5,27.2,0,450.5,0.00380881,0
6119,02/08/15 23:49,19.5,27.16666667,0,452.6666667,0.003804113,0
6120,02/08/15 23:50,19.5,27.1,0,454,0.003794721,0
6121,02/08/15 23:51,19.5,27.1,0,448,0.003794721,0
6122,02/08/15 23:51,19.5,27.1,0,454,0.003794721,0
6123,02/08/15 23:53,19.5,27.1,0,459.5,0.003794721,0
6124,02/08/15 23:54,19.5,27.1,0,462,0.003794721,0
6125,02/08/15 23:55,19.5,27.1,0,461,0.003794721,0
6126,02/08/15 23:55,19.5,27,0,456,0.003780633,0
6127,02/08/15 23:57,19.5,27.1,0,456,0.003794721,0
6128,02/08/15 23:57,19.5,27.1,0,459,0.003794721,0
6129,02/08/15 23:58,19.5,27.1,0,458,0.003794721,0
6130,02/09/15 0:00,19.5,27.1,0,459,0.003794721,0
6131,02/09/15 0:01,19.5,27.1,0,459,0.003794721,0
6132,02/09/15 0:02,19.5,27.1,0,458,0.003794721,0
6133,02/09/15 0:03,19.5,27.1,0,457,0.003794721,0
6134,02/09/15 0:04,19.5,27,0,458,0.003780633,0
6135,02/09/15 0:04,19.5,27,0,456.5,0.003780633,0
6136,02/09/15 0:06,19.5,27,0,455,0.003780633,0
6137,02/09/15 0:07,19.5,27.1,0,460,0.003794721,0
6138,02/09/15 0:08,19.5,27.05,0,456.5,0.003787677,0
6139,02/09/15 0:08,19.5,27,0,456.5,0.003780633,0
6140,02/09/15 0:10,19.5,27,0,456,0.003780633,0
6141,02/09/15 0:10,19.5,27,0,461,0.003780633,0
6142,02/09/15 0:11,19.5,27.03333333,0,459,0.003785329,0
6143,02/09/15 0:13,19.5,27.05,0,456.5,0.003787677,0
6144,02/09/15 0:14,19.5,27.03333333,0,454.6666667,0.003785329,0
6145,02/09/15 0:15,19.5,27,0,456,0.003780633,0
6146,02/09/15 0:16,19.5,27,0,461,0.003780633,0
6147,02/09/15 0:16,19.5,27,0,458,0.003780633,0
6148,02/09/15 0:17,19.5,27,0,460,0.003780633,0
6149,02/09/15 0:19,19.5,27,0,462,0.003780633,0
6150,02/09/15 0:20,19.5,27,0,462,0.003780633,0
6151,02/09/15 0:21,19.5,27,0,451.5,0.003780633,0
6152,02/09/15 0:22,19.5,26.945,0,456.5,0.003772885,0
6153,02/09/15 0:23,19.5,26.89,0,459,0.003765138,0
6154,02/09/15 0:23,19.5,26.89,0,452,0.003765138,0
6155,02/09/15 0:24,19.5,26.89,0,455.3333333,0.003765138,0
6156,02/09/15 0:26,19.5,26.89,0,467.5,0.003765138,0
6157,02/09/15 0:27,19.5,26.89,0,464.5,0.003765138,0
6158,02/09/15 0:28,19.5,26.89,0,459.3333333,0.003765138,0
6159,02/09/15 0:29,19.5,26.89,0,457,0.003765138,0
6160,02/09/15 0:29,19.5,26.89,0,458,0.003765138,0
6161,02/09/15 0:30,19.5,26.89,0,457,0.003765138,0
6162,02/09/15 0:32,19.42666667,26.89,0,460,0.003747899,0
6163,02/09/15 0:33,19.39,26.89,0,466,0.003739306,0
6164,02/09/15 0:34,19.445,26.89,0,463,0.003752202,0
6165,02/09/15 0:35,19.445,26.89,0,459.5,0.003752202,0
6166,02/09/15 0:36,19.39,26.79,0,463,0.003725317,0
6167,02/09/15 0:36,19.445,26.89,0,462.5,0.003752202,0
6168,02/09/15 0:38,19.39,26.84,0,461,0.003732311,0
6169,02/09/15 0:39,19.39,26.84,0,463.5,0.003732311,0
6170,02/09/15 0:40,19.39,26.79,0,462.5,0.003725317,0
6171,02/09/15 0:40,19.39,26.79,0,462.5,0.003725317,0
6172,02/09/15 0:42,19.39,26.84,0,459,0.003732311,0
6173,02/09/15 0:42,19.39,26.79,0,464,0.003725317,0
6174,02/09/15 0:43,19.39,26.84,0,461,0.003732311,0
6175,02/09/15 0:45,19.39,26.79,0,464,0.003725317,0
6176,02/09/15 0:46,19.39,26.79,0,468.3333333,0.003725317,0
6177,02/09/15 0:47,19.39,26.79,0,467,0.003725317,0
6178,02/09/15 0:48,19.39,26.79,0,459,0.003725317,0
6179,02/09/15 0:49,19.39,26.79,0,462,0.003725317,0
6180,02/09/15 0:49,19.39,26.79,0,458,0.003725317,0
6181,02/09/15 0:51,19.39,26.79,0,458,0.003725317,0
6182,02/09/15 0:52,19.39,26.82333333,0,459.6666667,0.00372998,0
6183,02/09/15 0:53,19.39,26.79,0,462,0.003725317,0
6184,02/09/15 0:53,19.39,26.79,0,462,0.003725317,0
6185,02/09/15 0:55,19.39,26.82333333,0,461.3333333,0.00372998,0
6186,02/09/15 0:55,19.39,26.89,0,461,0.003739306,0
6187,02/09/15 0:56,19.39,26.89,0,461,0.003739306,0
6188,02/09/15 0:58,19.39,26.89,0,460,0.003739306,0
6189,02/09/15 0:59,19.39,26.89,0,459.6666667,0.003739306,0
6190,02/09/15 1:00,19.39,26.89,0,462.5,0.003739306,0
6191,02/09/15 1:01,19.39,27,0,462.5,0.003754695,0
6192,02/09/15 1:01,19.5,27,0,463,0.003780633,0
6193,02/09/15 1:02,19.39,26.89,0,464,0.003739306,0
6194,02/09/15 1:04,19.39,27,0,466,0.003754695,0
6195,02/09/15 1:05,19.39,27,0,463,0.003754695,0
6196,02/09/15 1:06,19.39,27,0,461,0.003754695,0
6197,02/09/15 1:07,19.39,27.06666667,0,465.3333333,0.003764022,0
6198,02/09/15 1:08,19.39,27.1,0,462,0.003768685,0
6199,02/09/15 1:08,19.39,27.1,0,458,0.003768685,0
6200,02/09/15 1:09,19.39,27.1,0,457,0.003768685,0
6201,02/09/15 1:11,19.39,27.1,0,460.5,0.003768685,0
6202,02/09/15 1:12,19.39,27.1,0,457,0.003768685,0
6203,02/09/15 1:13,19.39,27.1,0,459,0.003768685,0
6204,02/09/15 1:14,19.39,27.1,0,467.5,0.003768685,0
6205,02/09/15 1:14,19.39,27.1,0,468.5,0.003768685,0
6206,02/09/15 1:15,19.5,27.2,0,464.5,0.00380881,0
6207,02/09/15 1:17,19.46333333,27.2,0,462.6666667,0.003800081,0
6208,02/09/15 1:18,19.39,27.2,0,458,0.003782676,0
6209,02/09/15 1:19,19.445,27.2,0,458.5,0.003795723,0
6210,02/09/15 1:20,19.39,27.2,0,458.5,0.003782676,0
6211,02/09/15 1:21,19.46333333,27.23,0,462.3333333,0.003804298,0
6212,02/09/15 1:21,19.5,27.29,0,464,0.00382149,0
6213,02/09/15 1:23,19.39,27.2,0,464,0.003782676,0
6214,02/09/15 1:24,19.46333333,27.26,0,459,0.003808515,0
6215,02/09/15 1:25,19.39,27.2,0,460,0.003782676,0
6216,02/09/15 1:25,19.5,27.29,0,465,0.00382149,0
6217,02/09/15 1:27,19.39,27.2,0,466.5,0.003782676,0
6218,02/09/15 1:27,19.445,27.2,0,467,0.003795723,0
6219,02/09/15 1:28,19.5,27.29,0,459,0.00382149,0
6220,02/09/15 1:30,19.46333333,27.26,0,456.6666667,0.003808515,0
6221,02/09/15 1:31,19.445,27.245,0,459.5,0.003802041,0
6222,02/09/15 1:32,19.445,27.245,0,464,0.003802041,0
6223,02/09/15 1:33,19.445,27.2,0,465,0.003795723,0
6224,02/09/15 1:34,19.5,27.29,0,464,0.00382149,0
6225,02/09/15 1:34,19.445,27.245,0,463,0.003802041,0
6226,02/09/15 1:36,19.39,27.2,0,462,0.003782676,0
6227,02/09/15 1:37,19.39,27.2,0,461,0.003782676,0
6228,02/09/15 1:38,19.39,27.2,0,460,0.003782676,0
6229,02/09/15 1:38,19.39,27.2,0,459,0.003782676,0
6230,02/09/15 1:40,19.39,27.2,0,464.5,0.003782676,0
6231,02/09/15 1:40,19.39,27.2,0,465.5,0.003782676,0
6232,02/09/15 1:41,19.39,27.2,0,463,0.003782676,0
6233,02/09/15 1:43,19.39,27.2,0,462.3333333,0.003782676,0
6234,02/09/15 1:44,19.39,27.2,0,463,0.003782676,0
6235,02/09/15 1:45,19.39,27.2,0,466,0.003782676,0
6236,02/09/15 1:46,19.39,27.2,0,466,0.003782676,0
6237,02/09/15 1:46,19.34,27.2,0,462.5,0.00377085,0
6238,02/09/15 1:47,19.34,27.2,0,457,0.00377085,0
6239,02/09/15 1:49,19.39,27.2,0,458.6666667,0.003782676,0
6240,02/09/15 1:50,19.29,27.2,0,464,0.003759056,0
6241,02/09/15 1:51,19.34,27.2,0,467,0.00377085,0
6242,02/09/15 1:52,19.35666667,27.2,0,464.3333333,0.003774788,0
6243,02/09/15 1:53,19.39,27.2,0,457,0.003782676,0
6244,02/09/15 1:53,19.39,27.2,0,456,0.003782676,0
6245,02/09/15 1:54,19.39,27.2,0,464,0.003782676,0
6246,02/09/15 1:56,19.39,27.16666667,0,468,0.003778013,0
6247,02/09/15 1:57,19.39,27.1,0,468.5,0.003768685,0
6248,02/09/15 1:58,19.39,27.1,0,466,0.003768685,0
6249,02/09/15 1:59,19.39,27.1,0,465,0.003768685,0
6250,02/09/15 1:59,19.39,27.1,0,470,0.003768685,0
6251,02/09/15 2:00,19.39,27.1,0,466.5,0.003768685,0
6252,02/09/15 2:02,19.39,27.1,0,467.5,0.003768685,0
6253,02/09/15 2:03,19.39,27.1,0,465,0.003768685,0
6254,02/09/15 2:04,19.39,27.1,0,464.5,0.003768685,0
6255,02/09/15 2:05,19.39,27.05,0,466,0.00376169,0
6256,02/09/15 2:06,19.39,27.03333333,0,464.6666667,0.003759358,0
6257,02/09/15 2:06,19.39,27.05,0,464.5,0.00376169,0
6258,02/09/15 2:08,19.39,27,0,467.5,0.003754695,0
6259,02/09/15 2:09,19.445,26.995,0,470,0.003766942,0
6260,02/09/15 2:10,19.39,26.89,0,472,0.003739306,0
6261,02/09/15 2:10,19.39,26.89,0,472,0.003739306,0
6262,02/09/15 2:12,19.39,26.89,0,471,0.003739306,0
6263,02/09/15 2:12,19.39,26.89,0,463.5,0.003739306,0
6264,02/09/15 2:13,19.39,26.89,0,467,0.003739306,0
6265,02/09/15 2:15,19.39,26.89,0,466,0.003739306,0
6266,02/09/15 2:16,19.39,26.89,0,470.5,0.003739306,0
6267,02/09/15 2:17,19.39,26.89,0,469,0.003739306,0
6268,02/09/15 2:18,19.39,26.89,0,467,0.003739306,0
6269,02/09/15 2:19,19.39,26.89,0,471,0.003739306,0
6270,02/09/15 2:19,19.39,26.89,0,473,0.003739306,0
6271,02/09/15 2:21,19.39,26.84,0,473,0.003732311,0
6272,02/09/15 2:22,19.39,26.89,0,474,0.003739306,0
6273,02/09/15 2:23,19.39,26.82333333,0,466,0.00372998,0
6274,02/09/15 2:23,19.39,26.815,0,467,0.003728814,0
6275,02/09/15 2:25,19.39,26.79,0,469,0.003725317,0
6276,02/09/15 2:25,19.39,26.79,0,471,0.003725317,0
6277,02/09/15 2:26,19.39,26.79,0,471,0.003725317,0
6278,02/09/15 2:28,19.39,26.745,0,472.5,0.003719022,0
6279,02/09/15 2:29,19.39,26.745,0,472,0.003719022,0
6280,02/09/15 2:30,19.39,26.7,0,472,0.003712727,0
6281,02/09/15 2:31,19.39,26.7,0,472,0.003712727,0
6282,02/09/15 2:31,19.39,26.7,0,471,0.003712727,0
6283,02/09/15 2:32,19.39,26.7,0,468,0.003712727,0
6284,02/09/15 2:34,19.39,26.7,0,470,0.003712727,0
6285,02/09/15 2:35,19.39,26.7,0,469,0.003712727,0
6286,02/09/15 2:36,19.39,26.7,0,470.3333333,0.003712727,0
6287,02/09/15 2:37,19.39,26.7,0,471,0.003712727,0
6288,02/09/15 2:38,19.39,26.7,0,471.5,0.003712727,0
6289,02/09/15 2:38,19.39,26.7,0,470,0.003712727,0
6290,02/09/15 2:39,19.39,26.7,0,468,0.003712727,0
6291,02/09/15 2:41,19.39,26.7,0,469,0.003712727,0
6292,02/09/15 2:42,19.39,26.65,0,472,0.003705733,0
6293,02/09/15 2:43,19.39,26.7,0,474,0.003712727,0
6294,02/09/15 2:44,19.39,26.7,0,468,0.003712727,0
6295,02/09/15 2:44,19.39,26.65,0,470.5,0.003705733,0
6296,02/09/15 2:45,19.39,26.7,0,470.5,0.003712727,0
6297,02/09/15 2:47,19.39,26.65,0,468,0.003705733,0
6298,02/09/15 2:48,19.445,26.65,0,468.5,0.003718513,0
6299,02/09/15 2:49,19.39,26.65,0,469,0.003705733,0
6300,02/09/15 2:50,19.39,26.66666667,0,471.3333333,0.003708064,0
6301,02/09/15 2:51,19.39,26.6,0,470.5,0.003698739,0
6302,02/09/15 2:51,19.39,26.6,0,472,0.003698739,0
6303,02/09/15 2:53,19.46333333,26.66666667,0,467.6666667,0.003725123,0
6304,02/09/15 2:54,19.445,26.65,0,464,0.003718513,0
6305,02/09/15 2:55,19.39,26.6,0,467.5,0.003698739,0
6306,02/09/15 2:55,19.5,26.7,0,472,0.003738374,0
6307,02/09/15 2:57,19.5,26.7,0,473,0.003738374,0
6308,02/09/15 2:57,19.42666667,26.63333333,0,475.6666667,0.003711912,0
6309,02/09/15 2:58,19.39,26.66666667,0,470.6666667,0.003708064,0
6310,02/09/15 3:00,19.445,26.7,0,468.5,0.003725531,0
6311,02/09/15 3:01,19.39,26.7,0,470,0.003712727,0
6312,02/09/15 3:02,19.39,26.7,0,469,0.003712727,0
6313,02/09/15 3:03,19.39,26.7,0,468,0.003712727,0
6314,02/09/15 3:04,19.39,26.7,0,465.3333333,0.003712727,0
6315,02/09/15 3:04,19.39,26.7,0,464,0.003712727,0
6316,02/09/15 3:06,19.39,26.7,0,469.6666667,0.003712727,0
6317,02/09/15 3:07,19.39,26.7,0,471,0.003712727,0
6318,02/09/15 3:08,19.39,26.7,0,473.3333333,0.003712727,0
6319,02/09/15 3:08,19.39,26.7,0,472,0.003712727,0
6320,02/09/15 3:10,19.39,26.7,0,472,0.003712727,0
6321,02/09/15 3:10,19.39,26.73,0,469.3333333,0.003716923,0
6322,02/09/15 3:11,19.39,26.7,0,467,0.003712727,0
6323,02/09/15 3:13,19.35666667,26.73,0,472.3333333,0.003709173,0
6324,02/09/15 3:14,19.35666667,26.79,0,464.6666667,0.003717549,0
6325,02/09/15 3:15,19.29,26.79,0,464.5,0.003702057,0
6326,02/09/15 3:16,19.29,26.79,0,464,0.003702057,0
6327,02/09/15 3:16,19.34,26.84,0,472,0.003720643,0
6328,02/09/15 3:17,19.29,26.79,0,471,0.003702057,0
6329,02/09/15 3:19,19.29,26.79,0,466,0.003702057,0
6330,02/09/15 3:20,19.29,26.79,0,467.6666667,0.003702057,0
6331,02/09/15 3:21,19.29,26.79,0,470,0.003702057,0
6332,02/09/15 3:22,19.29,26.79,0,469,0.003702057,0
6333,02/09/15 3:23,19.29,26.85666667,0,467.6666667,0.003711324,0
6334,02/09/15 3:23,19.29,26.84,0,472,0.003709007,0
6335,02/09/15 3:24,19.29,26.79,0,473,0.003702057,0
6336,02/09/15 3:26,19.34,26.79,0,472,0.003713671,0
6337,02/09/15 3:27,19.34,26.79,0,472,0.003713671,0
6338,02/09/15 3:28,19.34,26.79,0,471,0.003713671,0
6339,02/09/15 3:29,19.39,26.79,0,467,0.003725317,0
6340,02/09/15 3:29,19.34,26.79,0,471,0.003713671,0
6341,02/09/15 3:30,19.29,26.79,0,474,0.003702057,0
6342,02/09/15 3:32,19.39,26.7,0,478,0.003712727,0
6343,02/09/15 3:33,19.39,26.7,0,472,0.003712727,0
6344,02/09/15 3:34,19.39,26.7,0,475,0.003712727,0
6345,02/09/15 3:35,19.39,26.7,0,476,0.003712727,0
6346,02/09/15 3:36,19.39,26.7,0,472,0.003712727,0
6347,02/09/15 3:36,19.39,26.7,0,479,0.003712727,0
6348,02/09/15 3:38,19.39,26.7,0,479,0.003712727,0
6349,02/09/15 3:39,19.39,26.66666667,0,471,0.003708064,0
6350,02/09/15 3:40,19.39,26.7,0,466,0.003712727,0
6351,02/09/15 3:40,19.39,26.65,0,466.5,0.003705733,0
6352,02/09/15 3:42,19.39,26.7,0,469,0.003712727,0
6353,02/09/15 3:42,19.34,26.7,0,471,0.00370112,0
6354,02/09/15 3:43,19.34,26.7,0,469,0.00370112,0
6355,02/09/15 3:45,19.34,26.7,0,468.5,0.00370112,0
6356,02/09/15 3:46,19.39,26.7,0,468,0.003712727,0
6357,02/09/15 3:47,19.29,26.7,0,470.5,0.003689546,0
6358,02/09/15 3:48,19.39,26.7,0,472,0.003712727,0
6359,02/09/15 3:49,19.39,26.7,0,474,0.003712727,0
6360,02/09/15 3:49,19.39,26.6,0,466,0.003698739,0
6361,02/09/15 3:51,19.39,26.65,0,466,0.003705733,0
6362,02/09/15 3:52,19.39,26.7,0,466,0.003712727,0
6363,02/09/15 3:53,19.35666667,26.6,0,468,0.003691027,0
6364,02/09/15 3:53,19.39,26.6,0,471.3333333,0.003698739,0
6365,02/09/15 3:55,19.39,26.66666667,0,471.6666667,0.003708064,0
6366,02/09/15 3:55,19.34,26.65,0,469.5,0.003694148,0
6367,02/09/15 3:56,19.39,26.7,0,473,0.003712727,0
6368,02/09/15 3:58,19.39,26.7,0,472,0.003712727,0
6369,02/09/15 3:59,19.29,26.7,0,468,0.003689546,0
6370,02/09/15 4:00,19.34,26.7,0,465,0.00370112,0
6371,02/09/15 4:01,19.39,26.7,0,467,0.003712727,0
6372,02/09/15 4:01,19.34,26.7,0,471.5,0.00370112,0
6373,02/09/15 4:02,19.39,26.7,0,467,0.003712727,0
6374,02/09/15 4:04,19.35666667,26.7,0,472,0.003704986,0
6375,02/09/15 4:05,19.39,26.7,0,468,0.003712727,0
6376,02/09/15 4:06,19.39,26.7,0,468,0.003712727,0
6377,02/09/15 4:07,19.39,26.7,0,466,0.003712727,0
6378,02/09/15 4:08,19.39,26.7,0,469.6666667,0.003712727,0
6379,02/09/15 4:08,19.39,26.7,0,467,0.003712727,0
6380,02/09/15 4:09,19.39,26.7,0,464,0.003712727,0
6381,02/09/15 4:11,19.39,26.7,0,469.5,0.003712727,0
6382,02/09/15 4:12,19.39,26.7,0,473,0.003712727,0
6383,02/09/15 4:13,19.39,26.7,0,468,0.003712727,0
6384,02/09/15 4:14,19.29,26.7,0,466.5,0.003689546,0
6385,02/09/15 4:14,19.39,26.7,0,462.5,0.003712727,0
6386,02/09/15 4:15,19.39,26.7,0,473,0.003712727,0
6387,02/09/15 4:17,19.29,26.7,0,472.5,0.003689546,0
6388,02/09/15 4:18,19.29,26.7,0,471,0.003689546,0
6389,02/09/15 4:19,19.29,26.7,0,473.5,0.003689546,0
6390,02/09/15 4:20,19.29,26.7,0,470,0.003689546,0
6391,02/09/15 4:21,19.29,26.7,0,471,0.003689546,0
6392,02/09/15 4:21,19.29,26.79,0,470,0.003702057,0
6393,02/09/15 4:23,19.29,26.79,0,470,0.003702057,0
6394,02/09/15 4:24,19.29,26.79,0,470.5,0.003702057,0
6395,02/09/15 4:25,19.29,26.79,0,469,0.003702057,0
6396,02/09/15 4:25,19.29,26.79,0,470.5,0.003702057,0
6397,02/09/15 4:27,19.29,26.79,0,467,0.003702057,0
6398,02/09/15 4:27,19.29,26.79,0,469,0.003702057,0
6399,02/09/15 4:28,19.29,26.79,0,470.5,0.003702057,0
6400,02/09/15 4:30,19.29,26.79,0,466,0.003702057,0
6401,02/09/15 4:31,19.29,26.79,0,466,0.003702057,0
6402,02/09/15 4:32,19.29,26.79,0,466,0.003702057,0
6403,02/09/15 4:33,19.29,26.79,0,469.5,0.003702057,0
6404,02/09/15 4:34,19.29,26.89,0,469,0.003715958,0
6405,02/09/15 4:34,19.29,26.79,0,461,0.003702057,0
6406,02/09/15 4:36,19.29,26.89,0,465,0.003715958,0
6407,02/09/15 4:37,19.29,26.89,0,470.5,0.003715958,0
6408,02/09/15 4:38,19.29,26.89,0,471.5,0.003715958,0
6409,02/09/15 4:38,19.29,26.89,0,469,0.003715958,0
6410,02/09/15 4:40,19.29,26.89,0,473,0.003715958,0
6411,02/09/15 4:40,19.29,26.89,0,467,0.003715958,0
6412,02/09/15 4:41,19.29,26.89,0,468,0.003715958,0
6413,02/09/15 4:43,19.29,26.89,0,463,0.003715958,0
6414,02/09/15 4:44,19.29,26.89,0,463.6666667,0.003715958,0
6415,02/09/15 4:45,19.29,26.89,0,458,0.003715958,0
6416,02/09/15 4:46,19.29,26.89,0,459,0.003715958,0
6417,02/09/15 4:46,19.34,26.89,0,462.5,0.003727616,0
6418,02/09/15 4:47,19.32333333,26.89,0,459.6666667,0.003723726,0
6419,02/09/15 4:49,19.29,26.89,0,466,0.003715958,0
6420,02/09/15 4:50,19.29,26.89,0,466,0.003715958,0
6421,02/09/15 4:51,19.29,26.89,0,465.5,0.003715958,0
6422,02/09/15 4:52,19.29,26.89,0,466.5,0.003715958,0
6423,02/09/15 4:53,19.29,26.89,0,467.5,0.003715958,0
6424,02/09/15 4:53,19.29,26.89,0,466,0.003715958,0
6425,02/09/15 4:54,19.29,26.89,0,463,0.003715958,0
6426,02/09/15 4:56,19.29,26.89,0,465.3333333,0.003715958,0
6427,02/09/15 4:57,19.29,26.89,0,465,0.003715958,0
6428,02/09/15 4:58,19.29,26.89,0,466,0.003715958,0
6429,02/09/15 4:59,19.29,26.79,0,465,0.003702057,0
6430,02/09/15 4:59,19.39,26.79,0,468,0.003725317,0
6431,02/09/15 5:00,19.34,26.79,0,461.5,0.003713671,0
6432,02/09/15 5:02,19.39,26.79,0,460,0.003725317,0
6433,02/09/15 5:03,19.39,26.79,0,462.5,0.003725317,0
6434,02/09/15 5:04,19.39,26.79,0,468,0.003725317,0
6435,02/09/15 5:05,19.39,26.79,0,467.5,0.003725317,0
6436,02/09/15 5:06,19.39,26.745,0,461,0.003719022,0
6437,02/09/15 5:06,19.39,26.7,0,464,0.003712727,0
6438,02/09/15 5:08,19.39,26.745,0,467,0.003719022,0
6439,02/09/15 5:09,19.39,26.745,0,468,0.003719022,0
6440,02/09/15 5:10,19.39,26.7,0,465,0.003712727,0
6441,02/09/15 5:10,19.39,26.7,0,465,0.003712727,0
6442,02/09/15 5:12,19.39,26.7,0,458,0.003712727,0
6443,02/09/15 5:12,19.39,26.7,0,461,0.003712727,0
6444,02/09/15 5:13,19.39,26.7,0,466,0.003712727,0
6445,02/09/15 5:15,19.445,26.745,0,464.5,0.003731848,0
6446,02/09/15 5:16,19.445,26.7,0,459.5,0.003725531,0
6447,02/09/15 5:17,19.39,26.7,0,457.3333333,0.003712727,0
6448,02/09/15 5:18,19.5,26.7,0,461,0.003738374,0
6449,02/09/15 5:19,19.5,26.7,0,460,0.003738374,0
6450,02/09/15 5:19,19.445,26.745,0,460.5,0.003731848,0
6451,02/09/15 5:21,19.5,26.7,0,461,0.003738374,0
6452,02/09/15 5:22,19.5,26.7,0,459,0.003738374,0
6453,02/09/15 5:23,19.5,26.7,0,460.5,0.003738374,0
6454,02/09/15 5:23,19.5,26.7,0,460.3333333,0.003738374,0
6455,02/09/15 5:25,19.5,26.7,0,463,0.003738374,0
6456,02/09/15 5:25,19.5,26.7,0,466,0.003738374,0
6457,02/09/15 5:26,19.5,26.7,0,466.5,0.003738374,0
6458,02/09/15 5:28,19.5,26.7,0,463.5,0.003738374,0
6459,02/09/15 5:29,19.5,26.7,0,461.5,0.003738374,0
6460,02/09/15 5:30,19.6,26.7,0,461,0.003761825,0
6461,02/09/15 5:31,19.5,26.7,0,456,0.003738374,0
6462,02/09/15 5:31,19.5,26.7,0,460,0.003738374,0
6463,02/09/15 5:32,19.5,26.7,0,461,0.003738374,0
6464,02/09/15 5:34,19.5,26.7,0,461,0.003738374,0
6465,02/09/15 5:35,19.5,26.745,0,465,0.003744712,0
6466,02/09/15 5:36,19.5,26.7,0,466,0.003738374,0
6467,02/09/15 5:37,19.5,26.7,0,460,0.003738374,0
6468,02/09/15 5:38,19.5,26.79,0,459,0.003751051,0
6469,02/09/15 5:38,19.5,26.79,0,457.3333333,0.003751051,0
6470,02/09/15 5:39,19.5,26.89,0,456,0.003765138,0
6471,02/09/15 5:41,19.46333333,26.85666667,0,462.3333333,0.003751825,0
6472,02/09/15 5:42,19.39,26.79,0,462,0.003725317,0
6473,02/09/15 5:43,19.42666667,26.85666667,0,464.3333333,0.003743225,0
6474,02/09/15 5:44,19.39,26.84,0,458.5,0.003732311,0
6475,02/09/15 5:44,19.39,26.84,0,461,0.003732311,0
6476,02/09/15 5:45,19.39,26.84,0,461.5,0.003732311,0
6477,02/09/15 5:47,19.39,26.84,0,465,0.003732311,0
6478,02/09/15 5:48,19.39,26.79,0,465,0.003725317,0
6479,02/09/15 5:49,19.39,26.79,0,461,0.003725317,0
6480,02/09/15 5:50,19.39,26.76,0,461,0.00372112,0
6481,02/09/15 5:51,19.39,26.7,0,460,0.003712727,0
6482,02/09/15 5:51,19.39,26.79,0,462,0.003725317,0
6483,02/09/15 5:53,19.39,26.79,0,465.3333333,0.003725317,0
6484,02/09/15 5:54,19.39,26.79,0,465,0.003725317,0
6485,02/09/15 5:55,19.39,26.79,0,466.5,0.003725317,0
6486,02/09/15 5:55,19.39,26.79,0,462.6666667,0.003725317,0
6487,02/09/15 5:57,19.39,26.79,0,460,0.003725317,0
6488,02/09/15 5:57,19.39,26.79,0,457,0.003725317,0
6489,02/09/15 5:58,19.39,26.7,0,463.5,0.003712727,0
6490,02/09/15 6:00,19.39,26.7,0,466,0.003712727,0
6491,02/09/15 6:01,19.445,26.795,0,466.5,0.003738866,0
6492,02/09/15 6:02,19.39,26.7,0,467.3333333,0.003712727,0
6493,02/09/15 6:03,19.39,26.7,0,469.5,0.003712727,0
6494,02/09/15 6:04,19.445,26.7,0,462,0.003725531,0
6495,02/09/15 6:04,19.42666667,26.66666667,0,460,0.003716585,0
6496,02/09/15 6:06,19.5,26.6,0,463,0.003724289,0
6497,02/09/15 6:07,19.5,26.65,0,459,0.003731331,0
6498,02/09/15 6:08,19.5,26.5,0,460,0.003710204,0
6499,02/09/15 6:08,19.5,26.56666667,0,453,0.003719594,0
6500,02/09/15 6:10,19.5,26.55,0,461.6666667,0.003717246,0
6501,02/09/15 6:10,19.5,26.5,0,463,0.003710204,0
6502,02/09/15 6:11,19.5,26.5,0,467,0.003710204,0
6503,02/09/15 6:13,19.5,26.5,0,464.5,0.003710204,0
6504,02/09/15 6:14,19.5,26.5,0,470,0.003710204,0
6505,02/09/15 6:15,19.5,26.5,0,466.5,0.003710204,0
6506,02/09/15 6:16,19.445,26.445,0,465,0.003689739,0
6507,02/09/15 6:16,19.39,26.46333333,0,460.3333333,0.003679623,0
6508,02/09/15 6:17,19.39,26.445,0,461.5,0.003677059,0
6509,02/09/15 6:19,19.39,26.39,0,461,0.003669366,0
6510,02/09/15 6:20,19.39,26.39,0,463,0.003669366,0
6511,02/09/15 6:21,19.39,26.39,0,467.5,0.003669366,0
6512,02/09/15 6:22,19.39,26.39,0,471,0.003669366,0
6513,02/09/15 6:23,19.39,26.39,0,461,0.003669366,0
6514,02/09/15 6:23,19.39,26.39,0,456.3333333,0.003669366,0
6515,02/09/15 6:24,19.39,26.39,0,459.5,0.003669366,0
6516,02/09/15 6:26,19.39,26.34,0,464.5,0.003662373,0
6517,02/09/15 6:27,19.39,26.29,0,467,0.00365538,0
6518,02/09/15 6:28,19.39,26.29,0,469,0.00365538,0
6519,02/09/15 6:29,19.39,26.29,0,465.5,0.00365538,0
6520,02/09/15 6:29,19.39,26.29,0,464,0.00365538,0
6521,02/09/15 6:30,19.39,26.29,0,464,0.00365538,0
6522,02/09/15 6:32,19.39,26.29,0,465.5,0.00365538,0
6523,02/09/15 6:33,19.34,26.29,0,466.5,0.003643954,0
6524,02/09/15 6:34,19.39,26.29,0,463,0.00365538,0
6525,02/09/15 6:35,19.39,26.29,0,461.75,0.00365538,0
6526,02/09/15 6:36,19.39,26.29,0,460.5,0.00365538,0
6527,02/09/15 6:36,19.29,26.39,0,459.5,0.003646457,0
6528,02/09/15 6:38,19.29,26.29,0,467,0.003632559,0
6529,02/09/15 6:39,19.29,26.29,0,468,0.003632559,0
6530,02/09/15 6:40,19.29,26.39,0,469,0.003646457,0
6531,02/09/15 6:40,19.29,26.34,0,465.5,0.003639508,0
6532,02/09/15 6:42,19.29,26.29,0,458,0.003632559,0
6533,02/09/15 6:42,19.39,26.29,0,458,0.00365538,0
6534,02/09/15 6:43,19.39,26.29,0,466,0.00365538,0
6535,02/09/15 6:45,19.29,26.26,0,465,0.00362839,0
6536,02/09/15 6:46,19.29,26.2,0,465,0.003620051,0
6537,02/09/15 6:47,19.29,26.2,0,465,0.003620051,0
6538,02/09/15 6:48,19.29,26.2,0,461.5,0.003620051,0
6539,02/09/15 6:49,19.29,26.2,0,461.5,0.003620051,0
6540,02/09/15 6:49,19.29,26.2,0,463,0.003620051,0
6541,02/09/15 6:51,19.34,26.2,0,465.5,0.003631406,0
6542,02/09/15 6:52,19.29,26.2,0,466,0.003620051,0
6543,02/09/15 6:53,19.29,26.2,0,466.5,0.003620051,0
6544,02/09/15 6:53,19.32333333,26.2,0,466.3333333,0.003627618,0
6545,02/09/15 6:55,19.34,26.15,0,469,0.003624436,0
6546,02/09/15 6:55,19.29,26.1,0,469,0.003606154,0
6547,02/09/15 6:56,19.29,26.1,0,463,0.003606154,0
6548,02/09/15 6:58,19.29,26.1,0,468,0.003606154,0
6549,02/09/15 6:59,19.29,26.1,0,468.5,0.003606154,0
6550,02/09/15 7:00,19.34,26.1,0,470.5,0.003617465,0
6551,02/09/15 7:01,19.29,26.1,0,471,0.003606154,0
6552,02/09/15 7:01,19.29,26.1,0,470,0.003606154,0
6553,02/09/15 7:02,19.29,26.1,0,469,0.003606154,0
6554,02/09/15 7:04,19.34,26.05,0,468.5,0.003610495,0
6555,02/09/15 7:05,19.29,26.1,0,463.5,0.003606154,0
6556,02/09/15 7:06,19.29,26.1,0,466,0.003606154,0
6557,02/09/15 7:07,19.29,26.1,0,467.5,0.003606154,0
6558,02/09/15 7:08,19.29,26.1,0,467,0.003606154,0
6559,02/09/15 7:08,19.29,26.1,0,467,0.003606154,0
6560,02/09/15 7:09,19.32333333,26.03333333,0,469,0.003604408,0
6561,02/09/15 7:11,19.34,26,0,468.5,0.003603525,0
6562,02/09/15 7:12,19.39,26,0,466,0.003614824,0
6563,02/09/15 7:13,19.39,25.945,0,464.5,0.003607133,0
6564,02/09/15 7:14,19.39,26,0,469,0.003614824,0
6565,02/09/15 7:14,19.39,25.89,0,469,0.003599442,0
6566,02/09/15 7:15,19.39,25.89,0,471,0.003599442,0
6567,02/09/15 7:17,19.39,25.89,0,472,0.003599442,0
6568,02/09/15 7:18,19.445,25.945,0,473.5,0.00361957,0
6569,02/09/15 7:19,19.39,25.89,0,473.5,0.003599442,0
6570,02/09/15 7:20,19.39,25.89,0,473.6666667,0.003599442,0
6571,02/09/15 7:21,19.39,25.89,0,473,0.003599442,0
6572,02/09/15 7:21,19.445,25.945,0,471.5,0.00361957,0
6573,02/09/15 7:23,19.39,26,0,463,0.003614824,0
6574,02/09/15 7:24,19.39,25.945,0,468,0.003607133,0
6575,02/09/15 7:25,19.445,26,0,470.5,0.003627288,0
6576,02/09/15 7:25,19.39,26,0,471,0.003614824,0
6577,02/09/15 7:27,19.5,26.15,0,471,0.003660913,0
6578,02/09/15 7:27,19.445,26.1,0,467,0.003641321,0
6579,02/09/15 7:28,19.5,26.15,0,468,0.003660913,0
6580,02/09/15 7:30,19.42666667,26.03333333,0,467,0.003627801,0
6581,02/09/15 7:31,19.5,26.1,0,467,0.003653872,0
6582,02/09/15 7:32,19.39,26.1,0,466,0.003628808,0
6583,02/09/15 7:33,19.42666667,26.13333333,0,468.3333333,0.003641818,0
6584,02/09/15 7:34,19.39,26.1,0,465.5,0.003628808,0
6585,02/09/15 7:34,19.39,26.1,0,465.5,0.003628808,0
6586,02/09/15 7:36,19.39,26.1,0,468,0.003628808,0
6587,02/09/15 7:37,19.5,26.2,0,466,0.003667954,0
6588,02/09/15 7:38,19.42666667,26.2,0,471,0.003651163,0
6589,02/09/15 7:38,19.5,26.2,0,471,0.003667954,0
6590,02/09/15 7:40,19.39,26.2,0,471,0.003642793,0
6591,02/09/15 7:40,19.5,26.2,0,473,0.003667954,0
6592,02/09/15 7:41,19.5,26.245,0,467.5,0.003674291,0
6593,02/09/15 7:43,19.5,26.29,0,466.6666667,0.003680628,0
6594,02/09/15 7:44,19.5,26.29,0,467.5,0.003680628,0
6595,02/09/15 7:45,19.445,26.29,0,468,0.003667985,0
6596,02/09/15 7:46,19.46333333,26.35666667,0,465.3333333,0.003681562,0
6597,02/09/15 7:46,19.5,26.39,0,467,0.003694712,0
6598,02/09/15 7:47,19.5,26.39,0,467,0.003694712,0
6599,02/09/15 7:49,19.445,26.34,0,470,0.003675002,0
6600,02/09/15 7:50,19.445,26.39,0,471.5,0.00368202,0
6601,02/09/15 7:51,19.5,26.39,0,470.3333333,0.003694712,0
6602,02/09/15 7:52,19.445,26.445,0,468.5,0.003689739,0
6603,02/09/15 7:53,19.39,26.39,0,469,0.003669366,0
6604,02/09/15 7:53,19.39,26.39,0,470,0.003669366,0
6605,02/09/15 7:54,19.445,26.445,0,470.5,0.003689739,0
6606,02/09/15 7:56,19.5,26.5,0,472,0.003710204,0
6607,02/09/15 7:57,19.445,26.5,0,468.5,0.003697458,0
6608,02/09/15 7:58,19.445,26.5,0,470.5,0.003697458,0
6609,02/09/15 7:59,19.5,26.5,0,473,0.003710204,0
6610,02/09/15 7:59,19.5,26.5,0,467,0.003710204,0
6611,02/09/15 8:00,19.5,26.5,0,471.3333333,0.003710204,0
6612,02/09/15 8:02,19.5,26.5,0,471,0.003710204,0
6613,02/09/15 8:03,19.5,26.5,0,472.5,0.003710204,0
6614,02/09/15 8:04,19.5,26.5,0,472,0.003710204,0
6615,02/09/15 8:05,19.5,26.5,0,470,0.003710204,0
6616,02/09/15 8:06,19.5,26.5,0,472,0.003710204,0
6617,02/09/15 8:06,19.5,26.55,0,462.5,0.003717246,0
6618,02/09/15 8:08,19.5,26.6,0,463,0.003724289,0
6619,02/09/15 8:09,19.5,26.6,0,469.5,0.003724289,0
6620,02/09/15 8:10,19.5,26.625,0,470.6666667,0.00372781,0
6621,02/09/15 8:10,19.5,26.6,0,471,0.003724289,0
6622,02/09/15 8:12,19.5,26.6,0,470,0.003724289,0
6623,02/09/15 8:12,19.5,26.6,0,471.5,0.003724289,0
6624,02/09/15 8:13,19.5,26.65,0,470.5,0.003731331,0
6625,02/09/15 8:15,19.5,26.6,0,469,0.003724289,0
6626,02/09/15 8:16,19.5,26.6,0,472,0.003724289,0
6627,02/09/15 8:17,19.5,26.7,0,473,0.003738374,0
6628,02/09/15 8:18,19.5,26.7,0,474,0.003738374,0
6629,02/09/15 8:19,19.5,26.7,0,473,0.003738374,0
6630,02/09/15 8:19,19.5,26.7,0,477.5,0.003738374,0
6631,02/09/15 8:21,19.5,26.7,0,477.5,0.003738374,0
6632,02/09/15 8:22,19.5,26.7,0,474,0.003738374,0
6633,02/09/15 8:23,19.5,26.79,0,473.6666667,0.003751051,0
6634,02/09/15 8:23,19.5,26.79,0,467.5,0.003751051,0
6635,02/09/15 8:25,19.5,26.79,0,473,0.003751051,0
6636,02/09/15 8:25,19.5,26.79,0,480.3333333,0.003751051,0
6637,02/09/15 8:26,19.5,26.79,0,474.3333333,0.003751051,0
6638,02/09/15 8:28,19.5,26.79,0,469,0.003751051,0
6639,02/09/15 8:29,19.5,26.79,0,469.5,0.003751051,0
6640,02/09/15 8:30,19.5,26.79,0,470,0.003751051,0
6641,02/09/15 8:31,19.5,26.79,0,471.5,0.003751051,0
6642,02/09/15 8:31,19.5,26.79,0,470,0.003751051,0
6643,02/09/15 8:32,19.6,26.79,0,476,0.003774582,0
6644,02/09/15 8:34,19.5,26.79,0,470,0.003751051,0
6645,02/09/15 8:35,19.6,26.89,0,470,0.003788758,0
6646,02/09/15 8:36,19.5,26.89,0,471,0.003765138,0
6647,02/09/15 8:37,19.5,26.89,0,471,0.003765138,0
6648,02/09/15 8:38,19.53333333,26.89,0,470.6666667,0.003772996,0
6649,02/09/15 8:38,19.5,26.89,0,475.3333333,0.003765138,0
6650,02/09/15 8:39,19.5,27,0,471,0.003780633,0
6651,02/09/15 8:41,19.5,27,0,469,0.003780633,0
6652,02/09/15 8:42,19.5,27,0,474.5,0.003780633,0
6653,02/09/15 8:43,19.53333333,27,0,474,0.003788525,0
6654,02/09/15 8:44,19.5,27,0,471,0.003780633,0
6655,02/09/15 8:44,19.525,27.025,289.75,473.75,0.003790078,1
6656,02/09/15 8:45,19.5,27.1,440,481.5,0.003794721,1
6657,02/09/15 8:47,19.525,27.125,412,479,0.003804188,1
6658,02/09/15 8:48,19.525,27.2925,397,484.75,0.003827824,0
6659,02/09/15 8:49,19.525,27.365,392.5,486.75,0.003838055,0
6660,02/09/15 8:50,19.56666667,27.56666667,393.6666667,492.3333333,0.003876606,0
6661,02/09/15 8:51,19.575,27.675,397,496.5,0.003893964,1
6662,02/09/15 8:51,19.575,27.6,405,501.5,0.003883346,1
6663,02/09/15 8:53,19.63333333,27.63333333,405,506.6666667,0.003902271,1
6664,02/09/15 8:54,19.66666667,27.73,405,510.6666667,0.003924175,1
6665,02/09/15 8:55,19.63333333,27.73,399.6666667,512,0.003916008,1
6666,02/09/15 8:55,19.625,27.745,393,517,0.003916099,1
6667,02/09/15 8:57,19.63333333,27.79,393.6666667,515,0.003924535,1
6668,02/09/15 8:57,19.7,27.9175,389,528.75,0.003959116,1
6669,02/09/15 8:58,19.7,27.96333333,393.6666667,534.3333333,0.003965658,1
6670,02/09/15 9:00,19.745,28.05,389,541,0.003989226,1
6671,02/09/15 9:01,19.7675,28.175,392.5,546,0.004012754,1
6672,02/09/15 9:02,19.79,28.1,393.6666667,553,0.00400763,1
6673,02/09/15 9:03,19.79,28.2675,392.5,559.75,0.004031674,1
6674,02/09/15 9:04,19.79,28.32333333,389,572.3333333,0.004039689,1
6675,02/09/15 9:04,19.84,28.6975,389,578.75,0.004106207,1
6676,02/09/15 9:06,19.89,28.625,389,595,0.004108567,1
6677,02/09/15 9:07,19.89,28.65,389,599,0.004112179,1
6678,02/09/15 9:08,19.9175,28.8175,393,606.5,0.004143485,1
6679,02/09/15 9:08,19.96333333,28.96,399.6666667,622,0.004176036,1
6680,02/09/15 9:10,19.945,29.05,397,636,0.004184313,1
6681,02/09/15 9:10,20,29.1975,405,655.5,0.004220155,1
6682,02/09/15 9:11,20,29.39,405,661.3333333,0.004248169,1
6683,02/09/15 9:13,20,29.445,405,680.8,0.004256173,1
6684,02/09/15 9:14,20.05,29.575,405,689.75,0.004288444,1
6685,02/09/15 9:15,20.1,29.745,405,695.5,0.00432673,1
6686,02/09/15 9:16,20.1,29.79,405,701,0.004333322,1
6687,02/09/15 9:16,20.1,29.823,406.75,710.125,0.004338155,1
6688,02/09/15 9:17,20.1,29.856,408.5,719.25,0.004342989,1
6689,02/09/15 9:19,20.2,29.945,419,736,0.004383252,1
6690,02/09/15 9:20,20.125,29.9725,419,743.75,0.004366853,1
6691,02/09/15 9:21,20.15,30.15,419,759,0.004399746,1
6692,02/09/15 9:22,20.175,30.15,419,765.75,0.004406604,1
6693,02/09/15 9:23,20.2,30.195,419,769.5,0.004420106,1
6694,02/09/15 9:23,20.215,30.2275,419,774.9166667,0.004429034,1
6695,02/09/15 9:24,20.23,30.26,419,780.3333333,0.004437973,1
6696,02/09/15 9:26,20.29,30.4175,422.5,802.75,0.004477936,1
6697,02/09/15 9:27,20.29,30.445,422.5,814.75,0.004482014,1
6698,02/09/15 9:28,20.29,30.34,433,816,0.004466445,1
6699,02/09/15 9:29,20.29,30.4725,433,822.75,0.004486091,1
6700,02/09/15 9:29,20.29,30.53333333,433,843.6666667,0.004495112,1
6701,02/09/15 9:30,20.29,30.495,433,850.5,0.004489428,1
6702,02/09/15 9:32,20.39,30.7,433,850,0.004548042,1
6703,02/09/15 9:33,20.38166667,30.70583333,433,856.7,0.004546555,1
6704,02/09/15 9:34,20.37333333,30.71166667,433,863.4,0.004545068,1
6705,02/09/15 9:35,20.39,30.84,433,886,0.004568935,1
6706,02/09/15 9:36,20.39,30.695,433,889,0.004547296,1
6707,02/09/15 9:36,20.39,30.795,433,898,0.004562219,1
6708,02/09/15 9:38,20.39,30.77,433,902.5,0.004558488,1
6709,02/09/15 9:39,20.39,30.8925,433,909.25,0.00457677,1
6710,02/09/15 9:40,20.445,30.795,433,922,0.004577853,1
6711,02/09/15 9:40,20.4725,30.9175,433,921.5,0.004604064,1
6712,02/09/15 9:42,20.5,31.1225,433,929.25,0.00464275,1
6713,02/09/15 9:42,20.5,31.1,447,953,0.004639369,1
6714,02/09/15 9:43,20.5,31.1,437.6666667,954,0.004639369,1
6715,02/09/15 9:45,20.5,30.9725,442.5,950.75,0.004620207,1
6716,02/09/15 9:46,20.5,31.1475,447,959.75,0.004646507,1
6717,02/09/15 9:47,20.5,31.245,440,967.75,0.004661161,1
6718,02/09/15 9:48,20.5,31.26,442.3333333,974.3333333,0.004663416,1
6719,02/09/15 9:49,20.5,31.1,447,977,0.004639369,1
6720,02/09/15 9:49,20.5,31.16333333,441,970.3333333,0.004648887,1
6721,02/09/15 9:51,20.5,31.2225,442.5,968,0.004657779,1
6722,02/09/15 9:52,20.55,31.245,438,975.5,0.00467567,1
6723,02/09/15 9:53,20.55,31.245,447,981.5,0.00467567,1
6724,02/09/15 9:53,20.6,31.245,438,1007,0.004690218,1
6725,02/09/15 9:55,20.6,31.32333333,447,1013,0.004702066,1
6726,02/09/15 9:55,20.6,31.2675,438,1016,0.004693621,1
6727,02/09/15 9:56,20.63333333,31.26,447,1018,0.004702213,1
6728,02/09/15 9:58,20.6,31.295,438,1019.5,0.004697781,1
6729,02/09/15 9:59,20.675,31.4725,438,1041.5,0.004746688,1
6730,02/09/15 10:00,20.6,31.445,438,1050.5,0.004720468,1
6731,02/09/15 10:01,20.7,31.5225,438,1056.75,0.004761672,1
6732,02/09/15 10:01,20.65,31.5225,438,1066.5,0.004746911,1
6733,02/09/15 10:02,20.7,31.46333333,441,1074,0.004752666,1
6734,02/09/15 10:04,20.7,31.6,438,1071.75,0.004773468,1
6735,02/09/15 10:05,20.7,31.575,442.5,1075.25,0.004769663,1
6736,02/09/15 10:06,20.7,31.745,438,1080.75,0.004795541,1
6737,02/09/15 10:07,20.7,31.7225,438,1102.5,0.004792116,1
6738,02/09/15 10:08,20.7,31.79,438,1106.75,0.004802391,1
6739,02/09/15 10:08,20.7,31.795,438,1105.5,0.004803152,1
6740,02/09/15 10:09,20.7225,31.865,438,1111,0.004820538,1
6741,02/09/15 10:11,20.7,31.7925,441.75,1111,0.004802772,1
6742,02/09/15 10:12,20.7,31.84,432.75,1119.25,0.004810003,1
6743,02/09/15 10:13,20.7,31.79,429,1127.666667,0.004802391,1
6744,02/09/15 10:14,20.745,31.895,433.5,1136,0.004831855,1
6745,02/09/15 10:14,20.79,31.895,429,1142.5,0.004845367,1
6746,02/09/15 10:15,20.79,31.8225,438,1143.75,0.004834268,1
6747,02/09/15 10:17,20.79,31.89333333,441,1145.333333,0.004845112,1
6748,02/09/15 10:18,20.79,31.84,438,1144,0.004836947,1
6749,02/09/15 10:19,20.79,31.945,438,1147,0.004853022,1
6750,02/09/15 10:20,20.79,31.8925,429,1157.5,0.004844984,1
6751,02/09/15 10:21,20.79,31.99,435,1150.666667,0.004859912,1
6752,02/09/15 10:21,20.79,31.99333333,441,1159.333333,0.004860422,1
6753,02/09/15 10:23,20.79,31.96333333,441,1167,0.004855829,1
6754,02/09/15 10:24,20.79,32.06666667,434,1177.666667,0.00487165,1
6755,02/09/15 10:25,20.79,31.995,444,1178,0.004860678,1
6756,02/09/15 10:25,20.815,31.9925,440.25,1175.25,0.004867839,1
6757,02/09/15 10:27,20.82333333,32.06,439,1184.333333,0.004880713,1
6758,02/09/15 10:27,20.865,32.1675,444,1198.25,0.00490988,1
6759,02/09/15 10:28,20.84,32.245,432.75,1204,0.004914177,1
6760,02/09/15 10:30,20.89,32.2,444,1199,0.004922506,1
6761,02/09/15 10:31,20.89,32.26,439,1204.333333,0.004931751,1
6762,02/09/15 10:32,20.89,32.3725,437.25,1224.75,0.004949086,1
6763,02/09/15 10:33,20.89,32.1675,432.75,1218.75,0.004917498,1
6764,02/09/15 10:34,20.89,32.33333333,439,1212,0.004943051,1
6765,02/09/15 10:34,20.89,32.25,444,1222.5,0.00493021,1
6766,02/09/15 10:36,20.89,32.29,429,1218.5,0.004936373,1
6767,02/09/15 10:37,20.89,32.2725,441,1228,0.004933677,1
6768,02/09/15 10:38,20.89,32.475,436.5,1237.75,0.004964881,1
6769,02/09/15 10:38,20.89,32.4725,440.25,1240.75,0.004964496,1
6770,02/09/15 10:40,20.945,32.4975,444,1253,0.004985319,1
6771,02/09/15 10:40,21,32.4,444,1262,0.004987213,1
6772,02/09/15 10:41,21,32.4,446.75,1261,0.004987213,1
6773,02/09/15 10:43,21,32.425,454,1263.8,0.004991092,1
6774,02/09/15 10:44,20.92666667,32.52666667,469,1276.666667,0.004984162,1
6775,02/09/15 10:45,21,32.5675,469,1294,0.005013203,1
6776,02/09/15 10:46,21,32.52,465.25,1294.5,0.005005833,1
6777,02/09/15 10:46,21,32.52666667,454,1287.666667,0.005006867,1
6778,02/09/15 10:47,21,32.4725,454,1289.25,0.004998462,1
6779,02/09/15 10:49,21,32.545,454,1300.75,0.005009712,1
6780,02/09/15 10:50,21,32.59,454,1312,0.005016695,1
6781,02/09/15 10:51,21,32.56,454,1315,0.00501204,1
6782,02/09/15 10:52,21.025,32.7,454,1315,0.005041568,1
6783,02/09/15 10:53,21,32.645,454,1323,0.00502523,1
6784,02/09/15 10:53,21.06666667,32.86333333,454,1325.666667,0.005080051,1
6785,02/09/15 10:54,21.075,32.8725,454,1330,0.005084103,1
6786,02/09/15 10:56,21.1,32.845,454,1338,0.005087686,1
6787,02/09/15 10:57,21.05,32.775,454,1334,0.005061057,1
6788,02/09/15 10:58,21.1,32.96666667,454,1339.666667,0.005106686,1
6789,02/09/15 10:59,21.1,33.0225,454,1349.25,0.005115406,1
6790,02/09/15 10:59,21.1,33.09,454,1354,0.005125949,1
6791,02/09/15 11:00,21.1,33.045,454,1361.75,0.005118921,1
6792,02/09/15 11:02,21.1,33.0675,454,1369.75,0.005122435,1
6793,02/09/15 11:03,21.1,32.925,464.5,1370,0.005100179,1
6794,02/09/15 11:04,21.13333333,33.09666667,458,1371,0.005137583,1
6795,02/09/15 11:05,21.1,33.12666667,458,1379.333333,0.005131676,1
6796,02/09/15 11:06,21.1,33.0725,449.5,1384.5,0.005123216,1
6797,02/09/15 11:06,21.1,33.025,464.5,1382,0.005115797,1
6798,02/09/15 11:08,21.1,32.7675,465.25,1371.2,0.005075583,1
6799,02/09/15 11:09,21.125,33.0675,471.75,1352,0.00513037,1
6800,02/09/15 11:10,21.1,32.975,474.5,1349.75,0.005107988,1
6801,02/09/15 11:10,21.125,33.0425,474.5,1357,0.00512646,1
6802,02/09/15 11:12,21.125,33.1175,464,1364.75,0.005138192,1
6803,02/09/15 11:12,21.13333333,33.03333333,464,1369.666667,0.005127671,1
6804,02/09/15 11:13,21.16666667,32.99666667,469,1377.333333,0.005132512,1
6805,02/09/15 11:15,21.15,33.0425,479,1384.5,0.0051344,1
6806,02/09/15 11:16,21.13333333,33.09,479,1379.333333,0.00513654,1
6807,02/09/15 11:17,21.175,33.09,479,1387.25,0.005149805,1
6808,02/09/15 11:18,21.2,33.12666667,480.6666667,1390.333333,0.005163542,1
6809,02/09/15 11:19,21.2,33.1725,496.5,1390.25,0.005170746,1
6810,02/09/15 11:19,21.2,33.145,496.5,1398.25,0.005166423,1
6811,02/09/15 11:21,21.2,33.16333333,504,1402.666667,0.005169305,1
6812,02/09/15 11:22,21.2225,33.145,495.25,1404.75,0.005173622,1
6813,02/09/15 11:23,21.245,33.1725,489,1408.5,0.005185163,1
6814,02/09/15 11:23,21.29,33.2,489,1414,0.005203962,1
6815,02/09/15 11:25,21.29,33.2,489,1415,0.005203962,1
6816,02/09/15 11:25,21.29,33.2,500.25,1417.25,0.005203962,1
6817,02/09/15 11:26,21.29,33.12666667,492.3333333,1416,0.005192371,1
6818,02/09/15 11:28,21.29,33.1725,485.25,1417.75,0.005199615,1
6819,02/09/15 11:29,21.29,33.1725,481.5,1414.5,0.005199615,1
6820,02/09/15 11:30,21.29,33.145,471.5,1419.25,0.005195269,1
6821,02/09/15 11:31,21.29,33.16333333,464,1413.333333,0.005198166,1
6822,02/09/15 11:31,21.29,33.145,464,1421.75,0.005195269,1
6823,02/09/15 11:32,21.29,33.23,464,1427.333333,0.005208704,1
6824,02/09/15 11:34,21.29,33.145,464,1430.25,0.005195269,1
6825,02/09/15 11:35,21.29,33.145,475.25,1433.25,0.005195269,1
6826,02/09/15 11:36,21.32333333,33.16333333,479,1441,0.005208892,1
6827,02/09/15 11:37,21.29,33.195,479,1432.75,0.005203172,1
6828,02/09/15 11:38,21.365,33.24,479,1435.5,0.005234501,1
6829,02/09/15 11:38,21.32333333,33.23,479,1437.666667,0.005219451,1
6830,02/09/15 11:39,21.39,33.3,479,1436,0.005252138,1
6831,02/09/15 11:41,21.39,33.35,479,1438.5,0.005260091,1
6832,02/09/15 11:42,21.39,33.2725,479,1444.75,0.005247765,1
6833,02/09/15 11:43,21.39,33.29,474,1453,0.005250548,1
6834,02/09/15 11:44,21.39,33.2675,475.25,1449.25,0.005246969,1
6835,02/09/15 11:44,21.39,33.2225,479,1439.25,0.005239812,1
6836,02/09/15 11:45,21.39,33.29666667,469,1441,0.005251608,1
6837,02/09/15 11:47,21.39,33.3,471.5,1442.5,0.005252138,1
6838,02/09/15 11:48,21.4175,33.2725,464,1441.75,0.00525669,1
6839,02/09/15 11:49,21.39,33.2675,464,1449.75,0.005246969,1
6840,02/09/15 11:50,21.39,33.36333333,464,1453.333333,0.005262212,1
6841,02/09/15 11:51,21.39,33.3725,464,1458,0.00526367,1
6842,02/09/15 11:51,21.39,33.4,478,1456.666667,0.005268044,1
6843,02/09/15 11:53,21.39,33.3725,474.5,1454,0.00526367,1
6844,02/09/15 11:54,21.39,33.46666667,478,1458,0.005278649,1
6845,02/09/15 11:55,21.4175,33.5425,469.25,1465.5,0.00529971,1
6846,02/09/15 11:55,21.39,33.4975,464,1462.75,0.005283553,1
6847,02/09/15 11:57,21.4175,33.5675,464,1470.5,0.005303694,1
6848,02/09/15 11:57,21.42666667,33.5,464,1476,0.005295937,1
6849,02/09/15 11:58,21.445,33.3725,464,1460.25,0.005281589,1
6850,02/09/15 12:00,21.39,33.46666667,464,1455,0.005278649,1
6851,02/09/15 12:01,21.4725,33.5675,464,1458.75,0.005321747,1
6852,02/09/15 12:02,21.5,33.59,464,1462,0.005334397,1
6853,02/09/15 12:03,21.5,33.595,464,1464.25,0.005335198,1
6854,02/09/15 12:04,21.5,33.5675,467.75,1472.5,0.005330793,1
6855,02/09/15 12:04,21.5,33.84,456.5,1455.5,0.005374442,1
6856,02/09/15 12:06,21.5,33.79333333,464,1460.333333,0.005366967,1
6857,02/09/15 12:07,21.5,33.4475,464,1445.75,0.005311573,1
6858,02/09/15 12:08,21.525,33.52,464,1445,0.005331409,1
6859,02/09/15 12:08,21.5,33.63333333,464,1431.666667,0.005341338,1
6860,02/09/15 12:10,21.5,33.7975,475.25,1435.25,0.005367634,1
6861,02/09/15 12:10,21.5,33.69333333,479,1429,0.005350948,1
6862,02/09/15 12:11,21.53333333,34.1,479,1430,0.005427256,1
6863,02/09/15 12:13,21.55,33.895,479,1399,0.0053999,1
6864,02/09/15 12:14,21.56666667,33.79,474,1399,0.005388569,1
6865,02/09/15 12:15,21.575,33.595,479,1375.5,0.00535996,1
6866,02/09/15 12:16,21.575,33.79,479,1385.25,0.005391341,1
6867,02/09/15 12:16,21.6,33.8,471.5,1378.5,0.005401279,1
6868,02/09/15 12:17,21.56666667,34.43,464,1366.5,0.005491532,1
6869,02/09/15 12:19,21.525,34.45,474.5,1396.75,0.005480631,1
6870,02/09/15 12:20,21.6,34.475,462.75,1419.75,0.0055101,1
6871,02/09/15 12:21,21.56666667,34.5,469,1422.666667,0.005502796,1
6872,02/09/15 12:22,21.575,34.5,461.5,1428,0.005505628,1
6873,02/09/15 12:23,21.5,34.5,454,1430,0.005480187,1
6874,02/09/15 12:23,21.525,34.475,454,1424.75,0.005484643,1
6875,02/09/15 12:24,21.5,34.4475,460.75,1423,0.005471774,1
6876,02/09/15 12:26,21.5,34.45,464.5,1401,0.005472174,1
6877,02/09/15 12:27,21.5,34.39666667,463,1407,0.005463628,1
6878,02/09/15 12:28,21.5,34.4,460.75,1401.25,0.005464162,1
6879,02/09/15 12:29,21.5,34.4,468,1395,0.005464162,1
6880,02/09/15 12:29,21.5,34.4225,464.5,1396.5,0.005467768,1
6881,02/09/15 12:30,21.5,34.4225,464.5,1391.5,0.005467768,1
6882,02/09/15 12:32,21.5,34.345,454,1399,0.005455349,1
6883,02/09/15 12:33,21.5,34.29,454,1402.25,0.005446537,1
6884,02/09/15 12:34,21.5,34.29,454,1401,0.005446537,1
6885,02/09/15 12:35,21.5,34.245,454,1390.75,0.005439327,1
6886,02/09/15 12:36,21.445,34.195,454,1386.5,0.005412892,1
6887,02/09/15 12:36,21.5,34.2,454,1380,0.005432117,1
6888,02/09/15 12:38,21.5,34.2,454,1370,0.005432117,1
6889,02/09/15 12:39,21.42666667,34.06,469,1367.666667,0.005385233,1
6890,02/09/15 12:40,21.39,34.0675,471.75,1362,0.005374236,1
6891,02/09/15 12:40,21.4175,34.0225,467.75,1365.25,0.005376206,1
6892,02/09/15 12:42,21.445,34.045,481.5,1361.5,0.005388942,1
6893,02/09/15 12:42,21.39,33.95,482.75,1355.5,0.00535554,1
6894,02/09/15 12:43,21.39,33.9,489,1340,0.005347585,1
6895,02/09/15 12:45,21.4725,33.925,496.5,1347,0.005378914,1
6896,02/09/15 12:46,21.4725,33.8975,499,1337.25,0.005374516,1
6897,02/09/15 12:47,21.5,33.9,499,1339.333333,0.005384054,1
6898,02/09/15 12:48,21.5,33.845,514,1330.5,0.005375243,1
6899,02/09/15 12:49,21.39,33.7,514,1326.5,0.005315766,1
6900,02/09/15 12:49,21.42666667,33.69333333,510.6666667,1324.333333,0.005326762,1
6901,02/09/15 12:51,21.5,33.7,514,1315.666667,0.005352016,1
6902,02/09/15 12:52,21.5,33.7,510.25,1314,0.005352016,1
6903,02/09/15 12:53,21.5,33.62666667,499,1312.666667,0.00534027,1
6904,02/09/15 12:53,21.5,33.59,496.5,1316.25,0.005334397,1
6905,02/09/15 12:55,21.5,33.59,504,1312,0.005334397,1
6906,02/09/15 12:55,21.5,33.59,489,1307,0.005334397,1
6907,02/09/15 12:56,21.5,33.56,480.6666667,1312.333333,0.005329592,1
6908,02/09/15 12:58,21.5,33.5,486.5,1305.75,0.005319982,1
6909,02/09/15 12:59,21.5,33.5,479,1290.75,0.005319982,1
6910,02/09/15 13:00,21.5,33.5,475.25,1281.5,0.005319982,1
6911,02/09/15 13:01,21.5,33.46666667,464,1283.333333,0.005314643,1
6912,02/09/15 13:01,21.5,33.425,464,1279.25,0.00530797,1
6913,02/09/15 13:02,21.5,33.4,464,1274.333333,0.005303966,1
6914,02/09/15 13:04,21.5,33.3725,469.25,1267.5,0.005299562,1
6915,02/09/15 13:05,21.5,33.3175,474.5,1257,0.005290753,1
6916,02/09/15 13:06,21.5,33.3175,474.5,1254.75,0.005290753,1
6917,02/09/15 13:07,21.5,33.29,471,1255.333333,0.005286349,1
6918,02/09/15 13:08,21.5,33.29,466.75,1262.5,0.005286349,1
6919,02/09/15 13:08,21.5,33.29,469,1262,0.005286349,1
6920,02/09/15 13:09,21.5,33.245,469,1254,0.005279143,1
6921,02/09/15 13:11,21.5,33.2225,31,1246,0.00527554,1
6922,02/09/15 13:12,21.5,33.16333333,31,1243.333333,0.005266065,0
6923,02/09/15 13:13,21.5,33.23,31,1236.666667,0.005276741,0
6924,02/09/15 13:14,21.5,33.2675,26.5,1229.25,0.005282746,0
6925,02/09/15 13:14,21.4175,33.09,13,1229.75,0.005227615,0
6926,02/09/15 13:15,21.39,33.09,13,1222,0.005218739,0
6927,02/09/15 13:17,21.39,33.09,13,1213.75,0.005218739,0
6928,02/09/15 13:18,21.39,33.09,13,1209.333333,0.005218739,0
6929,02/09/15 13:19,21.39,33.0675,26.5,1201.25,0.005215161,0
6930,02/09/15 13:20,21.365,33.09,26.5,1197.5,0.005210682,0
6931,02/09/15 13:21,21.29,33.06,22,1197.666667,0.005181835,0
6932,02/09/15 13:21,21.315,33.045,13,1196.25,0.005187477,0
6933,02/09/15 13:23,21.29,33.03,13,1189.666667,0.005177093,0
6934,02/09/15 13:24,21.29,33,13,1175.75,0.005172352,0
6935,02/09/15 13:25,21.29,33,13,1169,0.005172352,0
6936,02/09/15 13:25,21.29,33,13,1161.333333,0.005172352,0
6937,02/09/15 13:27,21.29,33,13,1159,0.005172352,0
6938,02/09/15 13:27,21.2675,32.95,13,1159.75,0.005157269,0
6939,02/09/15 13:28,21.2,32.9,13,1151.666667,0.00512792,0
6940,02/09/15 13:30,21.2,32.9,13,1138.4,0.00512792,0
6941,02/09/15 13:31,21.2,32.9,13,1128.25,0.00512792,0
6942,02/09/15 13:32,21.2,32.8725,13,1132.25,0.005123598,0
6943,02/09/15 13:33,21.2,32.79,13,1115.5,0.005110634,0
6944,02/09/15 13:34,21.16666667,32.79,167,1117.333333,0.005100102,0
6945,02/09/15 13:34,21.15,32.845,365.75,1121,0.005103459,1
6946,02/09/15 13:36,21.2,32.745,454,1108,0.005103563,1
6947,02/09/15 13:37,21.13333333,32.79,454,1094,0.00508959,1
6948,02/09/15 13:38,21.15,32.9,454,1106,0.005112076,1
6949,02/09/15 13:38,21.2,32.845,454,1104.25,0.005119277,1
6950,02/09/15 13:40,21.2,32.845,454,1102,0.005119277,1
6951,02/09/15 13:40,21.2,32.9,454,1113.75,0.00512792,1
6952,02/09/15 13:41,21.2,32.9,454,1113,0.00512792,1
6953,02/09/15 13:43,21.2,32.9,454,1117.333333,0.00512792,1
6954,02/09/15 13:44,21.2,32.9,454,1110.75,0.00512792,1
6955,02/09/15 13:45,21.2,32.9,461.5,1113.25,0.00512792,1
6956,02/09/15 13:46,21.2,32.9,469,1116,0.00512792,1
6957,02/09/15 13:46,21.245,32.925,469,1123.25,0.005146156,1
6958,02/09/15 13:47,21.2675,32.9725,469,1122.666667,0.005160819,1
6959,02/09/15 13:49,21.245,32.95,469,1122.2,0.005150096,1
6960,02/09/15 13:50,21.29,32.96666667,467.3333333,1123.333333,0.005167084,1
6961,02/09/15 13:51,21.245,32.925,474.5,1126.5,0.005146156,1
6962,02/09/15 13:52,21.26,32.96666667,478,1125.333333,0.005157506,1
6963,02/09/15 13:53,21.29,33,474.5,1119.5,0.005172352,1
6964,02/09/15 13:53,21.29,33,478,1125,0.005172352,1
6965,02/09/15 13:54,21.29,32.975,464,1124.75,0.005168401,1
6966,02/09/15 13:56,21.29,32.975,469.25,1130.5,0.005168401,1
6967,02/09/15 13:57,21.29,32.95,474.5,1131.5,0.00516445,1
6968,02/09/15 13:58,21.29,32.95,474.5,1129.5,0.00516445,1
6969,02/09/15 13:59,21.29,32.93333333,472.6666667,1127.666667,0.005161816,1
6970,02/09/15 13:59,21.34,32.975,474.5,1131,0.005184404,1
6971,02/09/15 14:00,21.29,33.05,451.5,1129,0.005180254,1
6972,02/09/15 14:02,21.29,33.2225,459,1147.25,0.005207518,1
6973,02/09/15 14:03,21.29,33.045,459,1143.5,0.005179464,1
6974,02/09/15 14:04,21.365,33.1725,466.5,1149.5,0.005223782,1
6975,02/09/15 14:05,21.39,33.3725,469.25,1164,0.00526367,1
6976,02/09/15 14:06,21.39,33.5,464,1171.666667,0.005283951,1
6977,02/09/15 14:06,21.39,33.545,475.25,1176.5,0.005291109,1
6978,02/09/15 14:08,21.39,33.66333333,484,1184.666667,0.005309933,1
6979,02/09/15 14:09,21.39,33.7,482.75,1187.75,0.005315766,1
6980,02/09/15 14:10,21.39,33.7225,484,1198.25,0.005319346,1
6981,02/09/15 14:10,21.4175,33.87,484,1202.75,0.005351901,1
6982,02/09/15 14:12,21.4725,33.95,474,1218,0.005382912,1
6983,02/09/15 14:12,21.46333333,33.96666667,479,1221.333333,0.005382529,1
6984,02/09/15 14:13,21.5,34.045,489,1226,0.005407283,1
6985,02/09/15 14:15,21.5,34.045,489,1230.25,0.005407283,1
6986,02/09/15 14:16,21.5,34.0675,489,1235.5,0.005410888,1
6987,02/09/15 14:17,21.5,34.045,489,1240,0.005407283,1
6988,02/09/15 14:18,21.5,34.09,489,1242,0.005414493,1
6989,02/09/15 14:19,21.5,34.2,479,1242,0.005432117,1
6990,02/09/15 14:19,21.525,34.2,477.75,1249,0.00544051,1
6991,02/09/15 14:21,21.5,34.26,487.3333333,1260.333333,0.00544173,1
6992,02/09/15 14:22,21.5,34.245,484,1259.25,0.005439327,1
6993,02/09/15 14:23,21.525,34.295,479,1261,0.005455755,1
6994,02/09/15 14:23,21.6,34.29,489,1272.5,0.005480271,1
6995,02/09/15 14:25,21.56666667,34.29,484,1271,0.005469006,1
6996,02/09/15 14:25,21.6,34.345,474,1276.25,0.005489139,1
6997,02/09/15 14:26,21.63333333,35.25666667,465.6666667,1457.666667,0.005647775,1
6998,02/09/15 14:28,21.625,34.77,476.5,1423.75,0.005566254,1
6999,02/09/15 14:29,21.66666667,34.65666667,479,1342.666667,0.005562232,1
7000,02/09/15 14:30,21.65,34.7675,474,1341.75,0.005574444,1
7001,02/09/15 14:31,21.63333333,34.69333333,480.6666667,1345,0.005556728,1
7002,02/09/15 14:31,21.7,34.8175,477.75,1353.75,0.005599781,1
7003,02/09/15 14:32,21.66666667,34.83,489,1355.333333,0.005590301,1
7004,02/09/15 14:34,21.7,35.0225,474,1369.5,0.005633051,1
7005,02/09/15 14:35,21.7,35.0225,489,1383.25,0.005633051,1
7006,02/09/15 14:36,21.7,35,472.75,1399.75,0.005629399,1
7007,02/09/15 14:37,21.7,35.09,472.3333333,1398.333333,0.005644006,1
7008,02/09/15 14:38,21.745,35.24,479,1418.5,0.005684109,1
7009,02/09/15 14:38,21.7,35.26,474,1428.666667,0.005671599,1
7010,02/09/15 14:39,21.7,35.345,464,1441,0.005685396,1
7011,02/09/15 14:41,21.73,35.4,464,1440,0.005704872,1
7012,02/09/15 14:42,21.745,35.475,474.5,1453,0.005722362,1
7013,02/09/15 14:43,21.7675,35.5675,464,1464.25,0.005745388,1
7014,02/09/15 14:44,21.76,35.59,464,1469,0.005746398,1
7015,02/09/15 14:44,21.79,35.645,464,1471,0.005766018,1
7016,02/09/15 14:45,21.79,35.6725,464,1477,0.005770507,1
7017,02/09/15 14:47,21.79,35.6725,464,1483.5,0.005770507,1
7018,02/09/15 14:48,21.79,35.845,474.5,1496.5,0.005798672,1
7019,02/09/15 14:49,21.815,35.845,470.75,1498,0.005807617,1
7020,02/09/15 14:50,21.79,35.86333333,467.3333333,1503.666667,0.005801665,1
7021,02/09/15 14:51,21.84,35.95,466.75,1513,0.005833773,1
7022,02/09/15 14:51,21.84,35.9,466.5,1520.5,0.005825583,1
7023,02/09/15 14:53,21.84,36.0225,469,1540,0.005845649,1
7024,02/09/15 14:54,21.84,36.145,465.25,1541,0.005865715,1
7025,02/09/15 14:55,21.865,36.24,454,1565,0.005890348,1
7026,02/09/15 14:55,21.89,36.29,457,1579.2,0.005907648,1
7027,02/09/15 14:57,21.89,36.32666667,464,1580,0.005913674,1
7028,02/09/15 14:57,21.89,36.425,457.75,1581,0.005929834,1
7029,02/09/15 14:58,21.89,36.53,454,1592.666667,0.005947091,1
7030,02/09/15 15:00,21.89,36.53,454,1600.666667,0.005947091,1
7031,02/09/15 15:01,21.89,36.5725,455.5,1605.25,0.005954077,1
7032,02/09/15 15:02,21.89,36.595,453.25,1616.5,0.005957775,1
7033,02/09/15 15:03,21.89,36.59,449.5,1625,0.005956953,1
7034,02/09/15 15:04,21.89,36.66333333,453,1630,0.005969006,1
7035,02/09/15 15:04,21.89,36.645,449.5,1636.5,0.005965993,1
7036,02/09/15 15:06,21.89,36.7,449.5,1649.25,0.005975033,1
7037,02/09/15 15:07,21.89,36.76,453,1661.666667,0.005984896,1
7038,02/09/15 15:08,21.89,36.83333333,460,1665,0.00599695,1
7039,02/09/15 15:08,21.89,36.8725,456,1662.25,0.006003389,1
7040,02/09/15 15:10,21.89,36.845,456,1667.5,0.005998868,1
7041,02/09/15 15:10,21.9175,36.845,444,1682.75,0.006009044,1
7042,02/09/15 15:11,21.89,36.95,444,1684,0.006016129,1
7043,02/09/15 15:13,21.9175,37.09,444,1689.5,0.00604939,1
7044,02/09/15 15:14,21.945,37.045,444,1695,0.006052226,1
7045,02/09/15 15:15,21.89,37.0675,444,1707.5,0.006035446,1
7046,02/09/15 15:16,21.89,37,444,1714.333333,0.006024349,1
7047,02/09/15 15:16,21.945,36.95,444,1715.2,0.006036555,1
7048,02/09/15 15:17,21.89,37.16333333,444,1718.333333,0.006051201,1
7049,02/09/15 15:19,21.9175,37.15,440.25,1727.5,0.006059271,1
7050,02/09/15 15:20,21.89,37.06,444,1722.666667,0.006034213,1
7051,02/09/15 15:21,21.9175,37.145,444,1716.25,0.006058447,1
7052,02/09/15 15:22,21.945,37.2,444,1723.5,0.006077797,1
7053,02/09/15 15:23,21.9175,37.24,444,1735,0.006074094,1
7054,02/09/15 15:23,21.89,37.3975,444,1744.75,0.006089703,1
7055,02/09/15 15:24,21.945,37.425,444,1748,0.006114919,1
7056,02/09/15 15:26,21.92666667,37.4,439,1752.333333,0.006103894,1
7057,02/09/15 15:27,21.945,37.45,444,1757.75,0.006119044,1
7058,02/09/15 15:28,21.9175,37.2725,444,1762,0.006079446,1
7059,02/09/15 15:29,21.945,37.4,444,1762.5,0.006110794,1
7060,02/09/15 15:29,21.945,37.475,444,1763.25,0.006123169,1
7061,02/09/15 15:30,21.92666667,37.46333333,444,1767,0.006114332,1
7062,02/09/15 15:32,21.89,37.4725,444,1774.5,0.006102036,1
7063,02/09/15 15:33,21.945,37.425,444,1780,0.006114919,1
7064,02/09/15 15:34,21.89,37.495,444,1785,0.006105736,1
7065,02/09/15 15:35,22,37.545,432.75,1792,0.006155544,1
7066,02/09/15 15:36,21.96333333,37.56,434,1798.333333,0.006144132,1
7067,02/09/15 15:36,22,37.6725,440.25,1802,0.006176655,1
7068,02/09/15 15:38,22,37.59,444,1813.25,0.006162995,1
7069,02/09/15 15:39,22,37.66333333,439,1815.5,0.006175137,1
7070,02/09/15 15:40,22,37.6725,440.25,1814.75,0.006176655,1
7071,02/09/15 15:40,21.9725,37.6725,440.25,1828,0.006166199,1
7072,02/09/15 15:42,21.9725,37.745,444,1837.5,0.006178184,1
7073,02/09/15 15:42,21.96333333,37.56,439,1828.333333,0.006144132,1
7074,02/09/15 15:43,22,37.62666667,439,1817,0.006169066,1
7075,02/09/15 15:45,21.9725,37.9,444,1819,0.006203807,1
7076,02/09/15 15:46,21.9725,37.795,444,1826.5,0.006186449,1
7077,02/09/15 15:47,21.89,37.7,444,1823.5,0.006139448,1
7078,02/09/15 15:48,22,37.95,444,1832.75,0.006222608,1
7079,02/09/15 15:49,22,37.79,444,1847,0.006196112,1
7080,02/09/15 15:49,21.9725,37.9475,444,1845.5,0.00621166,1
7081,02/09/15 15:51,21.96333333,37.89666667,444,1846.666667,0.006199753,1
7082,02/09/15 15:52,22,37.945,444,1848.25,0.00622178,1
7083,02/09/15 15:53,22,38.03,444,1850,0.006235857,1
7084,02/09/15 15:53,22,38.09,444,1860.5,0.006245794,1
7085,02/09/15 15:55,21.96333333,38.09,444,1866.666667,0.006231699,1
7086,02/09/15 15:55,22,38.16333333,444,1868.333333,0.00625794,1
7087,02/09/15 15:56,22,38.1175,444,1875.5,0.006250349,1
7088,02/09/15 15:58,22,38.145,444,1879.25,0.006254903,1
7089,02/09/15 15:59,22,38.23,439,1888.666667,0.006268982,1
7090,02/09/15 16:00,22,38.4,444,1896.333333,0.006297141,1
7091,02/09/15 16:01,22,38.2725,432.75,1895,0.006276022,1
7092,02/09/15 16:01,22,38.29666667,429,1895.666667,0.006280024,1
7093,02/09/15 16:02,22,38.37,441,1904,0.006292172,1
7094,02/09/15 16:04,22,38.3975,438,1909.75,0.006296727,1
7095,02/09/15 16:05,22,38.345,438,1911,0.00628803,1
7096,02/09/15 16:06,22,38.46666667,441,1915.666667,0.006308184,1
7097,02/09/15 16:07,22,38.47,438,1932.25,0.006308737,1
7098,02/09/15 16:08,22,38.5675,438,1933.75,0.006324888,1
7099,02/09/15 16:08,22,38.59,438,1940,0.006328616,1
7100,02/09/15 16:09,22,38.5675,438,1938.25,0.006324888,1
7101,02/09/15 16:11,22,38.56,441,1935.333333,0.006323646,1
7102,02/09/15 16:12,22.025,38.7,438,1943.5,0.006356623,1
7103,02/09/15 16:13,22,38.645,438,1940,0.006337727,1
7104,02/09/15 16:14,22,38.6175,438,1949.25,0.006333172,1
7105,02/09/15 16:14,22.05,38.7675,438,1950.75,0.006377639,1
7106,02/09/15 16:15,22.06666667,38.79,441,1955.333333,0.006387933,1
7107,02/09/15 16:17,22.05,38.69,438,1962.75,0.006364759,1
7108,02/09/15 16:18,22.025,38.8,438,1959.25,0.006373217,1
7109,02/09/15 16:19,22.03333333,38.65666667,441,1968.333333,0.006352694,1
7110,02/09/15 16:20,22.075,38.745,438,1974.5,0.006383722,1
7111,02/09/15 16:21,22.075,38.895,438,1981.25,0.006408691,1
7112,02/09/15 16:21,22.1,38.845,438,1972.5,0.006410229,1
7113,02/09/15 16:23,22.1,39,438,1984.5,0.006436072,1
7114,02/09/15 16:24,22.075,38.8975,438,1991.75,0.006409107,1
7115,02/09/15 16:25,22.05,38.9975,438,1994.25,0.006415866,1
7116,02/09/15 16:25,22.1,39.045,438,2008.25,0.006443575,1
7117,02/09/15 16:27,22.06666667,39.02666667,441,2014.333333,0.00642731,1
7118,02/09/15 16:27,22.1,39.0425,442.5,2014,0.006443158,1
7119,02/09/15 16:28,22.1,39,447,2016.333333,0.006436072,1
7120,02/09/15 16:30,22.1,38.97,443.5,2011.25,0.00643107,1
7121,02/09/15 16:31,22.1,38.76,447,2003.333333,0.006396058,1
7122,02/09/15 16:32,22.1,38.69,447,1995,0.006384388,1
7123,02/09/15 16:33,22.1,38.845,447,2005,0.006410229,1
7124,02/09/15 16:34,22.1,38.8,447,2012.75,0.006402727,1
7125,02/09/15 16:34,22.1,38.79,447,2011.5,0.006401059,1
7126,02/09/15 16:36,22.1,38.745,447,1993.75,0.006393557,1
7127,02/09/15 16:37,22.1,38.79,447,1989,0.006401059,1
7128,02/09/15 16:38,22.1,38.8225,447,1993.5,0.006406478,1
7129,02/09/15 16:38,22.1,38.845,447,1995.5,0.006410229,1
7130,02/09/15 16:40,22.1,38.73,447,1981.666667,0.006391057,1
7131,02/09/15 16:40,22.1,38.834,447,1982,0.006408395,1
7132,02/09/15 16:41,22.1,38.79,447,1990.8,0.006401059,1
7133,02/09/15 16:43,22.1,38.86333333,442.3333333,1995.333333,0.006413286,1
7134,02/09/15 16:44,22.1,38.6225,436.5,1989.25,0.006373136,1
7135,02/09/15 16:45,22.1,38.6175,436.5,1950.75,0.006372302,1
7136,02/09/15 16:46,22.1,38.7675,436.5,1962.25,0.006397308,1
7137,02/09/15 16:46,22.1,38.7,433,1974.5,0.006386055,1
7138,02/09/15 16:47,22.1,38.745,433,1988,0.006393557,1
7139,02/09/15 16:49,22.1,38.845,433,1987,0.006410229,1
7140,02/09/15 16:50,22.1,38.845,433,2000.25,0.006410229,1
7141,02/09/15 16:51,22.1,38.79,433,2000,0.006401059,1
7142,02/09/15 16:52,22.1,38.82666667,433,2001,0.006407172,1
7143,02/09/15 16:53,22.1,38.79,433,1997.5,0.006401059,1
7144,02/09/15 16:53,22.1,38.845,433,1997.5,0.006410229,1
7145,02/09/15 16:54,22.1,38.845,433,2007.5,0.006410229,1
7146,02/09/15 16:56,22.1,38.79,433,2007,0.006401059,1
7147,02/09/15 16:57,22.1,38.8725,433,1997.5,0.006414814,1
7148,02/09/15 16:58,22.1,38.95,433,2001,0.006427735,1
7149,02/09/15 16:59,22.1,38.9475,433,2010.5,0.006427318,1
7150,02/09/15 16:59,22.1,39,433,2005,0.006436072,1
7151,02/09/15 17:00,22.1,39,433,2007.666667,0.006436072,1
7152,02/09/15 17:02,22.1,38.9725,433,2008.25,0.006431487,1
7153,02/09/15 17:03,22.1,39.0225,433,2012.25,0.006439823,1
7154,02/09/15 17:04,22.1,39,433,2027.5,0.006436072,1
7155,02/09/15 17:05,22.1,39,433,2028.5,0.006436072,1
7156,02/09/15 17:06,22.1,38.975,433,2021.75,0.006431903,1
7157,02/09/15 17:06,22.1,39,433,2012.5,0.006436072,1
7158,02/09/15 17:08,22.1,38.975,433,2007,0.006431903,1
7159,02/09/15 17:09,22.1,39.0225,433,2008.25,0.006439823,1
7160,02/09/15 17:10,22.1,39.045,433,2019.25,0.006443575,1
7161,02/09/15 17:10,22.1,39.03,433,2028,0.006441074,1
7162,02/09/15 17:12,22.1,39.0675,433,2015.5,0.006447327,1
7163,02/09/15 17:12,22.1,39,433,2010.333333,0.006436072,1
7164,02/09/15 17:13,22.1,39.0225,433,2019,0.006439823,1
7165,02/09/15 17:15,22.1,39.0675,433,2022.5,0.006447327,1
7166,02/09/15 17:16,22.1,39.03,433,2016,0.006441074,1
7167,02/09/15 17:17,22.1,39.09,433,2013,0.006451078,1
7168,02/09/15 17:18,22.1,39.09,433,2017.25,0.006451078,1
7169,02/09/15 17:19,22.1,39.1175,433,2012.5,0.006455664,1
7170,02/09/15 17:19,22.1,39.09,433,2026,0.006451078,1
7171,02/09/15 17:21,22.13333333,39.09,433,2023,0.006464333,1
7172,02/09/15 17:22,22.1,39.09,433,2027.5,0.006451078,1
7173,02/09/15 17:23,22.1,39.0675,433,2025.25,0.006447327,1
7174,02/09/15 17:23,22.1,39.0675,433,2028.25,0.006447327,1
7175,02/09/15 17:25,22.1,38.79666667,433,2012.333333,0.006402171,1
7176,02/09/15 17:25,22.1,38.86,433,1998.333333,0.00641273,1
7177,02/09/15 17:26,22.1,38.7225,426,1984.25,0.006389806,1
7178,02/09/15 17:28,22.1,38.9,413.6666667,1973.333333,0.006419399,1
7179,02/09/15 17:29,22.175,38.9725,328,1986.5,0.006461252,1
7180,02/09/15 17:30,22.175,38.895,397,1984.75,0.00644827,1
7181,02/09/15 17:31,22.23,38.93,403.6666667,1995,0.006476013,1
7182,02/09/15 17:31,22.245,38.87,419,1995.75,0.006471898,1
7183,02/09/15 17:32,22.245,38.695,419,1994.5,0.006442458,1
7184,02/09/15 17:34,22.29,38.59,419,1992.5,0.006442602,1
7185,02/09/15 17:35,22.2675,38.62,433,1978.75,0.006438747,1
7186,02/09/15 17:36,22.2,38.4,433,1959,0.006375165,1
7187,02/09/15 17:37,22.2,38.45,433,1954,0.006383551,1
7188,02/09/15 17:38,22.2,38.43333333,429.5,1943.5,0.006380756,1
7189,02/09/15 17:38,22.2,38.4,433,1923.75,0.006375165,1
7190,02/09/15 17:39,22.15,38.425,433,1917.5,0.006359759,1
7191,02/09/15 17:41,22.125,38.45,433,1926,0.006354154,1
7192,02/09/15 17:42,22.1,38.4,433,1927.5,0.006336047,1
7193,02/09/15 17:43,22.125,38.3175,433,1921.75,0.006332034,1
7194,02/09/15 17:44,22.1,38.29,433,1917.5,0.006317712,1
7195,02/09/15 17:44,22.1,38.29,433,1901.75,0.006317712,1
7196,02/09/15 17:45,22.1,38.29,433,1893.333333,0.006317712,1
7197,02/09/15 17:47,22.1,38.27875,430.6666667,1893.833333,0.006315837,1
7198,02/09/15 17:48,22.1,38.2675,428.3333333,1894.333333,0.006313962,1
7199,02/09/15 17:49,22.1,38.2,433,1880,0.006302712,1
7200,02/09/15 17:50,22.1,38.1175,429.5,1871.25,0.006288963,1
7201,02/09/15 17:51,22.1,38.145,433,1863.75,0.006293546,1
7202,02/09/15 17:51,22.1,38.09,433,1859.333333,0.00628438,1
7203,02/09/15 17:53,22.1,38.09,423.6666667,1855,0.00628438,1
7204,02/09/15 17:54,22.1,38.09,429.5,1851.25,0.00628438,1
7205,02/09/15 17:55,22.1,38.0675,429.5,1845,0.00628063,1
7206,02/09/15 17:55,22.1,37.975,433,1839.25,0.006265215,1
7207,02/09/15 17:57,22.1,37.95,426,1831,0.006261049,1
7208,02/09/15 17:57,22.1,37.93333333,428.3333333,1830,0.006258271,1
7209,02/09/15 17:58,22.1,37.925,429.5,1826,0.006256883,1
7210,02/09/15 18:00,22.075,37.8975,433,1819.25,0.006242684,1
7211,02/09/15 18:01,22.1,37.9,426,1803.25,0.006252717,1
7212,02/09/15 18:02,22.1,37.8175,426,1801.75,0.006238969,1
7213,02/09/15 18:03,22.06666667,37.76,423.6666667,1796.666667,0.006216617,1
7214,02/09/15 18:04,22.1,37.79,209.5,1788.5,0.006234387,1
7215,02/09/15 18:04,22.1,37.69,0,1784.5,0.006217725,0
7216,02/09/15 18:06,22.03333333,37.59666667,0,1774,0.006176767,0
7217,02/09/15 18:07,22,37.59,0,1755.5,0.006162995,0
7218,02/09/15 18:08,22.05,37.645,0,1742,0.006191138,0
7219,02/09/15 18:08,22,37.59,0,1742,0.006162995,0
7220,02/09/15 18:10,22,37.56,0,1737,0.006158027,0
7221,02/09/15 18:10,21.89,37.5,0,1729.5,0.006106558,0
7222,02/09/15 18:11,21.89,37.5,0,1722,0.006106558,0
7223,02/09/15 18:13,21.89,37.45,0,1706.75,0.006098336,0
7224,02/09/15 18:14,21.89,37.4,0,1697,0.006090114,0
7225,02/09/15 18:15,21.89,37.4,0,1694,0.006090114,0
7226,02/09/15 18:16,21.84,37.345,0,1682,0.006062353,0
7227,02/09/15 18:16,21.79,37.29,0,1678,0.006034698,0
7228,02/09/15 18:17,21.79,37.29,0,1661.5,0.006034698,0
7229,02/09/15 18:19,21.79,37.2,0,1660.5,0.006019993,0
7230,02/09/15 18:20,21.79,37.2,0,1640.5,0.006019993,0
7231,02/09/15 18:21,21.73,37.12666667,0,1629,0.00598581,0
7232,02/09/15 18:22,21.745,37.145,0,1627,0.005994341,0
7233,02/09/15 18:23,21.7,37.145,0,1623.5,0.005977716,0
7234,02/09/15 18:23,21.7,37.045,0,1585,0.005961469,0
7235,02/09/15 18:24,21.7,37,0,1573,0.005954158,0
7236,02/09/15 18:26,21.7,37,0,1545.666667,0.005954158,0
7237,02/09/15 18:27,21.63333333,36.93333333,0,1544.333333,0.005918916,0
7238,02/09/15 18:28,21.6,36.9,0,1536,0.005901362,0
7239,02/09/15 18:29,21.6,36.925,0,1534.25,0.005905398,0
7240,02/09/15 18:29,21.6,36.9,0,1530,0.005901362,0
7241,02/09/15 18:30,21.55,36.79,0,1517,0.005865459,0
7242,02/09/15 18:32,21.55,36.845,0,1512,0.00587431,0
7243,02/09/15 18:33,21.53333333,36.79,0,1508.333333,0.005859422,0
7244,02/09/15 18:34,21.55,36.745,0,1495,0.005858217,0
7245,02/09/15 18:35,21.5,36.79,0,1491,0.005847363,0
7246,02/09/15 18:36,21.5,36.7,0,1474.5,0.005832925,0
7247,02/09/15 18:36,21.5,36.7,0,1461.5,0.005832925,0
7248,02/09/15 18:38,21.5,36.7,0,1462.5,0.005832925,0
7249,02/09/15 18:39,21.39,36.59,0,1466,0.005775862,0
7250,02/09/15 18:40,21.445,36.6,0,1453.5,0.005797139,0
7251,02/09/15 18:40,21.39,36.59,0,1449,0.005775862,0
7252,02/09/15 18:42,21.39,36.5,0,1429,0.005761524,0
7253,02/09/15 18:42,21.39,36.5,0,1421,0.005761524,0
7254,02/09/15 18:43,21.39,36.5,0,1419,0.005761524,0
7255,02/09/15 18:45,21.34,36.5,0,1408,0.00574373,0
7256,02/09/15 18:46,21.29,36.4,0,1399.5,0.005710153,0
7257,02/09/15 18:47,21.29,36.4,0,1391,0.005710153,0
7258,02/09/15 18:48,21.29,36.5,0,1390,0.005725985,0
7259,02/09/15 18:49,21.29,36.43333333,0,1392.333333,0.00571543,0
7260,02/09/15 18:49,21.29,36.4,0,1381,0.005710153,0
7261,02/09/15 18:51,21.29,36.45,0,1381.5,0.005718069,0
7262,02/09/15 18:52,21.2,36.29,0,1372,0.005661107,0
7263,02/09/15 18:53,21.2,36.245,0,1355,0.005654023,0
7264,02/09/15 18:53,21.2,36.2,0,1356,0.00564694,0
7265,02/09/15 18:55,21.2,36.2,0,1341,0.00564694,0
7266,02/09/15 18:55,21.2,36.2,0,1335.5,0.00564694,0
7267,02/09/15 18:56,21.2,36.2,0,1320.5,0.00564694,0
7268,02/09/15 18:58,21.2,36.2,0,1313,0.00564694,0
7269,02/09/15 18:59,21.1,36.2,0,1298,0.005612064,0
7270,02/09/15 19:00,21.1,36.2,0,1303,0.005612064,0
7271,02/09/15 19:01,21.1,36.2,0,1295,0.005612064,0
7272,02/09/15 19:01,21.1,36.145,0,1287,0.00560346,0
7273,02/09/15 19:02,21,36.09,0,1280,0.005560279,0
7274,02/09/15 19:04,21.05,36.145,0,1275.5,0.00558612,0
7275,02/09/15 19:05,21,36.09,0,1268,0.005560279,0
7276,02/09/15 19:06,21,36.145,0,1267.5,0.005568828,0
7277,02/09/15 19:07,21,36.09,0,1267,0.005560279,0
7278,02/09/15 19:08,21,36.12666667,0,1267.666667,0.005565978,0
7279,02/09/15 19:08,21,36.09,0,1265,0.005560279,0
7280,02/09/15 19:09,21,36.09,0,1256,0.005560279,0
7281,02/09/15 19:11,21,36.09,0,1250,0.005560279,0
7282,02/09/15 19:12,20.945,36.09,0,1249.5,0.005541341,0
7283,02/09/15 19:13,20.89,36.09,0,1243,0.005522461,0
7284,02/09/15 19:14,20.89,36.045,0,1237,0.005515514,0
7285,02/09/15 19:14,20.89,36,0,1227,0.005508567,0
7286,02/09/15 19:15,20.945,36,0,1206.5,0.0055274,0
7287,02/09/15 19:17,20.89,36,0,1211.666667,0.005508567,0
7288,02/09/15 19:18,20.89,36,0,1204,0.005508567,0
7289,02/09/15 19:19,20.89,35.95,0,1204,0.005500849,0
7290,02/09/15 19:20,20.89,35.9,0,1200,0.005493131,0
7291,02/09/15 19:21,20.89,35.9,0,1194,0.005493131,0
7292,02/09/15 19:21,20.82333333,35.82666667,0,1182.666667,0.005459171,0
7293,02/09/15 19:23,20.79,35.79,0,1169,0.005442258,0
7294,02/09/15 19:24,20.79,35.79,0,1161,0.005442258,0
7295,02/09/15 19:25,20.79,35.79,0,1158,0.005442258,0
7296,02/09/15 19:25,20.79,35.7,0,1165,0.005428453,0
7297,02/09/15 19:27,20.79,35.7,0,1152.5,0.005428453,0
7298,02/09/15 19:27,20.79,35.73,0,1145.666667,0.005433055,0
7299,02/09/15 19:28,20.7,35.7,0,1136.5,0.005398186,0
7300,02/09/15 19:30,20.7,35.7,0,1136,0.005398186,0
7301,02/09/15 19:31,20.7,35.7,0,1131,0.005398186,0
7302,02/09/15 19:32,20.7,35.7,0,1133.5,0.005398186,0
7303,02/09/15 19:33,20.7,35.7,0,1134,0.005398186,0
7304,02/09/15 19:34,20.7,35.59,0,1120,0.005381409,0
7305,02/09/15 19:34,20.7,35.59,0,1116,0.005381409,0
7306,02/09/15 19:36,20.7,35.59,0,1098,0.005381409,0
7307,02/09/15 19:37,20.7,35.59,0,1101.5,0.005381409,0
7308,02/09/15 19:38,20.7,35.59,0,1108,0.005381409,0
7309,02/09/15 19:38,20.7,35.5,0,1099,0.005367683,0
7310,02/09/15 19:40,20.7,35.4,0,1082,0.005352433,0
7311,02/09/15 19:40,20.7,35.5,0,1081,0.005367683,0
7312,02/09/15 19:41,20.7675,35.4,0,1078.25,0.005374925,0
7313,02/09/15 19:43,20.73,35.4,0,1065.666667,0.005362419,0
7314,02/09/15 19:44,20.7,35.345,0,1060,0.005344045,0
7315,02/09/15 19:45,20.7,35.29,0,1060.5,0.005335658,0
7316,02/09/15 19:46,20.7,35.29,0,1060,0.005335658,0
7317,02/09/15 19:46,20.7,35.29,0,1059,0.005335658,0
7318,02/09/15 19:47,20.7,35.29,0,1054,0.005335658,0
7319,02/09/15 19:49,20.7,35.29,0,1044,0.005335658,0
7320,02/09/15 19:50,20.7,35.29,0,1048,0.005335658,0
7321,02/09/15 19:51,20.66666667,35.26,0,1039.666667,0.005320051,0
7322,02/09/15 19:52,20.7,35.29,0,1029,0.005335658,0
7323,02/09/15 19:53,20.7,35.29,0,1031.5,0.005335658,0
7324,02/09/15 19:53,20.7,35.29,0,1020,0.005335658,0
7325,02/09/15 19:54,20.66666667,35.26,0,1019.333333,0.005320051,0
7326,02/09/15 19:56,20.63333333,35.23,0,1018,0.005304484,0
7327,02/09/15 19:57,20.63333333,35.23,0,1015.666667,0.005304484,0
7328,02/09/15 19:58,20.6,35.2,0,1008,0.005288956,0
7329,02/09/15 19:59,20.6,35.145,0,1004,0.005280622,0
7330,02/09/15 19:59,20.6,35.145,0,999,0.005280622,0
7331,02/09/15 20:00,20.6,35.09,0,1001,0.005272288,0
7332,02/09/15 20:02,20.6,35.09,0,1000,0.005272288,0
7333,02/09/15 20:03,20.6,35.09,0,1001,0.005272288,0
7334,02/09/15 20:04,20.6,35.09,0,985.5,0.005272288,0
7335,02/09/15 20:05,20.6,35.09,0,977,0.005272288,0
7336,02/09/15 20:06,20.6,35.09,0,974.5,0.005272288,0
7337,02/09/15 20:06,20.5,35,0,972,0.005226043,0
7338,02/09/15 20:08,20.6,35,0,964,0.005258651,0
7339,02/09/15 20:09,20.6,35,0,970.5,0.005258651,0
7340,02/09/15 20:10,20.56666667,35,0,964.6666667,0.005247761,0
7341,02/09/15 20:10,20.55,35,0,956,0.005242324,0
7342,02/09/15 20:12,20.55,35,0,947.5,0.005242324,0
7343,02/09/15 20:12,20.5,34.95,0,943.5,0.005218514,0
7344,02/09/15 20:13,20.5,34.9,0,947,0.005210986,0
7345,02/09/15 20:15,20.5,34.9,0,921.5,0.005210986,0
7346,02/09/15 20:16,20.5,34.9,0,928,0.005210986,0
7347,02/09/15 20:17,20.5,34.9,0,926.5,0.005210986,0
7348,02/09/15 20:18,20.5,34.86333333,0,921.3333333,0.005205465,0
7349,02/09/15 20:19,20.5,34.79,0,917,0.005194424,0
7350,02/09/15 20:19,20.5,34.9,0,916,0.005210986,0
7351,02/09/15 20:21,20.5,34.79,0,911,0.005194424,0
7352,02/09/15 20:22,20.5,34.79,0,912.5,0.005194424,0
7353,02/09/15 20:23,20.5,34.79,0,902,0.005194424,0
7354,02/09/15 20:23,20.5,34.79,0,893,0.005194424,0
7355,02/09/15 20:25,20.5,34.79,0,886,0.005194424,0
7356,02/09/15 20:25,20.5,34.745,0,890.5,0.00518765,0
7357,02/09/15 20:26,20.525,34.7,0,891.25,0.005188939,0
7358,02/09/15 20:28,20.5,34.59,0,882,0.005164315,0
7359,02/09/15 20:29,20.5,34.59,0,874.5,0.005164315,0
7360,02/09/15 20:30,20.5,34.59,0,872.5,0.005164315,0
7361,02/09/15 20:31,20.5,34.59,0,869,0.005164315,0
7362,02/09/15 20:31,20.5,34.59,0,868.5,0.005164315,0
7363,02/09/15 20:32,20.5,34.545,0,869.5,0.005157541,0
7364,02/09/15 20:34,20.5,34.5,0,865,0.005150767,0
7365,02/09/15 20:35,20.5,34.5,0,856.5,0.005150767,0
7366,02/09/15 20:36,20.5,34.5,0,853,0.005150767,0
7367,02/09/15 20:37,20.5,34.4,0,843,0.005135714,0
7368,02/09/15 20:38,20.55,34.4,0,839,0.005151711,0
7369,02/09/15 20:38,20.5,34.4,0,828,0.005135714,0
7370,02/09/15 20:39,20.5,34.4,0,833,0.005135714,0
7371,02/09/15 20:41,20.55,34.345,0,822,0.005143407,0
7372,02/09/15 20:42,20.5,34.29,0,816,0.005119156,0
7373,02/09/15 20:43,20.5,34.29,0,814.5,0.005119156,0
7374,02/09/15 20:44,20.5,34.245,0,807,0.005112383,0
7375,02/09/15 20:44,20.5,34.26,0,807,0.005114641,0
7376,02/09/15 20:45,20.5,34.2,0,796,0.00510561,0
7377,02/09/15 20:47,20.5,34.2,0,796.3333333,0.00510561,0
7378,02/09/15 20:48,20.5,34.2,0,796.25,0.00510561,0
7379,02/09/15 20:49,20.5,34.09,0,795.5,0.005089054,0
7380,02/09/15 20:50,20.55,34.09,0,794.5,0.005104905,0
7381,02/09/15 20:51,20.5,34,0,793,0.005075509,0
7382,02/09/15 20:51,20.5,34.09,0,788.5,0.005089054,0
7383,02/09/15 20:53,20.5,34.09,0,788,0.005089054,0
7384,02/09/15 20:54,20.5,34.045,0,782,0.005082281,0
7385,02/09/15 20:55,20.5,34,0,771,0.005075509,0
7386,02/09/15 20:55,20.5,34.09,0,772.6666667,0.005089054,0
7387,02/09/15 20:57,20.5,34.09,0,774,0.005089054,0
7388,02/09/15 20:57,20.5,34.09,0,767,0.005089054,0
7389,02/09/15 20:58,20.5,34,0,771,0.005075509,0
7390,02/09/15 21:00,20.5,34.0675,0,762.5,0.005085667,0
7391,02/09/15 21:01,20.5,34.09,0,756,0.005089054,0
7392,02/09/15 21:02,20.5,34.045,0,748.5,0.005082281,0
7393,02/09/15 21:03,20.5,34.045,0,751.5,0.005082281,0
7394,02/09/15 21:04,20.5,34,0,754,0.005075509,0
7395,02/09/15 21:04,20.5,34,0,752,0.005075509,0
7396,02/09/15 21:06,20.5,34,0,750.5,0.005075509,0
7397,02/09/15 21:07,20.5,34,0,757,0.005075509,0
7398,02/09/15 21:08,20.5,34,0,755,0.005075509,0
7399,02/09/15 21:08,20.5,33.9,0,744.5,0.005060459,0
7400,02/09/15 21:10,20.5,33.9,0,740,0.005060459,0
7401,02/09/15 21:10,20.5,33.9,0,726,0.005060459,0
7402,02/09/15 21:11,20.5,33.9,0,723,0.005060459,0
7403,02/09/15 21:13,20.5,33.82666667,0,722.6666667,0.005049423,0
7404,02/09/15 21:14,20.5,33.79,0,726,0.005043906,0
7405,02/09/15 21:15,20.5,33.8725,0,723.75,0.005056321,0
7406,02/09/15 21:16,20.5,33.79,0,721.5,0.005043906,0
7407,02/09/15 21:16,20.5,33.79,0,716.5,0.005043906,0
7408,02/09/15 21:17,20.5,33.79,0,714,0.005043906,0
7409,02/09/15 21:19,20.5,33.79,0,719.5,0.005043906,0
7410,02/09/15 21:20,20.5,33.79,0,723,0.005043906,0
7411,02/09/15 21:21,20.5,33.76,0,704,0.005039391,0
7412,02/09/15 21:22,20.5,33.79,0,695,0.005043906,0
7413,02/09/15 21:23,20.5,33.7,0,694.3333333,0.005030363,0
7414,02/09/15 21:23,20.5,33.7,0,692.5,0.005030363,0
7415,02/09/15 21:24,20.5,33.745,0,690.5,0.005037134,0
7416,02/09/15 21:26,20.5,33.745,0,687.5,0.005037134,0
7417,02/09/15 21:27,20.5,33.62666667,0,681.6666667,0.005019328,0
7418,02/09/15 21:28,20.5,33.59,0,683,0.005013811,0
7419,02/09/15 21:29,20.5,33.59,0,684,0.005013811,0
7420,02/09/15 21:29,20.5,33.62666667,0,675.6666667,0.005019328,0
7421,02/09/15 21:30,20.5,33.59,0,676,0.005013811,0
7422,02/09/15 21:32,20.5,33.59,0,678.5,0.005013811,0
7423,02/09/15 21:33,20.5,33.59,0,677,0.005013811,0
7424,02/09/15 21:34,20.5,33.59,0,678,0.005013811,0
7425,02/09/15 21:35,20.5,33.59,0,671,0.005013811,0
7426,02/09/15 21:36,20.5,33.59,0,675.3333333,0.005013811,0
7427,02/09/15 21:36,20.5,33.59,0,673,0.005013811,0
7428,02/09/15 21:38,20.5,33.59,0,667,0.005013811,0
7429,02/09/15 21:39,20.5,33.59,0,663,0.005013811,0
7430,02/09/15 21:40,20.5,33.59,0,657,0.005013811,0
7431,02/09/15 21:40,20.5,33.59,0,650,0.005013811,0
7432,02/09/15 21:42,20.5,33.545,0,652,0.00500704,0
7433,02/09/15 21:42,20.5,33.59,0,653.5,0.005013811,0
7434,02/09/15 21:43,20.5,33.5,0,652,0.005000269,0
7435,02/09/15 21:45,20.5,33.5,0,647.5,0.005000269,0
7436,02/09/15 21:46,20.5,33.5,0,646,0.005000269,0
7437,02/09/15 21:47,20.5,33.5,0,645,0.005000269,0
7438,02/09/15 21:48,20.5,33.5,0,712.5,0.005000269,0
7439,02/09/15 21:49,20.5,33.5,0,759,0.005000269,0
7440,02/09/15 21:49,20.46333333,33.46666667,0,655.6666667,0.004983872,0
7441,02/09/15 21:51,20.5,33.5,0,660.5,0.005000269,0
7442,02/09/15 21:52,20.5,33.5,0,657.5,0.005000269,0
7443,02/09/15 21:53,20.5,33.5,0,640,0.005000269,0
7444,02/09/15 21:53,20.5,33.5,0,641,0.005000269,0
7445,02/09/15 21:55,20.5,33.5,0,639,0.005000269,0
7446,02/09/15 21:55,20.5,33.5,0,634,0.005000269,0
7447,02/09/15 21:56,20.5,33.5,0,632,0.005000269,0
7448,02/09/15 21:58,20.5,33.45,0,637.5,0.004992746,0
7449,02/09/15 21:59,20.5,33.4,0,662,0.004985223,0
7450,02/09/15 22:00,20.5,33.4,0,646.5,0.004985223,0
7451,02/09/15 22:01,20.5,33.4,0,629,0.004985223,0
7452,02/09/15 22:01,20.5,33.4,0,622,0.004985223,0
7453,02/09/15 22:02,20.46333333,33.36333333,0,621.6666667,0.004968361,0
7454,02/09/15 22:04,20.5,33.4,0,627,0.004985223,0
7455,02/09/15 22:05,20.5,33.29,0,630,0.004968673,0
7456,02/09/15 22:06,20.5,33.345,0,625.5,0.004976948,0
7457,02/09/15 22:07,20.5,33.4,0,617,0.004985223,0
7458,02/09/15 22:08,20.5,33.29,0,614.5,0.004968673,0
7459,02/09/15 22:08,20.5,33.29,0,613,0.004968673,0
7460,02/09/15 22:09,20.445,33.29,0,619,0.004951702,0
7461,02/09/15 22:11,20.5,33.29,0,1365,0.004968673,0
7462,02/09/15 22:12,20.5,33.29,0,894,0.004968673,0
7463,02/09/15 22:13,20.5,33.29,0,1101.333333,0.004968673,0
7464,02/09/15 22:14,20.5,33.29,0,1165,0.004968673,0
7465,02/09/15 22:14,20.5,33.29,0,622,0.004968673,0
7466,02/09/15 22:15,20.445,33.245,0,617.5,0.004944955,0
7467,02/09/15 22:17,20.5,33.29,0,610.5,0.004968673,0
7468,02/09/15 22:18,20.5,33.2675,0,602.75,0.004965288,0
7469,02/09/15 22:19,20.5,33.29,0,596.5,0.004968673,0
7470,02/09/15 22:20,20.5,33.29,0,598,0.004968673,0
7471,02/09/15 22:21,20.445,33.245,0,594,0.004944955,0
7472,02/09/15 22:21,20.445,33.245,0,593.5,0.004944955,0
7473,02/09/15 22:23,20.445,33.245,0,590,0.004944955,0
7474,02/09/15 22:24,20.445,33.19,0,582,0.004936709,0
7475,02/09/15 22:25,20.445,33.19,0,588.5,0.004936709,0
7476,02/09/15 22:25,20.5,33.16333333,0,593.6666667,0.004949617,0
7477,02/09/15 22:27,20.5,33.2,0,594.5,0.004955134,0
7478,02/09/15 22:27,20.5,33.09,0,588,0.004938586,0
7479,02/09/15 22:28,20.5,33.09,0,584,0.004938586,0
7480,02/09/15 22:30,20.5,33.09,0,583,0.004938586,0
7481,02/09/15 22:31,20.5,33.2,0,583.3333333,0.004955134,0
7482,02/09/15 22:32,20.5,33.2,0,579.5,0.004955134,0
7483,02/09/15 22:33,20.5,33.2,0,583.5,0.004955134,0
7484,02/09/15 22:34,20.5,33.2,0,585,0.004955134,0
7485,02/09/15 22:34,20.445,33.145,0,581,0.004929963,0
7486,02/09/15 22:36,20.39,33.09,0,579,0.0049049,0
7487,02/09/15 22:37,20.5,33.09,0,578.5,0.004938586,0
7488,02/09/15 22:38,20.5,33.145,0,577.5,0.004946859,0
7489,02/09/15 22:38,20.5,33.09,0,571,0.004938586,0
7490,02/09/15 22:40,20.5,33.09,0,576,0.004938586,0
7491,02/09/15 22:40,20.5,33.09,0,581,0.004938586,0
7492,02/09/15 22:41,20.5,33.09,0,572,0.004938586,0
7493,02/09/15 22:43,20.5,33.09,0,561,0.004938586,0
7494,02/09/15 22:44,20.5,33.09,0,562,0.004938586,0
7495,02/09/15 22:45,20.42666667,33.03,0,564,0.004907122,0
7496,02/09/15 22:46,20.39,33,0,567,0.004891455,0
7497,02/09/15 22:46,20.5,33.09,0,562,0.004938586,0
7498,02/09/15 22:47,20.445,33.045,0,559,0.004914971,0
7499,02/09/15 22:49,20.5,33.09,0,570,0.004938586,0
7500,02/09/15 22:50,20.5,33.09,0,563,0.004938586,0
7501,02/09/15 22:51,20.5,33.09,0,557,0.004938586,0
7502,02/09/15 22:52,20.39,33,0,558,0.004891455,0
7503,02/09/15 22:53,20.5,33.09,0,554,0.004938586,0
7504,02/09/15 22:53,20.445,33.045,0,552.5,0.004914971,0
7505,02/09/15 22:54,20.445,33.045,0,550.5,0.004914971,0
7506,02/09/15 22:56,20.42666667,33.03,0,549,0.004907122,0
7507,02/09/15 22:57,20.5,33.09,0,554,0.004938586,0
7508,02/09/15 22:58,20.5,33.09,0,550,0.004938586,0
7509,02/09/15 22:59,20.39,33,0,549,0.004891455,0
7510,02/09/15 22:59,20.39,33,0,545.5,0.004891455,0
7511,02/09/15 23:00,20.5,33,0,546,0.004925047,0
7512,02/09/15 23:02,20.445,33.045,0,545.5,0.004914971,0
7513,02/09/15 23:03,20.445,33,0,546,0.004908225,0
7514,02/09/15 23:04,20.445,33,0,543,0.004908225,0
7515,02/09/15 23:05,20.39,33,0,544.5,0.004891455,0
7516,02/09/15 23:06,20.39,33,0,545,0.004891455,0
7517,02/09/15 23:06,20.5,33,0,543,0.004925047,0
7518,02/09/15 23:08,20.39,33,0,540.5,0.004891455,0
7519,02/09/15 23:09,20.39,33,0,542,0.004891455,0
7520,02/09/15 23:10,20.445,33.0225,0,539.5,0.004911598,0
7521,02/09/15 23:10,20.39,33,0,541,0.004891455,0
7522,02/09/15 23:12,20.39,33,0,540,0.004891455,0
7523,02/09/15 23:12,20.39,33,0,538,0.004891455,0
7524,02/09/15 23:13,20.39,33,0,541.5,0.004891455,0
7525,02/09/15 23:15,20.39,33,0,543,0.004891455,0
7526,02/09/15 23:16,20.39,33,0,540.5,0.004891455,0
7527,02/09/15 23:17,20.39,33,0,538,0.004891455,0
7528,02/09/15 23:18,20.39,32.9,0,527,0.004876516,0
7529,02/09/15 23:19,20.39,33,0,526.5,0.004891455,0
7530,02/09/15 23:19,20.39,33,0,530,0.004891455,0
7531,02/09/15 23:21,20.39,32.9,0,527,0.004876516,0
7532,02/09/15 23:22,20.39,33,0,531.25,0.004891455,0
7533,02/09/15 23:23,20.39,33,0,533,0.004891455,0
7534,02/09/15 23:23,20.39,33,0,535.3333333,0.004891455,0
7535,02/09/15 23:25,20.39,33,0,529,0.004891455,0
7536,02/09/15 23:25,20.39,32.9,0,527,0.004876516,0
7537,02/09/15 23:26,20.39,33,0,531,0.004891455,0
7538,02/09/15 23:28,20.39,33,0,532,0.004891455,0
7539,02/09/15 23:29,20.39,33,0,530,0.004891455,0
7540,02/09/15 23:30,20.39,33,0,521,0.004891455,0
7541,02/09/15 23:31,20.39,33,0,521.5,0.004891455,0
7542,02/09/15 23:31,20.39,32.9,0,524,0.004876516,0
7543,02/09/15 23:32,20.39,32.9,0,523,0.004876516,0
7544,02/09/15 23:34,20.39,33,0,520.5,0.004891455,0
7545,02/09/15 23:35,20.39,33,0,520,0.004891455,0
7546,02/09/15 23:36,20.39,33,0,521.3333333,0.004891455,0
7547,02/09/15 23:37,20.39,33,0,523,0.004891455,0
7548,02/09/15 23:38,20.39,32.9,0,515,0.004876516,0
7549,02/09/15 23:38,20.39,32.95,0,514.5,0.004883985,0
7550,02/09/15 23:39,20.39,32.95,0,511,0.004883985,0
7551,02/09/15 23:41,20.39,33,0,513,0.004891455,0
7552,02/09/15 23:42,20.39,32.95,0,513,0.004883985,0
7553,02/09/15 23:43,20.39,32.9,0,514,0.004876516,0
7554,02/09/15 23:44,20.39,32.9,0,511,0.004876516,0
7555,02/09/15 23:44,20.39,32.9,0,502,0.004876516,0
7556,02/09/15 23:45,20.39,32.9,0,506.3333333,0.004876516,0
7557,02/09/15 23:47,20.39,32.9,0,505.5,0.004876516,0
7558,02/09/15 23:48,20.39,32.9,0,510,0.004876516,0
7559,02/09/15 23:49,20.39,32.9,0,508,0.004876516,0
7560,02/09/15 23:50,20.39,32.9,0,506.5,0.004876516,0
7561,02/09/15 23:51,20.39,32.9,0,501,0.004876516,0
7562,02/09/15 23:51,20.39,32.9,0,512,0.004876516,0
7563,02/09/15 23:53,20.39,32.9,0,511,0.004876516,0
7564,02/09/15 23:54,20.39,32.9,0,504,0.004876516,0
7565,02/09/15 23:55,20.39,32.9,0,502.5,0.004876516,0
7566,02/09/15 23:55,20.39,32.9,0,501,0.004876516,0
7567,02/09/15 23:57,20.39,32.9,0,502,0.004876516,0
7568,02/09/15 23:57,20.39,32.9,0,505,0.004876516,0
7569,02/09/15 23:58,20.39,33,0,506.5,0.004891455,0
7570,02/10/15 0:00,20.39,32.95,0,498.5,0.004883985,0
7571,02/10/15 0:01,20.35666667,33,0,500.3333333,0.004881315,0
7572,02/10/15 0:02,20.39,33,0,500.5,0.004891455,0
7573,02/10/15 0:03,20.39,32.96666667,0,500.3333333,0.004886475,0
7574,02/10/15 0:04,20.365,32.95,0,500.5,0.004876391,0
7575,02/10/15 0:04,20.39,32.9,0,498,0.004876516,0
7576,02/10/15 0:06,20.39,32.9,0,499,0.004876516,0
7577,02/10/15 0:07,20.39,32.9,0,500.5,0.004876516,0
7578,02/10/15 0:08,20.39,32.95,0,503,0.004883985,0
7579,02/10/15 0:08,20.39,33,0,503,0.004891455,0
7580,02/10/15 0:10,20.39,33,0,508,0.004891455,0
7581,02/10/15 0:10,20.39,33,0,499,0.004891455,0
7582,02/10/15 0:11,20.34,33,0,499.5,0.004876252,0
7583,02/10/15 0:13,20.29,33,0,499.3333333,0.004861092,0
7584,02/10/15 0:14,20.29,33,0,492,0.004861092,0
7585,02/10/15 0:15,20.29,33,0,488.5,0.004861092,0
7586,02/10/15 0:16,20.29,33,0,490,0.004861092,0
7587,02/10/15 0:16,20.39,33,0,487,0.004891455,0
7588,02/10/15 0:17,20.32333333,33,0,489.6666667,0.004871194,0
7589,02/10/15 0:19,20.29,33,0,488,0.004861092,0
7590,02/10/15 0:20,20.34,32.95,0,481,0.004868806,0
7591,02/10/15 0:21,20.29,33,0,487,0.004861092,0
7592,02/10/15 0:22,20.34,33,0,490.5,0.004876252,0
7593,02/10/15 0:23,20.32333333,32.96666667,0,488.3333333,0.004866235,0
7594,02/10/15 0:23,20.29,33,0,489,0.004861092,0
7595,02/10/15 0:24,20.34,33,0,489.5,0.004876252,0
7596,02/10/15 0:26,20.315,33,0,487,0.004868667,0
7597,02/10/15 0:27,20.34,33,0,483.6666667,0.004876252,0
7598,02/10/15 0:28,20.34,32.95,0,488,0.004868806,0
7599,02/10/15 0:29,20.29,33,0,488,0.004861092,0
7600,02/10/15 0:29,20.29,33,0,490,0.004861092,0
7601,02/10/15 0:30,20.29,33,0,488,0.004861092,0
7602,02/10/15 0:32,20.29,33,0,487,0.004861092,0
7603,02/10/15 0:33,20.32333333,33,0,483.5,0.004871194,0
7604,02/10/15 0:34,20.29,33,0,482,0.004861092,0
7605,02/10/15 0:35,20.29,33,0,482,0.004861092,0
7606,02/10/15 0:36,20.29,33,0,484,0.004861092,0
7607,02/10/15 0:36,20.29,32.95,0,483.5,0.004853669,0
7608,02/10/15 0:38,20.29,33,0,482.5,0.004861092,0
7609,02/10/15 0:39,20.29,33,0,485,0.004861092,0
7610,02/10/15 0:40,20.34,33,0,478.5,0.004876252,0
7611,02/10/15 0:40,20.29,32.975,0,474.75,0.004857381,0
7612,02/10/15 0:42,20.32333333,32.96666667,0,476.3333333,0.004866235,0
7613,02/10/15 0:42,20.29,32.9,0,481,0.004846247,0
7614,02/10/15 0:43,20.39,32.9,0,479,0.004876516,0
7615,02/10/15 0:45,20.29,32.925,0,480,0.004849958,0
7616,02/10/15 0:46,20.29,33,0,478,0.004861092,0
7617,02/10/15 0:47,20.29,32.9,0,480.5,0.004846247,0
7618,02/10/15 0:48,20.29,33,0,477.5,0.004861092,0
7619,02/10/15 0:49,20.29,32.93333333,0,477.3333333,0.004851195,0
7620,02/10/15 0:49,20.29,33,0,477,0.004861092,0
7621,02/10/15 0:51,20.29,33,0,477.5,0.004861092,0
7622,02/10/15 0:52,20.29,33,0,480,0.004861092,0
7623,02/10/15 0:53,20.29,33,0,482,0.004861092,0
7624,02/10/15 0:53,20.34,33,0,479.5,0.004876252,0
7625,02/10/15 0:55,20.29,33,0,482,0.004861092,0
7626,02/10/15 0:55,20.29,33,0,478,0.004861092,0
7627,02/10/15 0:56,20.29,32.9,0,479,0.004846247,0
7628,02/10/15 0:58,20.29,33,0,477,0.004861092,0
7629,02/10/15 0:59,20.29,32.9,0,477,0.004846247,0
7630,02/10/15 1:00,20.32333333,33,0,480.3333333,0.004871194,0
7631,02/10/15 1:01,20.29,32.9,0,482,0.004846247,0
7632,02/10/15 1:01,20.29,32.96666667,0,482,0.004856144,0
7633,02/10/15 1:02,20.29,33,0,476,0.004861092,0
7634,02/10/15 1:04,20.29,33,0,471.5,0.004861092,0
7635,02/10/15 1:05,20.29,33,0,470,0.004861092,0
7636,02/10/15 1:06,20.29,32.96666667,0,482,0.004856144,0
7637,02/10/15 1:07,20.29,33,0,478.5,0.004861092,0
7638,02/10/15 1:08,20.29,33,0,472,0.004861092,0
7639,02/10/15 1:08,20.29,32.95,0,475,0.004853669,0
7640,02/10/15 1:09,20.29,32.95,0,474,0.004853669,0
7641,02/10/15 1:11,20.29,32.96666667,0,469,0.004856144,0
7642,02/10/15 1:12,20.29,32.9,0,469,0.004846247,0
7643,02/10/15 1:13,20.29,32.9,0,467,0.004846247,0
7644,02/10/15 1:14,20.29,32.9,0,469,0.004846247,0
7645,02/10/15 1:14,20.29,32.9,0,473,0.004846247,0
7646,02/10/15 1:15,20.29,32.9,0,474,0.004846247,0
7647,02/10/15 1:17,20.29,32.9,0,474,0.004846247,0
7648,02/10/15 1:18,20.29,32.9,0,471,0.004846247,0
7649,02/10/15 1:19,20.29,32.9,0,472,0.004846247,0
7650,02/10/15 1:20,20.29,32.95,0,468,0.004853669,0
7651,02/10/15 1:21,20.29,32.9,0,465.5,0.004846247,0
7652,02/10/15 1:21,20.29,32.9,0,471,0.004846247,0
7653,02/10/15 1:23,20.29,32.95,0,473,0.004853669,0
7654,02/10/15 1:24,20.29,32.95,0,473,0.004853669,0
7655,02/10/15 1:25,20.245,32.9,0,469,0.00483268,0
7656,02/10/15 1:25,20.245,32.95,0,465.5,0.004840081,0
7657,02/10/15 1:27,20.29,33,0,461,0.004861092,0
7658,02/10/15 1:27,20.29,33,0,467,0.004861092,0
7659,02/10/15 1:28,20.29,33,0,468.6666667,0.004861092,0
7660,02/10/15 1:30,20.29,33,0,471,0.004861092,0
7661,02/10/15 1:31,20.29,33,0,470,0.004861092,0
7662,02/10/15 1:32,20.29,32.95,0,468,0.004853669,0
7663,02/10/15 1:33,20.29,32.9,0,466,0.004846247,0
7664,02/10/15 1:34,20.29,32.95,0,463,0.004853669,0
7665,02/10/15 1:34,20.29,32.95,0,463,0.004853669,0
7666,02/10/15 1:36,20.29,32.9,0,463.3333333,0.004846247,0
7667,02/10/15 1:37,20.29,33,0,465,0.004861092,0
7668,02/10/15 1:38,20.29,33,0,465,0.004861092,0
7669,02/10/15 1:38,20.29,32.9,0,468,0.004846247,0
7670,02/10/15 1:40,20.29,32.9,0,470,0.004846247,0
7671,02/10/15 1:40,20.29,32.9,0,464,0.004846247,0
7672,02/10/15 1:41,20.29,32.9,0,461,0.004846247,0
7673,02/10/15 1:43,20.245,32.845,0,454,0.004824538,0
7674,02/10/15 1:44,20.29,33,0,456,0.004861092,0
7675,02/10/15 1:45,20.29,32.9,0,464.5,0.004846247,0
7676,02/10/15 1:46,20.29,32.96666667,0,466.3333333,0.004856144,0
7677,02/10/15 1:46,20.29,32.95,0,465,0.004853669,0
7678,02/10/15 1:47,20.29,32.9,0,466,0.004846247,0
7679,02/10/15 1:49,20.29,32.93333333,0,460,0.004851195,0
7680,02/10/15 1:50,20.29,33,0,457,0.004861092,0
7681,02/10/15 1:51,20.29,32.9,0,463,0.004846247,0
7682,02/10/15 1:52,20.29,32.9,0,461,0.004846247,0
7683,02/10/15 1:53,20.29,32.9,0,462,0.004846247,0
7684,02/10/15 1:53,20.29,32.9,0,462,0.004846247,0
7685,02/10/15 1:54,20.29,32.9,0,457.3333333,0.004846247,0
7686,02/10/15 1:56,20.29,32.9,0,456,0.004846247,0
7687,02/10/15 1:57,20.29,32.95,0,461.5,0.004853669,0
7688,02/10/15 1:58,20.29,33,0,461.5,0.004861092,0
7689,02/10/15 1:59,20.29,32.9,0,461,0.004846247,0
7690,02/10/15 1:59,20.29,32.9,0,460,0.004846247,0
7691,02/10/15 2:00,20.29,32.9,0,459,0.004846247,0
7692,02/10/15 2:02,20.29,32.9,0,463,0.004846247,0
7693,02/10/15 2:03,20.29,32.9,0,462,0.004846247,0
7694,02/10/15 2:04,20.29,32.9,0,464,0.004846247,0
7695,02/10/15 2:05,20.29,32.9,0,461,0.004846247,0
7696,02/10/15 2:06,20.245,32.845,0,461.5,0.004824538,0
7697,02/10/15 2:06,20.29,32.9,0,460,0.004846247,0
7698,02/10/15 2:08,20.29,32.96666667,0,460,0.004856144,0
7699,02/10/15 2:09,20.29,32.93333333,0,459,0.004851195,0
7700,02/10/15 2:10,20.245,32.895,0,456.5,0.00483194,0
7701,02/10/15 2:10,20.245,32.845,0,452,0.004824538,0
7702,02/10/15 2:12,20.29,32.9,0,456.5,0.004846247,0
7703,02/10/15 2:12,20.29,32.9,0,458.5,0.004846247,0
7704,02/10/15 2:13,20.29,32.9,0,460.5,0.004846247,0
7705,02/10/15 2:15,20.29,32.9,0,459.5,0.004846247,0
7706,02/10/15 2:16,20.29,32.9,0,461.3333333,0.004846247,0
7707,02/10/15 2:17,20.29,32.9,0,460,0.004846247,0
7708,02/10/15 2:18,20.29,32.9,0,457,0.004846247,0
7709,02/10/15 2:19,20.29,32.9,0,462,0.004846247,0
7710,02/10/15 2:19,20.29,32.9,0,460,0.004846247,0
7711,02/10/15 2:21,20.29,32.9,0,463,0.004846247,0
7712,02/10/15 2:22,20.245,32.845,0,461,0.004824538,0
7713,02/10/15 2:23,20.245,32.845,0,459,0.004824538,0
7714,02/10/15 2:23,20.29,32.9,0,459,0.004846247,0
7715,02/10/15 2:25,20.29,32.9,0,463,0.004846247,0
7716,02/10/15 2:25,20.29,32.9,0,460,0.004846247,0
7717,02/10/15 2:26,20.29,32.9,0,458.5,0.004846247,0
7718,02/10/15 2:28,20.29,32.9,0,458,0.004846247,0
7719,02/10/15 2:29,20.29,32.9,0,459.5,0.004846247,0
7720,02/10/15 2:30,20.29,32.9,0,459.5,0.004846247,0
7721,02/10/15 2:31,20.29,32.9,0,457.5,0.004846247,0
7722,02/10/15 2:31,20.245,32.845,0,455,0.004824538,0
7723,02/10/15 2:32,20.29,32.9,0,460,0.004846247,0
7724,02/10/15 2:34,20.245,32.845,0,455.5,0.004824538,0
7725,02/10/15 2:35,20.29,32.9,0,457,0.004846247,0
7726,02/10/15 2:36,20.29,32.9,0,455,0.004846247,0
7727,02/10/15 2:37,20.245,32.845,0,452.5,0.004824538,0
7728,02/10/15 2:38,20.26,32.86333333,0,455.3333333,0.004831766,0
7729,02/10/15 2:38,20.245,32.845,0,458.5,0.004824538,0
7730,02/10/15 2:39,20.29,32.9,0,460,0.004846247,0
7731,02/10/15 2:41,20.29,32.9,0,458,0.004846247,0
7732,02/10/15 2:42,20.29,32.9,0,455.5,0.004846247,0
7733,02/10/15 2:43,20.29,32.9,0,453.3333333,0.004846247,0
7734,02/10/15 2:44,20.29,32.9,0,454,0.004846247,0
7735,02/10/15 2:44,20.29,32.9,0,457,0.004846247,0
7736,02/10/15 2:45,20.29,32.9,0,454.3333333,0.004846247,0
7737,02/10/15 2:47,20.245,32.845,0,451,0.004824538,0
7738,02/10/15 2:48,20.2,32.79,0,451,0.004802909,0
7739,02/10/15 2:49,20.29,32.9,0,449,0.004846247,0
7740,02/10/15 2:50,20.29,32.9,0,454,0.004846247,0
7741,02/10/15 2:51,20.29,32.9,0,454.5,0.004846247,0
7742,02/10/15 2:51,20.245,32.845,0,453,0.004824538,0
7743,02/10/15 2:53,20.245,32.845,0,451.5,0.004824538,0
7744,02/10/15 2:54,20.2,32.79,0,455,0.004802909,0
7745,02/10/15 2:55,20.29,32.9,0,453,0.004846247,0
7746,02/10/15 2:55,20.29,32.9,0,457,0.004846247,0
7747,02/10/15 2:57,20.29,32.9,0,453.5,0.004846247,0
7748,02/10/15 2:57,20.23,32.82666667,0,455.6666667,0.00481732,0
7749,02/10/15 2:58,20.29,32.9,0,454,0.004846247,0
7750,02/10/15 3:00,20.29,32.9,0,452,0.004846247,0
7751,02/10/15 3:01,20.2,32.79,0,454,0.004802909,0
7752,02/10/15 3:02,20.29,32.9,0,452,0.004846247,0
7753,02/10/15 3:03,20.29,32.9,0,460,0.004846247,0
7754,02/10/15 3:04,20.29,32.9,0,456.5,0.004846247,0
7755,02/10/15 3:04,20.29,32.9,0,451,0.004846247,0
7756,02/10/15 3:06,20.245,32.845,0,453,0.004824538,0
7757,02/10/15 3:07,20.29,32.9,0,456,0.004846247,0
7758,02/10/15 3:08,20.245,32.895,0,454.5,0.00483194,0
7759,02/10/15 3:08,20.29,32.9,0,455.5,0.004846247,0
7760,02/10/15 3:10,20.29,32.95,0,454,0.004853669,0
7761,02/10/15 3:10,20.23,32.82666667,0,455,0.00481732,0
7762,02/10/15 3:11,20.29,32.9,0,453,0.004846247,0
7763,02/10/15 3:13,20.29,32.9,0,452,0.004846247,0
7764,02/10/15 3:14,20.29,32.9,0,455,0.004846247,0
7765,02/10/15 3:15,20.29,32.95,0,450,0.004853669,0
7766,02/10/15 3:16,20.29,32.9,0,450.5,0.004846247,0
7767,02/10/15 3:16,20.29,32.9,0,452.5,0.004846247,0
7768,02/10/15 3:17,20.26,32.86333333,0,453.3333333,0.004831766,0
7769,02/10/15 3:19,20.2,32.9,0,454.5,0.004819147,0
7770,02/10/15 3:20,20.2,32.9,0,453,0.004819147,0
7771,02/10/15 3:21,20.2,32.9,0,450.6666667,0.004819147,0
7772,02/10/15 3:22,20.245,32.9,0,455,0.00483268,0
7773,02/10/15 3:23,20.2,32.9,0,457.5,0.004819147,0
7774,02/10/15 3:23,20.2,32.9,0,458,0.004819147,0
7775,02/10/15 3:24,20.2,32.79,0,452,0.004802909,0
7776,02/10/15 3:26,20.26,32.86333333,0,448.3333333,0.004831766,0
7777,02/10/15 3:27,20.29,32.9,0,448,0.004846247,0
7778,02/10/15 3:28,20.29,32.9,0,453,0.004846247,0
7779,02/10/15 3:29,20.2,32.79,0,447,0.004802909,0
7780,02/10/15 3:29,20.2225,32.8725,0,449,0.004821844,0
7781,02/10/15 3:30,20.2,32.9,0,450.5,0.004819147,0
7782,02/10/15 3:32,20.2,32.9,0,448.3333333,0.004819147,0
7783,02/10/15 3:33,20.2,32.9,0,452,0.004819147,0
7784,02/10/15 3:34,20.2,32.9,0,452.3333333,0.004819147,0
7785,02/10/15 3:35,20.2,32.9,0,452,0.004819147,0
7786,02/10/15 3:36,20.29,32.9,0,452,0.004846247,0
7787,02/10/15 3:36,20.29,33,0,449,0.004861092,0
7788,02/10/15 3:38,20.2,32.9,0,448,0.004819147,0
7789,02/10/15 3:39,20.2,32.9,0,451.5,0.004819147,0
7790,02/10/15 3:40,20.2,32.9,0,451,0.004819147,0
7791,02/10/15 3:40,20.2,32.9,0,445,0.004819147,0
7792,02/10/15 3:42,20.29,33,0,448,0.004861092,0
7793,02/10/15 3:42,20.2,32.9,0,448,0.004819147,0
7794,02/10/15 3:43,20.2,32.9,0,447,0.004819147,0
7795,02/10/15 3:45,20.2,32.9,0,450.5,0.004819147,0
7796,02/10/15 3:46,20.2,32.9,0,446.3333333,0.004819147,0
7797,02/10/15 3:47,20.2,32.9,0,447,0.004819147,0
7798,02/10/15 3:48,20.2,32.9,0,450.5,0.004819147,0
7799,02/10/15 3:49,20.2,32.9,0,450,0.004819147,0
7800,02/10/15 3:49,20.2,32.9,0,451,0.004819147,0
7801,02/10/15 3:51,20.2,32.9,0,450,0.004819147,0
7802,02/10/15 3:52,20.2,32.9,0,449,0.004819147,0
7803,02/10/15 3:53,20.2,32.9,0,447,0.004819147,0
7804,02/10/15 3:53,20.2,32.9,0,452.5,0.004819147,0
7805,02/10/15 3:55,20.2,32.9,0,452,0.004819147,0
7806,02/10/15 3:55,20.2,32.9,0,453,0.004819147,0
7807,02/10/15 3:56,20.2,32.9,0,453,0.004819147,0
7808,02/10/15 3:58,20.2,32.9,0,447.5,0.004819147,0
7809,02/10/15 3:59,20.2,32.9,0,445.5,0.004819147,0
7810,02/10/15 4:00,20.2,32.9,0,448.5,0.004819147,0
7811,02/10/15 4:01,20.2,32.9,0,444,0.004819147,0
7812,02/10/15 4:01,20.2,32.9,0,445,0.004819147,0
7813,02/10/15 4:02,20.2,32.9,0,448,0.004819147,0
7814,02/10/15 4:04,20.2,32.9,0,446,0.004819147,0
7815,02/10/15 4:05,20.2,32.9,0,449,0.004819147,0
7816,02/10/15 4:06,20.2,32.9,0,449.5,0.004819147,0
7817,02/10/15 4:07,20.2,32.9,0,451,0.004819147,0
7818,02/10/15 4:08,20.2,32.9,0,444,0.004819147,0
7819,02/10/15 4:08,20.2,32.9,0,449,0.004819147,0
7820,02/10/15 4:09,20.2,32.9,0,451,0.004819147,0
7821,02/10/15 4:11,20.2,32.9,0,450,0.004819147,0
7822,02/10/15 4:12,20.2,32.9,0,444,0.004819147,0
7823,02/10/15 4:13,20.2,32.9,0,447.3333333,0.004819147,0
7824,02/10/15 4:14,20.2,32.9,0,453,0.004819147,0
7825,02/10/15 4:14,20.2,32.9,0,448,0.004819147,0
7826,02/10/15 4:15,20.2,32.9,0,443,0.004819147,0
7827,02/10/15 4:17,20.2,32.9,0,444,0.004819147,0
7828,02/10/15 4:18,20.2,32.9,0,445,0.004819147,0
7829,02/10/15 4:19,20.13333333,33,0,441.6666667,0.004813859,0
7830,02/10/15 4:20,20.15,33,0,446.5,0.004818864,0
7831,02/10/15 4:21,20.1,33,0,449.5,0.004803862,0
7832,02/10/15 4:21,20.1,33,0,443.5,0.004803862,0
7833,02/10/15 4:23,20.1,33,0,447.25,0.004803862,0
7834,02/10/15 4:24,20.1,32.95,0,449.5,0.004796527,0
7835,02/10/15 4:25,20.2,33,0,449,0.004833908,0
7836,02/10/15 4:25,20.1,33,0,446,0.004803862,0
7837,02/10/15 4:27,20.16666667,33,0,448,0.004823874,0
7838,02/10/15 4:27,20.2,33,0,448,0.004833908,0
7839,02/10/15 4:28,20.15,33,0,447,0.004818864,0
7840,02/10/15 4:30,20.2,33,0,444,0.004833908,0
7841,02/10/15 4:31,20.2,33,0,445.5,0.004833908,0
7842,02/10/15 4:32,20.1,33,0,445,0.004803862,0
7843,02/10/15 4:33,20.15,33,0,447.5,0.004818864,0
7844,02/10/15 4:34,20.15,33,0,448,0.004818864,0
7845,02/10/15 4:34,20.2,33,0,450.5,0.004833908,0
7846,02/10/15 4:36,20.2,33,0,443,0.004833908,0
7847,02/10/15 4:37,20.1,33,0,444,0.004803862,0
7848,02/10/15 4:38,20.1,33,0,443.5,0.004803862,0
7849,02/10/15 4:38,20.2,32.9,0,445.5,0.004819147,0
7850,02/10/15 4:40,20.2,32.9,0,445,0.004819147,0
7851,02/10/15 4:40,20.1,32.95,0,444,0.004796527,0
7852,02/10/15 4:41,20.1,33,0,442.6666667,0.004803862,0
7853,02/10/15 4:43,20.15,33,0,444.5,0.004818864,0
7854,02/10/15 4:44,20.1,33,0,448,0.004803862,0
7855,02/10/15 4:45,20.1,33,0,443.5,0.004803862,0
7856,02/10/15 4:46,20.16666667,33,0,446.6666667,0.004823874,0
7857,02/10/15 4:46,20.2,33,0,444,0.004833908,0
7858,02/10/15 4:47,20.16666667,33,0,445.6666667,0.004823874,0
7859,02/10/15 4:49,20.13333333,33,0,445,0.004813859,0
7860,02/10/15 4:50,20.1,33,0,444,0.004803862,0
7861,02/10/15 4:51,20.13333333,33,0,446.6666667,0.004813859,0
7862,02/10/15 4:52,20.1,33,0,449.6666667,0.004803862,0
7863,02/10/15 4:53,20.1,33,0,451,0.004803862,0
7864,02/10/15 4:53,20.15,33,0,448.5,0.004818864,0
7865,02/10/15 4:54,20.1,33,0,446,0.004803862,0
7866,02/10/15 4:56,20.2,33,0,446,0.004833908,0
7867,02/10/15 4:57,20.1,33,0,447.3333333,0.004803862,0
7868,02/10/15 4:58,20.1,33,0,446,0.004803862,0
7869,02/10/15 4:59,20.1,33,0,447,0.004803862,0
7870,02/10/15 4:59,20.13333333,33,0,446.6666667,0.004813859,0
7871,02/10/15 5:00,20.2,33,0,450,0.004833908,0
7872,02/10/15 5:02,20.15,33,0,446,0.004818864,0
7873,02/10/15 5:03,20.1,33,0,442,0.004803862,0
7874,02/10/15 5:04,20.175,33,0,449.3333333,0.004826381,0
7875,02/10/15 5:05,20.1,33,0,446.3333333,0.004803862,0
7876,02/10/15 5:06,20.1,33,0,444,0.004803862,0
7877,02/10/15 5:06,20.2,33,0,445,0.004833908,0
7878,02/10/15 5:08,20.15,33,0,444,0.004818864,0
7879,02/10/15 5:09,20.13333333,33,0,447.6666667,0.004813859,0
7880,02/10/15 5:10,20.2,33,0,446,0.004833908,0
7881,02/10/15 5:10,20.15,33,0,446.5,0.004818864,0
7882,02/10/15 5:12,20.1,33,0,448,0.004803862,0
7883,02/10/15 5:12,20.1,33,0,449,0.004803862,0
7884,02/10/15 5:13,20.1,33,0,445,0.004803862,0
7885,02/10/15 5:15,20.2,33,0,447.5,0.004833908,0
7886,02/10/15 5:16,20.15,33,0,450,0.004818864,0
7887,02/10/15 5:17,20.15,33,0,449.5,0.004818864,0
7888,02/10/15 5:18,20.15,33,0,451.5,0.004818864,0
7889,02/10/15 5:19,20.15,33,0,445.5,0.004818864,0
7890,02/10/15 5:19,20.2,33,0,441,0.004833908,0
7891,02/10/15 5:21,20.2,33,0,446,0.004833908,0
7892,02/10/15 5:22,20.2,33,0,449,0.004833908,0
7893,02/10/15 5:23,20.1,33,0,453,0.004803862,0
7894,02/10/15 5:23,20.2,33,0,447,0.004833908,0
7895,02/10/15 5:25,20.15,33,0,443.5,0.004818864,0
7896,02/10/15 5:25,20.1,33,0,442,0.004803862,0
7897,02/10/15 5:26,20.2,33,0,449,0.004833908,0
7898,02/10/15 5:28,20.2,33,0,448,0.004833908,0
7899,02/10/15 5:29,20.13333333,33,0,448.3333333,0.004813859,0
7900,02/10/15 5:30,20.1,33.03,0,451.3333333,0.004808263,0
7901,02/10/15 5:31,20.1,33,0,452.5,0.004803862,0
7902,02/10/15 5:31,20.2,33,0,443,0.004833908,0
7903,02/10/15 5:32,20.2,33,0,444,0.004833908,0
7904,02/10/15 5:34,20.1,33.045,0,449,0.004810463,0
7905,02/10/15 5:35,20.15,33.045,0,449.5,0.004825486,0
7906,02/10/15 5:36,20.1,33,0,451.5,0.004803862,0
7907,02/10/15 5:37,20.1,33,0,455.5,0.004803862,0
7908,02/10/15 5:38,20.2,33.09,0,451,0.004847194,0
7909,02/10/15 5:38,20.15,33.09,0,446,0.004832109,0
7910,02/10/15 5:39,20.1,33.09,0,447.5,0.004817065,0
7911,02/10/15 5:41,20.1,33.09,0,449.5,0.004817065,0
7912,02/10/15 5:42,20.13333333,33.09,0,445.3333333,0.004827089,0
7913,02/10/15 5:43,20.15,33.09,0,446,0.004832109,0
7914,02/10/15 5:44,20.125,33.09,0,444.75,0.004824582,0
7915,02/10/15 5:44,20.1,33.09,0,447,0.004817065,0
7916,02/10/15 5:45,20.2,33.09,0,448,0.004847194,0
7917,02/10/15 5:47,20.1,33,0,443.5,0.004803862,0
7918,02/10/15 5:48,20.1,33,0,444,0.004803862,0
7919,02/10/15 5:49,20.15,33.045,0,444.5,0.004825486,0
7920,02/10/15 5:50,20.13333333,33.06,0,443.5,0.004822679,0
7921,02/10/15 5:51,20.1,33.09,0,441,0.004817065,0
7922,02/10/15 5:51,20.1,33.09,0,446,0.004817065,0
7923,02/10/15 5:53,20.2,33.09,0,450,0.004847194,0
7924,02/10/15 5:54,20.15,33.09,0,451.5,0.004832109,0
7925,02/10/15 5:55,20.1,33.09,0,448,0.004817065,0
7926,02/10/15 5:55,20.1,33.09,0,447,0.004817065,0
7927,02/10/15 5:57,20.1,33.09,0,449,0.004817065,0
7928,02/10/15 5:57,20.1,33.09,0,447.5,0.004817065,0
7929,02/10/15 5:58,20.13333333,33.09,0,448,0.004827089,0
7930,02/10/15 6:00,20.2,33.09,0,446,0.004847194,0
7931,02/10/15 6:01,20.1,33.09,0,445,0.004817065,0
7932,02/10/15 6:02,20.1,33.09,0,445,0.004817065,0
7933,02/10/15 6:03,20.15,33.09,0,446.5,0.004832109,0
7934,02/10/15 6:04,20.1,33.09,0,447.5,0.004817065,0
7935,02/10/15 6:04,20.1,33.09,0,445.5,0.004817065,0
7936,02/10/15 6:06,20.1,33.09,0,449,0.004817065,0
7937,02/10/15 6:07,20.1,33.09,0,449,0.004817065,0
7938,02/10/15 6:08,20.1,33.09,0,449.5,0.004817065,0
7939,02/10/15 6:08,20.1,33.09,0,448,0.004817065,0
7940,02/10/15 6:10,20.1,33.09,0,447.3333333,0.004817065,0
7941,02/10/15 6:10,20.1,33.09,0,442.5,0.004817065,0
7942,02/10/15 6:11,20.1,33.145,0,451,0.004825133,0
7943,02/10/15 6:13,20.1,33.09,0,451,0.004817065,0
7944,02/10/15 6:14,20.1,33.09,0,447,0.004817065,0
7945,02/10/15 6:15,20.1,33.09,0,443.5,0.004817065,0
7946,02/10/15 6:16,20.1,33.09,0,444,0.004817065,0
7947,02/10/15 6:16,20.1,33.09,0,444,0.004817065,0
7948,02/10/15 6:17,20.1,33.09,0,447.5,0.004817065,0
7949,02/10/15 6:19,20.1,33.145,0,449,0.004825133,0
7950,02/10/15 6:20,20.1,33.09,0,451,0.004817065,0
7951,02/10/15 6:21,20.1,33.16333333,0,448.3333333,0.004827823,0
7952,02/10/15 6:22,20.1,33.2,0,441,0.004833202,0
7953,02/10/15 6:23,20.1,33.09,0,445,0.004817065,0
7954,02/10/15 6:23,20.1,33.09,0,444,0.004817065,0
7955,02/10/15 6:24,20.1,33.09,0,450,0.004817065,0
7956,02/10/15 6:26,20.1,33.09,0,454,0.004817065,0
7957,02/10/15 6:27,20.2,33.09,0,456,0.004847194,0
7958,02/10/15 6:28,20.1,33.09,0,448,0.004817065,0
7959,02/10/15 6:29,20.1,33.12666667,0,448.3333333,0.004822444,0
7960,02/10/15 6:29,20.1,33.09,0,449,0.004817065,0
7961,02/10/15 6:30,20.2,33.09,0,455,0.004847194,0
7962,02/10/15 6:32,20.2,33.09,0,451.6666667,0.004847194,0
7963,02/10/15 6:33,20.15,33.145,0,454.6666667,0.004840203,0
7964,02/10/15 6:34,20.1,33.09,0,454,0.004817065,0
7965,02/10/15 6:35,20.2,33.09,0,454,0.004847194,0
7966,02/10/15 6:36,20.15,33.09,0,446,0.004832109,0
7967,02/10/15 6:36,20.15,33.2,0,449,0.004848297,0
7968,02/10/15 6:38,20.13333333,33.09,0,451,0.004827089,0
7969,02/10/15 6:39,20.15,33.09,0,451,0.004832109,0
7970,02/10/15 6:40,20.1,33.09,0,447.6666667,0.004817065,0
7971,02/10/15 6:40,20.1,33.09,0,451,0.004817065,0
7972,02/10/15 6:42,20.1,33.09,0,452,0.004817065,0
7973,02/10/15 6:42,20.2,33.09,0,452.5,0.004847194,0
7974,02/10/15 6:43,20.1,33.09,0,454,0.004817065,0
7975,02/10/15 6:45,20.2,33.09,0,453.5,0.004847194,0
7976,02/10/15 6:46,20.2,33.045,0,451,0.004840551,0
7977,02/10/15 6:47,20.2,33.09,0,454,0.004847194,0
7978,02/10/15 6:48,20.2,33.09,0,453.5,0.004847194,0
7979,02/10/15 6:49,20.245,33.09,0,453,0.004860807,0
7980,02/10/15 6:49,20.2,33.09,0,449,0.004847194,0
7981,02/10/15 6:51,20.29,33.09,0,445,0.004874453,0
7982,02/10/15 6:52,20.2,33.06,0,447.3333333,0.004842766,0
7983,02/10/15 6:53,20.2,33.06,0,443.3333333,0.004842766,0
7984,02/10/15 6:53,20.23,33.03,0,450.6666667,0.004847392,0
7985,02/10/15 6:55,20.29,33.09,0,450,0.004874453,0
7986,02/10/15 6:55,20.2675,33.0675,0,451,0.00486429,0
7987,02/10/15 6:56,20.29,33.09,0,450.3333333,0.004874453,0
7988,02/10/15 6:58,20.29,33.09,0,447,0.004874453,0
7989,02/10/15 6:59,20.29,33.09,0,449,0.004874453,0
7990,02/10/15 7:00,20.29,33.09,0,452.5,0.004874453,0
7991,02/10/15 7:01,20.26,33.06,0,452.3333333,0.004860907,0
7992,02/10/15 7:01,20.29,33.09,0,446,0.004874453,0
7993,02/10/15 7:02,20.29,33.09,0,442,0.004874453,0
7994,02/10/15 7:04,20.29,33.09,0,450,0.004874453,0
7995,02/10/15 7:05,20.29,33.09,0,456.6666667,0.004874453,0
7996,02/10/15 7:06,20.29,33.045,0,453,0.004867773,0
7997,02/10/15 7:07,20.29,33.09,0,451,0.004874453,0
7998,02/10/15 7:08,20.29,33.09,0,449,0.004874453,0
7999,02/10/15 7:08,20.245,33.045,0,446,0.004854145,0
8000,02/10/15 7:09,20.29,33.09,0,447.6666667,0.004874453,0
8001,02/10/15 7:11,20.29,33.09,0,445.6666667,0.004874453,0
8002,02/10/15 7:12,20.29,33.09,0,452,0.004874453,0
8003,02/10/15 7:13,20.29,33.045,0,447.5,0.004867773,0
8004,02/10/15 7:14,20.245,33,0,448,0.004847483,0
8005,02/10/15 7:14,20.29,33.09,0,447.6666667,0.004874453,0
8006,02/10/15 7:15,20.29,33.03,0,448.6666667,0.004865546,0
8007,02/10/15 7:17,20.29,33,0,446,0.004861092,0
8008,02/10/15 7:18,20.29,33,0,450,0.004861092,0
8009,02/10/15 7:19,20.29,33,0,456.5,0.004861092,0
8010,02/10/15 7:20,20.29,33,0,452,0.004861092,0
8011,02/10/15 7:21,20.29,33.045,0,450.5,0.004867773,0
8012,02/10/15 7:21,20.29,33.03,0,453.3333333,0.004865546,0
8013,02/10/15 7:23,20.29,33,0,457,0.004861092,0
8014,02/10/15 7:24,20.29,33,0,452.5,0.004861092,0
8015,02/10/15 7:25,20.29,33,0,447.5,0.004861092,0
8016,02/10/15 7:25,20.29,33,0,450,0.004861092,0
8017,02/10/15 7:27,20.29,33,0,452.5,0.004861092,0
8018,02/10/15 7:27,20.29,33,0,452,0.004861092,0
8019,02/10/15 7:28,20.29,33,0,452.5,0.004861092,0
8020,02/10/15 7:30,20.315,33.0225,0,455.5,0.004872013,0
8021,02/10/15 7:31,20.29,33,0,455,0.004861092,0
8022,02/10/15 7:32,20.29,33,0,452.5,0.004861092,0
8023,02/10/15 7:33,20.29,33,0,453.5,0.004861092,0
8024,02/10/15 7:34,20.29,33,0,454.6666667,0.004861092,0
8025,02/10/15 7:34,20.29,33,0,452.5,0.004861092,0
8026,02/10/15 7:36,20.34,33,0,450.5,0.004876252,0
8027,02/10/15 7:37,20.29,33,0,444,0.004861092,0
8028,02/10/15 7:38,20.29,33.045,0,447.5,0.004867773,0
8029,02/10/15 7:38,20.29,33,0,449,0.004861092,0
8030,02/10/15 7:40,20.32333333,33,0,451,0.004871194,0
8031,02/10/15 7:40,20.29,33,0,448.6666667,0.004861092,0
8032,02/10/15 7:41,20.29,33,0,445,0.004861092,0
8033,02/10/15 7:43,20.29,33,0,448,0.004861092,0
8034,02/10/15 7:44,20.29,33,0,451,0.004861092,0
8035,02/10/15 7:45,20.34,33,0,452,0.004876252,0
8036,02/10/15 7:46,20.39,33,0,454,0.004891455,0
8037,02/10/15 7:46,20.34,33,0,453,0.004876252,0
8038,02/10/15 7:47,20.29,33,0,453,0.004861092,0
8039,02/10/15 7:49,20.29,33.09,0,453,0.004874453,0
8040,02/10/15 7:50,20.39,33.045,0,453,0.004898177,0
8041,02/10/15 7:51,20.29,33.045,0,449,0.004867773,0
8042,02/10/15 7:52,20.29,33.045,0,449.5,0.004867773,0
8043,02/10/15 7:53,20.29,33.09,0,451,0.004874453,0
8044,02/10/15 7:53,20.29,33.09,0,454.3333333,0.004874453,0
8045,02/10/15 7:54,20.29,33.045,0,454,0.004867773,0
8046,02/10/15 7:56,20.29,33,0,458,0.004861092,0
8047,02/10/15 7:57,20.29,33.09,0,454,0.004874453,0
8048,02/10/15 7:58,20.29,33.09,0,458.5,0.004874453,0
8049,02/10/15 7:59,20.29,33.09,0,457.3333333,0.004874453,0
8050,02/10/15 7:59,20.29,33.09,0,455.5,0.004874453,0
8051,02/10/15 8:00,20.29,33.09,0,451.5,0.004874453,0
8052,02/10/15 8:02,20.29,33.09,0,453,0.004874453,0
8053,02/10/15 8:03,20.29,33.09,0,453,0.004874453,0
8054,02/10/15 8:04,20.29,33.09,0,452.6666667,0.004874453,0
8055,02/10/15 8:05,20.29,33.09,0,456,0.004874453,0
8056,02/10/15 8:06,20.29,33.09,0,455.6666667,0.004874453,0
8057,02/10/15 8:06,20.34,33.09,0,453,0.004889656,0
8058,02/10/15 8:08,20.29,33.09,0,453,0.004874453,0
8059,02/10/15 8:09,20.29,33.09,0,452.5,0.004874453,0
8060,02/10/15 8:10,20.29,33.09,0,449.5,0.004874453,0
8061,02/10/15 8:10,20.29,33.09,0,453,0.004874453,0
8062,02/10/15 8:12,20.29,33.09,0,456,0.004874453,0
8063,02/10/15 8:12,20.29,33.09,0,452.3333333,0.004874453,0
8064,02/10/15 8:13,20.29,33.09,0,455.5,0.004874453,0
8065,02/10/15 8:15,20.29,33.09,0,456.3333333,0.004874453,0
8066,02/10/15 8:16,20.39,33.09,0,448,0.0049049,0
8067,02/10/15 8:17,20.29,33.09,0,450,0.004874453,0
8068,02/10/15 8:18,20.29,33.09,0,449,0.004874453,0
8069,02/10/15 8:19,20.29,33.09,0,449.5,0.004874453,0
8070,02/10/15 8:19,20.29,33.2,0,454,0.004890785,0
8071,02/10/15 8:21,20.29,33.12666667,0,450,0.004879897,0
8072,02/10/15 8:22,20.29,33.2,0,449.6666667,0.004890785,0
8073,02/10/15 8:23,20.29,33.145,0,451.5,0.004882619,0
8074,02/10/15 8:23,20.29,33.2,0,460,0.004890785,0
8075,02/10/15 8:25,20.29,33.2,0,456.5,0.004890785,0
8076,02/10/15 8:25,20.29,33.2,0,455.5,0.004890785,0
8077,02/10/15 8:26,20.29,33.2,0,450,0.004890785,0
8078,02/10/15 8:28,20.29,33.2,0,448,0.004890785,0
8079,02/10/15 8:29,20.29,33.2,0,451.5,0.004890785,0
8080,02/10/15 8:30,20.29,33.2,0,451.5,0.004890785,0
8081,02/10/15 8:31,20.29,33.2,0,454.5,0.004890785,0
8082,02/10/15 8:31,20.29,33.2,0,454.6666667,0.004890785,0
8083,02/10/15 8:32,20.29,33.2,0,451,0.004890785,0
8084,02/10/15 8:34,20.29,33.2,0,451,0.004890785,0
8085,02/10/15 8:35,20.29,33.2,0,455,0.004890785,0
8086,02/10/15 8:36,20.29,33.2,0,458,0.004890785,0
8087,02/10/15 8:37,20.315,33.2,232,460,0.004898406,0
8088,02/10/15 8:38,20.32333333,33.23,419,456.6666667,0.004905413,1
8089,02/10/15 8:38,20.32333333,33.26,433,463,0.004909876,1
8090,02/10/15 8:39,20.315,33.345,426,474.25,0.004919969,0
8091,02/10/15 8:41,20.35666667,33.4,419,482.3333333,0.004940953,0
8092,02/10/15 8:42,20.365,33.4975,419,482.5,0.004958063,1
8093,02/10/15 8:43,20.39,33.5,419,484.5,0.004966159,1
8094,02/10/15 8:44,20.39,33.5,419,490.3333333,0.004966159,1
8095,02/10/15 8:44,20.39,33.5,409.6666667,489.6666667,0.004966159,1
8096,02/10/15 8:45,20.4175,33.5225,405,487.25,0.004978035,1
8097,02/10/15 8:47,20.42666667,33.56,405,494.3333333,0.004986493,1
8098,02/10/15 8:48,20.4175,33.5675,408,499,0.004984771,1
8099,02/10/15 8:49,20.46333333,33.66333333,413,499,0.005013396,1
8100,02/10/15 8:50,20.5,33.6725,404.5,494.5,0.005026224,1
8101,02/10/15 8:51,20.5,33.7225,407.5,495.5,0.005033748,1
8102,02/10/15 8:51,20.5,33.79,405,495.5,0.005043906,1
8103,02/10/15 8:53,20.5,33.79,408,502.5,0.005043906,1
8104,02/10/15 8:54,20.5,33.79,405,506.6666667,0.005043906,1
8105,02/10/15 8:55,20.55,33.79,405,508,0.005059615,1
8106,02/10/15 8:55,20.6,33.86333333,405,509.5,0.005086473,1
8107,02/10/15 8:57,20.575,33.925,405,516,0.005087898,1
8108,02/10/15 8:57,20.6,33.8725,412,521.25,0.005087861,1
8109,02/10/15 8:58,20.6,33.895,419,525.75,0.005091269,1
8110,02/10/15 9:00,20.65,33.975,419,524.5,0.005119268,1
8111,02/10/15 9:01,20.675,33.975,419,527.75,0.005127226,1
8112,02/10/15 9:02,20.65,33.975,419,534.5,0.005119268,1
8113,02/10/15 9:03,20.65,34.145,419,532,0.005145095,1
8114,02/10/15 9:04,20.7,34.4175,419,568.75,0.005202637,1
8115,02/10/15 9:04,20.7,34.09,419,556.6666667,0.005152722,1
8116,02/10/15 9:06,20.7,34.29666667,419,548,0.00518422,1
8117,02/10/15 9:07,20.73,34.46666667,419,563.3333333,0.00521985,1
8118,02/10/15 9:08,20.745,34.5675,426,593.75,0.00524013,1
8119,02/10/15 9:08,20.7675,34.7175,422.5,600.75,0.00527042,1
8120,02/10/15 9:10,20.79,35.09,426,623,0.005334902,1
8121,02/10/15 9:10,20.79,34.9725,433,631,0.005316886,1
8122,02/10/15 9:11,20.79,34.82666667,433,636,0.005294526,1
8123,02/10/15 9:13,20.84,35.195,433,636.75,0.005367641,1
8124,02/10/15 9:14,20.89,35.3,433,663,0.005400526,1
8125,02/10/15 9:15,20.85666667,35.09666667,433,665.3333333,0.005358055,1
8126,02/10/15 9:16,20.89,35.32,433,669.5,0.005403613,1
8127,02/10/15 9:16,20.9175,35.475,433,679.25,0.005436802,1
8128,02/10/15 9:17,20.89,35.4,433,684.6666667,0.005415958,1
8129,02/10/15 9:19,20.9175,35.7175,433,706.25,0.005474294,1
8130,02/10/15 9:20,20.95875,35.68375,433,712.625,0.00548309,1
8131,02/10/15 9:21,21,35.65,433,719,0.005491891,1
8132,02/10/15 9:22,21,35.7,433,730.25,0.005499661,1
8133,02/10/15 9:23,21,35.76,433,739,0.005508986,1
8134,02/10/15 9:23,21,35.85,433,756.25,0.005522974,1
8135,02/10/15 9:24,21,35.7,433,761,0.005499661,1
8136,02/10/15 9:26,21.025,35.95,433,763,0.00554711,1
8137,02/10/15 9:27,21,35.86,433,771.3333333,0.005524528,1
8138,02/10/15 9:28,21.05,36.05,433,780.25,0.005571307,1
8139,02/10/15 9:29,21.05,36.0975,433,787.25,0.005578714,1
8140,02/10/15 9:29,21.05,35.995,433,789.5,0.005562731,1
8141,02/10/15 9:30,21.1,36.095,433,798.5,0.005595639,1
8142,02/10/15 9:32,21.1,36.26,433,820.3333333,0.005621449,1
8143,02/10/15 9:33,21.1,36.2,447,821,0.005612064,1
8144,02/11/15 14:48,21.76,31.13333333,437.3333333,1029.666667,0.005021011,1
8145,02/11/15 14:49,21.79,31,437.3333333,1000,0.005008581,1
8146,02/11/15 14:50,21.7675,31.1225,434,1003.75,0.005021569,1
8147,02/11/15 14:51,21.7675,31.1225,439,1009.5,0.005021569,1
8148,02/11/15 14:51,21.79,31.13333333,437.3333333,1005.666667,0.005030298,1
8149,02/11/15 14:53,21.76,31.26,437.3333333,1014.333333,0.005041605,1
8150,02/11/15 14:54,21.79,31.1975,434,1018.5,0.005040749,1
8151,02/11/15 14:55,21.79,31.39333333,437.3333333,1018.666667,0.005072649,1
8152,02/11/15 14:55,21.79,31.3175,434,1022,0.005060296,1
8153,02/11/15 14:57,21.79,31.46333333,437.3333333,1027.333333,0.005084053,1
8154,02/11/15 14:57,21.79,31.525,437.75,1047.75,0.005094099,1
8155,02/11/15 14:58,21.79,31.575,441.75,1049,0.005102244,1
8156,02/11/15 15:00,21.79,31.395,442,1061.5,0.005072921,1
8157,02/11/15 15:01,21.79,31.3925,441.75,1049,0.005072514,1
8158,02/11/15 15:02,21.79,31.5,441.5,1048,0.005090026,1
8159,02/11/15 15:03,21.815,31.5,438,1049.25,0.005097869,1
8160,02/11/15 15:04,21.815,31.4725,449.5,1051.25,0.005093382,1
8161,02/11/15 15:04,21.89,31.6,449.5,1060.5,0.005137857,1
8162,02/11/15 15:06,21.79,31.55,449.5,1059.5,0.005098172,1
8163,02/11/15 15:07,21.82333333,31.73,447.6666667,1072,0.005138035,1
8164,02/11/15 15:08,21.865,31.7225,449.5,1072.333333,0.005150007,1
8165,02/11/15 15:08,21.89,31.745,449.5,1075.333333,0.005161628,1
8166,02/11/15 15:10,21.89,31.7675,449.5,1087,0.005165317,1
8167,02/11/15 15:10,21.89,31.7675,437.75,1083.25,0.005165317,1
8168,02/11/15 15:11,21.89,31.79,442.6666667,1086.333333,0.005169006,1
8169,02/11/15 15:13,21.89,31.79,437.3333333,1091,0.005169006,1
8170,02/11/15 15:14,21.89,31.89,439,1100,0.005185401,1
8171,02/11/15 15:15,21.89,31.89,444,1101,0.005185401,1
8172,02/11/15 15:16,21.89,31.865,444,1107,0.005181302,1
8173,02/11/15 15:16,21.89,31.79,444,1110,0.005169006,1
8174,02/11/15 15:17,21.89,31.865,444,1101.75,0.005181302,1
8175,02/11/15 15:19,21.89,31.73,444,1100,0.005159169,1
8176,02/11/15 15:20,21.89,31.7225,444,1092.75,0.005157939,1
8177,02/11/15 15:21,21.89,31.7,444,1092.5,0.00515425,1
8178,02/11/15 15:22,21.89,31.695,436.5,1094,0.005153431,1
8179,02/11/15 15:23,21.89,31.56666667,434,1085.666667,0.005132392,1
8180,02/11/15 15:23,21.89,31.55,436.5,1047,0.00512966,0
8181,02/11/15 15:24,21.89,31.36,434,1031,0.005098515,0
8182,02/11/15 15:26,21.89,31.125,432.75,977.5,0.005059998,0
8183,02/11/15 15:27,21.89,31.15,436.5,961.25,0.005064095,1
8184,02/11/15 15:28,21.89,31.06333333,434,948,0.005049891,1
8185,02/11/15 15:29,21.89,30.77,429,913.25,0.005001821,1
8186,02/11/15 15:29,21.89,30.7675,432.75,882.5,0.005001412,1
8187,02/11/15 15:30,21.89,30.945,429,884.5,0.005030499,1
8188,02/11/15 15:32,21.89,30.7925,429,899,0.005005508,1
8189,02/11/15 15:33,21.89,30.77,432.75,888.25,0.005001821,1
8190,02/11/15 15:34,21.89,30.795,436.5,878.5,0.005005918,1
8191,02/11/15 15:35,21.89,30.8175,429,891.25,0.005009605,1
8192,02/11/15 15:36,21.89,30.65,436.5,896.5,0.004982159,1
8193,02/11/15 15:36,21.89,30.7475,429,889.5,0.004998135,1
8194,02/11/15 15:38,21.89,30.76333333,429,887.3333333,0.005000729,1
8195,02/11/15 15:39,21.89,30.77,429,893.5,0.005001821,1
8196,02/11/15 15:40,21.89,30.445,429,832.5,0.004948571,1
8197,02/11/15 15:40,21.89,30.56666667,429,829,0.004968505,1
8198,02/11/15 15:42,21.89,30.5,429,829.25,0.004957582,1
8199,02/11/15 15:42,21.89,30.575,429,850.5,0.00496987,1
8200,02/11/15 15:43,21.89,30.6,429,844,0.004973966,1
8201,02/11/15 15:45,21.89,30.55,429,840.25,0.004965774,1
8202,02/11/15 15:46,21.865,30.55,429,823.75,0.00495814,1
8203,02/11/15 15:47,21.89,30.6,429,824,0.004973966,1
8204,02/11/15 15:48,21.89,30.34,429,813,0.004931369,1
8205,02/11/15 15:49,21.89,30.35666667,429,802,0.004934099,1
8206,02/11/15 15:49,21.865,30.3925,429,810.75,0.004932375,1
8207,02/11/15 15:51,21.89,30.35666667,429,805.3333333,0.004934099,1
8208,02/11/15 15:52,21.89,30.315,429,796.5,0.004927273,1
8209,02/11/15 15:53,21.89,30.2,429,795,0.004908434,1
8210,02/11/15 15:53,21.89,30.34,429,793.5,0.004931369,1
8211,02/11/15 15:55,21.89,30.295,429,790.5,0.004923997,1
8212,02/11/15 15:55,21.89,30.29,429,786.5,0.004923177,1
8213,02/11/15 15:56,21.89,30.39,429,794.3333333,0.00493956,1
8214,02/11/15 15:58,21.89,30.365,429,795.5,0.004935464,1
8215,02/11/15 15:59,21.89,30.42666667,414,792.6666667,0.004945567,1
8216,02/11/15 16:00,21.89,30.73,424,798,0.004995267,1
8217,02/11/15 16:01,21.89,30.4175,429,795.5,0.004944065,1
8218,02/11/15 16:01,21.89,30.39,429,797.75,0.00493956,1
8219,02/11/15 16:02,21.89,30.39,429,798,0.00493956,1
8220,02/11/15 16:04,21.89,30.445,429,802,0.004948571,1
8221,02/11/15 16:05,21.89,30.35666667,421.5,797.5,0.004934099,1
8222,02/11/15 16:06,21.89,30.32333333,429,791.5,0.004928638,1
8223,02/11/15 16:07,21.89,30.32,418.75,788.25,0.004928092,1
8224,02/11/15 16:08,21.89,30.39,429,792.25,0.00493956,1
8225,02/11/15 16:08,21.89,30.39,429,795.5,0.00493956,1
8226,02/11/15 16:09,21.89,30.365,429,793.5,0.004935464,1
8227,02/11/15 16:11,21.89,30.23,429,789.3333333,0.004913348,1
8228,02/11/15 16:12,21.89,30.2,429,786,0.004908434,1
8229,02/11/15 16:13,21.89,30.0225,429,771.75,0.004879358,1
8230,02/11/15 16:14,21.89,29.96,429,760,0.004869121,1
8231,02/11/15 16:14,21.89,29.9175,429,756,0.00486216,1
8232,02/11/15 16:15,21.89,30.1,429,754,0.004892053,1
8233,02/11/15 16:17,21.89,30.15,416.5,759,0.004900243,1
8234,02/11/15 16:18,21.89,30.13333333,421.6666667,756.6666667,0.004897513,1
8235,02/11/15 16:19,21.89,30.47,438,764.25,0.004952667,1
8236,02/11/15 16:20,21.89,30.16666667,441,768,0.004902973,1
8237,02/11/15 16:21,21.89,30.075,438,770.25,0.004887958,1
8238,02/11/15 16:21,21.89,30.125,438,766.25,0.004896148,1
8239,02/11/15 16:23,21.89,30.175,438,767.75,0.004904339,1
8240,02/11/15 16:24,21.89,30.295,438,777,0.004923997,1
8241,02/11/15 16:25,21.89,30.2,441,775.3333333,0.004908434,1
8242,02/11/15 16:25,21.89,30.2,436.3333333,768,0.004908434,1
8243,02/11/15 16:27,21.865,30.15,438,766.75,0.004892711,1
8244,02/11/15 16:27,21.89,30.075,438,772.5,0.004887958,1
8245,02/11/15 16:28,21.89,30.0725,435.5,774.75,0.004887548,1
8246,02/11/15 16:30,21.89,30.03,435,766.3333333,0.004880587,1
8247,02/11/15 16:31,21.89,29.9175,434.5,752,0.00486216,1
8248,02/11/15 16:32,21.89,30.1,430.5,754,0.004892053,1
8249,02/11/15 16:33,21.89,30.1,441,755,0.004892053,1
8250,02/11/15 16:34,21.89,30.075,431,763.25,0.004887958,1
8251,02/11/15 16:34,21.89,30.1975,425,769.5,0.004908024,1
8252,02/11/15 16:36,21.89,30.23,419,769.3333333,0.004913348,1
8253,02/11/15 16:37,21.9175,30.5475,395.25,772.25,0.004973773,1
8254,02/11/15 16:38,21.96333333,30.79333333,426.6666667,784.6666667,0.00502828,1
8255,02/11/15 16:38,21.9725,30.2,424.75,784.25,0.004933406,1
8256,02/11/15 16:40,22,30.175,423.5,794.25,0.004937632,1
8257,02/11/15 16:40,21.945,30.245,423.5,791,0.004932467,1
8258,02/11/15 16:41,21.92666667,30.29,426.6666667,791.3333333,0.004934296,1
8259,02/11/15 16:43,21.9725,30.175,428.25,793.25,0.00492929,1
8260,02/11/15 16:44,21.89,30.245,433,787.5,0.004915806,1
8261,02/11/15 16:45,21.92666667,30.35666667,433,789,0.004945242,1
8262,02/11/15 16:46,21.945,30.1725,428.25,782.75,0.00492055,1
8263,02/11/15 16:46,21.9175,30.34,428.25,783.5,0.004939719,1
8264,02/11/15 16:47,21.92666667,30.29,426.6666667,791,0.004934296,1
8265,02/11/15 16:49,21.9175,30.2925,428.25,786,0.004931925,1
8266,02/11/15 16:50,21.9175,30.27,433,786.5,0.004928232,1
8267,02/11/15 16:51,21.92666667,30.19666667,433,786.3333333,0.004918972,1
8268,02/11/15 16:52,21.89,30.34,428.25,786.3333333,0.004931369,1
8269,02/11/15 16:53,21.945,30.34,433,787.6666667,0.004948083,1
8270,02/11/15 16:53,21.945,30.39,433,786.5,0.004956302,1
8271,02/11/15 16:54,21.89,30.365,433,791.75,0.004935464,1
8272,02/11/15 16:56,21.89,30.39,433,788,0.00493956,1
8273,02/11/15 16:57,21.9175,30.4725,433,797.75,0.004961464,1
8274,02/11/15 16:58,21.9175,30.39,433,801.75,0.004947925,1
8275,02/11/15 16:59,21.945,30.5,433,803.5,0.004974386,1
8276,02/11/15 16:59,21.89,30.4725,433,811,0.004953076,1
8277,02/11/15 17:00,21.89,30.42666667,433,803.6666667,0.004945567,1
8278,02/11/15 17:02,21.9725,30.5,433,801.5,0.004982806,1
8279,02/11/15 17:03,21.945,30.5,433,804,0.004974386,1
8280,02/11/15 17:04,21.9725,30.4175,433,807,0.004969221,1
8281,02/11/15 17:05,21.945,30.3675,433,801.75,0.004952603,1
8282,02/11/15 17:06,21.9725,30.4725,433,796.25,0.004978278,1
8283,02/11/15 17:06,21.92666667,30.53333333,433,807,0.004974252,1
8284,02/11/15 17:08,21.9725,30.55,433,823.75,0.00499104,1
8285,02/11/15 17:09,21.89,30.46333333,433,818,0.004951574,1
8286,02/11/15 17:10,21.956,30.458,433,807.5,0.004970843,1
8287,02/11/15 17:10,21.9175,30.5,433,814,0.004965977,1
8288,02/11/15 17:12,21.96333333,30.39,433,804.25,0.004961894,1
8289,02/11/15 17:12,21.945,30.445,433,805,0.004965344,1
8290,02/11/15 17:13,21.945,30.3975,433,805.75,0.004957535,1
8291,02/11/15 17:15,21.945,30.3425,433,799.25,0.004948494,1
8292,02/11/15 17:16,22,30.445,433,797,0.004982167,1
8293,02/11/15 17:17,21.9725,30.4175,433,798.25,0.004969221,1
8294,02/11/15 17:18,22,30.2,433,784.5,0.004941755,1
8295,02/11/15 17:19,21.92666667,30.32666667,423.6666667,780.6666667,0.004940317,1
8296,02/11/15 17:19,21.9725,30.365,433,782.75,0.004960575,1
8297,02/11/15 17:21,21.89,30.39,426,787,0.00493956,1
8298,02/11/15 17:22,21.89,30.245,426,790.5,0.004915806,1
8299,02/11/15 17:23,21.89,30.3175,429.5,782.25,0.004927683,1
8300,02/11/15 17:23,21.89,30.19666667,423.6666667,778,0.004907888,1
8301,02/11/15 17:25,21.89,30.2475,422.5,778,0.004916215,1
8302,02/11/15 17:25,21.89,30.13333333,428.3333333,773.3333333,0.004897513,1
8303,02/11/15 17:26,21.89,30.175,419,766.25,0.004904339,1
8304,02/11/15 17:28,21.89,30.125,419,756.25,0.004896148,1
8305,02/11/15 17:29,21.89,30.175,419,751.3333333,0.004904339,1
8306,02/11/15 17:30,21.89,30.03333333,419,746.5,0.004881133,1
8307,02/11/15 17:31,21.89,29.8675,419,740.5,0.004853971,1
8308,02/11/15 17:31,21.84,29.84,419,735,0.004834569,1
8309,02/11/15 17:32,21.89,29.89,419,719,0.004857656,1
8310,02/11/15 17:34,21.815,29.84,419,718,0.004827135,1
8311,02/11/15 17:35,21.82333333,29.85666667,419,716,0.00483233,1
8312,02/11/15 17:36,21.84,29.84,419,712.25,0.004834569,1
8313,02/11/15 17:37,21.815,29.815,419,708.5,0.004823059,1
8314,02/11/15 17:38,21.84,29.795,419,702,0.004827221,1
8315,02/11/15 17:38,21.82333333,29.82333333,419,702,0.004826893,1
8316,02/11/15 17:39,21.815,29.7475,419,695.75,0.004812056,1
8317,02/11/15 17:41,21.79,29.73,419,686.6666667,0.004801807,1
8318,02/11/15 17:42,21.815,29.55,419,679.75,0.004779862,1
8319,02/11/15 17:43,21.79,29.5,419,674,0.004764374,1
8320,02/11/15 17:44,21.79,29.3675,419,669.25,0.004742812,1
8321,02/11/15 17:44,21.79,29.745,419,667.5,0.004804248,1
8322,02/11/15 17:45,21.815,29.6725,419,679,0.00479983,1
8323,02/11/15 17:47,21.79,29.6,419,678,0.004780649,1
8324,02/11/15 17:48,21.84,29.55,419,674,0.004787222,1
8325,02/11/15 17:49,21.79,29.4725,419,666.5,0.004759899,1
8326,02/11/15 17:50,21.79,29.34,419,665.6666667,0.004738337,1
8327,02/11/15 17:51,21.89,29.29,419,648.6666667,0.004759399,1
8328,02/11/15 17:51,21.84,29.315,419,643.25,0.004748861,1
8329,02/11/15 17:53,21.89,29.29,419,635,0.004759399,1
8330,02/11/15 17:54,21.865,29.29,419,636.25,0.004752084,1
8331,02/11/15 17:55,21.89,29.34,419,636.25,0.004767586,1
8332,02/11/15 17:55,21.89,29.29,419,639,0.004759399,1
8333,02/11/15 17:57,21.85666667,29.43333333,419,640.3333333,0.00477307,1
8334,02/11/15 17:57,21.89,29.2675,419,639.75,0.004755715,1
8335,02/11/15 17:58,21.89,29.245,419,638.5,0.004752031,1
8336,02/11/15 18:00,21.89,29.42,415.5,643.5,0.004780685,1
8337,02/11/15 18:01,21.89,29.7725,415,648,0.004838411,1
8338,02/11/15 18:02,21.89,29.7475,419,656.75,0.004834317,1
8339,02/11/15 18:03,21.89,29.45666667,419,655.6666667,0.004786689,1
8340,02/11/15 18:04,21.89,29.2675,419,646.75,0.004755715,1
8341,02/11/15 18:04,21.89,29.29,419,643,0.004759399,1
8342,02/11/15 18:06,21.89,29.23,419,639,0.004749575,1
8343,02/11/15 18:07,21.89,29.2,419,633.5,0.004744663,1
8344,02/11/15 18:08,21.865,29.125,419,631,0.004725111,1
8345,02/11/15 18:08,21.89,29.125,419,626,0.004732384,1
8346,02/11/15 18:10,21.815,28.9725,419,614.75,0.004685745,1
8347,02/11/15 18:10,21.79,28.89,419,606,0.004665118,1
8348,02/11/15 18:11,21.82333333,28.85666667,419,603,0.004669264,1
8349,02/11/15 18:13,21.79,28.79,419,600.75,0.004648849,1
8350,02/11/15 18:14,21.79,28.695,419,601,0.004633395,1
8351,02/11/15 18:15,21.79,28.63333333,419,601.6666667,0.004623363,1
8352,02/11/15 18:16,21.79,28.7225,419,597.25,0.004637868,1
8353,02/11/15 18:16,21.79,28.6475,419,596.5,0.004625668,1
8354,02/11/15 18:17,21.79,28.53333333,419,596.6666667,0.004607097,1
8355,02/11/15 18:19,21.79,28.525,419,595.25,0.004605742,1
8356,02/11/15 18:20,21.79,28.42,419,588.5,0.004588663,1
8357,02/11/15 18:21,21.79,28.55,419,585,0.004609808,1
8358,02/11/15 18:22,21.7675,28.5,419,585.75,0.004595307,1
8359,02/11/15 18:23,21.7,28.445,412,584.5,0.004567351,1
8360,02/11/15 18:23,21.7,28.5,279.3333333,585,0.004576247,1
8361,02/11/15 18:24,21.7,28.56666667,0,582,0.004587031,0
8362,02/11/15 18:26,21.7,28.76,0,578,0.004618306,0
8363,02/11/15 18:27,21.7,28.79,0,584,0.004623159,0
8364,02/11/15 18:28,21.7,28.79,0,586.5,0.004623159,0
8365,02/11/15 18:29,21.7,28.84,0,587.5,0.004631248,0
8366,02/11/15 18:29,21.7,28.86,0,586,0.004634483,0
8367,02/11/15 18:30,21.7,28.86,0,592.3333333,0.004634483,0
8368,02/11/15 18:32,21.7,28.79,0,590,0.004623159,0
8369,02/11/15 18:33,21.6,28.895,0,590,0.004611643,0
8370,02/11/15 18:34,21.63333333,28.79,0,590.5,0.00460421,0
8371,02/11/15 18:35,21.6,28.73,0,593.5,0.004585114,0
8372,02/11/15 18:36,21.6,28.79,0,595,0.004594761,0
8373,02/11/15 18:36,21.6,28.79,0,594.6666667,0.004594761,0
8374,02/11/15 18:38,21.55,28.79,0,593,0.00458062,0
8375,02/11/15 18:39,21.6,28.79,0,582.5,0.004594761,0
8376,02/11/15 18:40,21.6,28.79,0,579.5,0.004594761,0
8377,02/11/15 18:40,21.6,28.79,0,588,0.004594761,0
8378,02/11/15 18:42,21.5,28.84,0,596.5,0.004574506,0
8379,02/11/15 18:42,21.5,28.82333333,0,622.3333333,0.004571843,0
8380,02/11/15 18:43,21.5,28.79,0,606,0.004566517,0
8381,02/11/15 18:45,21.5,29.6,0,605,0.004695965,0
8382,02/11/15 18:46,21.5,28.995,0,642.5,0.004599273,0
8383,02/11/15 18:47,21.39,29.015,0,604.25,0.004571333,0
8384,02/11/15 18:48,21.39,29.445,0,596,0.004639585,0
8385,02/11/15 18:49,21.39,29.2,0,612,0.004600696,0
8386,02/11/15 18:49,21.39,29.1,0,720.5,0.004584824,0
8387,02/11/15 18:51,21.32333333,29.33,0,1760,0.004602344,0
8388,02/11/15 18:52,21.29,29,0,1665,0.004540823,0
8389,02/11/15 18:53,21.29,29.03,0,1255.666667,0.004545555,0
8390,02/11/15 18:53,21.29,29.2,0,724,0.00457237,0
8391,02/11/15 18:55,21.29,29.1,0,619,0.004556596,0
8392,02/11/15 18:55,21.29,29.9,0,562.5,0.004682806,0
8393,02/11/15 18:56,21.29,29.92666667,0,582,0.004687014,0
8394,02/11/15 18:58,21.29,29.8,0,616,0.004667027,0
8395,02/11/15 18:59,21.245,29.55,0,648.5,0.004614732,0
8396,02/11/15 19:00,21.2,29.5,0,673,0.004594069,0
8397,02/11/15 19:01,21.2,30.1,0,608,0.004688212,0
8398,02/11/15 19:01,21.2,29.6,0,752,0.004609757,0
8399,02/11/15 19:02,21.2,30.45,0,621.5,0.004743141,0
8400,02/11/15 19:04,21.2,30,0,589.3333333,0.004672519,0
8401,02/11/15 19:05,21.2,29.9,0,608.5,0.004656827,0
8402,02/11/15 19:06,21.2,29.945,0,620,0.004663889,0
8403,02/11/15 19:07,21.2,29.495,0,598.5,0.004593284,0
8404,02/11/15 19:08,21.2,29.64,0,640.5,0.004616033,0
8405,02/11/15 19:08,21.2,29.96333333,0,695,0.004666765,0
8406,02/11/15 19:09,21.2,29.89,0,670,0.004655258,0
8407,02/11/15 19:11,21.2,29.79,0,619,0.004639567,0
8408,02/11/15 19:12,21.2,29.76,0,571.6666667,0.00463486,0
8409,02/11/15 19:13,21.2,29.995,0,533.5,0.004671734,0
8410,02/11/15 19:14,21.16666667,29.99666667,0,618.6666667,0.004662375,0
8411,02/11/15 19:14,21.2,30.2,0,516,0.004703905,0
8412,02/11/15 19:15,21.15,31.05,0,515,0.00482239,0
8413,02/11/15 19:17,21.15,29.8,0,513.5,0.004626808,0
8414,02/11/15 19:18,21.15,29.645,0,520,0.004602564,0
8415,02/11/15 19:19,21.1,29.65,0,527.5,0.004589129,0
8416,02/11/15 19:20,21.1,29.45,0,526,0.004557947,0
8417,02/11/15 19:21,21.1,29.66333333,0,526.3333333,0.004591208,0
8418,02/11/15 19:21,21.1,29.795,0,528,0.004611738,0
8419,02/11/15 19:23,21.1,29.89,0,524,0.004626552,0
8420,02/11/15 19:24,21.1,29.695,0,524.5,0.004596146,0
8421,02/11/15 19:25,21.1,29.89666667,0,521.3333333,0.004627591,0
8422,02/11/15 19:25,21.1,29.995,0,524,0.004642926,0
8423,02/11/15 19:27,21.1,29.945,0,522.5,0.004635129,0
8424,02/11/15 19:27,21.1,29.79,0,526,0.004610959,0
8425,02/11/15 19:28,21.05,29.75,0,520,0.004590495,0
8426,02/11/15 19:30,21.1,30.29,0,526,0.004688933,0
8427,02/11/15 19:31,21.1,29.39,0,530,0.004548593,0
8428,02/11/15 19:32,21.1,29.6,0,529,0.004581333,0
8429,02/11/15 19:33,21.1,29.34,0,529,0.004540798,0
8430,02/11/15 19:34,21.1,29.745,0,527,0.004603942,0
8431,02/11/15 19:34,21.1,29.39333333,0,530,0.004549113,0
8432,02/11/15 19:36,21.1,30.05,0,526,0.004651503,0
8433,02/11/15 19:37,21.075,29.5,0,526,0.004558685,0
8434,02/11/15 19:38,21.1,29.5,0,526,0.004565742,0
8435,02/11/15 19:38,21.1,30.09,0,531.5,0.004657741,0
8436,02/11/15 19:40,21.1,30.1,0,534,0.0046593,0
8437,02/11/15 19:40,21,29.495,0,533,0.004536796,0
8438,02/11/15 19:41,21.1,29.445,0,521.3333333,0.004557167,0
8439,02/11/15 19:43,21.1,29.645,0,523.5,0.00458835,0
8440,02/11/15 19:44,21.1,30.1,0,521,0.0046593,0
8441,02/11/15 19:45,21,29.945,0,522,0.004606525,0
8442,02/11/15 19:46,21.1,29.6,0,520,0.004581333,0
8443,02/11/15 19:46,21.025,30.1225,0,520.5,0.004641213,0
8444,02/11/15 19:47,21,30,0,520,0.004615049,0
8445,02/11/15 19:49,21,29.53,0,523.6666667,0.004542218,0
8446,02/11/15 19:50,21,29.55,0,520,0.004545317,0
8447,02/11/15 19:51,21,29.195,0,524.5,0.004490318,0
8448,02/11/15 19:52,21,29.53,0,519.3333333,0.004542218,0
8449,02/11/15 19:53,21,29.445,0,519,0.004529049,0
8450,02/11/15 19:53,21,30.1,0,520,0.004630547,0
8451,02/11/15 19:54,21,29.945,0,522.5,0.004606525,0
8452,02/11/15 19:56,21,29.8,0,527.5,0.004584055,0
8453,02/11/15 19:57,21,30.06666667,0,537,0.004625381,0
8454,02/11/15 19:58,21,29.76666667,0,542.3333333,0.00457889,0
8455,02/11/15 19:59,21,29.5,0,548,0.00453757,0
8456,02/11/15 19:59,21,29.995,0,545.5,0.004614274,0
8457,02/11/15 20:00,21,29.92666667,0,549.6666667,0.004603684,0
8458,02/11/15 20:02,21,29.495,0,562,0.004536796,0
8459,02/11/15 20:03,21,29.5,0,583,0.00453757,0
8460,02/11/15 20:04,21,29.4475,0,552,0.004529436,0
8461,02/11/15 20:05,21,29.69666667,0,540,0.004568043,0
8462,02/11/15 20:06,21,29.445,0,527.3333333,0.004529049,0
8463,02/11/15 20:06,21,29.4,0,523.3333333,0.004522077,0
8464,02/11/15 20:08,21,29.495,0,517,0.004536796,0
8465,02/11/15 20:09,21,30.06,0,517.3333333,0.004624348,0
8466,02/11/15 20:10,21,30,0,513,0.004615049,0
8467,02/11/15 20:10,21,29.995,0,511,0.004614274,0
8468,02/11/15 20:12,21,29.56,0,513,0.004546867,0
8469,02/11/15 20:12,21,29.35,0,513,0.00451433,0
8470,02/11/15 20:13,21,29.9,0,512.3333333,0.004599552,0
8471,02/11/15 20:15,21,29.8,0,510.5,0.004584055,0
8472,02/11/15 20:16,20.92666667,29.59333333,0,512,0.004531404,0
8473,02/11/15 20:17,20.945,29.445,0,509,0.004513649,0
8474,02/11/15 20:18,20.945,29.6,0,502.5,0.004537582,0
8475,02/11/15 20:19,21,29.55,0,503,0.004545317,0
8476,02/11/15 20:19,21,29.6,0,502,0.004553064,0
8477,02/11/15 20:21,21,29.2,0,502,0.004491092,0
8478,02/11/15 20:22,21,29.23,0,500,0.00449574,0
8479,02/11/15 20:23,21,29.745,0,504,0.004575532,0
8480,02/11/15 20:23,21,29.245,0,506.5,0.004498063,0
8481,02/11/15 20:25,21,30.09,0,497,0.004628997,0
8482,02/11/15 20:25,20.9725,30.0475,0,493.5,0.004614544,0
8483,02/11/15 20:26,20.945,30.4,0,494.5,0.004661139,0
8484,02/11/15 20:28,20.92666667,30.09333333,0,499.6666667,0.004608532,0
8485,02/11/15 20:29,20.92666667,29.83,0,498.3333333,0.004567909,0
8486,02/11/15 20:30,20.89,30.29,0,498,0.004628346,0
8487,02/11/15 20:31,20.89,29.35,0,499,0.004483677,0
8488,02/11/15 20:31,20.89,29.76333333,0,501.6666667,0.004547282,0
8489,02/11/15 20:32,20.945,30,0,499,0.004599354,0
8490,02/11/15 20:34,20.89,29.6175,0,492.25,0.00452484,0
8491,02/11/15 20:35,20.89,29.79,0,495,0.004551386,0
8492,02/11/15 20:36,20.89,29.92,0,492,0.004571394,0
8493,02/11/15 20:37,20.89,29.3,0,494.5,0.004475984,0
8494,02/11/15 20:38,20.89,29.5,0,499,0.004506758,0
8495,02/11/15 20:38,20.89,29.59333333,0,497.3333333,0.004521121,0
8496,02/11/15 20:39,20.89,29.7,0,493,0.004537536,0
8497,02/11/15 20:41,20.89,29.79,0,491.5,0.004551386,0
8498,02/11/15 20:42,20.89,29.7675,0,492,0.004547923,0
8499,02/11/15 20:43,20.89,29.495,0,492,0.004505989,0
8500,02/11/15 20:44,20.89,30.42,0,486,0.004648358,0
8501,02/11/15 20:44,20.89,29.6,0,488,0.004522147,0
8502,02/11/15 20:45,20.85666667,29.62666667,0,491.3333333,0.004516909,0
8503,02/11/15 20:47,20.89,29.495,0,491,0.004505989,0
8504,02/11/15 20:48,20.89,29.35,0,491,0.004483677,0
8505,02/11/15 20:49,20.89,29.5,0,496,0.004506758,0
8506,02/11/15 20:50,20.89,29.29,0,500,0.004474446,0
8507,02/11/15 20:51,20.79,29.16666667,0,495.6666667,0.004427939,0
8508,02/11/15 20:51,20.89,29.65,0,489,0.004529841,0
8509,02/11/15 20:53,20.89,29.65,0,489,0.004529841,0
8510,02/11/15 20:54,20.79,29.5,0,489,0.004478908,0
8511,02/11/15 20:55,20.85666667,29.53333333,0,495,0.004502577,0
8512,02/11/15 20:55,20.82333333,30.12666667,0,494,0.004584219,0
8513,02/11/15 20:57,20.79,29.29666667,0,495.5,0.004447816,0
8514,02/11/15 20:57,20.84,30.045,0,495,0.004576428,0
8515,02/11/15 20:58,20.79,29.545,0,493.5,0.004485789,0
8516,02/11/15 21:00,20.79,29.495,0,494,0.004478143,0
8517,02/11/15 21:01,20.79,29.29,0,496,0.004446796,0
8518,02/11/15 21:02,20.79,29.395,0,486,0.004462852,0
8519,02/11/15 21:03,20.79,30.25,0,485,0.004593619,0
8520,02/11/15 21:04,20.79,29.34,0,490,0.004454442,0
8521,02/11/15 21:04,20.79,29.3,0,488,0.004448325,0
8522,02/11/15 21:06,20.76,29.56333333,0,484.6666667,0.00448025,0
8523,02/11/15 21:07,20.79,30.09666667,0,485.3333333,0.004570164,0
8524,02/11/15 21:08,20.79,29.89,0,487.5,0.004538553,0
8525,02/11/15 21:08,20.79,29.89,0,493,0.004538553,0
8526,02/11/15 21:10,20.79,29.795,0,496.5,0.004524023,0
8527,02/11/15 21:10,20.79,30.05,0,490,0.004563026,0
8528,02/11/15 21:11,20.79,29.85,0,493.5,0.004532435,0
8529,02/11/15 21:13,20.79,29.45,0,489,0.004471262,0
8530,02/11/15 21:14,20.79,29.83,0,486.3333333,0.004529376,0
8531,02/11/15 21:15,20.79,29.445,0,486.5,0.004470497,0
8532,02/11/15 21:16,20.79,29.39,0,486,0.004462087,0
8533,02/11/15 21:16,20.79,29.55,0,486,0.004486554,0
8534,02/11/15 21:17,20.79,29.39,0,486,0.004462087,0
8535,02/11/15 21:19,20.79,30.2,0,488,0.004585971,0
8536,02/11/15 21:20,20.79,29.79333333,0,489.3333333,0.004523768,0
8537,02/11/15 21:21,20.79,29.39,0,488.5,0.004462087,0
8538,02/11/15 21:22,20.79,29.245,0,488,0.004439916,0
8539,02/11/15 21:23,20.79,29.05,0,493,0.004410101,0
8540,02/11/15 21:23,20.79,29.2475,0,489,0.004440298,0
8541,02/11/15 21:24,20.79,30.6,0,486,0.004647166,0
8542,02/11/15 21:26,20.79,29.79,0,486.6666667,0.004523258,0
8543,02/11/15 21:27,20.745,29.545,0,490.5,0.004473287,0
8544,02/11/15 21:28,20.79,29.945,0,487.5,0.004546965,0
8545,02/11/15 21:29,20.79,30.045,0,488,0.004562261,0
8546,02/11/15 21:29,20.79,29.59,0,494,0.004492671,0
8547,02/11/15 21:30,20.79,29.495,0,492,0.004478143,0
8548,02/11/15 21:32,20.79,29.95,0,487.5,0.00454773,0
8549,02/11/15 21:33,20.79,29.795,0,489.5,0.004524023,0
8550,02/11/15 21:34,20.7,29.79,0,488,0.004498074,0
8551,02/11/15 21:35,20.7,29,0,488,0.00437795,0
8552,02/11/15 21:36,20.79,29.495,0,492,0.004478143,0
8553,02/11/15 21:36,20.79,29.33,0,488,0.004452913,0
8554,02/11/15 21:38,20.79,29.2,0,486,0.004433035,0
8555,02/11/15 21:39,20.79,29.84,0,489,0.004530905,0
8556,02/11/15 21:40,20.76,29.42666667,0,488.3333333,0.00445939,0
8557,02/11/15 21:40,20.745,29.52,0,487.5,0.004469475,0
8558,02/11/15 21:42,20.79,29.5,0,489,0.004478908,0
8559,02/11/15 21:42,20.79,28.895,0,495,0.004386405,0
8560,02/11/15 21:43,20.7,29.145,0,492,0.004399995,0
8561,02/11/15 21:45,20.7225,29.67,0,488.75,0.004486083,0
8562,02/11/15 21:46,20.7,29.35666667,0,491,0.004432178,0
8563,02/11/15 21:47,20.745,29.39,0,492.5,0.004449651,0
8564,02/11/15 21:48,20.745,29.29,0,486,0.004434403,0
8565,02/11/15 21:49,20.7,29.39,0,495,0.004437246,0
8566,02/11/15 21:49,20.7,29.34,0,494.5,0.004429643,0
8567,02/11/15 21:51,20.7,28.65,0,495,0.004324746,0
8568,02/11/15 21:52,20.7,28.9,0,496,0.004362748,0
8569,02/11/15 21:53,20.7,29.6,0,490.5,0.004469179,0
8570,02/11/15 21:53,20.7,29.695,0,492,0.004483626,0
8571,02/11/15 21:55,20.7,28.645,0,485,0.004323986,0
8572,02/11/15 21:55,20.7,29.26333333,0,490.3333333,0.004417986,0
8573,02/11/15 21:56,20.7,29.29,0,489,0.004422041,0
8574,02/11/15 21:58,20.7,29.99666667,0,490,0.004529507,0
8575,02/11/15 21:59,20.7,29.49666667,0,493.3333333,0.004453466,0
8576,02/11/15 22:00,20.7,29.2,0,488,0.004408357,0
8577,02/11/15 22:01,20.7,29.13,0,490.6666667,0.004397714,0
8578,02/11/15 22:01,20.7,28.7225,0,489,0.004335766,0
8579,02/11/15 22:02,20.7,29.02666667,0,487,0.004382004,0
8580,02/11/15 22:04,20.7,29.545,0,490.5,0.004460816,0
8581,02/11/15 22:05,20.7,28.895,0,494,0.004361988,0
8582,02/11/15 22:06,20.7,28.895,0,494.5,0.004361988,0
8583,02/11/15 22:07,20.7,29.195,0,486,0.004407597,0
8584,02/11/15 22:08,20.7,29.4,0,488.5,0.004438767,0
8585,02/11/15 22:08,20.7,29.945,0,489.5,0.004521648,0
8586,02/11/15 22:09,20.7,29.445,0,491.5,0.004445609,0
8587,02/11/15 22:11,20.7,29.195,0,489,0.004407597,0
8588,02/11/15 22:12,20.7,29.09,0,491.5,0.004391633,0
8589,02/11/15 22:13,20.7,29.3,0,489,0.004423561,0
8590,02/11/15 22:14,20.7,28.995,0,492.5,0.00437719,0
8591,02/11/15 22:14,20.7,29.045,0,491,0.004384792,0
8592,02/11/15 22:15,20.7,29.35,0,485,0.004431164,0
8593,02/11/15 22:17,20.7,28.745,0,488,0.004339186,0
8594,02/11/15 22:18,20.7,28.495,0,489.5,0.004301186,0
8595,02/11/15 22:19,20.7,28.56,0,486.3333333,0.004311066,0
8596,02/11/15 22:20,20.7,28.2,0,487,0.004256353,0
8597,02/11/15 22:21,20.6,28,0,487,0.004199819,0
8598,02/11/15 22:21,20.7,28.8,0,491.5,0.004347546,0
8599,02/11/15 22:23,20.7,28.29,0,487,0.00427003,0
8600,02/11/15 22:24,20.63333333,28.99666667,0,487,0.00435937,0
8601,02/11/15 22:25,20.6,28.195,0,488,0.004229267,0
8602,02/11/15 22:25,20.6,28.33,0,486.3333333,0.004249655,0
8603,02/11/15 22:27,20.6,28.4,0,486,0.004260228,0
8604,02/11/15 22:27,20.6,28.1,0,487,0.00421492,0
8605,02/11/15 22:28,20.6,28.495,0,497,0.004274576,0
8606,02/11/15 22:30,20.6,29,0,498,0.004350862,0
8607,02/11/15 22:31,20.6,28.945,0,497,0.004342553,0
8608,02/11/15 22:32,20.6,28.79,0,496.5,0.004319137,0
8609,02/11/15 22:33,20.6,28.03333333,0,487,0.004204853,0
8610,02/11/15 22:34,20.5,27.995,0,486.5,0.00417307,0
8611,02/11/15 22:34,20.5,27.895,0,491.5,0.004158064,0
8612,02/11/15 22:36,20.5,28.59,0,489,0.004262371,0
8613,02/11/15 22:37,20.53333333,28.02333333,0,488,0.00418598,0
8614,02/11/15 22:38,20.5,27.79,0,487,0.004142308,0
8615,02/11/15 22:38,20.5,27.79,0,488,0.004142308,0
8616,02/11/15 22:40,20.55,28.195,0,488.5,0.004216158,0
8617,02/11/15 22:40,20.5,28.09666667,0,495,0.004188327,0
8618,02/11/15 22:41,20.5,27.96333333,0,499.3333333,0.004168318,0
8619,02/11/15 22:43,20.55,28.1,0,499,0.004201856,0
8620,02/11/15 22:44,20.55,28.245,0,489,0.004223685,0
8621,02/11/15 22:45,20.55,28.195,0,489.5,0.004216158,0
8622,02/11/15 22:46,20.5,27.79,0,486,0.004142308,0
8623,02/11/15 22:46,20.5,28.09666667,0,490.3333333,0.004188327,0
8624,02/11/15 22:47,20.5,27.7,0,488,0.004128804,0
8625,02/11/15 22:49,20.5,28.16,0,484.6666667,0.004197832,0
8626,02/11/15 22:50,20.5,27.73,0,491.6666667,0.004133305,0
8627,02/11/15 22:51,20.5,28.7,0,492,0.004278884,0
8628,02/11/15 22:52,20.5,28.445,0,488.5,0.004240607,0
8629,02/11/15 22:53,20.53333333,28,0,489.3333333,0.004182471,0
8630,02/11/15 22:53,20.6,27.9,0,490,0.004184719,0
8631,02/11/15 22:54,20.55,27.6,0,491.5,0.004126594,0
8632,02/11/15 22:56,20.55,28.04,0,493.5,0.004192823,0
8633,02/11/15 22:57,20.5,28.895,0,491,0.004308158,0
8634,02/11/15 22:58,20.5,28.195,0,498.5,0.004203084,0
8635,02/11/15 22:59,20.5,28.145,0,486,0.004195581,0
8636,02/11/15 22:59,20.56666667,29.03,0,489.3333333,0.004346388,0
8637,02/11/15 23:00,20.6,28.1,0,488,0.00421492,0
8638,02/11/15 23:02,20.6,27.95,0,489.5,0.004192269,0
8639,02/11/15 23:03,20.6,27.84,0,488,0.004175659,0
8640,02/11/15 23:04,20.6,28.4,0,493.5,0.004260228,0
8641,02/11/15 23:05,20.6,27.995,0,497.5,0.004199064,0
8642,02/11/15 23:06,20.65,28.495,0,496.5,0.004287863,0
8643,02/11/15 23:06,20.6,28,0,493,0.004199819,0
8644,02/11/15 23:08,20.6,28.29,0,492,0.004243614,0
8645,02/11/15 23:09,20.6,27.84,0,491.5,0.004175659,0
8646,02/11/15 23:10,20.6,27.76333333,0,494,0.004164083,0
8647,02/11/15 23:10,20.6,27.745,0,493,0.004161315,0
8648,02/11/15 23:12,20.6,27.945,0,492,0.004191514,0
8649,02/11/15 23:12,20.6,27.945,0,493.5,0.004191514,0
8650,02/11/15 23:13,20.6,28.1,0,497,0.00421492,0
8651,02/11/15 23:15,20.6,28.29,0,499,0.004243614,0
8652,02/11/15 23:16,20.6,27.695,0,501,0.004153766,0
8653,02/11/15 23:17,20.6,28.1475,0,498.25,0.004222093,0
8654,02/11/15 23:18,20.6,28.29,0,498,0.004243614,0
8655,02/11/15 23:19,20.6,28.03,0,498,0.004204349,0
8656,02/11/15 23:19,20.6,27.53,0,495,0.004128854,0
8657,02/11/15 23:21,20.6,27.7,0,493,0.004154521,0
8658,02/11/15 23:22,20.6,27.995,0,494.5,0.004199064,0
8659,02/11/15 23:23,20.6,27.295,0,495,0.004093378,0
8660,02/11/15 23:23,20.6,27.495,0,494.5,0.00412357,0
8661,02/11/15 23:25,20.7,27.79,0,500,0.004194052,0
8662,02/11/15 23:25,20.65,27.59,0,499.5,0.004150772,0
8663,02/11/15 23:26,20.6,27.56333333,0,497.6666667,0.004133887,0
8664,02/11/15 23:28,20.65,27.95,0,489.5,0.004205298,0
8665,02/11/15 23:29,20.6,27.4,0,490,0.004109228,0
8666,02/11/15 23:30,20.6,27.79,0,493,0.004168109,0
8667,02/11/15 23:31,20.6,27.445,0,497.5,0.004116022,0
8668,02/11/15 23:31,20.6,27.79,0,503,0.004168109,0
8669,02/11/15 23:32,20.6,28.5,0,502,0.004275331,0
8670,02/11/15 23:34,20.6,27.36333333,0,497.6666667,0.004103693,0
8671,02/11/15 23:35,20.6,27,0,498,0.004048849,0
8672,02/11/15 23:36,20.6,27.2,0,499,0.004079037,0
8673,02/11/15 23:37,20.65,27.34,0,495.5,0.004112912,0
8674,02/11/15 23:38,20.7,27.65,0,497.5,0.004172782,0
8675,02/11/15 23:38,20.65,27.695,0,497,0.004166674,0
8676,02/11/15 23:39,20.6,27.53,0,495.6666667,0.004128854,0
8677,02/11/15 23:41,20.6,27.22666667,0,495.6666667,0.004083063,0
8678,02/11/15 23:42,20.6,27.79,0,498,0.004168109,0
8679,02/11/15 23:43,20.63333333,27.09666667,0,497,0.004071854,0
8680,02/11/15 23:44,20.6,26.84,0,498,0.004024701,0
8681,02/11/15 23:44,20.6,26.89666667,0,500,0.004033253,0
8682,02/11/15 23:45,20.6,27.195,0,497,0.004078283,0
8683,02/11/15 23:47,20.6,27.745,0,499,0.004161315,0
8684,02/11/15 23:48,20.6,27.56666667,0,499.3333333,0.00413439,0
8685,02/11/15 23:49,20.55,27.495,0,498.5,0.004110791,0
8686,02/11/15 23:50,20.55,27.445,0,502.5,0.004103266,0
8687,02/11/15 23:51,20.6,26.895,0,501,0.004033002,0
8688,02/11/15 23:51,20.55,27.55,0,499,0.004119068,0
8689,02/11/15 23:53,20.6,27.245,0,504.5,0.00408583,0
8690,02/11/15 23:54,20.6,27.49666667,0,508,0.004123822,0
8691,02/11/15 23:55,20.56666667,27.09333333,0,501.3333333,0.004054539,0
8692,02/11/15 23:55,20.55,26.995,0,502.5,0.004035551,0
8693,02/11/15 23:57,20.6,27.04,0,502,0.004054887,0
8694,02/11/15 23:57,20.6,27.04,0,504.6666667,0.004054887,0
8695,02/11/15 23:58,20.6,27.245,0,506.5,0.00408583,0
8696,02/12/15 0:00,20.6,26.65,0,508,0.003996027,0
8697,02/12/15 0:01,20.55,26.85,0,505.5,0.004013734,0
8698,02/12/15 0:02,20.6,26.8,0,502.3333333,0.004018664,0
8699,02/12/15 0:03,20.6,27.16666667,0,500,0.004074006,0
8700,02/12/15 0:04,20.6,26.89,0,498,0.004032247,0
8701,02/12/15 0:04,20.55,27.39,0,503,0.004094989,0
8702,02/12/15 0:06,20.6,26.99666667,0,502.3333333,0.004048346,0
8703,02/12/15 0:07,20.6,27.36333333,0,500.3333333,0.004103693,0
8704,02/12/15 0:08,20.6,26.7,0,499,0.004003572,0
8705,02/12/15 0:08,20.6,26.49666667,0,507.6666667,0.003972889,0
8706,02/12/15 0:10,20.6,27,0,504,0.004048849,0
8707,02/12/15 0:10,20.6,26.89,0,505,0.004032247,0
8708,02/12/15 0:11,20.6,26.5,0,505,0.003973392,0
8709,02/12/15 0:13,20.55,26.795,0,506.5,0.00400546,0
8710,02/12/15 0:14,20.6,26.76333333,0,506,0.00401313,0
8711,02/12/15 0:15,20.6,26.5,0,505,0.003973392,0
8712,02/12/15 0:16,20.6,27.15,0,504,0.00407149,0
8713,02/12/15 0:16,20.6,26.85,0,509,0.00402621,0
8714,02/12/15 0:17,20.6,26.79333333,0,505.6666667,0.004017658,0
8715,02/12/15 0:19,20.6,27.145,0,508,0.004070735,0
8716,02/12/15 0:20,20.6,27.2,0,506,0.004079037,0
8717,02/12/15 0:21,20.56666667,27.15666667,0,499,0.004064079,0
8718,02/12/15 0:22,20.575,27.0425,0,504.6666667,0.004048977,0
8719,02/12/15 0:23,20.6,26.84,0,508.6666667,0.004024701,0
8720,02/12/15 0:23,20.6,26.6,0,510.5,0.003988482,0
8721,02/12/15 0:24,20.6,26.65,0,506,0.003996027,0
8722,02/12/15 0:26,20.55,26.79,0,504,0.004004707,0
8723,02/12/15 0:27,20.6,26.545,0,506,0.003980182,0
8724,02/12/15 0:28,20.6,26.395,0,507,0.003957548,0
8725,02/12/15 0:29,20.6,26.8,0,508.5,0.004018664,0
8726,02/12/15 0:29,20.6,26.73,0,510.3333333,0.0040081,0
8727,02/12/15 0:30,20.6,26.89,0,508,0.004032247,0
8728,02/12/15 0:32,20.6,26.65,0,502,0.003996027,0
8729,02/12/15 0:33,20.6,26.5675,0,511,0.003983577,0
8730,02/12/15 0:34,20.6,27,0,514,0.004048849,0
8731,02/12/15 0:35,20.6,27.245,0,508,0.00408583,0
8732,02/12/15 0:36,20.6,26.59,0,506.5,0.003986973,0
8733,02/12/15 0:36,20.6,26.89,0,508,0.004032247,0
8734,02/12/15 0:38,20.6,26.6,0,510.3333333,0.003988482,0
8735,02/12/15 0:39,20.6,26.2,0,507,0.003928126,0
8736,02/12/15 0:40,20.6,26.15,0,511.5,0.003920582,0
8737,02/12/15 0:40,20.6,26.79,0,512,0.004017155,0
8738,02/12/15 0:42,20.6,26.77,0,515.25,0.004014136,0
8739,02/12/15 0:42,20.6,26.245,0,514,0.003934915,0
8740,02/12/15 0:43,20.6,26.7,0,513,0.004003572,0
8741,02/12/15 0:45,20.66666667,26.26,0,516,0.003953494,0
8742,02/12/15 0:46,20.65,26.35,0,516,0.003963032,0
8743,02/12/15 0:47,20.7,26.7,0,510,0.004028485,0
8744,02/12/15 0:48,20.7,26.7,0,510,0.004028485,0
8745,02/12/15 0:49,20.65,26.245,0,510.5,0.00394714,0
8746,02/12/15 0:49,20.6,27,0,516,0.004048849,0
8747,02/12/15 0:51,20.6,26.295,0,520,0.003942459,0
8748,02/12/15 0:52,20.6,26.545,0,518.6666667,0.003980182,0
8749,02/12/15 0:53,20.6,26,0,516.5,0.003897952,0
8750,02/12/15 0:53,20.6,26,0,518,0.003897952,0
8751,02/12/15 0:55,20.65,26,0,516.5,0.003910061,0
8752,02/12/15 0:55,20.6,26.2,0,511,0.003928126,0
8753,02/12/15 0:56,20.65,26.445,0,509.5,0.003977411,0
8754,02/12/15 0:58,20.66666667,26.3,0,521,0.003959555,0
8755,02/12/15 0:59,20.65,26.245,0,513.3333333,0.00394714,0
8756,02/12/15 1:00,20.6,26.195,0,518,0.003927371,0
8757,02/12/15 1:01,20.6,26.495,0,521,0.003972637,0
8758,02/12/15 1:01,20.6,26.3,0,516.5,0.003943214,0
8759,02/12/15 1:02,20.6,26.09666667,0,514,0.003912536,0
8760,02/12/15 1:04,20.6,26.1,0,518,0.003913039,0
8761,02/12/15 1:05,20.6,27,0,517,0.004048849,0
8762,02/12/15 1:06,20.6,26.29333333,0,519,0.003942208,0
8763,02/12/15 1:07,20.6,26.55,0,521.5,0.003980937,0
8764,02/12/15 1:08,20.6,26.56,0,525.6666667,0.003982446,0
8765,02/12/15 1:08,20.6,26.1,0,524,0.003913039,0
8766,02/12/15 1:09,20.6,25.7,0,522,0.003852697,0
8767,02/12/15 1:11,20.6,25.79,0,523,0.003866273,0
8768,02/12/15 1:12,20.6,26.245,0,521.5,0.003934915,0
8769,02/12/15 1:13,20.6,26.145,0,524.5,0.003919828,0
8770,02/12/15 1:14,20.6,26.39,0,526,0.003956793,0
8771,02/12/15 1:14,20.6,26.2,0,526,0.003928126,0
8772,02/12/15 1:15,20.6,26.15,0,524.5,0.003920582,0
8773,02/12/15 1:17,20.6,26.3,0,527.75,0.003943214,0
8774,02/12/15 1:18,20.6,25.945,0,528,0.003889655,0
8775,02/12/15 1:19,20.7,26,0,522,0.003922203,0
8776,02/12/15 1:20,20.6,25.945,0,526.5,0.003889655,0
8777,02/12/15 1:21,20.6,25.8,0,532,0.003867781,0
8778,02/12/15 1:21,20.6,26.295,0,534.5,0.003942459,0
8779,02/12/15 1:23,20.6,26.09,0,531,0.00391153,0
8780,02/12/15 1:24,20.6,25.85,0,535,0.003875324,0
8781,02/12/15 1:25,20.55,25.6,0,533.5,0.003825726,0
8782,02/12/15 1:25,20.6,26.1,0,533,0.003913039,0
8783,02/12/15 1:27,20.6,26.045,0,530,0.003904741,0
8784,02/12/15 1:27,20.6,25.66333333,0,532,0.003847166,0
8785,02/12/15 1:28,20.6,25.76333333,0,532.6666667,0.00386225,0
8786,02/12/15 1:30,20.6,25.6,0,534.5,0.003837614,0
8787,02/12/15 1:31,20.7,25.7,0,537,0.003876665,0
8788,02/12/15 1:32,20.7,25.86666667,0,539,0.003901963,0
8789,02/12/15 1:33,20.66666667,25.83333333,0,543,0.003888857,0
8790,02/12/15 1:34,20.6,26.16666667,0,542.6666667,0.003923097,0
8791,02/12/15 1:34,20.7,26.5,0,542,0.003998115,0
8792,02/12/15 1:36,20.6,25.995,0,535.5,0.003897198,0
8793,02/12/15 1:37,20.6,26.06333333,0,539.3333333,0.003907507,0
8794,02/12/15 1:38,20.6,26.29,0,540,0.003941705,0
8795,02/12/15 1:38,20.6,25.745,0,540,0.003859485,0
8796,02/12/15 1:40,20.6,25.86333333,0,541.6666667,0.003877335,0
8797,02/12/15 1:40,20.6,25.495,0,543,0.003821777,0
8798,02/12/15 1:41,20.6,25.75,0,545.5,0.003860239,0
8799,02/12/15 1:43,20.6,25.895,0,544.5,0.003882112,0
8800,02/12/15 1:44,20.6,25.79,0,543,0.003866273,0
8801,02/12/15 1:45,20.6,25.825,0,545,0.003871553,0
8802,02/12/15 1:46,20.6,26.445,0,546,0.003965092,0
8803,02/12/15 1:46,20.6,25.95,0,541.5,0.003890409,0
8804,02/12/15 1:47,20.6,25.6,0,536,0.003837614,0
8805,02/12/15 1:49,20.55,25.445,0,536.5,0.003802421,0
8806,02/12/15 1:50,20.5,25.5,0,549,0.003798882,0
8807,02/12/15 1:51,20.5,26.045,0,551.5,0.00388058,0
8808,02/12/15 1:52,20.5,25.895,0,551.5,0.003858092,0
8809,02/12/15 1:53,20.55,25.645,0,557,0.003832492,0
8810,02/12/15 1:53,20.5,25.445,0,554.5,0.003790638,0
8811,02/12/15 1:54,20.5,25.29,0,552,0.003767407,0
8812,02/12/15 1:56,20.6,25.6,0,549,0.003837614,0
8813,02/12/15 1:57,20.55,25.1,0,544,0.003750554,0
8814,02/12/15 1:58,20.6,25.445,0,544.5,0.003814236,0
8815,02/12/15 1:59,20.6,25.2,0,549,0.003777287,0
8816,02/12/15 1:59,20.6,25.29,0,547.5,0.003790859,0
8817,02/12/15 2:00,20.6,25.59666667,0,548.3333333,0.003837111,0
8818,02/12/15 2:02,20.6,25.89,0,549,0.003881358,0
8819,02/12/15 2:03,20.6,25.245,0,549,0.003784073,0
8820,02/12/15 2:04,20.6,25.1,0,558,0.003762207,0
8821,02/12/15 2:05,20.6,25.39666667,0,555,0.003806946,0
8822,02/12/15 2:06,20.6,25.85,0,555.5,0.003875324,0
8823,02/12/15 2:06,20.6,25.445,0,546.5,0.003814236,0
8824,02/12/15 2:08,20.7,26.1,0,544,0.003937384,0
8825,02/12/15 2:09,20.6,25.84,0,546.5,0.003873815,0
8826,02/12/15 2:10,20.5,25.79,0,548,0.003842352,0
8827,02/12/15 2:10,20.6,25.56,0,550,0.00383158,0
8828,02/12/15 2:12,20.6,25.495,0,552.3333333,0.003821777,0
8829,02/12/15 2:12,20.6,25.195,0,552,0.003776533,0
8830,02/12/15 2:13,20.6,25.395,0,549.5,0.003806695,0
8831,02/12/15 2:15,20.6,25.495,0,549.5,0.003821777,0
8832,02/12/15 2:16,20.6,25.195,0,553,0.003776533,0
8833,02/12/15 2:17,20.56666667,25.46333333,0,554,0.003809115,0
8834,02/12/15 2:18,20.6,25.35,0,551.5,0.003799908,0
8835,02/12/15 2:19,20.6,25.2725,0,553.5,0.00378822,0
8836,02/12/15 2:19,20.6,25.39333333,0,552.3333333,0.003806443,0
8837,02/12/15 2:21,20.6,25.56666667,0,549,0.003832586,0
8838,02/12/15 2:22,20.6,25,0,550,0.003747128,0
8839,02/12/15 2:23,20.6,25.29666667,0,549.3333333,0.003791865,0
8840,02/12/15 2:23,20.6,25.245,0,547.5,0.003784073,0
8841,02/12/15 2:25,20.6,25.245,0,545.5,0.003784073,0
8842,02/12/15 2:25,20.6,25.5,0,543.6666667,0.003822531,0
8843,02/12/15 2:26,20.6,25.53,0,551,0.003827056,0
8844,02/12/15 2:28,20.6,25.195,0,552.5,0.003776533,0
8845,02/12/15 2:29,20.6,25.195,0,554.5,0.003776533,0
8846,02/12/15 2:30,20.6,25.14,0,553,0.003768239,0
8847,02/12/15 2:31,20.6,25.1,0,555,0.003762207,0
8848,02/12/15 2:31,20.6,25.29,0,555,0.003790859,0
8849,02/12/15 2:32,20.6,24.945,0,560,0.003738834,0
8850,02/12/15 2:34,20.6,25.26666667,0,553,0.00378734,0
8851,02/12/15 2:35,20.6,25.1,0,553.3333333,0.003762207,0
8852,02/12/15 2:36,20.6,25.395,0,554.5,0.003806695,0
8853,02/12/15 2:37,20.575,25.1475,0,558,0.003763528,0
8854,02/12/15 2:38,20.6,24.89,0,555,0.003730541,0
8855,02/12/15 2:38,20.6,25.05,0,556,0.003754667,0
8856,02/12/15 2:39,20.6,25.695,0,552,0.003851943,0
8857,02/12/15 2:41,20.6,25.05,0,557,0.003754667,0
8858,02/12/15 2:42,20.5,25.29,0,555,0.003767407,0
8859,02/12/15 2:43,20.6,25.745,0,561.5,0.003859485,0
8860,02/12/15 2:44,20.6,25.445,0,561.5,0.003814236,0
8861,02/12/15 2:44,20.6,25.05,0,563,0.003754667,0
8862,02/12/15 2:45,20.6,25.03,0,559.6666667,0.003751651,0
8863,02/12/15 2:47,20.6,25.6,0,555,0.003837614,0
8864,02/12/15 2:48,20.6,25.2,0,555,0.003777287,0
8865,02/12/15 2:49,20.6,25.4,0,557,0.003807449,0
8866,02/12/15 2:50,20.6,25.195,0,551.5,0.003776533,0
8867,02/12/15 2:51,20.6,25.39,0,546.5,0.003805941,0
8868,02/12/15 2:51,20.6,25.55,0,553.5,0.003830072,0
8869,02/12/15 2:53,20.55,25.395,0,550,0.003794903,0
8870,02/12/15 2:54,20.6,24.79,0,546,0.003715464,0
8871,02/12/15 2:55,20.6,25.05,0,553.5,0.003754667,0
8872,02/12/15 2:55,20.6,24.745,0,554,0.003708679,0
8873,02/12/15 2:57,20.6,25.395,0,550,0.003806695,0
8874,02/12/15 2:57,20.6,26.1,0,552,0.003913039,0
8875,02/12/15 2:58,20.6,25.09,0,546,0.003760699,0
8876,02/12/15 3:00,20.6,24.65,0,554,0.003694356,0
8877,02/12/15 3:01,20.6,24.6,0,561,0.003686818,0
8878,02/12/15 3:02,20.6,24.745,0,559,0.003708679,0
8879,02/12/15 3:03,20.6,24.545,0,559,0.003678527,0
8880,02/12/15 3:04,20.7,25,0,552,0.003770435,0
8881,02/12/15 3:04,20.6,24.995,0,552,0.003746374,0
8882,02/12/15 3:06,20.6,24.63,0,555.6666667,0.003691341,0
8883,02/12/15 3:07,20.6,24.6,0,556,0.003686818,0
8884,02/12/15 3:08,20.6,24.895,0,559,0.003731295,0
8885,02/12/15 3:08,20.6,25.395,0,557.5,0.003806695,0
8886,02/12/15 3:10,20.6,24.92666667,0,560.6666667,0.00373607,0
8887,02/12/15 3:10,20.6,25,0,561,0.003747128,0
8888,02/12/15 3:11,20.6,24.84,0,564.5,0.003723003,0
8889,02/12/15 3:13,20.625,24.6725,0,575.75,0.003703486,0
8890,02/12/15 3:14,20.6,24.6,0,579,0.003686818,0
8891,02/12/15 3:15,20.6,24.39,0,579,0.003655161,0
8892,02/12/15 3:16,20.63333333,24.66333333,0,573.6666667,0.003704016,0
8893,02/12/15 3:16,20.6,25.29,0,579,0.003790859,0
8894,02/12/15 3:17,20.6,25.33,0,579.6666667,0.003796892,0
8895,02/12/15 3:19,20.6,24.795,0,576,0.003716218,0
8896,02/12/15 3:20,20.6,24.945,0,579,0.003738834,0
8897,02/12/15 3:21,20.7,24.55,0,579,0.003702163,0
8898,02/12/15 3:22,20.7,24.6,0,575,0.003709748,0
8899,02/12/15 3:23,20.6,24.495,0,570,0.003670989,0
8900,02/12/15 3:23,20.6,24.39,0,578,0.003655161,0
8901,02/12/15 3:24,20.6,24.495,0,579,0.003670989,0
8902,02/12/15 3:26,20.6,24.995,0,576.5,0.003746374,0
8903,02/12/15 3:27,20.6,24.945,0,573.5,0.003738834,0
8904,02/12/15 3:28,20.6,24.59,0,574.5,0.003685311,0
8905,02/12/15 3:29,20.6,24.2,0,579,0.003626521,0
8906,02/12/15 3:29,20.6,24.55666667,0,579.3333333,0.003680285,0
8907,02/12/15 3:30,20.6,25.29,0,582,0.003790859,0
8908,02/12/15 3:32,20.6,24.6,0,587,0.003686818,0
8909,02/12/15 3:33,20.6,25.15,0,598,0.003769747,0
8910,02/12/15 3:34,20.6,24.66333333,0,604.6666667,0.003696367,0
8911,02/12/15 3:35,20.6,24.6,0,610,0.003686818,0
8912,02/12/15 3:36,20.6,24.52333333,0,609.3333333,0.00367526,0
8913,02/12/15 3:36,20.6,24.2,0,610,0.003626521,0
8914,02/12/15 3:38,20.6,24.34,0,610,0.003647623,0
8915,02/12/15 3:39,20.6,24.445,0,613,0.003663452,0
8916,02/12/15 3:40,20.6,24.245,0,616,0.003633303,0
8917,02/12/15 3:40,20.625,24.595,0,662.25,0.003691784,0
8918,02/12/15 3:42,20.65,24.245,0,700.5,0.003644585,0
8919,02/12/15 3:42,20.63333333,24.26666667,0,955.6666667,0.003644094,0
8920,02/12/15 3:43,20.7,24.29,0,965,0.003662724,0
8921,02/12/15 3:45,20.6,24.55,0,740,0.00367928,0
8922,02/12/15 3:46,20.7,24.395,0,626.5,0.00367865,0
8923,02/12/15 3:47,20.7,24.395,0,592.5,0.00367865,0
8924,02/12/15 3:48,20.7,24.1,0,588,0.003633906,0
8925,02/12/15 3:49,20.7,24.39666667,0,586.6666667,0.003678903,0
8926,02/12/15 3:49,20.7,24.495,0,594,0.00369382,0
8927,02/12/15 3:51,20.7,24.6,0,591,0.003709748,0
8928,02/12/15 3:52,20.6,24.445,0,596.5,0.003663452,0
8929,02/12/15 3:53,20.6,24.34,0,607,0.003647623,0
8930,02/12/15 3:53,20.6,24.195,0,609.5,0.003625767,0
8931,02/12/15 3:55,20.6,24.52666667,0,599.3333333,0.003675763,0
8932,02/12/15 3:55,20.63333333,24.86333333,0,599,0.003734233,0
8933,02/12/15 3:56,20.65,24.145,0,602,0.003629465,0
8934,02/12/15 3:58,20.65,24.05,0,600.5,0.003615102,0
8935,02/12/15 3:59,20.65,24.645,0,593,0.003705073,0
8936,02/12/15 4:00,20.7,24.15,0,586.5,0.003641489,0
8937,02/12/15 4:01,20.7,24.84,0,587.5,0.003746158,0
8938,02/12/15 4:01,20.6,24.045,0,584,0.003603158,0
8939,02/12/15 4:02,20.6,24.6,0,593,0.003686818,0
8940,02/12/15 4:04,20.6,24.42,0,578.25,0.003659683,0
8941,02/12/15 4:05,20.6,24.35,0,582.5,0.003649131,0
8942,02/12/15 4:06,20.6,24.8,0,584,0.003716972,0
8943,02/12/15 4:07,20.6,24.83,0,571.6666667,0.003721495,0
8944,02/12/15 4:08,20.6,24.6,0,570,0.003686818,0
8945,02/12/15 4:08,20.6,24.34,0,577,0.003647623,0
8946,02/12/15 4:09,20.6,24.9,0,573,0.003732049,0
8947,02/12/15 4:11,20.6,24.6,0,572,0.003686818,0
8948,02/12/15 4:12,20.6,24.245,0,568.5,0.003633303,0
8949,02/12/15 4:13,20.6,24.45,0,568.5,0.003664205,0
8950,02/12/15 4:14,20.6,24.795,0,564.5,0.003716218,0
8951,02/12/15 4:14,20.6,24.195,0,567.5,0.003625767,0
8952,02/12/15 4:15,20.6,24.2,0,569,0.003626521,0
8953,02/12/15 4:17,20.6,24.16333333,0,564.6666667,0.003620994,0
8954,02/12/15 4:18,20.6,23.84,0,568.5,0.003572262,0
8955,02/12/15 4:19,20.6,23.89,0,566,0.003579798,0
8956,02/12/15 4:20,20.6,24.49666667,0,562,0.00367124,0
8957,02/12/15 4:21,20.65,24.445,0,558.5,0.003674828,0
8958,02/12/15 4:21,20.6,24.295,0,559,0.00364084,0
8959,02/12/15 4:23,20.6,24.3,0,560.5,0.003641594,0
8960,02/12/15 4:24,20.6,24.79,0,555,0.003715464,0
8961,02/12/15 4:25,20.6,24.245,0,556,0.003633303,0
8962,02/12/15 4:25,20.6,24.495,0,559,0.003670989,0
8963,02/12/15 4:27,20.6,23.895,0,558,0.003580551,0
8964,02/12/15 4:27,20.65,23.79,0,557,0.003575795,0
8965,02/12/15 4:28,20.6,23.745,0,561,0.003557946,0
8966,02/12/15 4:30,20.7,23.7,0,557,0.003573246,0
8967,02/12/15 4:31,20.7,23.7,0,558,0.003573246,0
8968,02/12/15 4:32,20.6,24.35,0,548,0.003649131,0
8969,02/12/15 4:33,20.6,23.945,0,558,0.003588087,0
8970,02/12/15 4:34,20.6,24.045,0,552.5,0.003603158,0
8971,02/12/15 4:34,20.6,23.9975,0,554.25,0.003595999,0
8972,02/12/15 4:36,20.6,23.6,0,556,0.003536096,0
8973,02/12/15 4:37,20.6,24,0,556,0.003596376,0
8974,02/12/15 4:38,20.65,24.25,0,550,0.003645341,0
8975,02/12/15 4:38,20.6,24.39,0,547,0.003655161,0
8976,02/12/15 4:40,20.6,24.245,0,551,0.003633303,0
8977,02/12/15 4:40,20.6,24.16,0,553.3333333,0.003620491,0
8978,02/12/15 4:41,20.6,23.995,0,553.5,0.003595622,0
8979,02/12/15 4:43,20.6,23.89,0,554,0.003579798,0
8980,02/12/15 4:44,20.6,23.7,0,556.5,0.003551165,0
8981,02/12/15 4:45,20.6,23.93333333,0,560.3333333,0.003586328,0
8982,02/12/15 4:46,20.6,23.7,0,556,0.003551165,0
8983,02/12/15 4:46,20.6,23.8,0,560.5,0.003566234,0
8984,02/12/15 4:47,20.6,23.9,0,558,0.003581305,0
8985,02/12/15 4:49,20.6,23.745,0,556.5,0.003557946,0
8986,02/12/15 4:50,20.6,23.89,0,560,0.003579798,0
8987,02/12/15 4:51,20.6,24.39,0,557,0.003655161,0
8988,02/12/15 4:52,20.6,23.7,0,555,0.003551165,0
8989,02/12/15 4:53,20.6,23.55,0,565,0.003528561,0
8990,02/12/15 4:53,20.6,23.995,0,559.5,0.003595622,0
8991,02/12/15 4:54,20.6,24.79,0,556,0.003715464,0
8992,02/12/15 4:56,20.6,23.65,0,556.5,0.00354363,0
8993,02/12/15 4:57,20.6,24.19666667,0,558,0.003626018,0
8994,02/12/15 4:58,20.6,24.2,0,560,0.003626521,0
8995,02/12/15 4:59,20.6,24.35,0,566,0.003649131,0
8996,02/12/15 4:59,20.6,23.995,0,559,0.003595622,0
8997,02/12/15 5:00,20.6,24.045,0,560.3333333,0.003603158,0
8998,02/12/15 5:02,20.6,23.795,0,560,0.003565481,0
8999,02/12/15 5:03,20.6,23.5,0,559,0.003521027,0
9000,02/12/15 5:04,20.55,23.39,0,559.5,0.003493603,0
9001,02/12/15 5:05,20.6,23.545,0,560,0.003527808,0
9002,02/12/15 5:06,20.6,23.945,0,563.5,0.003588087,0
9003,02/12/15 5:06,20.55,24.4,0,563.5,0.003645344,0
9004,02/12/15 5:08,20.53333333,24.03,0,561,0.003586037,0
9005,02/12/15 5:09,20.55,24.195,0,561.5,0.003614539,0
9006,02/12/15 5:10,20.6,23.945,0,556.5,0.003588087,0
9007,02/12/15 5:10,20.55,24.245,0,563.5,0.003622052,0
9008,02/12/15 5:12,20.575,23.6225,0,560.25,0.003534003,0
9009,02/12/15 5:12,20.6,23.6,0,556,0.003536096,0
9010,02/12/15 5:13,20.5,23.39,0,557.5,0.003482783,0
9011,02/12/15 5:15,20.5,23.65,0,561,0.003521716,0
9012,02/12/15 5:16,20.55,24.045,0,566.5,0.003592001,0
9013,02/12/15 5:17,20.55,23.85,0,566,0.003562704,0
9014,02/12/15 5:18,20.5,23.795,0,565,0.003543431,0
9015,02/12/15 5:19,20.5,24.6,0,569,0.003664014,0
9016,02/12/15 5:19,20.5,23.995,0,569,0.003573385,0
9017,02/12/15 5:21,20.5,23.55,0,567.5,0.003506741,0
9018,02/12/15 5:22,20.6,23.945,0,571,0.003588087,0
9019,02/12/15 5:23,20.53333333,23.69666667,0,568.3333333,0.003536011,0
9020,02/12/15 5:23,20.55,23.945,0,578.5,0.003576976,0
9021,02/12/15 5:25,20.53333333,23.79666667,0,581.6666667,0.003551018,0
9022,02/12/15 5:25,20.5,24.12666667,0,580,0.003593107,0
9023,02/12/15 5:26,20.5,23.5,0,581,0.003499254,0
9024,02/12/15 5:28,20.5,23.86666667,0,582.6666667,0.003554164,0
9025,02/12/15 5:29,20.5,23.6,0,583.5,0.003514229,0
9026,02/12/15 5:30,20.5,23.34,0,586,0.003475296,0
9027,02/12/15 5:31,20.5,23.745,0,585,0.003535943,0
9028,02/12/15 5:31,20.5,23.945,0,577,0.003565896,0
9029,02/12/15 5:32,20.55,23.65,0,577.5,0.003532658,0
9030,02/12/15 5:34,20.5,23.76666667,0,580.6666667,0.003539188,0
9031,02/12/15 5:35,20.5,24.6,0,585,0.003664014,0
9032,02/12/15 5:36,20.55,23.795,0,577.5,0.003554441,0
9033,02/12/15 5:37,20.5,23.29,0,583,0.00346781,0
9034,02/12/15 5:38,20.5,23.65,0,583,0.003521716,0
9035,02/12/15 5:38,20.5,24.03333333,0,587.25,0.003579127,0
9036,02/12/15 5:39,20.5,23.95,0,587,0.003566645,0
9037,02/12/15 5:41,20.5,23.5,0,586,0.003499254,0
9038,02/12/15 5:42,20.5,23.59,0,584.5,0.003512731,0
9039,02/12/15 5:43,20.5,23.79,0,587,0.003542682,0
9040,02/12/15 5:44,20.5,23.64,0,581,0.003520219,0
9041,02/12/15 5:44,20.5,23.69666667,0,580.3333333,0.003528705,0
9042,02/12/15 5:45,20.5,23.59333333,0,581.5,0.00351323,0
9043,02/12/15 5:47,20.5,23.6,0,575.5,0.003514229,0
9044,02/12/15 5:48,20.5,23.96,0,568.6666667,0.003568143,0
9045,02/12/15 5:49,20.5,23.945,0,574,0.003565896,0
9046,02/12/15 5:50,20.5,23.545,0,579,0.003505993,0
9047,02/12/15 5:51,20.55,23.64,0,578.5,0.003531156,0
9048,02/12/15 5:51,20.5,23.44,0,581,0.00349027,0
9049,02/12/15 5:53,20.5,23.7,0,581.5,0.003529204,0
9050,02/12/15 5:54,20.5,23.39,0,587,0.003482783,0
9051,02/12/15 5:55,20.5,23.59,0,584,0.003512731,0
9052,02/12/15 5:55,20.5,23.16333333,0,588,0.003448845,0
9053,02/12/15 5:57,20.5,23.7,0,588,0.003529204,0
9054,02/12/15 5:57,20.5,23.9,0,587,0.003559157,0
9055,02/12/15 5:58,20.5,23.35,0,588,0.003476794,0
9056,02/12/15 6:00,20.5,23.2,0,588,0.003454335,0
9057,02/12/15 6:01,20.5,23.05,0,587.5,0.003431877,0
9058,02/12/15 6:02,20.5,23.06666667,0,586.5,0.003434373,0
9059,02/12/15 6:03,20.53333333,23.19666667,0,576.5,0.003460986,0
9060,02/12/15 6:04,20.5,23.34,0,576.5,0.003475296,0
9061,02/12/15 6:04,20.5,23.09,0,580,0.003437866,0
9062,02/12/15 6:06,20.5,23.14,0,584.5,0.003445352,0
9063,02/12/15 6:07,20.5,23.06666667,0,585.3333333,0.003434373,0
9064,02/12/15 6:08,20.5,22.89,0,584,0.003407925,0
9065,02/12/15 6:08,20.5,23.3,0,582.5,0.003469307,0
9066,02/12/15 6:10,20.5,23.295,0,585,0.003468558,0
9067,02/12/15 6:10,20.5,23.695,0,586.3333333,0.003528455,0
9068,02/12/15 6:11,20.5,23.35,0,587,0.003476794,0
9069,02/12/15 6:13,20.5,22.945,0,594.5,0.003416158,0
9070,02/12/15 6:14,20.445,22.945,0,594,0.003404518,0
9071,02/12/15 6:15,20.5,23.445,0,596.5,0.003491018,0
9072,02/12/15 6:16,20.5,23.19666667,0,599,0.003453836,0
9073,02/12/15 6:16,20.5,23.5,0,604,0.003499254,0
9074,02/12/15 6:17,20.5,22.79,0,598,0.003392955,0
9075,02/12/15 6:19,20.5,22.89333333,0,600.3333333,0.003408424,0
9076,02/12/15 6:20,20.5,22.7,0,609,0.003379483,0
9077,02/12/15 6:21,20.5,22.79,0,614.6666667,0.003392955,0
9078,02/12/15 6:22,20.5,22.7,0,616,0.003379483,0
9079,02/12/15 6:23,20.5,22.7,0,610,0.003379483,0
9080,02/12/15 6:23,20.5,22.7,0,607,0.003379483,0
9081,02/12/15 6:24,20.5,22.6,0,607.5,0.003364515,0
9082,02/12/15 6:26,20.5,22.6,0,608,0.003364515,0
9083,02/12/15 6:27,20.5,22.6,0,603,0.003364515,0
9084,02/12/15 6:28,20.6,22.7,0,602.5,0.003400507,0
9085,02/12/15 6:29,20.5,22.7,0,596,0.003379483,0
9086,02/12/15 6:29,20.5,22.55,0,602.5,0.003357031,0
9087,02/12/15 6:30,20.55,22.65,0,612,0.003382473,0
9088,02/12/15 6:32,20.5,22.6,0,609,0.003364515,0
9089,02/12/15 6:33,20.6,22.6,0,604,0.003385446,0
9090,02/12/15 6:34,20.6,22.5,0,606,0.003370385,0
9091,02/12/15 6:35,20.5,22.55,0,608,0.003357031,0
9092,02/12/15 6:36,20.6,22.5,0,611.5,0.003370385,0
9093,02/12/15 6:36,20.6,22.6,0,612,0.003385446,0
9094,02/12/15 6:38,20.6,22.5,0,615,0.003370385,0
9095,02/12/15 6:39,20.6,22.55,0,621.5,0.003377915,0
9096,02/12/15 6:40,20.6,22.6,0,626.5,0.003385446,0
9097,02/12/15 6:40,20.6,22.55,0,626,0.003377915,0
9098,02/12/15 6:42,20.6,22.445,0,630,0.003362101,0
9099,02/12/15 6:42,20.6,22.5,0,630.5,0.003370385,0
9100,02/12/15 6:43,20.6,22.5,0,628,0.003370385,0
9101,02/12/15 6:45,20.6,22.495,0,627.6666667,0.003369631,0
9102,02/12/15 6:46,20.6,22.445,0,629.5,0.003362101,0
9103,02/12/15 6:47,20.6,22.495,0,634,0.003369631,0
9104,02/12/15 6:48,20.6,22.39,0,627.5,0.003353818,0
9105,02/12/15 6:49,20.6,22.495,0,632,0.003369631,0
9106,02/12/15 6:49,20.6,22.6,0,630,0.003385446,0
9107,02/12/15 6:51,20.6,22.445,0,636,0.003362101,0
9108,02/12/15 6:52,20.6,22.65,0,631.5,0.003392976,0
9109,02/12/15 6:53,20.6,22.6,0,634,0.003385446,0
9110,02/12/15 6:53,20.6,22.53333333,0,635,0.003375405,0
9111,02/12/15 6:55,20.6,22.6,0,643,0.003385446,0
9112,02/12/15 6:55,20.56666667,22.63333333,0,642.6666667,0.003383466,0
9113,02/12/15 6:56,20.5,22.7,0,638,0.003379483,0
9114,02/12/15 6:58,20.55,22.55,0,635.5,0.003367459,0
9115,02/12/15 6:59,20.6,22.85,0,634.5,0.003423101,0
9116,02/12/15 7:00,20.55,22.745,0,646,0.003396738,0
9117,02/12/15 7:01,20.5,22.9,0,648.5,0.003409422,0
9118,02/12/15 7:01,20.5,22.895,0,651,0.003408673,0
9119,02/12/15 7:02,20.5,22.7,0,657,0.003379483,0
9120,02/12/15 7:04,20.5,22.5,0,655,0.003349548,0
9121,02/12/15 7:05,20.5,22.5,0,660,0.003349548,0
9122,02/12/15 7:06,20.55,22.85,0,662,0.003412505,0
9123,02/12/15 7:07,20.5,22.945,0,667,0.003416158,0
9124,02/12/15 7:08,20.5,22.7,0,664.6666667,0.003379483,0
9125,02/12/15 7:08,20.5,22.7,0,665,0.003379483,0
9126,02/12/15 7:09,20.5,22.76666667,0,668.6666667,0.003389462,0
9127,02/12/15 7:11,20.5,22.7,0,667,0.003379483,0
9128,02/12/15 7:12,20.5,22.7,0,668,0.003379483,0
9129,02/12/15 7:13,20.525,22.7925,0,675.6666667,0.003398596,0
9130,02/12/15 7:14,20.5,22.79,0,699.5,0.003392955,0
9131,02/12/15 7:14,20.5,23.195,0,715.5,0.003453586,0
9132,02/12/15 7:15,20.5,22.945,0,725.5,0.003416158,0
9133,02/12/15 7:17,20.5,22.9,0,734.5,0.003409422,0
9134,02/12/15 7:18,20.5,23.19666667,0,741,0.003453836,0
9135,02/12/15 7:19,20.5,23.15,0,735,0.003446849,0
9136,02/12/15 7:20,20.5,22.89,0,735,0.003407925,0
9137,02/12/15 7:21,20.5,22.745,0,744.5,0.003386219,0
9138,02/12/15 7:21,20.5,22.6,0,741.5,0.003364515,0
9139,02/12/15 7:23,20.5,22.895,0,733,0.003408673,0
9140,02/12/15 7:24,20.5,22.445,0,734.5,0.003341316,0
9141,02/12/15 7:25,20.5,22.29,0,733,0.003318119,0
9142,02/12/15 7:25,20.55,22.29,0,741,0.003328425,0
9143,02/12/15 7:27,20.55,22.29,0,745,0.003328425,0
9144,02/12/15 7:27,20.6,22.645,0,733,0.003392223,0
9145,02/12/15 7:28,20.55,22.34,0,714,0.003335931,0
9146,02/12/15 7:30,20.6,22.29,0,705.5,0.003338759,0
9147,02/12/15 7:31,20.6,22.545,0,701,0.003377162,0
9148,02/12/15 7:32,20.6,22.29,0,697,0.003338759,0
9149,02/12/15 7:33,20.55,22.29,0,693.5,0.003328425,0
9150,02/12/15 7:34,20.6,22.495,0,697.5,0.003369631,0
9151,02/12/15 7:34,20.53333333,22.66666667,0,701.3333333,0.003381479,0
9152,02/12/15 7:36,20.6,22.7,0,703,0.003400507,0
9153,02/12/15 7:37,20.6,22.39,0,700,0.003353818,0
9154,02/12/15 7:38,20.55,22.7,0,696.5,0.003389981,0
9155,02/12/15 7:38,20.5,22.645,0,695,0.003371251,0
9156,02/12/15 7:40,20.55,22.895,0,702.5,0.003419262,0
9157,02/12/15 7:40,20.55,22.445,0,706,0.003351694,0
9158,02/12/15 7:41,20.5,23.03,0,714.3333333,0.003428883,0
9159,02/12/15 7:43,20.5,22.795,0,720,0.003393704,0
9160,02/12/15 7:44,20.55,22.5,0,715.5,0.003359952,0
9161,02/12/15 7:45,20.5,22.39,0,719,0.003333084,0
9162,02/12/15 7:46,20.5,22.39,0,720,0.003333084,0
9163,02/12/15 7:46,20.5,22.745,0,724.5,0.003386219,0
9164,02/12/15 7:47,20.5,22.8,0,723,0.003394452,0
9165,02/12/15 7:49,20.5,22.5,0,766.5,0.003349548,0
9166,02/12/15 7:50,20.5,22.445,0,815,0.003341316,0
9167,02/12/15 7:51,20.5,22.79,0,843.5,0.003392955,0
9168,02/12/15 7:52,20.5,23.1,0,844,0.003439363,0
9169,02/12/15 7:53,20.5,22.545,0,820.5,0.003356283,0
9170,02/12/15 7:53,20.5,22.445,0,793.5,0.003341316,0
9171,02/12/15 7:54,20.5,22.29,0,762,0.003318119,0
9172,02/12/15 7:56,20.5,22.29,0,764,0.003318119,0
9173,02/12/15 7:57,20.5,22.29,0,787.5,0.003318119,0
9174,02/12/15 7:58,20.5,22.29,0,800.5,0.003318119,0
9175,02/12/15 7:59,20.5,22.32333333,0,796.3333333,0.003323107,0
9176,02/12/15 7:59,20.5,22.29,0,805,0.003318119,0
9177,02/12/15 8:00,20.5,22.245,0,820,0.003311384,0
9178,02/12/15 8:02,20.5,22.2,0,832,0.00330465,0
9179,02/12/15 8:03,20.5,22.39666667,9.333333333,831,0.003334082,0
9180,02/12/15 8:04,20.5,22.35,14,819,0.003327098,0
9181,02/12/15 8:05,20.5,22.245,14,820,0.003311384,0
9182,02/12/15 8:06,20.5,22.1,14,816,0.003289685,0
9183,02/12/15 8:06,20.5,22.1,14,817,0.003289685,0
9184,02/12/15 8:08,20.5,22.15,14,831,0.003297167,0
9185,02/12/15 8:09,20.55,22,14,836,0.003284892,0
9186,02/12/15 8:10,20.55,22.1475,7,855.5,0.003307033,0
9187,02/12/15 8:10,20.5,22.06666667,14,858.6666667,0.003284697,0
9188,02/12/15 8:12,20.6,22,14,849,0.00329509,0
9189,02/12/15 8:12,20.55,22.075,7,865.25,0.00329615,0
9190,02/12/15 8:13,20.56666667,22.13333333,6.666666667,865.3333333,0.003308323,0
9191,02/12/15 8:15,20.6,21.945,6,909,0.003286809,0
9192,02/12/15 8:16,20.6,21.89,6,913,0.003278528,0
9193,02/12/15 8:17,20.6,21.97,6,926.75,0.003290573,0
9194,02/12/15 8:18,20.6,22,6,1099,0.00329509,0
9195,02/12/15 8:19,20.6,22.13,6,1422.333333,0.003314665,0
9196,02/12/15 8:19,20.6,22.5175,6,917,0.00337302,0
9197,02/12/15 8:21,20.6,22.05,9.6,1003.4,0.003302619,0
9198,02/12/15 8:22,20.6,21.92666667,24,1051.333333,0.003284049,0
9199,02/12/15 8:23,20.575,21.995,24,836.25,0.003289236,0
9200,02/12/15 8:23,20.6,21.945,14,819.5,0.003286809,0
9201,02/12/15 8:25,20.6,22.245,14,781.5,0.003331982,0
9202,02/12/15 8:25,20.56666667,22.09666667,10,914.3333333,0.003302814,0
9203,02/12/15 8:26,20.6,22.1975,10,1018,0.003324829,0
9204,02/12/15 8:28,20.6,22.5,9,805.5,0.003370385,0
9205,02/12/15 8:29,20.6,22.145,9,673,0.003316924,0
9206,02/12/15 8:30,20.6,22.05,9,659.5,0.003302619,0
9207,02/12/15 8:31,20.6,22.195,358,647,0.003324453,1
9208,02/12/15 8:31,20.6,22.0225,437.5,649,0.003298478,1
9209,02/12/15 8:32,20.6,21.865,454,652.5,0.003274764,0
9210,02/12/15 8:34,20.6,22.2,442.75,681.75,0.003325206,0
9211,02/12/15 8:35,20.6,22.26,444,702.3333333,0.003334241,0
9212,02/12/15 8:36,20.63333333,22.26,444,707,0.003341137,0
9213,02/12/15 8:37,20.625,22.1,440,698,0.003315281,1
9214,02/12/15 8:38,20.66666667,22.16666667,437,692,0.003333932,1
9215,02/12/15 8:38,20.7,22.1725,428.5,690.5,0.003341707,1
9216,02/12/15 8:39,20.66666667,22.23,418,700.3333333,0.003343509,1
9217,02/12/15 8:41,20.7,22.2225,418,708.5,0.003349284,1
9218,02/12/15 8:42,20.7,22.32333333,418,717,0.003364563,1
9219,02/12/15 8:43,20.7,22.35666667,428.6666667,723,0.003369614,1
9220,02/12/15 8:44,20.7,22.7225,434,727.25,0.003425057,1
9221,02/12/15 8:44,20.7,22.525,434,735.5,0.003395124,1
9222,02/12/15 8:45,20.7,22.695,423.5,734,0.003420889,1
9223,02/12/15 8:47,20.745,22.625,438.5,734,0.003419798,1
9224,02/12/15 8:48,20.745,22.65,428,732,0.003423597,1
9225,02/12/15 8:49,20.79,22.6,438,732,0.003425529,1
9226,02/12/15 8:50,20.85666667,22.72666667,443,736,0.003459079,1
9227,02/12/15 8:51,20.89,22.625,446.75,725.5,0.003450628,1
9228,02/12/15 8:51,20.9175,22.65,443.75,731.5,0.003460343,1
9229,02/12/15 8:53,21,22.69666667,447.3333333,735.3333333,0.003485245,1
9230,02/12/15 8:54,21,22.82,449.5,736,0.003504291,1
9231,02/12/15 8:55,21.05,23.2925,435.75,811.75,0.003588339,1
9232,02/12/15 8:55,21.1,23.23,449.6666667,827.6666667,0.003589728,1
9233,02/12/15 8:57,21.2,23.1,441.5,776,0.003591634,1
9234,02/12/15 8:57,21.15,23.245,454.75,786.75,0.00360317,1
9235,02/12/15 8:58,21.2,23.4725,444,818.5,0.003649891,1
9236,02/12/15 9:00,21.245,23.55,460,844,0.003672199,1
9237,02/12/15 9:01,21.2675,23.675,457.5,857.75,0.003696936,1
9238,02/12/15 9:02,21.34,23.745,459.5,892,0.003724553,1
9239,02/12/15 9:03,21.34,23.79,469.75,902,0.003731654,1
9240,02/12/15 9:04,21.39,23.89,475,877.5,0.003759006,1
9241,02/12/15 9:04,21.4175,23.9725,472.5,868.75,0.003778466,1
9242,02/12/15 9:06,21.445,24.05,466,868.5,0.003797187,1
9243,02/12/15 9:07,21.5,24.1,476.25,903,0.003818048,1
9244,02/12/15 9:08,21.55,24.2,474,928,0.003845814,1
9245,02/12/15 9:08,21.575,24.2,494,939.25,0.00385174,1
9246,02/12/15 9:10,21.625,24.2925,481,947.5,0.003878475,1
9247,02/12/15 9:10,21.7,24.39,497,965.6666667,0.003912153,1
9248,02/12/15 9:11,21.7,24.39,494,965,0.003912153,1
9249,02/12/15 9:13,21.7225,24.39,502.25,970.5,0.003917572,1
9250,02/12/15 9:14,21.79,24.46,512.6666667,980.3333333,0.00394523,1
9251,02/12/15 9:15,21.815,24.55,508,991.5,0.00396593,1
9252,02/12/15 9:16,21.84,24.55,502,1000,0.003972029,1
9253,02/12/15 9:16,21.89,24.6,514,1001.333333,0.003992419,1
9254,02/12/15 9:17,21.89,24.6,508,1006.25,0.003992419,1
9255,02/12/15 9:19,22,24.65,526,1017.5,0.004027704,1
9256,02/12/15 9:20,22,24.7,529,1026.5,0.004035927,1
9257,02/12/15 9:21,22,24.7,524.3333333,1032.666667,0.004035927,1
9258,02/12/15 9:22,22.1,24.79,515,1040,0.004075665,1
9259,02/12/15 9:23,22.1,24.83,545,1055,0.004082285,1
9260,02/12/15 9:23,22.1,24.79,525.3333333,1070,0.004075665,1
9261,02/12/15 9:24,22.14,24.85,534.5,1090.25,0.004095632,1
9262,02/12/15 9:26,22.2,24.89,545.25,1095.5,0.004117389,1
9263,02/12/15 9:27,22.2225,24.945,537,1103.75,0.004132243,1
9264,02/12/15 9:28,22.26,25,552,1108,0.004150944,1
9265,02/12/15 9:29,22.29,25.025,549,1111.75,0.004162768,1
9266,02/12/15 9:29,22.315,25.075,538.5,1129,0.004177535,1
9267,02/12/15 9:30,22.34,25.075,552,1144.25,0.004183937,1
9268,02/12/15 9:32,22.39,25.125,552,1142,0.004205192,1
9269,02/12/15 9:33,22.3925,25.15,565.5,1141,0.004210049,1
9270,02/12/15 9:34,22.4175,25.125,566.25,1129,0.004212277,1
9271,02/12/15 9:35,22.5,25.2,570.3333333,1125.333333,0.004246321,1
9272,02/12/15 9:36,22.5,25.2,576,1131,0.004246321,1
9273,02/12/15 9:36,22.5,25.2,577.75,1135.75,0.004246321,1
9274,02/12/15 9:38,22.6,25.2,583,1144,0.00427237,1
9275,02/12/15 9:39,22.6,25.2,583,1143.5,0.00427237,1
9276,02/12/15 9:40,22.6,25.2,590.75,1149.25,0.00427237,1
9277,02/12/15 9:40,22.6,25.2,589,1152.5,0.00427237,1
9278,02/12/15 9:42,22.675,25.2675,592.5,1167.5,0.004303575,1
9279,02/12/15 9:42,22.7,25.29,592.5,1166,0.004314018,1
9280,02/12/15 9:43,22.7,25.29,589.25,1178.5,0.004314018,1
9281,02/12/15 9:45,22.7,25.29,756,1195,0.004314018,1
9282,02/12/15 9:46,22.772,25.29,1380,1202.5,0.00433303,1
9283,02/12/15 9:47,22.79,25.29,1581,1211.5,0.004337795,1
9284,02/12/15 9:48,22.79,25.1,1010.5,1215.5,0.00430498,1
9285,02/12/15 9:49,22.89,24.6,844,1192,0.004244462,1
9286,02/12/15 9:49,22.865,24.6475,621,1139.75,0.004246233,1
9287,02/12/15 9:51,22.85666667,24.49666667,615,1119.666667,0.004217926,1
9288,02/12/15 9:52,22.89,24.295,624,1105,0.004191483,1
9289,02/12/15 9:53,22.89,24.245,625.75,1040.25,0.004182798,1
9290,02/12/15 9:53,22.89,24.175,628.5,1035.5,0.004170641,1
9291,02/12/15 9:55,22.89,24.16666667,633,1023,0.004169194,1
9292,02/12/15 9:55,22.89,24.05,633,1016.5,0.004148932,1
9293,02/12/15 9:56,22.89,23.89,637.5,993.25,0.004121147,1
9294,02/12/15 9:58,22.89,23.7925,637.5,972.75,0.004104217,1
9295,02/12/15 9:59,22.945,23.55,651,932.5,0.004075756,1
9296,02/12/15 10:00,22.92666667,23.63333333,657,913.3333333,0.004085705,1
9297,02/12/15 10:01,22.9175,23.4725,645.5,906.5,0.004055452,1
9298,02/12/15 10:01,22.9175,23.5,641,898.5,0.004060234,1
9299,02/12/15 10:02,22.9725,23.525,658.75,903.3333333,0.004078231,1
9300,02/12/15 10:04,23,23.5,655.6666667,899.75,0.004080701,1
9301,02/12/15 10:05,23,23.2925,670.5,889,0.004044435,1
9302,02/12/15 10:06,23,23.365,667.75,883,0.004057106,1
9303,02/12/15 10:07,23.05,23.295,664,891,0.00405721,1
9304,02/12/15 10:08,23.1,23.39,682,892,0.004086287,1
9305,02/12/15 10:08,23.1,23.2,673,845.5,0.004052877,1
9306,02/12/15 10:09,23.1,23.2,673,847.75,0.004052877,1
9307,02/12/15 10:11,23.2,23.15,684.5,846,0.004068771,1
9308,02/12/15 10:12,23.175,23.1,683.5,842,0.004053756,1
9309,02/12/15 10:13,23.26,23.06666667,700,832.6666667,0.00406885,1
9310,02/12/15 10:14,23.315,23.0475,697,827.5,0.004079064,1
9311,02/12/15 10:14,23.42666667,22.92666667,708.3333333,829.3333333,0.00408516,1
9312,02/12/15 10:15,23.46333333,22.85666667,706.3333333,832,0.004081683,1
9313,02/12/15 10:17,23.525,22.815,718.25,834.75,0.004089472,1
9314,02/12/15 10:18,23.525,22.6475,720,832.25,0.004059252,1
9315,02/12/15 10:19,23.575,22.6,730,823.6666667,0.00406299,1
9316,02/12/15 10:20,23.53333333,22.49666667,723.5,816.5,0.004034082,1
9317,02/12/15 10:21,23.55,22.5225,728,803,0.00404283,1
9318,02/12/15 10:21,23.55,22.5,745.5,799,0.004038765,1
9319,02/12/15 10:23,23.5,22.575,733.75,794,0.004040039,1
9320,02/12/15 10:24,23.525,22.6,732.25,785.5,0.004050683,1
9321,02/12/15 10:25,23.5,22.7,725,790,0.004062555,1
9322,02/12/15 10:25,23.55,22.65,732.5,798.5,0.004065866,1
9323,02/12/15 10:27,23.5,22.63333333,743,795.3333333,0.004050546,1
9324,02/12/15 10:27,23.6,22.7,729.5,789.75,0.004087279,1
9325,02/12/15 10:28,23.6,22.63333333,734.6666667,796,0.004075196,1
9326,02/12/15 10:30,23.6,22.55,761,792,0.004060094,1
9327,02/12/15 10:31,23.6,22.65,761,794,0.004078217,1
9328,02/12/15 10:32,23.6,22.55,751,803.25,0.004060094,1
9329,02/12/15 10:33,23.65,22.55,761,806,0.004072422,1
9330,02/12/15 10:34,23.625,22.5725,746.5,812.25,0.004070338,1
9331,02/12/15 10:34,23.7,22.745,756.5,812.25,0.00412034,1
9332,02/12/15 10:36,23.66666667,22.85666667,749,806,0.004132346,1
9333,02/12/15 10:37,23.675,22.79,743,801.75,0.004122295,1
9334,02/12/15 10:38,23.675,22.745,289,795.75,0.004114101,1
9335,02/12/15 10:38,23.7,22.945,289,804.5,0.004156813,0
9336,02/12/15 10:40,23.7,23.06666667,271,814.3333333,0.004179003,0
9337,02/12/15 10:40,23.7,22.89,284.5,829.5,0.004146783,0
9338,02/12/15 10:41,23.7225,22.79,288,838.75,0.00413418,0
9339,02/12/15 10:43,23.7,22.82333333,295,836,0.004134625,0
9340,02/12/15 10:44,23.7225,22.815,289,835,0.004138745,0
9341,02/12/15 10:45,23.7225,22.815,289,835,0.004138745,0
9342,02/12/15 10:46,23.79,22.79,289,836.5,0.00415112,0
9343,02/12/15 10:46,23.79,22.79,292.5,834.75,0.00415112,0
9344,02/12/15 10:47,23.79,22.79,293.6666667,829,0.00415112,0
9345,02/12/15 10:49,23.79,22.7225,307.5,830.25,0.004138744,0
9346,02/12/15 10:50,23.79,22.7,298.5,833.5,0.004134618,0
9347,02/12/15 10:51,23.79,22.7,302,829.5,0.004134618,0
9348,02/12/15 10:52,23.815,22.7225,312,824,0.004145015,0
9349,02/12/15 10:53,23.89,22.7,313,824.3333333,0.004159727,0
9350,02/12/15 10:53,23.865,22.675,307.5,826.75,0.004148833,0
9351,02/12/15 10:54,23.89,22.7,306,830,0.004159727,0
9352,02/12/15 10:56,23.89,22.7,293.6666667,827.3333333,0.004159727,0
9353,02/12/15 10:57,23.89,22.7,307,828.5,0.004159727,0
9354,02/12/15 10:58,23.89,22.65,292,825.25,0.004150504,0
9355,02/12/15 10:59,23.96333333,22.63333333,293,819.3333333,0.004165873,0
9356,02/12/15 10:59,23.9175,22.6,290.5,823.5,0.004148178,0
9357,02/12/15 11:00,23.9725,22.6,296.5,822,0.004162003,0
9358,02/12/15 11:02,23.96333333,22.56666667,291,824.3333333,0.00415352,0
9359,02/12/15 11:03,23.945,22.575,298,827.5,0.004150459,0
9360,02/12/15 11:04,23.945,22.575,291.75,828.75,0.004150459,0
9361,02/12/15 11:05,23.945,22.6,294.5,826.5,0.004155086,0
9362,02/12/15 11:06,24,22.5,294.75,829,0.004150362,0
9363,02/12/15 11:06,24,22.5,293,827,0.004150362,0
9364,02/12/15 11:08,24,22.5,286,823.5,0.004150362,0
9365,02/12/15 11:09,24,22.5,294.75,813.25,0.004150362,0
9366,02/12/15 11:10,24,22.5,301,801,0.004150362,0
9367,02/12/15 11:10,24.05,22.5,301,802,0.004162927,0
9368,02/12/15 11:12,24.05,22.5,304,801.5,0.004162927,0
9369,02/12/15 11:12,24.06666667,22.46333333,295,799.6666667,0.004160287,0
9370,02/12/15 11:13,24.075,22.4725,289,794.5,0.004164093,0
9371,02/12/15 11:15,24.075,22.4725,289,790,0.004164093,0
9372,02/12/15 11:16,24.1,22.5,298,786,0.004175526,0
9373,02/12/15 11:17,24.1,22.42666667,295,786.3333333,0.004161826,0
9374,02/12/15 11:18,24.1,22.39,294,791.3333333,0.004154976,0
9375,02/12/15 11:19,24.1,22.4725,277.75,969.5,0.004170389,0
9376,02/12/15 11:19,24.1,22.42666667,288,791,0.004161826,0
9377,02/12/15 11:21,24.1,22.4175,278,756.75,0.004160114,0
9378,02/12/15 11:22,24.1,22.4175,274.5,757.25,0.004160114,0
9379,02/12/15 11:23,24.1,22.39,252,760.5,0.004154976,0
9380,02/12/15 11:23,24.1,22.42666667,275,761.6666667,0.004161826,0
9381,02/12/15 11:25,24.1,22.39,267.5,921.5,0.004154976,0
9382,02/12/15 11:25,24.1,22.4725,258.75,902.25,0.004170389,0
9383,02/12/15 11:26,24.1,22.39,257,877.5,0.004154976,0
9384,02/12/15 11:28,24.1,22.4175,261.75,880.25,0.004160114,0
9385,02/12/15 11:29,24.1,22.46333333,275,866,0.004168676,0
9386,02/12/15 11:30,24.1,22.5,258,861.5,0.004175526,0
9387,02/12/15 11:31,24.1,22.445,253.5,852,0.004165251,0
9388,02/12/15 11:31,24.1,22.42666667,250,845,0.004161826,0
9389,02/12/15 11:32,24.1,22.5,237,830.75,0.004175526,0
9390,02/12/15 11:34,24.1,22.5,250,830.6666667,0.004175526,0
9391,02/12/15 11:35,24.1,22.5,241.5,814.25,0.004175526,0
9392,02/12/15 11:36,24.1,22.5,257.25,799.5,0.004175526,0
9393,02/12/15 11:37,24.03333333,22.5,225,796.3333333,0.004158735,0
9394,02/12/15 11:38,24.05,22.445,245.5,797,0.004152683,0
9395,02/12/15 11:38,24.03333333,22.5,240.6666667,803,0.004158735,0
9396,02/12/15 11:39,24.1,22.55,209,810,0.004184868,0
9397,02/12/15 11:41,24.025,22.5,214.75,821,0.00415664,0
9398,02/12/15 11:42,24,22.5,190,815.25,0.004150362,0
9399,02/12/15 11:43,24,22.5,187.5,799.5,0.004150362,0
9400,02/12/15 11:44,24,22.55,192.75,808.75,0.004159646,0
9401,02/12/15 11:44,23.89,22.6,233,796,0.00414128,0
9402,02/12/15 11:45,23.9175,22.625,231,798,0.004152797,0
9403,02/12/15 11:47,23.9175,22.625,228.75,801,0.004152797,0
9404,02/12/15 11:48,23.96333333,22.6,227,797,0.004159696,0
9405,02/12/15 11:49,23.96333333,22.6,235,804.3333333,0.004159696,0
9406,02/12/15 11:50,24,22.6,241.75,806,0.004168931,0
9407,02/12/15 11:51,23.96333333,22.6,239,800,0.004159696,0
9408,02/12/15 11:51,23.96333333,22.6,261,782,0.004159696,0
9409,02/12/15 11:53,23.92666667,22.6,222.3333333,781.3333333,0.004150479,0
9410,02/12/15 11:54,23.945,22.6,224.75,783,0.004155086,0
9411,02/12/15 11:55,24,22.7,217.5,779,0.004187502,0
9412,02/12/15 11:55,23.9725,22.7,244.25,778,0.004180543,0
9413,02/12/15 11:57,23.945,22.7,284.5,779,0.004173594,0
9414,02/12/15 11:57,23.945,22.7,264,777,0.004173594,0
9415,02/12/15 11:58,23.9725,22.65,274.5,773.25,0.004171273,0
9416,02/12/15 12:00,24,22.6,275,770,0.004168931,0
9417,02/12/15 12:01,24,22.63333333,273.6666667,771,0.004175121,0
9418,02/12/15 12:02,24,22.6,283,770,0.004168931,0
9419,02/12/15 12:03,24,22.66666667,300,766.3333333,0.004181312,0
9420,02/12/15 12:04,24,22.7,295.25,767,0.004187502,0
9421,02/12/15 12:04,24,22.7,288,767,0.004187502,0
9422,02/12/15 12:06,24,22.7,287.25,761.25,0.004187502,0
9423,02/12/15 12:07,24,22.7,293.6666667,760.3333333,0.004187502,0
9424,02/12/15 12:08,24.025,22.675,281,757,0.004189187,0
9425,02/12/15 12:08,24,22.7,287,756.3333333,0.004187502,0
9426,02/12/15 12:10,24.05,22.675,260,756.5,0.004195524,0
9427,02/12/15 12:10,24.075,22.675,281,753.25,0.004201869,0
9428,02/12/15 12:11,24.03333333,22.63333333,271,750.6666667,0.004183545,0
9429,02/12/15 12:13,24.075,22.675,264.25,746.5,0.004201869,0
9430,02/12/15 12:14,24.1,22.7,275,746.5,0.004212893,0
9431,02/12/15 12:15,24.1,22.7,251.25,745.25,0.004212893,0
9432,02/12/15 12:16,24.1,22.7,257.5,749,0.004212893,0
9433,02/12/15 12:16,24.1,22.7,274,745,0.004212893,0
9434,02/12/15 12:17,24.125,22.7,244.5,739.75,0.004219262,0
9435,02/12/15 12:19,24.1,22.7,261,738.5,0.004212893,0
9436,02/12/15 12:20,24.1,22.7,260.25,735.5,0.004212893,0
9437,02/12/15 12:21,24.1,22.7,262,735,0.004212893,0
9438,02/12/15 12:22,24.15,22.7,257.5,729.25,0.00422564,0
9439,02/12/15 12:23,24.2,22.65,248.75,734.25,0.004229021,0
9440,02/12/15 12:23,24.2,22.66666667,209.6666667,730.6666667,0.004232154,0
9441,02/12/15 12:24,24.14,22.7,246.75,730,0.004223088,0
9442,02/12/15 12:26,24.175,22.7,234.6,728,0.004232026,0
9443,02/12/15 12:27,24.13333333,22.7,264,724.25,0.004221387,0
9444,02/12/15 12:28,24.16666667,22.7,271.6666667,726,0.004229896,0
9445,02/12/15 12:29,24.2,22.7,285.6666667,729,0.00423842,0
9446,02/12/15 12:29,24.2,22.7,282.5,729.75,0.00423842,0
9447,02/12/15 12:30,24.2,22.7,276.5,727.75,0.00423842,0
9448,02/12/15 12:32,24.2,22.7,261,724,0.00423842,0
9449,02/12/15 12:33,24.23,22.73,268.6666667,718.6666667,0.004251755,0
9450,02/12/15 12:34,24.2,22.7,238.5,723.5,0.00423842,0
9451,02/12/15 12:35,24.2,22.7,248.5,725,0.00423842,0
9452,02/12/15 12:36,24.2,22.7,236,722,0.00423842,0
9453,02/12/15 12:36,24.2,22.7,240.25,725.25,0.00423842,0
9454,02/12/15 12:38,24.2,22.7,242.25,722.25,0.00423842,0
9455,02/12/15 12:39,24.2,22.7,236,723,0.00423842,0
9456,02/12/15 12:40,24.175,22.7,238.5,726.5,0.004232026,0
9457,02/12/15 12:40,24.2,22.7,336.3333333,726.3333333,0.00423842,0
9458,02/12/15 12:42,24.2,23.0225,497,722,0.004299052,0
9459,02/12/15 12:42,24.29,23.62666667,522,728.6666667,0.004436716,1
9460,02/12/15 12:43,24.315,23.4925,626.75,740.5,0.004418005,1
9461,02/12/15 12:45,24.35666667,23.23,638,739.3333333,0.004379288,1
9462,02/12/15 12:46,24.39,23.2725,666,840.75,0.004396188,1
9463,02/12/15 12:47,24.39,22.99666667,670.3333333,754.3333333,0.004343719,1
9464,02/12/15 12:48,24.39,23.34,709.25,756.5,0.004409029,1
9465,02/12/15 12:49,24.35666667,23.46,700.6666667,763.6666667,0.004422956,1
9466,02/12/15 12:49,24.29,23.4725,688,812.75,0.004407561,1
9467,02/12/15 12:51,24.315,23.4725,688,823,0.004414217,1
9468,02/12/15 12:52,24.29,23.39,677.3333333,817.6666667,0.00439196,1
9469,02/12/15 12:53,24.34,23.39,681.75,817.5,0.004405233,1
9470,02/12/15 12:53,24.32333333,23.39,683.6666667,818,0.004400805,1
9471,02/12/15 12:55,24.29,23.29,688,863.5,0.004373051,1
9472,02/12/15 12:55,24.39,23.3925,236.5,852.5,0.004419017,1
9473,02/12/15 12:56,24.34,23.5,223,805,0.004426098,0
9474,02/12/15 12:58,24.39,23.4175,223,795.25,0.004423773,0
9475,02/12/15 12:59,24.35666667,23.35666667,231.3333333,780.3333333,0.004403337,0
9476,02/12/15 13:00,24.32333333,23.35666667,239.6666667,760.3333333,0.004394489,0
9477,02/12/15 13:01,24.315,23.39,230,758.5,0.004398592,0
9478,02/12/15 13:01,24.34,23.39,241,759.5,0.004405233,0
9479,02/12/15 13:02,24.29,23.39,223,760.25,0.00439196,0
9480,02/12/15 13:04,24.29,23.39,226.5,751,0.00439196,0
9481,02/12/15 13:05,24.29,23.39,235,746,0.00439196,0
9482,02/12/15 13:06,24.29,23.445,237.5,750,0.004402361,0
9483,02/12/15 13:07,24.29,23.39,221.25,754.5,0.00439196,0
9484,02/12/15 13:08,24.29,23.42666667,216,749.6666667,0.004398894,0
9485,02/12/15 13:08,24.29,23.5,216,749,0.004412762,0
9486,02/12/15 13:09,24.29,23.5,225,744,0.004412762,0
9487,02/12/15 13:11,24.29,23.5,214.6666667,748,0.004412762,0
9488,02/12/15 13:12,24.236,23.434,216.4,738.5,0.004385958,0
9489,02/12/15 13:13,24.29,23.5,210,740.6666667,0.004412762,0
9490,02/12/15 13:14,24.2225,23.5,216.25,745,0.004394814,0
9491,02/12/15 13:14,24.2,23.5,205,740,0.004388846,0
9492,02/12/15 13:15,24.2,23.5,220.75,729.75,0.004388846,0
9493,02/12/15 13:17,24.2,23.5,229.75,735,0.004388846,0
9494,02/12/15 13:18,24.2,23.5,218.3333333,742.3333333,0.004388846,0
9495,02/12/15 13:19,24.2,23.5,217,745.25,0.004388846,0
9496,02/12/15 13:20,24.2,23.5,220.75,747.75,0.004388846,0
9497,02/12/15 13:21,24.2,23.5,210,736.5,0.004388846,0
9498,02/12/15 13:21,24.2,23.5,215.5,733.75,0.004388846,0
9499,02/12/15 13:23,24.2,23.5,211.3333333,738,0.004388846,0
9500,02/12/15 13:24,24.2,23.55,450,733,0.00439825,1
9501,02/12/15 13:25,24.2,23.7,630,734,0.004426464,0
9502,02/12/15 13:25,24.2,23.745,690.5,729,0.004434928,0
9503,02/12/15 13:27,24.2,23.69666667,682.6666667,724.6666667,0.004425837,1
9504,02/12/15 13:27,24.2,23.675,653.75,718.5,0.004421761,1
9505,02/12/15 13:28,24.2,23.65,651,718.5,0.004417059,1
9506,02/12/15 13:30,24.2,23.7,652,717.5,0.004426464,1
9507,02/12/15 13:31,24.2,23.7,651.6666667,712.3333333,0.004426464,1
9508,02/12/15 13:32,24.2,23.675,648,701.5,0.004421761,1
9509,02/12/15 13:33,24.2,23.7,654.6666667,697.6666667,0.004426464,1
9510,02/12/15 13:34,24.2,23.7,655.5,698.75,0.004426464,1
9511,02/12/15 13:34,24.2,23.745,419.75,697.25,0.004434928,1
9512,02/12/15 13:36,24.2,23.8425,188.5,693.75,0.004453269,0
9513,02/12/15 13:37,24.2,23.815,182.5,688.75,0.004448096,0
9514,02/12/15 13:38,24.2,23.84,190,694,0.004452799,0
9515,02/12/15 13:38,24.2,23.89,187.5,694,0.004462205,0
9516,02/12/15 13:40,24.175,23.89,194.75,691.75,0.00445547,0
9517,02/12/15 13:40,24.1,23.89,193,689,0.00443532,0
9518,02/12/15 13:41,24.15,23.89,179.5,691.25,0.004448745,0
9519,02/12/15 13:43,24.1,23.89,160,689,0.00443532,0
9520,02/12/15 13:44,24.1,23.92666667,169.6666667,689,0.004442176,0
9521,02/12/15 13:45,24.1,24.2975,171,694.5,0.004511524,0
9522,02/12/15 13:46,24.1,24.1,171,691,0.004474589,0
9523,02/12/15 13:46,24.06666667,24.1,183,685,0.004465579,0
9524,02/12/15 13:47,24.1,24.1,181.75,681.25,0.004474589,0
9525,02/12/15 13:49,24.075,24.125,175.5,680.5,0.004472498,0
9526,02/12/15 13:50,24,24.1,183,679.3333333,0.004447609,0
9527,02/12/15 13:51,24,24.1,189,679.3333333,0.004447609,0
9528,02/12/15 13:52,24.025,24.1,181.75,681.5,0.00445434,0
9529,02/12/15 13:53,24,24.1,180,672.5,0.004447609,0
9530,02/12/15 13:53,24,24.1,171,669,0.004447609,0
9531,02/12/15 13:54,24,24.125,180,665,0.004452255,0
9532,02/12/15 13:56,24,24.16666667,177,663.6666667,0.00446,0
9533,02/12/15 13:57,24,24.15,164.25,660.25,0.004456902,0
9534,02/12/15 13:58,24,24.175,152,668,0.004461549,0
9535,02/12/15 13:59,23.945,24.2,134,665,0.004451356,0
9536,02/12/15 13:59,23.96333333,24.2,137.6666667,662,0.004456298,0
9537,02/12/15 14:00,23.945,24.2,130,657.75,0.004451356,0
9538,02/12/15 14:02,23.89,24.2,135.75,660.75,0.00443656,0
9539,02/12/15 14:03,23.89,24.2,139,661,0.00443656,0
9540,02/12/15 14:04,23.89,24.2225,142.5,655.5,0.004440714,0
9541,02/12/15 14:05,23.89,24.2,142.5,654,0.00443656,0
9542,02/12/15 14:06,23.89,24.2675,149.75,649,0.004449023,0
9543,02/12/15 14:06,23.89,24.245,157,647.5,0.004444868,0
9544,02/12/15 14:08,23.89,24.2,142.5,641,0.00443656,0
9545,02/12/15 14:09,23.89,24.245,148,643.5,0.004444868,0
9546,02/12/15 14:10,23.89,24.26,139,637.3333333,0.004447638,0
9547,02/12/15 14:10,23.85666667,24.26,139,639,0.004438669,0
9548,02/12/15 14:12,23.87,24.272,128.25,641.25,0.004444468,0
9549,02/12/15 14:12,23.815,24.2225,132.6,638.6,0.004420588,0
9550,02/12/15 14:13,23.79,24.2,121,637.6666667,0.004409768,0
9551,02/12/15 14:15,23.84,24.245,126.75,636.5,0.004431429,0
9552,02/12/15 14:16,23.79,24.2,133,631.5,0.004409768,0
9553,02/12/15 14:17,23.79,24.2,113.25,626.5,0.004409768,0
9554,02/12/15 14:18,23.79,24.2,108,626.3333333,0.004409768,0
9555,02/12/15 14:19,23.79,24.2,114,627.75,0.004409768,0
9556,02/12/15 14:19,23.79,24.2,118.75,627,0.004409768,0
9557,02/12/15 14:21,23.79,24.2,103,618.6666667,0.004409768,0
9558,02/12/15 14:22,23.79,24.2,100.6666667,615,0.004409768,0
9559,02/12/15 14:23,23.79,24.2,115.5,617.5,0.004409768,0
9560,02/12/15 14:23,23.79,24.2,107,618,0.004409768,0
9561,02/12/15 14:25,23.7675,24.2225,120,615.5,0.004407883,0
9562,02/12/15 14:25,23.745,24.2,120,615.5,0.004397758,0
9563,02/12/15 14:26,23.7675,24.2675,123,610,0.00441613,0
9564,02/12/15 14:28,23.7,24.29,105.6666667,609.3333333,0.004402203,0
9565,02/12/15 14:29,23.7225,24.29,111.5,610.5,0.004408213,0
9566,02/12/15 14:30,23.7,24.29,102,606.75,0.004402203,0
9567,02/12/15 14:31,23.7,24.29,103.3333333,601,0.004402203,0
9568,02/12/15 14:31,23.7,24.29,90.33333333,600,0.004402203,0
9569,02/12/15 14:32,23.7,24.43,87,599.6666667,0.004427757,1
9570,02/12/15 14:34,23.6,24.445,102.5,602.5,0.004403701,0
9571,02/12/15 14:35,23.6,24.5,97.33333333,603.6666667,0.00441368,0
9572,02/12/15 14:36,23.6,24.6,88,600.5,0.004431823,0
9573,02/12/15 14:37,23.6,24.7,95,599,0.004449968,0
9574,02/12/15 14:38,23.525,24.7225,113,593.25,0.004433819,0
9575,02/12/15 14:38,23.5,24.89,95,590,0.004457302,0
9576,02/12/15 14:39,23.39,24.84,107,582,0.004418655,0
9577,02/12/15 14:41,23.39,24.89,98.66666667,583,0.004427612,0
9578,02/12/15 14:42,23.34,24.945,86.5,579,0.004423998,0
9579,02/12/15 14:43,23.29,25,92,576.5,0.00442036,0
9580,02/12/15 14:44,23.29,25.1,81,585,0.004438168,0
9581,02/12/15 14:44,23.29,25.33333333,83.33333333,584,0.004479723,0
9582,02/12/15 14:45,23.2,25.39,87,592,0.004465293,0
9583,02/12/15 14:47,23.2,25.29,94,592,0.00444758,0
9584,02/12/15 14:48,23.2,25.29,94,588,0.00444758,0
9585,02/12/15 14:49,23.2,25.29,78,587.3333333,0.00444758,0
9586,02/12/15 14:50,23.2,25.29,76,587,0.00444758,0
9587,02/12/15 14:51,23.2,25.29,76,586.5,0.00444758,0
9588,02/12/15 14:51,23.2,25.29,81,583,0.00444758,0
9589,02/12/15 14:53,23.2,25.29,70,583,0.00444758,0
9590,02/12/15 14:54,23.2,25.29,90,591.3333333,0.00444758,0
9591,02/12/15 14:55,23.16666667,25.29,86,588.6666667,0.004438564,0
9592,02/12/15 14:55,23.16666667,25.29,76,584.3333333,0.004438564,0
9593,02/12/15 14:57,23.15,25.29,59,580.5,0.004434062,0
9594,02/12/15 14:57,23.15,25.29,64.5,581.5,0.004434062,0
9595,02/12/15 14:58,23.1,25.34,70.5,583,0.004429382,0
9596,02/12/15 15:00,23.1,25.39,62,577,0.004438184,0
9597,02/12/15 15:01,23.1,25.39,62,576.6666667,0.004438184,0
9598,02/12/15 15:02,23.1,25.39,62,580,0.004438184,0
9599,02/12/15 15:03,23.1,25.5,62,579.5,0.00445755,0
9600,02/12/15 15:04,23.05,25.445,62,577.5,0.004434338,0
9601,02/12/15 15:04,23.03333333,25.42666667,60,573.3333333,0.004426621,0
9602,02/12/15 15:06,23,25.39,50,570,0.004411221,0
9603,02/12/15 15:07,23,25.39,68,569.5,0.004411221,0
9604,02/12/15 15:08,23,25.39,68,568.5,0.004411221,0
9605,02/12/15 15:08,23,25.39,68,569.5,0.004411221,0
9606,02/12/15 15:10,23,25.39,62.5,564,0.004411221,0
9607,02/12/15 15:10,23,25.39,74,569,0.004411221,0
9608,02/12/15 15:11,23,25.39,63,567.5,0.004411221,0
9609,02/12/15 15:13,22.945,25.39,74,569.5,0.004396453,0
9610,02/12/15 15:14,22.945,25.39,59,569,0.004396453,0
9611,02/12/15 15:15,22.89,25.5,50,569,0.004400846,0
9612,02/12/15 15:16,22.89,25.5,60.66666667,567,0.004400846,0
9613,02/12/15 15:16,22.89,25.5,63,568,0.004400846,0
9614,02/12/15 15:17,22.89,25.5,63,567.5,0.004400846,0
9615,02/12/15 15:19,22.89,25.5,62,568,0.004400846,0
9616,02/12/15 15:20,22.89,25.5,56,566,0.004400846,0
9617,02/12/15 15:21,22.89,25.6,62,563,0.004418226,0
9618,02/12/15 15:22,22.89,25.6,58,560,0.004418226,0
9619,02/12/15 15:23,22.89,25.6,72,562,0.004418226,0
9620,02/12/15 15:23,22.89,25.6,72,566,0.004418226,0
9621,02/12/15 15:24,22.79,25.55,58,561.5,0.004382705,0
9622,02/12/15 15:26,22.79,25.6,44,564,0.004391342,0
9623,02/12/15 15:27,22.79,25.55,47,566.5,0.004382705,0
9624,02/12/15 15:28,22.79,25.6,62,562,0.004391342,0
9625,02/12/15 15:29,22.745,25.65,64.5,561.5,0.004387905,0
9626,02/12/15 15:29,22.76,25.66666667,59.66666667,560.6666667,0.0043948,0
9627,02/12/15 15:30,22.745,25.7,79,562.5,0.004396519,0
9628,02/12/15 15:32,22.7,25.7,62,564,0.004384449,0
9629,02/12/15 15:33,22.7,25.7,47,565.5,0.004384449,0
9630,02/12/15 15:34,22.7,25.7,62,555.3333333,0.004384449,0
9631,02/12/15 15:35,22.7,25.7,62,556,0.004384449,0
9632,02/12/15 15:36,22.7,25.7,62,552.5,0.004384449,0
9633,02/12/15 15:36,22.7,25.7,62,551,0.004384449,0
9634,02/12/15 15:38,22.7,25.7225,44,553.25,0.004388315,0
9635,02/12/15 15:39,22.7,25.745,58,551,0.004392181,0
9636,02/12/15 15:40,22.6,25.7,72,553,0.004357733,0
9637,02/12/15 15:40,22.6,25.7,65,551,0.004357733,0
9638,02/12/15 15:42,22.6,25.7,44,548.5,0.004357733,0
9639,02/12/15 15:42,22.6,25.7,72,549,0.004357733,0
9640,02/12/15 15:43,22.6,25.7,58,540,0.004357733,0
9641,02/12/15 15:45,22.6,25.7,58,544.5,0.004357733,0
9642,02/12/15 15:46,22.6,25.7,63.5,552.5,0.004357733,0
9643,02/12/15 15:47,22.6,25.73,45.33333333,554,0.004362856,0
9644,02/12/15 15:48,22.6,25.73,55,546,0.004362856,0
9645,02/12/15 15:49,22.6,25.79,55,542.6666667,0.004373101,0
9646,02/12/15 15:49,22.6,25.79,55,538,0.004373101,0
9647,02/12/15 15:51,22.6,25.79,55,542,0.004373101,0
9648,02/12/15 15:52,22.6,25.79,55,543,0.004373101,0
9649,02/12/15 15:53,22.6,25.84,37,549.5,0.004381639,0
9650,02/12/15 15:53,22.55,25.84,37,542,0.004368261,0
9651,02/12/15 15:55,22.56666667,25.89,37,538,0.004381237,0
9652,02/12/15 15:55,22.5,25.89,37,545,0.004363405,0
9653,02/12/15 15:56,22.5,25.89,37,538,0.004363405,0
9654,02/12/15 15:58,22.445,25.89,37,535,0.004348742,0
9655,02/12/15 15:59,22.5,25.89,37,539,0.004363405,0
9656,02/12/15 16:00,22.5,25.89,37,544,0.004363405,0
9657,02/12/15 16:01,22.5,25.89,37,544.5,0.004363405,0
9658,02/12/15 16:01,22.5,25.89,37,538.5,0.004363405,0
9659,02/12/15 16:02,22.39,25.89,37,540,0.004334123,0
9660,02/12/15 16:04,22.5,26,37,537,0.004382075,0
9661,02/12/15 16:05,22.39,25.89,37,536,0.004334123,0
9662,02/12/15 16:06,22.39,25.89,19,532.5,0.004334123,0
9663,02/12/15 16:07,22.39,25.89,28,532.5,0.004334123,0
9664,02/12/15 16:08,22.39,25.89,19,526.5,0.004334123,0
9665,02/12/15 16:08,22.39,25.96333333,28.66666667,531.6666667,0.004346485,0
9666,02/12/15 16:09,22.39,26,191.5,534.5,0.004352666,1
9667,02/12/15 16:11,22.365,26.2675,407.25,535,0.004391036,1
9668,02/12/15 16:12,22.365,26.29,466.75,539.25,0.004394824,1
9669,02/12/15 16:13,22.34,26.315,459,536,0.0043923,1
9670,02/12/15 16:14,22.29,26.445,469,538,0.004400648,1
9671,02/12/15 16:14,22.29,26.6,464,541.3333333,0.004426625,1
9672,02/12/15 16:15,22.315,26.55,461.5,548,0.00442502,1
9673,02/12/15 16:17,22.29,26.55,454,546.25,0.004418245,1
9674,02/12/15 16:18,22.32333333,26.6,454,542.6666667,0.004435678,1
9675,02/12/15 16:19,22.29,26.6,454,543.3333333,0.004426625,1
9676,02/12/15 16:20,22.315,26.6,450.25,551.75,0.004433413,1
9677,02/12/15 16:21,22.29,26.65,439,555,0.004435005,1
9678,02/12/15 16:21,22.29,26.65,439,552.75,0.004435005,1
9679,02/12/15 16:23,22.29,26.745,439,555,0.004450928,1
9680,02/12/15 16:24,22.29,26.79,439,554,0.00445847,1
9681,02/12/15 16:25,22.29,26.815,439,556.5,0.004462661,1
9682,02/12/15 16:25,22.29,26.79,439,565,0.00445847,1
9683,02/12/15 16:27,22.2675,26.865,439,561.75,0.004464879,1
9684,02/12/15 16:27,22.2675,26.945,439,570.25,0.004478271,1
9685,02/12/15 16:28,22.23,26.92666667,439,576,0.004464923,1
9686,02/12/15 16:30,22.26,26.96333333,439,577.3333333,0.004479279,1
9687,02/12/15 16:31,22.29,27.025,439,577.75,0.004497863,1
9688,02/12/15 16:32,22.245,27.075,444.25,577.6666667,0.004493829,1
9689,02/12/15 16:33,22.2,27.03333333,453,582.75,0.004474497,1
9690,02/12/15 16:34,22.2225,27.075,449.5,584.25,0.004487632,1
9691,02/12/15 16:34,22.2225,27.125,445.5,585,0.004495979,1
9692,02/12/15 16:36,22.2,27.1,441.5,591.75,0.004485611,1
9693,02/12/15 16:37,22.2,27.1,441.75,596.25,0.004485611,1
9694,02/12/15 16:38,22.2,27.1,434,602,0.004485611,1
9695,02/12/15 16:38,22.2,27.175,434,605.75,0.004498115,1
9696,02/12/15 16:40,22.2,27.16666667,444,605,0.004496725,1
9697,02/12/15 16:40,22.2,27.2225,439,596.5,0.004506034,1
9698,02/12/15 16:41,22.2,27.29,444,593.5,0.004517288,1
9699,02/12/15 16:43,22.2,27.245,444,595,0.004509785,1
9700,02/12/15 16:44,22.16666667,27.23,444,596,0.004498076,1
9701,02/12/15 16:45,22.175,27.29,444,594.25,0.004510365,1
9702,02/12/15 16:46,22.13333333,27.32333333,444,596.3333333,0.004504382,1
9703,02/12/15 16:46,22.1,27.365,444,599.75,0.004502079,1
9704,02/12/15 16:47,22.15,27.39,444,602,0.004520073,1
9705,02/12/15 16:49,22.15,27.4425,444,603,0.0045288,1
9706,02/12/15 16:50,22.1,27.575,444,600,0.00453688,1
9707,02/12/15 16:51,22.1,27.5,444,599,0.004524451,1
9708,02/12/15 16:52,22.1,27.5,444,599.25,0.004524451,1
9709,02/12/15 16:53,22.1,27.5,444,596.5,0.004524451,1
9710,02/12/15 16:53,22.1,27.5,444,597.25,0.004524451,1
9711,02/12/15 16:54,22.075,27.4725,439,596.3333333,0.004512961,1
9712,02/12/15 16:56,22.075,27.525,435,598.4,0.004521648,1
9713,02/12/15 16:57,22.1,27.55,429,601,0.004532737,1
9714,02/12/15 16:58,22.1,27.6,429,599.5,0.004541024,1
9715,02/12/15 16:59,22.075,27.575,429,606.75,0.004529922,1
9716,02/12/15 16:59,22,27.525,429,606.75,0.004500866,1
9717,02/12/15 17:00,22.03333333,27.56666667,429,606,0.004516969,1
9718,02/12/15 17:02,22.05,27.65,429,612.5,0.004535364,1
9719,02/12/15 17:03,22,27.6725,429,610.5,0.004525161,1
9720,02/12/15 17:04,22,27.7675,433.5,620.75,0.004540809,1
9721,02/12/15 17:05,22,27.7,438,626,0.004529691,1
9722,02/12/15 17:06,22,27.7,436,623,0.004529691,1
9723,02/12/15 17:06,22,27.79,438,626.5,0.004544515,1
9724,02/12/15 17:08,21.96333333,27.73,441,625,0.004524426,1
9725,02/12/15 17:09,22,27.7225,438,623,0.004533397,1
9726,02/12/15 17:10,22,27.7,438,623.5,0.004529691,1
9727,02/12/15 17:10,22,27.7,423.5,624,0.004529691,1
9728,02/12/15 17:12,22,27.7,423.5,621.5,0.004529691,1
9729,02/12/15 17:12,22,27.745,423.5,621,0.004537103,1
9730,02/12/15 17:13,21.9725,27.79,427.25,622,0.004536842,1
9731,02/12/15 17:15,21.9725,27.79,423.5,623.5,0.004536842,1
9732,02/12/15 17:16,21.89,27.79,433,622,0.004513892,1
9733,02/12/15 17:17,21.945,27.79,433,623.25,0.004529181,1
9734,02/12/15 17:18,21.9725,27.79,433,632,0.004536842,1
9735,02/12/15 17:19,21.945,27.79,433,634.5,0.004529181,1
9736,02/12/15 17:19,22,27.79,433,632.5,0.004544515,1
9737,02/12/15 17:21,22,27.79,433,623.3333333,0.004544515,1
9738,02/12/15 17:22,22,27.79,433,619.3333333,0.004544515,1
9739,02/12/15 17:23,22,27.79,433,616.75,0.004544515,1
9740,02/12/15 17:23,22,27.79,433,617.6666667,0.004544515,1
9741,02/12/15 17:25,22,27.79,433,616,0.004544515,1
9742,02/12/15 17:25,22,27.79,433,616.3333333,0.004544515,1
9743,02/12/15 17:26,22,27.79,433,614,0.004544515,1
9744,02/12/15 17:28,21.9725,27.815,433,615,0.004540954,1
9745,02/12/15 17:29,21.945,27.79,426,607.5,0.004529181,1
9746,02/12/15 17:30,22,27.9175,422.5,610,0.004565519,1
9747,02/12/15 17:31,22,28.025,418.5,614,0.004583228,1
9748,02/12/15 17:31,22,28.05,433,629,0.004587347,1
9749,02/12/15 17:32,22,28.1,433,635,0.004595585,1
9750,02/12/15 17:34,22,28.025,422.5,645.5,0.004583228,1
9751,02/12/15 17:35,22,27.9175,423.6666667,630.6666667,0.004565519,1
9752,02/12/15 17:36,22,27.89,421.8,631,0.004560988,1
9753,02/12/15 17:37,21.96333333,27.92666667,419,625.6666667,0.004556749,1
9754,02/12/15 17:38,21.9175,27.9175,419,625.75,0.004542427,1
9755,02/12/15 17:38,21.9175,27.89,419,624.5,0.00453792,1
9756,02/12/15 17:39,21.945,27.89,419,611,0.004545598,1
9757,02/12/15 17:41,21.89,27.89,419,607.6666667,0.004530253,1
9758,02/12/15 17:42,21.9175,27.89,419,607.25,0.00453792,1
9759,02/12/15 17:43,21.89,27.89,419,601.3333333,0.004530253,1
9760,02/12/15 17:44,21.89,27.89,279.3333333,603.6666667,0.004530253,1
9761,02/12/15 17:44,21.89,27.945,0,603,0.004539252,0
9762,02/12/15 17:45,21.89,28.05,0,604.5,0.004556433,0
9763,02/12/15 17:47,21.89,28.1,0,614,0.004564614,0
9764,02/12/15 17:48,21.89,28.16333333,0,626.3333333,0.004574978,0
9765,02/12/15 17:49,21.89,28.1,0,626.5,0.004564614,0
9766,02/12/15 17:50,21.89,28.1,0,623,0.004564614,0
9767,02/12/15 17:51,21.89,28.1,0,620,0.004564614,0
9768,02/12/15 17:51,21.89,28.05,0,619,0.004556433,0
9769,02/12/15 17:53,21.89,28.1,0,617.5,0.004564614,0
9770,02/12/15 17:54,21.89,28.1,0,613.5,0.004564614,0
9771,02/12/15 17:55,21.89,28.1,0,616,0.004564614,0
9772,02/12/15 17:55,21.89,28.05,0,622.5,0.004556433,0
9773,02/12/15 17:57,21.89,28,0,618.6666667,0.004548251,0
9774,02/12/15 17:57,21.89,28,0,612,0.004548251,0
9775,02/12/15 17:58,21.89,28,0,610,0.004548251,0
9776,02/12/15 18:00,21.89,28,0,603.5,0.004548251,0
9777,02/12/15 18:01,21.89,28,0,611,0.004548251,0
9778,02/12/15 18:02,21.89,28,0,609.5,0.004548251,0
9779,02/12/15 18:03,21.89,28,0,606.5,0.004548251,0
9780,02/12/15 18:04,21.89,27.945,0,610,0.004539252,0
9781,02/12/15 18:04,21.89,28,0,607,0.004548251,0
9782,02/12/15 18:06,21.89,27.945,0,606,0.004539252,0
9783,02/12/15 18:07,21.89,27.945,0,612.5,0.004539252,0
9784,02/12/15 18:08,21.89,28,0,611.6666667,0.004548251,0
9785,02/12/15 18:08,21.89,28,0,617,0.004548251,0
9786,02/12/15 18:10,21.89,28.05,0,608.5,0.004556433,0
9787,02/12/15 18:10,21.89,28,0,606,0.004548251,0
9788,02/12/15 18:11,21.89,28.03333333,0,612.5,0.004553705,0
9789,02/12/15 18:13,21.89,28.3,0,610.5,0.004597343,0
9790,02/12/15 18:14,21.89,28.19666667,0,612.6666667,0.004580432,0
9791,02/12/15 18:15,21.89,28.54,0,610,0.004636621,0
9792,02/12/15 18:16,21.89,28.1,0,600,0.004564614,0
9793,02/12/15 18:16,21.89,28.46333333,0,603.6666667,0.004624073,0
9794,02/12/15 18:17,21.89,28.29666667,0,601.6666667,0.004596797,0
9795,02/12/15 18:19,21.89,28.1,0,599,0.004564614,0
9796,02/12/15 18:20,21.89,28.245,0,599,0.004588342,0
9797,02/12/15 18:21,21.89,28.15,0,597,0.004572796,0
9798,02/12/15 18:22,21.89,28.1,0,599.5,0.004564614,0
9799,02/12/15 18:23,21.89,28.1,0,597,0.004564614,0
9800,02/12/15 18:23,21.84,28.05,0,597.5,0.004542441,0
9801,02/12/15 18:24,21.84,28.05,0,597.5,0.004542441,0
9802,02/12/15 18:26,21.82333333,28.06666667,0,595.6666667,0.004540502,0
9803,02/12/15 18:27,21.79,28.05,0,594.5,0.004528488,0
9804,02/12/15 18:28,21.79,28.05,0,592,0.004528488,0
9805,02/12/15 18:29,21.79,28.05,0,595,0.004528488,0
9806,02/12/15 18:29,21.79,28.1,0,597,0.004536619,0
9807,02/12/15 18:30,21.79,28,0,592,0.004520357,0
9808,02/12/15 18:32,21.79,28.1,0,589.5,0.004536619,0
9809,02/12/15 18:33,21.745,28.05,0,591.5,0.004515963,0
9810,02/12/15 18:34,21.79,28.05,0,594.5,0.004528488,0
9811,02/12/15 18:35,21.79,28.1,0,594,0.004536619,0
9812,02/12/15 18:36,21.745,28.1,0,591,0.004524071,0
9813,02/12/15 18:36,21.7,28.1,0,594,0.004511553,0
9814,02/12/15 18:38,21.7,28.1,0,591.5,0.004511553,0
9815,02/12/15 18:39,21.7,28.1,0,587.5,0.004511553,0
9816,02/12/15 18:40,21.7,28.1,0,584.5,0.004511553,0
9817,02/12/15 18:40,21.7,28.1,0,582,0.004511553,0
9818,02/12/15 18:42,21.7,28.1,0,582,0.004511553,0
9819,02/12/15 18:42,21.7,28.1,0,592,0.004511553,0
9820,02/12/15 18:43,21.7,28.1,0,592,0.004511553,0
9821,02/12/15 18:45,21.7,28.1,0,585,0.004511553,0
9822,02/12/15 18:46,21.66666667,28.1,0,579,0.004502301,0
9823,02/12/15 18:47,21.7,28.1,0,581,0.004511553,0
9824,02/12/15 18:48,21.6,28.1,0,582,0.004483846,0
9825,02/12/15 18:49,21.7,28.1,0,581.5,0.004511553,0
9826,02/12/15 18:49,21.65,28.1,0,579.5,0.004497681,0
9827,02/12/15 18:51,21.6,28.1,0,579.6666667,0.004483846,0
9828,02/12/15 18:52,21.6,28.1,0,582.5,0.004483846,0
9829,02/12/15 18:53,21.6,28.1,0,585,0.004483846,0
9830,02/12/15 18:53,21.6,28.1,0,584,0.004483846,0
9831,02/12/15 18:55,21.6,28,0,579.5,0.004467775,0
9832,02/12/15 18:55,21.6,28.06666667,0,583,0.004478489,0
9833,02/12/15 18:56,21.6,28,0,584,0.004467775,0
9834,02/12/15 18:58,21.56666667,28.13333333,0,577.6666667,0.00447999,0
9835,02/12/15 18:59,21.5,28.13333333,0,576,0.004461613,0
9836,02/12/15 19:00,21.5,28.1,0,576.5,0.004456289,0
9837,02/12/15 19:01,21.5,28.1,0,573.5,0.004456289,0
9838,02/12/15 19:01,21.5,28.1,0,574,0.004456289,0
9839,02/12/15 19:02,21.5,28.13333333,0,575.3333333,0.004461613,0
9840,02/12/15 19:04,21.5,28.2,0,576,0.004472261,0
9841,02/12/15 19:05,21.5,28.29,0,576,0.004486638,0
9842,02/12/15 19:06,21.5,28.245,0,570.5,0.004479449,0
9843,02/12/15 19:07,21.5,28.13333333,0,566,0.004461613,0
9844,02/12/15 19:08,21.5,28.2,0,567,0.004472261,0
9845,02/12/15 19:08,21.5,28.245,0,566,0.004479449,0
9846,02/12/15 19:09,21.5,28.29,0,563,0.004486638,0
9847,02/12/15 19:11,21.5,28.29,0,564,0.004486638,0
9848,02/12/15 19:12,21.5,28.1,0,566.3333333,0.004456289,0
9849,02/12/15 19:13,21.39,28.15,0,567,0.00443408,0
9850,02/12/15 19:14,21.5,28.2,0,565,0.004472261,0
9851,02/12/15 19:14,21.445,28.05,0,567,0.004433237,0
9852,02/12/15 19:15,21.5,28.1,0,569,0.004456289,0
9853,02/12/15 19:17,21.445,28.05,0,568.5,0.004433237,0
9854,02/12/15 19:18,21.5,28.445,0,565.5,0.004511398,0
9855,02/12/15 19:19,21.5,28.4,0,565.6666667,0.004504209,0
9856,02/12/15 19:20,21.5,28.1,0,566,0.004456289,0
9857,02/12/15 19:21,21.5,28.1,0,573.3333333,0.004456289,0
9858,02/12/15 19:21,21.46333333,28.36333333,0,570.3333333,0.004488189,0
9859,02/12/15 19:23,21.5,28.445,0,572.5,0.004511398,0
9860,02/12/15 19:24,21.445,28.54,0,572,0.004511242,0
9861,02/12/15 19:25,21.39,28.445,0,564.5,0.004480882,0
9862,02/12/15 19:25,21.5,28.45,0,566.5,0.004512197,0
9863,02/12/15 19:27,21.39,28.1,0,569,0.004426148,0
9864,02/12/15 19:27,21.5,28.39,0,565,0.004502612,0
9865,02/12/15 19:28,21.445,28.05,0,570.5,0.004433237,0
9866,02/12/15 19:30,21.42666667,28.13333333,0,566.3333333,0.004441475,0
9867,02/12/15 19:31,21.39,27.89,0,567,0.004392837,0
9868,02/12/15 19:32,21.39,28.09666667,0,568.6666667,0.00442562,0
9869,02/12/15 19:33,21.5,28.1,0,569,0.004456289,0
9870,02/12/15 19:34,21.39,27.945,0,563,0.004401561,0
9871,02/12/15 19:34,21.39,27.96,0,566.6666667,0.00440394,0
9872,02/12/15 19:36,21.39,28.02333333,0,561.6666667,0.004413987,0
9873,02/12/15 19:37,21.39,27.89,0,567,0.004392837,0
9874,02/12/15 19:38,21.39,27.89,0,563,0.004392837,0
9875,02/12/15 19:38,21.39,27.89,0,561,0.004392837,0
9876,02/12/15 19:40,21.39,27.79,0,563.5,0.004376975,0
9877,02/12/15 19:40,21.39,27.79,0,570.5,0.004376975,0
9878,02/12/15 19:41,21.34,28.14,0,565.5,0.004418834,0
9879,02/12/15 19:43,21.34,27.79,0,568,0.004363488,0
9880,02/12/15 19:44,21.39,27.79,0,566,0.004376975,0
9881,02/12/15 19:45,21.32333333,27.79,0,562.3333333,0.004359,0
9882,02/12/15 19:46,21.39,27.79,0,563,0.004376975,0
9883,02/12/15 19:46,21.29,27.79,0,562,0.004350036,0
9884,02/12/15 19:47,21.29,27.7,0,559,0.00433585,0
9885,02/12/15 19:49,21.35666667,27.79,0,558.3333333,0.004367979,0
9886,02/12/15 19:50,21.29,27.745,0,565.5,0.004342943,0
9887,02/12/15 19:51,21.29,27.79,0,567,0.004350036,0
9888,02/12/15 19:52,21.29,27.7,0,570,0.00433585,0
9889,02/12/15 19:53,21.29,27.7,0,568,0.00433585,0
9890,02/12/15 19:53,21.29,27.7,0,567.5,0.00433585,0
9891,02/12/15 19:54,21.29,27.79,0,566,0.004350036,0
9892,02/12/15 19:56,21.29,27.895,0,567.5,0.004366588,0
9893,02/12/15 19:57,21.29,27.79,0,564,0.004350036,0
9894,02/12/15 19:58,21.29,27.745,0,559,0.004342943,0
9895,02/12/15 19:59,21.29,27.745,0,558,0.004342943,0
9896,02/12/15 19:59,21.29,28.33,0,560,0.004435167,0
9897,02/12/15 20:00,21.29,27.89,0,558,0.004365799,0
9898,02/12/15 20:02,21.29,27.84,0,563,0.004357918,0
9899,02/12/15 20:03,21.29,27.89,0,565,0.004365799,0
9900,02/12/15 20:04,21.245,28.05,0,559.5,0.004378833,0
9901,02/12/15 20:05,21.23,27.89333333,0,557.6666667,0.004350171,0
9902,02/12/15 20:06,21.29,27.945,0,558,0.004374469,0
9903,02/12/15 20:06,21.29,28.145,0,556.5,0.004405999,0
9904,02/12/15 20:08,21.2,27.745,0,559,0.004318863,0
9905,02/12/15 20:09,21.26,27.93,0,557.6666667,0.004364011,0
9906,02/12/15 20:10,21.245,27.795,0,556,0.004338747,0
9907,02/12/15 20:10,21.23,27.7,0,558,0.00431981,0
9908,02/12/15 20:12,21.2,27.63333333,0,561,0.00430136,0
9909,02/12/15 20:12,21.2,27.575,0,562,0.004292217,0
9910,02/12/15 20:13,21.2,27.5,0,558.5,0.004280463,0
9911,02/12/15 20:15,21.2,27.6,0,553.5,0.004296136,0
9912,02/12/15 20:16,21.2,27.695,0,558.5,0.004311026,0
9913,02/12/15 20:17,21.2,27.6,0,559.5,0.004296136,0
9914,02/12/15 20:18,21.2,27.5,0,562,0.004280463,0
9915,02/12/15 20:19,21.2,27.5,0,564.5,0.004280463,0
9916,02/12/15 20:19,21.2,27.89,0,566,0.004341591,0
9917,02/12/15 20:21,21.2,27.995,0,559,0.004358051,0
9918,02/12/15 20:22,21.2,28.26,0,559,0.004399596,0
9919,02/12/15 20:23,21.2,28.09,0,561,0.004372944,0
9920,02/12/15 20:23,21.2,27.55,0,562,0.004288299,0
9921,02/12/15 20:25,21.2,27.8,0,564,0.004327484,0
9922,02/12/15 20:25,21.2,27.5,0,564,0.004280463,0
9923,02/12/15 20:26,21.23,27.5,0,567,0.004288405,0
9924,02/12/15 20:28,21.2,27.39,0,563,0.004263224,0
9925,02/12/15 20:29,21.2,27.395,0,552.5,0.004264007,0
9926,02/12/15 20:30,21.23,27.99666667,0,559,0.0043664,0
9927,02/12/15 20:31,21.2,27.59,0,562.5,0.004294568,0
9928,02/12/15 20:31,21.2,27.7,0,558,0.004311809,0
9929,02/12/15 20:32,21.2,28.745,0,559,0.004475646,0
9930,02/12/15 20:34,21.2,28.5,0,561,0.004437226,0
9931,02/12/15 20:35,21.2,28.7,0,559.5,0.004468589,0
9932,02/12/15 20:36,21.2,27.56333333,0,567,0.004290389,0
9933,02/12/15 20:37,21.2,27.39,0,564,0.004263224,0
9934,02/12/15 20:38,21.245,28.1,0,562,0.004386693,0
9935,02/12/15 20:38,21.2,28.245,0,563,0.004397244,0
9936,02/12/15 20:39,21.2,27.53,0,563,0.004285165,0
9937,02/12/15 20:41,21.2,27.645,0,566,0.004303189,0
9938,02/12/15 20:42,21.2,27.995,0,566.5,0.004358051,0
9939,02/12/15 20:43,21.2,27.5,0,564,0.004280463,0
9940,02/12/15 20:44,21.2,27.49333333,0,561.3333333,0.004279418,0
9941,02/12/15 20:44,21.2,27.29,0,559,0.004247552,0
9942,02/12/15 20:45,21.2,27.395,0,554.5,0.004264007,0
9943,02/12/15 20:47,21.2,27.29,0,553,0.004247552,0
9944,02/12/15 20:48,21.2,27.2,0,554.5,0.004233449,0
9945,02/12/15 20:49,21.23,27.36,0,563,0.004266423,0
9946,02/12/15 20:50,21.29,28,0,562,0.00438314,0
9947,02/12/15 20:51,21.2,27.99,0,561.6666667,0.004357267,0
9948,02/12/15 20:51,21.2,27.52333333,0,562,0.00428412,0
9949,02/12/15 20:53,21.2,27.545,0,565,0.004287516,0
9950,02/12/15 20:54,21.2,27.59333333,0,567.3333333,0.004295091,0
9951,02/12/15 20:55,21.2,27.29,0,566,0.004247552,0
9952,02/12/15 20:55,21.2,27.15,0,567,0.004225614,0
9953,02/12/15 20:57,21.2,27.34,0,561.5,0.004255388,0
9954,02/12/15 20:57,21.2,27.295,0,571,0.004248336,0
9955,02/12/15 20:58,21.2,27.6,0,574,0.004296136,0
9956,02/12/15 21:00,21.2,27.395,0,564.5,0.004264007,0
9957,02/12/15 21:01,21.2,27.245,0,570.5,0.004240501,0
9958,02/12/15 21:02,21.2,27.1,0,560,0.004217779,0
9959,02/12/15 21:03,21.2,27.195,0,564,0.004232666,0
9960,02/12/15 21:04,21.2,27,0,569,0.00420211,0
9961,02/12/15 21:04,21.2,27.05,0,569.5,0.004209945,0
9962,02/12/15 21:06,21.245,27.495,0,568.5,0.004291595,0
9963,02/12/15 21:07,21.2,27.36,0,568.6666667,0.004258522,0
9964,02/12/15 21:08,21.2,27.3,0,566,0.00424912,0
9965,02/12/15 21:08,21.2,27.05,0,565,0.004209945,0
9966,02/12/15 21:10,21.2,27,0,563,0.00420211,0
9967,02/12/15 21:10,21.2,27.145,0,557.5,0.004224831,0
9968,02/12/15 21:11,21.15,27.84,0,560,0.00432038,0
9969,02/12/15 21:13,21.2,27.1,0,565,0.004217779,0
9970,02/12/15 21:14,21.2,26.96333333,0,566,0.004196365,0
9971,02/12/15 21:15,21.13333333,26.93,0,570.6666667,0.00417391,0
9972,02/12/15 21:16,21.2,27.195,0,571,0.004232666,0
9973,02/12/15 21:16,21.2,27.745,0,572,0.004318863,0
9974,02/12/15 21:17,21.2,27.29,0,567,0.004247552,0
9975,02/12/15 21:19,21.16666667,27.13333333,0,569,0.004214312,0
9976,02/12/15 21:20,21.2,27,0,569,0.00420211,0
9977,02/12/15 21:21,21.2,26.79,0,570,0.004169208,0
9978,02/12/15 21:22,21.2,27.22666667,0,574.3333333,0.004237628,0
9979,02/12/15 21:23,21.2,26.895,0,571,0.004185659,0
9980,02/12/15 21:23,21.15,27.09,0,565.5,0.004203204,0
9981,02/12/15 21:24,21.15,26.895,0,561.5,0.004172746,0
9982,02/12/15 21:26,21.15,26.945,0,564.5,0.004180555,0
9983,02/12/15 21:27,21.2,26.84,0,566.5,0.004177042,0
9984,02/12/15 21:28,21.2,27.26,0,570.3333333,0.004242851,0
9985,02/12/15 21:29,21.13333333,27.13,0,564.6666667,0.004205118,0
9986,02/12/15 21:29,21.15,27.09,0,563,0.004203204,0
9987,02/12/15 21:30,21.13333333,27.1,0,566,0.004200437,0
9988,02/12/15 21:32,21.13333333,27.16333333,0,562.6666667,0.00421032,0
9989,02/12/15 21:33,21.1,27.145,0,563,0.004198796,0
9990,02/12/15 21:34,21.15,27.895,0,564.5,0.004328975,0
9991,02/12/15 21:35,21.1,27.15,0,564.5,0.004199575,0
9992,02/12/15 21:36,21.1,27.495,0,563,0.004253305,0
9993,02/12/15 21:36,21.15,27.4,0,561,0.004251632,0
9994,02/12/15 21:38,21.1,27.79,0,564,0.004299255,0
9995,02/12/15 21:39,21.1,27.3,0,562.3333333,0.004222934,0
9996,02/12/15 21:40,21.1,26.995,0,567,0.004175438,0
9997,02/12/15 21:40,21.1,27.79,0,570,0.004299255,0
9998,02/12/15 21:42,21.1,27.65,0,572.5,0.004277447,0
9999,02/12/15 21:42,21.1,27,0,569,0.004176217,0
10000,02/12/15 21:43,21.1,27.2,0,565.5,0.004207361,0
10001,02/12/15 21:45,21.1,26.745,0,559.5,0.004136513,0
10002,02/12/15 21:46,21.1,27.445,0,563.5,0.004245517,0
10003,02/12/15 21:47,21.1,27.7,0,561,0.004285235,0
10004,02/12/15 21:48,21.1,27.09,0,567,0.004190232,0
10005,02/12/15 21:49,21.05,27.05,0,567.5,0.004171085,0
10006,02/12/15 21:49,21.1,26.92666667,0,562,0.004164798,0
10007,02/12/15 21:51,21.1,26.89,0,558,0.004159089,0
10008,02/12/15 21:52,21.1,26.96,0,563.6666667,0.004169989,0
10009,02/12/15 21:53,21.1,27.9,0,573,0.00431639,0
10010,02/12/15 21:53,21.06666667,27.29666667,0,572,0.00421372,0
10011,02/12/15 21:55,21.1,27,0,567,0.004176217,0
10012,02/12/15 21:55,21.1,27.7,0,567,0.004285235,0
10013,02/12/15 21:56,21.1,27.35,0,567.5,0.004230721,0
10014,02/12/15 21:58,21.05,27.05,0,568,0.004171085,0
10015,02/12/15 21:59,21.1,27.695,0,565.5,0.004284456,0
10016,02/12/15 22:00,21.03333333,27.39333333,0,562.3333333,0.004220032,0
10017,02/12/15 22:01,21,28.89,0,565,0.004443072,0
10018,02/12/15 22:01,21.05,27.39,0,563,0.004223868,0
10019,02/12/15 22:02,21.05,26.995,0,563.5,0.004162547,0
10020,02/12/15 22:04,21.05,26.645,0,564,0.004108222,0
10021,02/12/15 22:05,21.1,27.445,0,563.5,0.004245517,0
10022,02/12/15 22:06,21.1,27.195,0,569,0.004206583,0
10023,02/12/15 22:07,21,27.09,0,568,0.004164392,0
10024,02/12/15 22:08,21.05,27.745,0,567,0.00427899,0
10025,02/12/15 22:08,21,27.145,0,569,0.004172903,0
10026,02/12/15 22:09,21,27.545,0,566.5,0.004234813,0
10027,02/12/15 22:11,21,26.39,0,563,0.004056083,0
10028,02/12/15 22:12,21,26.29,0,563,0.004040614,0
10029,02/12/15 22:13,21,26.89333333,0,562,0.004133959,0
10030,02/12/15 22:14,21,27.12666667,0,563.6666667,0.004170066,0
10031,02/12/15 22:14,21,26.76666667,0,564.3333333,0.004114359,0
10032,02/12/15 22:15,21,27.39,0,562,0.004210821,0
10033,02/12/15 22:17,21,27.0675,0,559.75,0.00416091,0
10034,02/12/15 22:18,21.1,27,0,564,0.004176217,0
10035,02/12/15 22:19,21,26.59333333,0,559.6666667,0.00408754,0
10036,02/12/15 22:20,21,27.39,0,559,0.004210821,0
10037,02/12/15 22:21,21,26.55,0,559.5,0.004080836,0
10038,02/12/15 22:21,21,26.495,0,561.5,0.004072327,0
10039,02/12/15 22:23,21,26.445,0,559,0.004064592,0
10040,02/12/15 22:24,21,26.79,0,560,0.004117969,0
10041,02/12/15 22:25,21,26.65,0,563.5,0.004096308,0
10042,02/12/15 22:25,21,26.695,0,562,0.00410327,0
10043,02/12/15 22:27,21,26.95,0,560,0.004142727,0
10044,02/12/15 22:27,21,26.945,0,565,0.004141953,0
10045,02/12/15 22:28,21,27.12333333,0,562.3333333,0.00416955,0
10046,02/12/15 22:30,21,26.55,0,566,0.004080836,0
10047,02/12/15 22:31,21,27,0,567,0.004150464,0
10048,02/12/15 22:32,21,26.34,0,568.5,0.004048348,0
10049,02/12/15 22:33,21,26.2425,0,561.25,0.004033266,0
10050,02/12/15 22:34,21,26.5,0,565,0.004073101,0
10051,02/12/15 22:34,21,26.89,0,565,0.004133443,0
10052,02/12/15 22:36,21,27.145,0,572,0.004172903,0
10053,02/12/15 22:37,21,27.19333333,0,564.3333333,0.004180384,0
10054,02/12/15 22:38,21,26.745,0,568,0.004111006,0
10055,02/12/15 22:38,21,26.695,0,565.5,0.00410327,0
10056,02/12/15 22:40,21,26.39,0,565,0.004056083,0
10057,02/12/15 22:40,21,26.2,0,567,0.004026692,0
10058,02/12/15 22:41,21,26.29,0,563,0.004040614,0
10059,02/12/15 22:43,21,26.395,0,559,0.004056857,0
10060,02/12/15 22:44,21,26.745,0,564,0.004111006,0
10061,02/12/15 22:45,21,26.85,0,563,0.004127253,0
10062,02/12/15 22:46,21,26.245,0,561,0.004033652,0
10063,02/12/15 22:46,21,27.55,0,566.5,0.004235587,0
10064,02/12/15 22:47,21,27,0,573,0.004150464,0
10065,02/12/15 22:49,21,26.29,0,569.5,0.004040614,0
10066,02/12/15 22:50,21,26.65,0,567,0.004096308,0
10067,02/12/15 22:51,21,26.1,0,567,0.004011223,0
10068,02/12/15 22:52,21,26.99666667,0,564.6666667,0.004149949,0
10069,02/12/15 22:53,21,26.1,0,563,0.004011223,0
10070,02/12/15 22:53,21,26.295,0,562,0.004041387,0
10071,02/12/15 22:54,21,26.69666667,0,560,0.004103528,0
10072,02/12/15 22:56,21,26.75,0,558,0.00411178,0
10073,02/12/15 22:57,21,26.695,0,563,0.00410327,0
10074,02/12/15 22:58,21,26.695,0,565,0.00410327,0
10075,02/12/15 22:59,20.9725,26.2975,0,569,0.004034902,0
10076,02/12/15 22:59,21,26.33,0,567,0.004046801,0
10077,02/12/15 23:00,20.96333333,26.3,0,569.3333333,0.004033,0
10078,02/12/15 23:02,21,26.29,0,571,0.004040614,0
10079,02/12/15 23:03,21,26.645,0,567,0.004095534,0
10080,02/12/15 23:04,21,26.39333333,0,566,0.004056599,0
10081,02/12/15 23:05,21,26,0,569,0.003995756,0
10082,02/12/15 23:06,21,25.995,0,567.5,0.003994983,0
10083,02/12/15 23:06,21,25.84,0,565.5,0.00397101,0
10084,02/12/15 23:08,21,26.05,0,568,0.00400349,0
10085,02/12/15 23:09,21,25.745,0,564,0.003956318,0
10086,02/12/15 23:10,21,26,0,568,0.003995756,0
10087,02/12/15 23:10,21,26.5,0,568,0.004073101,0
10088,02/12/15 23:12,21,26.3,0,570,0.00404216,0
10089,02/12/15 23:12,21,26.245,0,569.5,0.004033652,0
10090,02/12/15 23:13,21,25.89666667,0,567.3333333,0.003979774,0
10091,02/12/15 23:15,21,25.7,0,570,0.003949358,0
10092,02/12/15 23:16,21,25.745,0,568,0.003956318,0
10093,02/12/15 23:17,21,25.89,0,566,0.003978743,0
10094,02/12/15 23:18,21,25.895,0,567,0.003979516,0
10095,02/12/15 23:19,21,26.14,0,567.5,0.004017411,0
10096,02/12/15 23:19,21,26.06333333,0,567,0.004005552,0
10097,02/12/15 23:21,21,26.445,0,566,0.004064592,0
10098,02/12/15 23:22,21,26.36,0,567.6666667,0.004051442,0
10099,02/12/15 23:23,21,26.03333333,0,572,0.004000912,0
10100,02/12/15 23:23,21,26.2,0,574,0.004026692,0
10101,02/12/15 23:25,21,26.945,0,562,0.004141953,0
10102,02/12/15 23:25,21,26.35,0,564.5,0.004049895,0
10103,02/12/15 23:26,21,26.495,0,568.5,0.004072327,0
10104,02/12/15 23:28,21,26.39,0,571,0.004056083,0
10105,02/12/15 23:29,21,25.87,0,564.25,0.00397565,0
10106,02/12/15 23:30,21,25.795,0,569,0.00396405,0
10107,02/12/15 23:31,21,26.26,0,574,0.004035973,0
10108,02/12/15 23:31,21,25.995,0,571.5,0.003994983,0
10109,02/12/15 23:32,21,26.045,0,570,0.004002716,0
10110,02/12/15 23:34,21,26.245,0,570.5,0.004033652,0
10111,02/12/15 23:35,21,26.6,0,570,0.004088572,0
10112,02/12/15 23:36,21,26.39,0,570,0.004056083,0
10113,02/12/15 23:37,21,26.19,0,565.6666667,0.004025145,0
10114,02/12/15 23:38,21,26.66333333,0,566,0.004098371,0
10115,02/12/15 23:38,21,25.79333333,0,565.3333333,0.003963792,0
10116,02/12/15 23:39,21,25.64,0,568.5,0.00394008,0
10117,02/12/15 23:41,21,26.0475,0,566,0.004003103,0
10118,02/12/15 23:42,21,26.29,0,572,0.004040614,0
10119,02/12/15 23:43,21,25.89,0,571,0.003978743,0
10120,02/12/15 23:44,21,25.745,0,571,0.003956318,0
10121,02/12/15 23:44,21,25.65,0,570,0.003941626,0
10122,02/12/15 23:45,21,26.295,0,568,0.004041387,0
10123,02/12/15 23:47,21,26.06,0,574,0.004005036,0
10124,02/12/15 23:48,21,25.95,0,578.5,0.003988023,0
10125,02/12/15 23:49,21,25.85,0,579,0.003972556,0
10126,02/12/15 23:50,21,25.8,0,573.5,0.003964823,0
10127,02/12/15 23:51,21,25.59,0,573,0.003932348,0
10128,02/12/15 23:51,21,26.395,0,566.5,0.004056857,0
10129,02/12/15 23:53,21,25.995,0,565,0.003994983,0
10130,02/12/15 23:54,21,25.99666667,0,563.6666667,0.00399524,0
10131,02/12/15 23:55,21,26.1,0,567,0.004011223,0
10132,02/12/15 23:55,21,25.55,0,567.5,0.003926162,0
10133,02/12/15 23:57,21,25.35,0,569,0.003895237,0
10134,02/12/15 23:57,21,25.2,0,566,0.003872044,0
10135,02/12/15 23:58,21,25.19666667,0,567,0.003871529,0
10136,02/13/15 0:00,21.05,25.59,0,568.5,0.003944526,0
10137,02/13/15 0:01,21,25.395,0,571,0.003902195,0
10138,02/13/15 0:02,21,25.945,0,566.5,0.003987249,0
10139,02/13/15 0:03,21,25.83333333,0,561.6666667,0.003969979,0
10140,02/13/15 0:04,21,25.6475,0,566.25,0.003941239,0
10141,02/13/15 0:04,21,25.7,0,568.5,0.003949358,0
10142,02/13/15 0:06,21,25.745,0,568,0.003956318,0
10143,02/13/15 0:07,21,25.795,0,565,0.00396405,0
10144,02/13/15 0:08,21,25.6,0,564,0.003933894,0
10145,02/13/15 0:08,21,25.295,0,568,0.003886732,0
10146,02/13/15 0:10,21,25.36333333,0,569,0.003897298,0
10147,02/13/15 0:10,21,25.545,0,573,0.003925389,0
10148,02/13/15 0:11,21,26.6,0,573.6666667,0.004088572,0
10149,02/13/15 0:13,21,25.7675,0,571.75,0.003959797,0
10150,02/13/15 0:14,21,25.64,0,571.5,0.00394008,0
10151,02/13/15 0:15,21,25.05,0,568.5,0.003848854,0
10152,02/13/15 0:16,21,25.2,0,562,0.003872044,0
10153,02/13/15 0:16,21,25.1,0,562,0.003856584,0
10154,02/13/15 0:17,21.05,24.995,0,565.5,0.003852243,0
10155,02/13/15 0:19,21,25.295,0,569.5,0.003886732,0
10156,02/13/15 0:20,21,25.3,0,567.5,0.003887506,0
10157,02/13/15 0:21,21,25.2,0,569,0.003872044,0
10158,02/13/15 0:22,21,25.545,0,574,0.003925389,0
10159,02/13/15 0:23,21,25.89,0,574,0.003978743,0
10160,02/13/15 0:23,21,25.295,0,574,0.003886732,0
10161,02/13/15 0:24,21,25.1,0,578.6666667,0.003856584,0
10162,02/13/15 0:26,21,25.66,0,581.6666667,0.003943173,0
10163,02/13/15 0:27,21,25.825,0,582,0.00396869,0
10164,02/13/15 0:28,21,25.89,0,577.5,0.003978743,0
10165,02/13/15 0:29,21,26.2,0,575,0.004026692,0
10166,02/13/15 0:29,21,25.1,0,572,0.003856584,0
10167,02/13/15 0:30,21,25.54,0,574.5,0.003924616,0
10168,02/13/15 0:32,21,25.55,0,573,0.003926162,0
10169,02/13/15 0:33,21,25.49666667,0,569.3333333,0.003917915,0
10170,02/13/15 0:34,21,26.09,0,573,0.004009677,0
10171,02/13/15 0:35,21,25.76,0,573.6666667,0.003958637,0
10172,02/13/15 0:36,21,25,0,573,0.003841124,0
10173,02/13/15 0:36,21,24.84,0,576.5,0.00381639,0
10174,02/13/15 0:38,21,25.29,0,574,0.003885959,0
10175,02/13/15 0:39,21,25.395,0,569,0.003902195,0
10176,02/13/15 0:40,21,25.7,0,573,0.003949358,0
10177,02/13/15 0:40,21,25.02666667,0,577.3333333,0.003845247,0
10178,02/13/15 0:42,21,24.945,0,575.5,0.003832621,0
10179,02/13/15 0:42,21,25.6,0,571,0.003933894,0
10180,02/13/15 0:43,21,25.1,0,570,0.003856584,0
10181,02/13/15 0:45,21,25.29,0,573,0.003885959,0
10182,02/13/15 0:46,21,25.795,0,572,0.00396405,0
10183,02/13/15 0:47,21,25.745,0,578,0.003956318,0
10184,02/13/15 0:48,21,25.59,0,577.5,0.003932348,0
10185,02/13/15 0:49,21,25.195,0,577,0.003871271,0
10186,02/13/15 0:49,21,25.26,0,573,0.003881321,0
10187,02/13/15 0:51,21,25.1,0,576,0.003856584,0
10188,02/13/15 0:52,21,25.16,0,583.6666667,0.00386586,0
10189,02/13/15 0:53,21,25.045,0,582,0.003848081,0
10190,02/13/15 0:53,21,24.85,0,575.5,0.003817936,0
10191,02/13/15 0:55,21,24.845,0,573,0.003817163,0
10192,02/13/15 0:55,21,24.995,0,575.5,0.003840351,0
10193,02/13/15 0:56,21,25.195,0,574,0.003871271,0
10194,02/13/15 0:58,21,24.89,0,574,0.003824119,0
10195,02/13/15 0:59,21,24.96333333,0,570,0.003835456,0
10196,02/13/15 1:00,21,24.76333333,0,579.3333333,0.003804539,0
10197,02/13/15 1:01,21,24.7,0,578,0.003794749,0
10198,02/13/15 1:01,21,25.89666667,0,570.6666667,0.003979774,0
10199,02/13/15 1:02,21,25.29,0,577,0.003885959,0
10200,02/13/15 1:04,21,24.9,0,580,0.003825665,0
10201,02/13/15 1:05,21,25.25,0,577.5,0.003879775,0
10202,02/13/15 1:06,21,24.745,0,577.5,0.003801705,0
10203,02/13/15 1:07,21,24.92666667,0,583,0.003829787,0
10204,02/13/15 1:08,21,24.65,0,583,0.003787021,0
10205,02/13/15 1:08,21,25.05,0,576,0.003848854,0
10206,02/13/15 1:09,21,25.1,0,578,0.003856584,0
10207,02/13/15 1:11,21,25.29,0,580,0.003885959,0
10208,02/13/15 1:12,21,24.83,0,581,0.003814844,0
10209,02/13/15 1:13,21,24.945,0,576.5,0.003832621,0
10210,02/13/15 1:14,21,25,0,579,0.003841124,0
10211,02/13/15 1:14,21,25.39,0,578,0.003901421,0
10212,02/13/15 1:15,21,25.09,0,580.5,0.003855038,0
10213,02/13/15 1:17,21,24.65,0,575,0.003787021,0
10214,02/13/15 1:18,21,24.76666667,0,578.6666667,0.003805054,0
10215,02/13/15 1:19,21,24.6,0,578,0.003779293,0
10216,02/13/15 1:20,21,25.245,0,574,0.003879002,0
10217,02/13/15 1:21,21,24.76666667,0,571.6666667,0.003805054,0
10218,02/13/15 1:21,21,24.6,0,571,0.003779293,0
10219,02/13/15 1:23,21,24.995,0,568,0.003840351,0
10220,02/13/15 1:24,21,25.09333333,0,572.6666667,0.003855553,0
10221,02/13/15 1:25,21,24.84,0,569,0.00381639,0
10222,02/13/15 1:25,21,25.05,0,572.5,0.003848854,0
10223,02/13/15 1:27,21,24.7,0,574,0.003794749,0
10224,02/13/15 1:27,21,24.5,0,576,0.003763837,0
10225,02/13/15 1:28,21,24.495,0,574,0.003763064,0
10226,02/13/15 1:30,21.1,25.1,0,576,0.003880502,0
10227,02/13/15 1:31,21,24.6225,0,580.5,0.00378277,0
10228,02/13/15 1:32,21,24.6,0,579,0.003779293,0
10229,02/13/15 1:33,21,24.5,0,578.5,0.003763837,0
10230,02/13/15 1:34,21,24.49666667,0,576.3333333,0.003763321,0
10231,02/13/15 1:34,21,24.83,0,580,0.003814844,0
10232,02/13/15 1:36,21,24.65,0,579.5,0.003787021,0
10233,02/13/15 1:37,21,25.125,0,580.25,0.003860449,0
10234,02/13/15 1:38,21,24.6,0,584,0.003779293,0
10235,02/13/15 1:38,21,24.545,0,582,0.003770792,0
10236,02/13/15 1:40,21.1,24.6,0,575,0.003802728,0
10237,02/13/15 1:40,21,24.395,0,570,0.003747609,0
10238,02/13/15 1:41,21,25.295,0,579,0.003886732,0
10239,02/13/15 1:43,21,24.8,0,575.5,0.003810207,0
10240,02/13/15 1:44,21,25.1725,0,585.5,0.003867793,0
10241,02/13/15 1:45,21,25.445,0,570.5,0.003909926,0
10242,02/13/15 1:46,21,24.79,0,572,0.003808661,0
10243,02/13/15 1:46,21,24.6,0,571.5,0.003779293,0
10244,02/13/15 1:47,21,25.29,0,573.3333333,0.003885959,0
10245,02/13/15 1:49,21,24.6,0,582,0.003779293,0
10246,02/13/15 1:50,21,24.96,0,576,0.00383494,0
10247,02/13/15 1:51,21,24.65,0,578.5,0.003787021,0
10248,02/13/15 1:52,21,25.45,0,577,0.003910699,0
10249,02/13/15 1:53,21,25.09,0,577,0.003855038,0
10250,02/13/15 1:53,21,25.26,0,576,0.003881321,0
10251,02/13/15 1:54,21,24.7,0,580,0.003794749,0
10252,02/13/15 1:56,21,24.745,0,581.5,0.003801705,0
10253,02/13/15 1:57,21,24.46,0,584,0.003757654,0
10254,02/13/15 1:58,21,24.65,0,583.5,0.003787021,0
10255,02/13/15 1:59,21.03333333,24.39333333,0,585.3333333,0.003755083,0
10256,02/13/15 1:59,21,25.05,0,578,0.003848854,0
10257,02/13/15 2:00,21,24.8225,0,579.5,0.003813685,0
10258,02/13/15 2:02,21,24.29,0,577.75,0.003731382,0
10259,02/13/15 2:03,21,24.8,0,576,0.003810207,0
10260,02/13/15 2:04,21,24.7,0,577,0.003794749,0
10261,02/13/15 2:05,21,24.495,0,578.5,0.003763064,0
10262,02/13/15 2:06,21,24.55,0,577,0.003771565,0
10263,02/13/15 2:06,21,25.25,0,575,0.003879775,0
10264,02/13/15 2:08,21,24.39,0,578,0.003746836,0
10265,02/13/15 2:09,21,24.8,0,576.3333333,0.003810207,0
10266,02/13/15 2:10,21,24.7,0,580,0.003794749,0
10267,02/13/15 2:10,21,25.05,0,575.5,0.003848854,0
10268,02/13/15 2:12,21,25.1,0,582,0.003856584,0
10269,02/13/15 2:12,21,24.93333333,0,578.6666667,0.003830818,0
10270,02/13/15 2:13,20.945,24.9,0,574.5,0.003812671,0
10271,02/13/15 2:15,21,24.945,0,575,0.003832621,0
10272,02/13/15 2:16,21,24.29,0,576,0.003731382,0
10273,02/13/15 2:17,21,24.495,0,574.5,0.003763064,0
10274,02/13/15 2:18,21,26,0,579,0.003995756,0
10275,02/13/15 2:19,21,25.445,0,579,0.003909926,0
10276,02/13/15 2:19,20.96333333,24.73333333,0,581.3333333,0.003791294,0
10277,02/13/15 2:21,21,24.995,0,575,0.003840351,0
10278,02/13/15 2:22,20.96333333,24.6,0,573,0.003770732,0
10279,02/13/15 2:23,21,24.445,0,576,0.003755336,0
10280,02/13/15 2:23,20.92666667,24.56333333,0,577.3333333,0.003756546,0
10281,02/13/15 2:25,21,24.8,0,577,0.003810207,0
10282,02/13/15 2:25,21,24.54,0,579.5,0.003770019,0
10283,02/13/15 2:26,21,25,0,581,0.003841124,0
10284,02/13/15 2:28,21,25.06333333,0,581.3333333,0.003850915,0
10285,02/13/15 2:29,21,24.795,0,575,0.003809434,0
10286,02/13/15 2:30,20.96333333,24.56666667,0,574.3333333,0.003765591,0
10287,02/13/15 2:31,20.945,24.9,0,579,0.003812671,0
10288,02/13/15 2:31,21,24.34,0,580,0.003739109,0
10289,02/13/15 2:32,21,24.745,0,576.5,0.003801705,0
10290,02/13/15 2:34,21,24.2,0,577,0.003717473,0
10291,02/13/15 2:35,20.96333333,24.76333333,0,576.3333333,0.00379592,0
10292,02/13/15 2:36,21,24.445,0,579.5,0.003755336,0
10293,02/13/15 2:37,21,24.26666667,0,578.6666667,0.003727776,0
10294,02/13/15 2:38,21,24.29,0,579,0.003731382,0
10295,02/13/15 2:38,20.89,25.1,0,579,0.003830424,0
10296,02/13/15 2:39,21,24.2,0,578,0.003717473,0
10297,02/13/15 2:41,20.945,25.495,0,578.5,0.003904349,0
10298,02/13/15 2:42,20.945,25.34,0,578.5,0.003880464,0
10299,02/13/15 2:43,20.89,24.69666667,0,586,0.0037685,0
10300,02/13/15 2:44,20.89,24.29,0,583,0.003706077,0
10301,02/13/15 2:44,20.89,24.245,0,577.5,0.00369917,0
10302,02/13/15 2:45,20.89,24.65666667,0,576.6666667,0.00376236,0
10303,02/13/15 2:47,20.89,24.39,0,580,0.003721425,0
10304,02/13/15 2:48,20.89,24.15,0,577,0.003684589,0
10305,02/13/15 2:49,21,24.45,0,581,0.003756109,0
10306,02/13/15 2:50,21,25,0,578.6666667,0.003841124,0
10307,02/13/15 2:51,20.89,24.945,0,577.5,0.003806626,0
10308,02/13/15 2:51,20.89,24.6,0,578,0.003753661,0
10309,02/13/15 2:53,20.89,24.6,0,578,0.003753661,0
10310,02/13/15 2:54,20.945,24.4,0,583,0.003735652,0
10311,02/13/15 2:55,20.89,24.73,0,579.6666667,0.003773617,0
10312,02/13/15 2:55,20.945,24.945,0,575.5,0.003819604,0
10313,02/13/15 2:57,20.89,24.65,0,577.5,0.003761336,0
10314,02/13/15 2:57,20.89,24.96333333,0,578,0.00380944,0
10315,02/13/15 2:58,20.89,24.945,0,581.5,0.003806626,0
10316,02/13/15 3:00,20.89,24.745,0,579.5,0.00377592,0
10317,02/13/15 3:01,20.89,24.745,0,573.5,0.00377592,0
10318,02/13/15 3:02,20.9175,24.995,0,574,0.0038208,0
10319,02/13/15 3:03,20.89,24.87,0,575.25,0.003795111,0
10320,02/13/15 3:04,20.89,24.29,0,575,0.003706077,0
10321,02/13/15 3:04,20.89,24.245,0,577.5,0.00369917,0
10322,02/13/15 3:06,20.89,24.73,0,583.3333333,0.003773617,0
10323,02/13/15 3:07,20.96333333,24.63333333,0,583.6666667,0.003775872,0
10324,02/13/15 3:08,20.945,24.4,0,577.5,0.003735652,0
10325,02/13/15 3:08,20.945,24.045,0,580,0.00368098,0
10326,02/13/15 3:10,21,25.1,0,584,0.003856584,0
10327,02/13/15 3:10,21,24.745,0,586,0.003801705,0
10328,02/13/15 3:11,20.89,25.045,0,578,0.003821979,0
10329,02/13/15 3:13,20.89,24.4,0,580,0.00372296,0
10330,02/13/15 3:14,20.92666667,24.72333333,0,583,0.003781164,0
10331,02/13/15 3:15,20.89,24.45,0,578,0.003730635,0
10332,02/13/15 3:16,20.92666667,24.39666667,0,580.3333333,0.003730904,0
10333,02/13/15 3:16,20.89,24.745,0,583.5,0.00377592,0
10334,02/13/15 3:17,20.89,24.4,0,583,0.00372296,0
10335,02/13/15 3:19,20.89,24.29,0,584,0.003706077,0
10336,02/13/15 3:20,20.89,24.27,0,578.5,0.003703007,0
10337,02/13/15 3:21,20.89,24.2,0,578,0.003692263,0
10338,02/13/15 3:22,20.84,24.445,0,579,0.003718341,0
10339,02/13/15 3:23,20.89,24.545,0,581,0.003745218,0
10340,02/13/15 3:23,20.89,24.6,0,577.5,0.003753661,0
10341,02/13/15 3:24,20.89,24.54,0,577,0.00374445,0
10342,02/13/15 3:26,20.89,24.295,0,577,0.003706844,0
10343,02/13/15 3:27,20.945,24.5,0,577,0.003751054,0
10344,02/13/15 3:28,20.89,23.995,0,577,0.003660802,0
10345,02/13/15 3:29,20.945,24.3,0,579.5,0.00372025,0
10346,02/13/15 3:29,21,24.55,0,578,0.003771565,0
10347,02/13/15 3:30,20.89,24,0,575,0.003661569,0
10348,02/13/15 3:32,20.89,24.8,0,582,0.003784364,0
10349,02/13/15 3:33,20.89,24.35,0,582,0.003715286,0
10350,02/13/15 3:34,20.89,24.05,0,582.5,0.003669242,0
10351,02/13/15 3:35,20.89,24.1,0,580,0.003676916,0
10352,02/13/15 3:36,20.89,24.245,0,580,0.00369917,0
10353,02/13/15 3:36,20.89,24.145,0,580,0.003683822,0
10354,02/13/15 3:38,20.89,24,0,573.5,0.003661569,0
10355,02/13/15 3:39,20.89,24.39,0,578,0.003721425,0
10356,02/13/15 3:40,20.89,24.29,0,579,0.003706077,0
10357,02/13/15 3:40,20.89,24.45,0,575,0.003730635,0
10358,02/13/15 3:42,20.89,24.545,0,581,0.003745218,0
10359,02/13/15 3:42,20.89,24.29,0,579,0.003706077,0
10360,02/13/15 3:43,20.89,24.15,0,580.5,0.003684589,0
10361,02/13/15 3:45,20.89,24.095,0,585.75,0.003676148,0
10362,02/13/15 3:46,20.89,24,0,587,0.003661569,0
10363,02/13/15 3:47,20.89,24.495,0,580,0.003737543,0
10364,02/13/15 3:48,20.92666667,24.26333333,0,578,0.003710392,0
10365,02/13/15 3:49,20.89,23.945,0,575.5,0.003653129,0
10366,02/13/15 3:49,20.945,24.145,0,581.5,0.003696379,0
10367,02/13/15 3:51,20.92666667,24.26333333,0,585.3333333,0.003710392,0
10368,02/13/15 3:52,20.89,24.445,0,583.5,0.003729868,0
10369,02/13/15 3:53,20.89,24.695,0,581,0.003768244,0
10370,02/13/15 3:53,20.89,24.395,0,579,0.003722193,0
10371,02/13/15 3:55,20.89,24.15,0,581.5,0.003684589,0
10372,02/13/15 3:55,21,24.6,0,581,0.003779293,0
10373,02/13/15 3:56,20.89,23.995,0,574.5,0.003660802,0
10374,02/13/15 3:58,20.89,24.26,0,584,0.003701472,0
10375,02/13/15 3:59,20.89,24.245,0,581.5,0.00369917,0
10376,02/13/15 4:00,20.89,24.09666667,0,579.3333333,0.003676404,0
10377,02/13/15 4:01,20.89,24.445,0,585,0.003729868,0
10378,02/13/15 4:01,20.89,24.09666667,0,580.3333333,0.003676404,0
10379,02/13/15 4:02,20.89,24.05,0,581,0.003669242,0
10380,02/13/15 4:04,20.89,24.26,0,582.3333333,0.003701472,0
10381,02/13/15 4:05,20.89,24.09,0,583.5,0.003675381,0
10382,02/13/15 4:06,20.89,24.19666667,0,579.3333333,0.003691752,0
10383,02/13/15 4:07,20.89,24.29,0,573,0.003706077,0
10384,02/13/15 4:08,20.89,24.55,0,570.5,0.003745985,0
10385,02/13/15 4:08,20.89,24.39666667,0,577,0.003722449,0
10386,02/13/15 4:09,20.89,24.29,0,580,0.003706077,0
10387,02/13/15 4:11,20.89,24.395,0,577.5,0.003722193,0
10388,02/13/15 4:12,20.89,24.145,0,576.5,0.003683822,0
10389,02/13/15 4:13,20.89,24.295,0,576,0.003706844,0
10390,02/13/15 4:14,20.89,24.1,0,581,0.003676916,0
10391,02/13/15 4:14,20.89,24.64,0,582,0.003759801,0
10392,02/13/15 4:15,20.89,24.73333333,0,580.6666667,0.003774129,0
10393,02/13/15 4:17,20.89,24.7,0,578,0.003769012,0
10394,02/13/15 4:18,20.89,24.76666667,0,576,0.003779246,0
10395,02/13/15 4:19,20.89,24.29,0,580,0.003706077,0
10396,02/13/15 4:20,20.89,24.6,0,578,0.003753661,0
10397,02/13/15 4:21,20.89,24.35,0,579,0.003715286,0
10398,02/13/15 4:21,20.89,24.25,0,574.5,0.003699937,0
10399,02/13/15 4:23,20.89,24.69666667,0,579,0.0037685,0
10400,02/13/15 4:24,20.89,25,0,576,0.00381507,0
10401,02/13/15 4:25,20.89,24.89,0,573,0.003798181,0
10402,02/13/15 4:25,20.89,24.245,0,573.5,0.00369917,0
10403,02/13/15 4:27,20.89,24.4,0,575.5,0.00372296,0
10404,02/13/15 4:27,20.89,24.145,0,578,0.003683822,0
10405,02/13/15 4:28,20.89,24.6,0,579.5,0.003753661,0
10406,02/13/15 4:30,20.89,24.36333333,0,582,0.003717332,0
10407,02/13/15 4:31,20.89,24.06666667,0,578,0.0036718,0
10408,02/13/15 4:32,20.89,24.22666667,0,581.3333333,0.003696356,0
10409,02/13/15 4:33,20.89,24.34,0,583.5,0.003713751,0
10410,02/13/15 4:34,20.89,25.5,0,585,0.003891849,0
10411,02/13/15 4:34,20.89,24.495,0,578.5,0.003737543,0
10412,02/13/15 4:36,20.89,24.445,0,567,0.003729868,0
10413,02/13/15 4:37,20.89,24.1,0,577,0.003676916,0
10414,02/13/15 4:38,20.89,23.89,0,580.5,0.003644688,0
10415,02/13/15 4:38,20.89,24.29,0,580.5,0.003706077,0
10416,02/13/15 4:40,20.89,24.445,0,577,0.003729868,0
10417,02/13/15 4:40,20.89,23.995,0,577,0.003660802,0
10418,02/13/15 4:41,20.89,24.245,0,574,0.00369917,0
10419,02/13/15 4:43,20.89,24.245,0,577,0.00369917,0
10420,02/13/15 4:44,20.84,24.4,0,572,0.003711456,0
10421,02/13/15 4:45,20.89,24.89,0,574,0.003798181,0
10422,02/13/15 4:46,20.89,24,0,575.5,0.003661569,0
10423,02/13/15 4:46,20.89,24.2,0,572.5,0.003692263,0
10424,02/13/15 4:47,20.89,24.55,0,573,0.003745985,0
10425,02/13/15 4:49,20.84,24.495,0,573.5,0.003725993,0
10426,02/13/15 4:50,20.89,24.2,0,572.5,0.003692263,0
10427,02/13/15 4:51,20.84,24.15,0,576,0.003673204,0
10428,02/13/15 4:52,20.84,24.445,0,572.5,0.003718341,0
10429,02/13/15 4:53,20.84,24.745,0,577,0.003764251,0
10430,02/13/15 4:53,20.79,24.3,0,579.5,0.003684729,0
10431,02/13/15 4:54,20.89,24.79,0,577,0.003782829,0
10432,02/13/15 4:56,20.84,24.4,0,574,0.003711456,0
10433,02/13/15 4:57,20.89,24.59,0,569.5,0.003752125,0
10434,02/13/15 4:58,20.89,24.89,0,568,0.003798181,0
10435,02/13/15 4:59,20.89,24.89666667,0,571.3333333,0.003799205,0
10436,02/13/15 4:59,20.89,24.8,0,575,0.003784364,0
10437,02/13/15 5:00,20.89,24.29,0,578,0.003706077,0
10438,02/13/15 5:02,20.89,24.695,0,574,0.003768244,0
10439,02/13/15 5:03,20.89,24.4,0,571.6666667,0.00372296,0
10440,02/13/15 5:04,20.89,24.79,0,568,0.003782829,0
10441,02/13/15 5:05,20.89,24.6,0,566.5,0.003753661,0
10442,02/13/15 5:06,20.85666667,24.65666667,0,571,0.003754605,0
10443,02/13/15 5:06,20.89,24.29,0,573,0.003706077,0
10444,02/13/15 5:08,20.89,24.695,0,571.5,0.003768244,0
10445,02/13/15 5:09,20.89,24.65,0,565.5,0.003761336,0
10446,02/13/15 5:10,20.89,24.445,0,567.5,0.003729868,0
10447,02/13/15 5:10,20.89,24.89,0,569,0.003798181,0
10448,02/13/15 5:12,20.84,24.745,0,570,0.003764251,0
10449,02/13/15 5:12,20.89,24.92666667,0,571,0.003803811,0
10450,02/13/15 5:13,20.89,24.6,0,572,0.003753661,0
10451,02/13/15 5:15,20.89,25.5,0,573,0.003891849,0
10452,02/13/15 5:16,20.84,25.2,0,572,0.003833893,0
10453,02/13/15 5:17,20.79,24.695,0,571.5,0.003744985,0
10454,02/13/15 5:18,20.89,25,0,573.5,0.00381507,0
10455,02/13/15 5:19,20.79,24.65,0,577,0.00373812,0
10456,02/13/15 5:19,20.79,25.09,0,572,0.003805253,0
10457,02/13/15 5:21,20.79,24.745,0,567.5,0.003752613,0
10458,02/13/15 5:22,20.82333333,24.76333333,0,566.6666667,0.003763171,0
10459,02/13/15 5:23,20.84,24.895,0,564.5,0.003787208,0
10460,02/13/15 5:23,20.79,24.79,0,565,0.003759479,0
10461,02/13/15 5:25,20.79,25.195,0,566.5,0.003821276,0
10462,02/13/15 5:25,20.79,24.69666667,0,569,0.003745239,0
10463,02/13/15 5:26,20.79,24.9,0,571.3333333,0.003776262,0
10464,02/13/15 5:28,20.79,25.03,0,570.3333333,0.003796098,0
10465,02/13/15 5:29,20.79,25.15,0,570,0.003814409,0
10466,02/13/15 5:30,20.79,25.6,0,571,0.003883085,0
10467,02/13/15 5:31,20.79,25.09666667,0,563.3333333,0.00380627,0
10468,02/13/15 5:31,20.89,24.79,0,566,0.003782829,0
10469,02/13/15 5:32,20.79,25.05,0,564.5,0.003799149,0
10470,02/13/15 5:34,20.79,24.96666667,0,566,0.003786434,0
10471,02/13/15 5:35,20.84,24.995,0,564.5,0.003802514,0
10472,02/13/15 5:36,20.79,24.995,0,561.5,0.003790757,0
10473,02/13/15 5:37,20.79,24.7,0,561,0.003745748,0
10474,02/13/15 5:38,20.79,25.645,0,558.5,0.003889953,0
10475,02/13/15 5:38,20.79,25,0,559,0.00379152,0
10476,02/13/15 5:39,20.79,25.1,0,560,0.003806779,0
10477,02/13/15 5:41,20.79,24.945,0,551,0.003783128,0
10478,02/13/15 5:42,20.79,25.29,0,556,0.003835773,0
10479,02/13/15 5:43,20.79,24.83,0,557,0.003765582,0
10480,02/13/15 5:44,20.79,25.045,0,560.5,0.003798386,0
10481,02/13/15 5:44,20.79,25.49,0,559,0.003866296,0
10482,02/13/15 5:45,20.79,25.85,0,557.5,0.003921244,0
10483,02/13/15 5:47,20.79,25.645,0,555.5,0.003889953,0
10484,02/13/15 5:48,20.745,25.995,0,566,0.003932398,0
10485,02/13/15 5:49,20.745,24.995,0,560.5,0.003780204,0
10486,02/13/15 5:50,20.73,25.06666667,0,557.3333333,0.003787586,0
10487,02/13/15 5:51,20.7,25.39,0,555,0.003829616,0
10488,02/13/15 5:51,20.7,25.1,0,552.6666667,0.003785608,0
10489,02/13/15 5:53,20.7,25.05,0,546.5,0.003778021,0
10490,02/13/15 5:54,20.7,25.145,0,550.5,0.003792436,0
10491,02/13/15 5:55,20.7,25.1,0,555,0.003785608,0
10492,02/13/15 5:55,20.7,25.5,0,558,0.00384631,0
10493,02/13/15 5:57,20.7,25.56666667,0,553,0.003856428,0
10494,02/13/15 5:57,20.7,25.65,0,553,0.003869076,0
10495,02/13/15 5:58,20.7,25.795,0,552,0.003891084,0
10496,02/13/15 6:00,20.7,25.53333333,0,553.6666667,0.003851369,0
10497,02/13/15 6:01,20.7,25.5,0,551,0.00384631,0
10498,02/13/15 6:02,20.7,25.445,0,549.5,0.003837962,0
10499,02/13/15 6:03,20.7,25.29333333,0,546.6666667,0.003814946,0
10500,02/13/15 6:04,20.7,25.445,0,548,0.003837962,0
10501,02/13/15 6:04,20.76,25.19666667,0,553.3333333,0.003814434,0
10502,02/13/15 6:06,20.79,25.295,0,553.5,0.003836536,0
10503,02/13/15 6:07,20.7,25.13333333,0,554.3333333,0.003790666,0
10504,02/13/15 6:08,20.7,25.245,0,551.5,0.003807611,0
10505,02/13/15 6:08,20.7,25.7,0,551,0.003876665,0
10506,02/13/15 6:10,20.7,25.695,0,553,0.003875906,0
10507,02/13/15 6:10,20.7,25.29,0,544,0.00381444,0
10508,02/13/15 6:11,20.7,25.29,0,540,0.00381444,0
10509,02/13/15 6:13,20.7,25.475,0,542.25,0.003842515,0
10510,02/13/15 6:14,20.7,25.29,0,546,0.00381444,0
10511,02/13/15 6:15,20.65,25.4,0,550,0.003819275,0
10512,02/13/15 6:16,20.7,25.395,0,550.5,0.003830374,0
10513,02/13/15 6:16,20.7,25.5,0,547,0.00384631,0
10514,02/13/15 6:17,20.7,25.39,0,544,0.003829616,0
10515,02/13/15 6:19,20.7,25.5,0,541,0.00384631,0
10516,02/13/15 6:20,20.65,25.59,0,547,0.003848021,0
10517,02/13/15 6:21,20.6,25.445,0,541.5,0.003814236,0
10518,02/13/15 6:22,20.65,25.445,0,542.5,0.003826083,0
10519,02/13/15 6:23,20.65,25.395,0,548,0.003818518,0
10520,02/13/15 6:23,20.65,25.645,0,546,0.003856343,0
10521,02/13/15 6:24,20.65,25.42,0,543.25,0.003822301,0
10522,02/13/15 6:26,20.7,25.29,0,544,0.00381444,0
10523,02/13/15 6:27,20.7,25.29,0,542.5,0.00381444,0
10524,02/13/15 6:28,20.7,25.43,0,540.3333333,0.003835686,0
10525,02/13/15 6:29,20.7,25.6,0,543,0.003861487,0
10526,02/13/15 6:29,20.7,25.53,0,546.3333333,0.003850863,0
10527,02/13/15 6:30,20.7,25.6,0,545,0.003861487,0
10528,02/13/15 6:32,20.7,25.495,0,542.5,0.003845551,0
10529,02/13/15 6:33,20.79,25.295,0,535,0.003836536,0
10530,02/13/15 6:34,20.79,25.3925,0,538,0.003851415,0
10531,02/13/15 6:35,20.79,25.54,0,539.5,0.003873927,0
10532,02/13/15 6:36,20.84,25.445,0,541,0.003871399,0
10533,02/13/15 6:36,20.89,25.19666667,0,542,0.003845267,0
10534,02/13/15 6:38,20.89,25.1,0,535,0.003830424,0
10535,02/13/15 6:39,20.89,25.15,0,542,0.003838102,0
10536,02/13/15 6:40,20.96333333,25.03333333,0,534,0.003837563,0
10537,02/13/15 6:40,21,25,0,532,0.003841124,0
10538,02/13/15 6:42,21,25,0,534.5,0.003841124,0
10539,02/13/15 6:42,21,25.03333333,0,537.6666667,0.003846277,0
10540,02/13/15 6:43,20.945,25,0,539,0.003828077,0
10541,02/13/15 6:45,20.96333333,25.03333333,0,540,0.003837563,0
10542,02/13/15 6:46,20.89,25.05,0,537,0.003822747,0
10543,02/13/15 6:47,20.89,25.05,0,540,0.003822747,0
10544,02/13/15 6:48,20.945,25.1,0,536,0.003843484,0
10545,02/13/15 6:49,20.945,25.1,0,532.5,0.003843484,0
10546,02/13/15 6:49,20.96333333,25.1,0,532,0.003847847,0
10547,02/13/15 6:51,20.945,25.1,0,540,0.003843484,0
10548,02/13/15 6:52,20.89,25.1,0,539,0.003830424,0
10549,02/13/15 6:53,20.96333333,25.19666667,0,539.3333333,0.003862758,0
10550,02/13/15 6:53,21,25.16666667,0,531.3333333,0.003866891,0
10551,02/13/15 6:55,21,25.1,0,525,0.003856584,0
10552,02/13/15 6:55,21,25.1,0,528,0.003856584,0
10553,02/13/15 6:56,20.89,25.39,0,533,0.003874956,0
10554,02/13/15 6:58,20.945,25.2,0,530.5,0.003858892,0
10555,02/13/15 6:59,20.9175,25.2,0,531.5,0.003852331,0
10556,02/13/15 7:00,20.89,25.2,0,532,0.003845779,0
10557,02/13/15 7:01,20.89,25.2,0,530.3333333,0.003845779,0
10558,02/13/15 7:01,20.89,25.2,0,529,0.003845779,0
10559,02/13/15 7:02,20.89,25.39666667,0,527.3333333,0.00387598,0
10560,02/13/15 7:04,20.89,25.39,0,529,0.003874956,0
10561,02/13/15 7:05,20.89,25.29,0,524,0.003859599,0
10562,02/13/15 7:06,20.89,25.39,0,529,0.003874956,0
10563,02/13/15 7:07,20.89,25.395,0,527.5,0.003875724,0
10564,02/13/15 7:08,20.89,25.34,0,529,0.003867278,0
10565,02/13/15 7:08,20.89,25.54,0,530,0.003897992,0
10566,02/13/15 7:09,20.89,25.39,0,527,0.003874956,0
10567,02/13/15 7:11,20.89,25.39,0,528,0.003874956,0
10568,02/13/15 7:12,20.89,25.35666667,0,526,0.003869837,0
10569,02/13/15 7:13,20.89,25.34,0,526.5,0.003867278,0
10570,02/13/15 7:14,20.89,25.495,0,523.5,0.003891081,0
10571,02/13/15 7:14,20.85666667,25.35666667,0,525,0.003861859,0
10572,02/13/15 7:15,20.89,25.39,0,526,0.003874956,0
10573,02/13/15 7:17,20.85666667,25.35666667,0,530.6666667,0.003861859,0
10574,02/13/15 7:18,20.89,25.39,0,532,0.003874956,0
10575,02/13/15 7:19,20.84,25.495,0,528.5,0.003879054,0
10576,02/13/15 7:20,20.79,25.445,0,526,0.003859428,0
10577,02/13/15 7:21,20.79,25.56333333,0,525.6666667,0.003877488,0
10578,02/13/15 7:21,20.79,25.39,0,518.5,0.003851034,0
10579,02/13/15 7:23,20.79,25.46333333,0,522,0.003862226,0
10580,02/13/15 7:24,20.89,25.5,0,524,0.003891849,0
10581,02/13/15 7:25,20.79,25.7725,0,527.3333333,0.003909414,0
10582,02/13/15 7:25,20.79,25.55,0,523.6666667,0.003875453,0
10583,02/13/15 7:27,20.79,25.6,0,523,0.003883085,0
10584,02/13/15 7:27,20.79,25.695,0,524.5,0.003897585,0
10585,02/13/15 7:28,20.79,25.89666667,0,524,0.003928368,0
10586,02/13/15 7:30,20.79,25.5,0,523,0.003867822,0
10587,02/13/15 7:31,20.79,25.5,0,519,0.003867822,0
10588,02/13/15 7:32,20.79,25.75,0,518,0.00390598,0
10589,02/13/15 7:33,20.84,25.7,0,514,0.00391044,0
10590,02/13/15 7:34,20.89,25.89,0,515.5,0.003951749,0
10591,02/13/15 7:34,20.89,25.745,0,518,0.003929477,0
10592,02/13/15 7:36,21,25.6,0,519,0.003933894,0
10593,02/13/15 7:37,21,25.7,0,524,0.003949358,0
10594,02/13/15 7:38,21,25.495,0,523,0.003917657,0
10595,02/13/15 7:38,21,25.495,0,520,0.003917657,0
10596,02/13/15 7:40,21,25.6,0,519,0.003933894,0
10597,02/13/15 7:40,21,25.495,0,519,0.003917657,0
10598,02/13/15 7:41,21,25.29,0,518,0.003885959,0
10599,02/13/15 7:43,21,25.5,0,523,0.00391843,0
10600,02/13/15 7:44,21,25.39,0,523,0.003901421,0
10601,02/13/15 7:45,21,25.53,0,527.6666667,0.003923069,0
10602,02/13/15 7:46,20.945,25.6,0,524,0.00392053,0
10603,02/13/15 7:46,20.89,25.65,0,521.5,0.003914886,0
10604,02/13/15 7:47,20.92666667,25.73333333,0,522.6666667,0.00393661,0
10605,02/13/15 7:49,20.89,25.6,0,524,0.003907207,0
10606,02/13/15 7:50,20.89,25.6,0,524,0.003907207,0
10607,02/13/15 7:51,20.89,25.695,0,524,0.003921798,0
10608,02/13/15 7:52,20.84,25.65,0,520.5,0.003902785,0
10609,02/13/15 7:53,20.79,25.66666667,0,518,0.00389326,0
10610,02/13/15 7:53,20.79,25.66666667,0,520,0.00389326,0
10611,02/13/15 7:54,20.79,25.745,0,520,0.003905217,0
10612,02/13/15 7:56,20.79,25.7,0,520.5,0.003898348,0
10613,02/13/15 7:57,20.79,25.76333333,0,521.6666667,0.003908015,0
10614,02/13/15 7:58,20.79,25.745,0,526.5,0.003905217,0
10615,02/13/15 7:59,20.79,25.795,0,519.5,0.003912849,0
10616,02/13/15 7:59,20.79,25.895,0,520.5,0.003928114,0
10617,02/13/15 8:00,20.89,25.945,0,517,0.003960198,0
10618,02/13/15 8:02,20.79,25.6,0,515,0.003883085,0
10619,02/13/15 8:03,20.84,25.65,7,512.5,0.003902785,0
10620,02/13/15 8:04,20.945,25.6,14,512,0.00392053,0
10621,02/13/15 8:05,20.945,25.6,14,516.5,0.00392053,0
10622,02/13/15 8:06,21,25.5,14,522,0.00391843,0
10623,02/13/15 8:06,21,25.5,14,522,0.00391843,0
10624,02/13/15 8:08,21,25.6,14,520.5,0.003933894,0
10625,02/13/15 8:09,21,25.445,14,518,0.003909926,0
10626,02/13/15 8:10,21,25.39,14,522.6666667,0.003901421,0
10627,02/13/15 8:10,21,25.39,14,522,0.003901421,0
10628,02/13/15 8:12,21,25.39,9.333333333,522,0.003901421,0
10629,02/13/15 8:12,21,25.39,9.333333333,515.3333333,0.003901421,0
10630,02/13/15 8:13,21,25.39,14,515.5,0.003901421,0
10631,02/13/15 8:15,20.96333333,25.53333333,9.333333333,516.3333333,0.003914695,0
10632,02/13/15 8:16,21,25.6,14,521,0.003933894,0
10633,02/13/15 8:17,20.92666667,25.56666667,13.33333333,518.3333333,0.003910954,0
10634,02/13/15 8:18,20.89,25.6,6,516.5,0.003907207,0
10635,02/13/15 8:19,20.89,25.6,6,514.3333333,0.003907207,0
10636,02/13/15 8:19,20.89,25.65,6,513.5,0.003914886,0
10637,02/13/15 8:21,20.89,25.89,6,515,0.003951749,0
10638,02/13/15 8:22,20.89,25.7,24,513,0.003922566,0
10639,02/13/15 8:23,20.89,25.6,24,512,0.003907207,0
10640,02/13/15 8:23,20.84,25.65,18.5,514,0.003902785,0
10641,02/13/15 8:25,20.84,25.65,7.5,516,0.003902785,0
10642,02/13/15 8:25,20.89,25.7,9,512,0.003922566,0
10643,02/13/15 8:26,20.89,25.6,13,514.5,0.003907207,0
10644,02/13/15 8:28,21,25.65,11,515.5,0.003941626,0
10645,02/13/15 8:29,21,25.76,15,510,0.003958637,0
10646,02/13/15 8:30,21.03333333,25.6,15,516,0.003942013,0
10647,02/13/15 8:31,21.05,25.5,17,518.5,0.003930566,0
10648,02/13/15 8:31,21.1,25.34,14,519,0.00391784,0
10649,02/13/15 8:32,21.16666667,25.29333333,23.66666667,520,0.003926722,0
10650,02/13/15 8:34,21.2,25.295,31,518,0.003935076,0
10651,02/13/15 8:35,21.23,25.23,23.66666667,515.3333333,0.003932179,0
10652,02/13/15 8:36,21.23,25.2,23.66666667,513.6666667,0.003927474,0
10653,02/13/15 8:37,21.29,25.2,31,519,0.003942048,0
10654,02/13/15 8:38,21.2,25.2,19,519,0.003920204,0
10655,02/13/15 8:38,21.2,25.29,19,513,0.003934293,0
10656,02/13/15 8:39,21.2,25.29,19,520.5,0.003934293,0
10657,02/13/15 8:41,21.2,25.23,19,518.3333333,0.003924901,0
10658,02/13/15 8:42,21.16666667,25.2,19,516,0.003912141,0
10659,02/13/15 8:43,21.1,25.29,19,519,0.003910061,0
10660,02/13/15 8:44,21.15,25.34,37,514,0.003929964,0
10661,02/13/15 8:44,21.2,25.2,37,516,0.003920204,0
10662,02/13/15 8:45,21.2,25.2,37,513,0.003920204,0
10663,02/13/15 8:47,21.2,25.2,30.66666667,512,0.003920204,0
10664,02/13/15 8:48,21.2,25.15,33.5,511,0.003912377,0
10665,02/13/15 8:49,21.2,25.2,33,515,0.003920204,0
10666,02/13/15 8:50,21.2,25.245,42,516.5,0.003927249,0
10667,02/13/15 8:51,21.2,25.2,53,518,0.003920204,0
10668,02/13/15 8:51,21.23,25.29333333,49.66666667,515.3333333,0.003942112,0
10669,02/13/15 8:53,21.245,25.245,58.5,514,0.003938177,0
10670,02/13/15 8:54,21.26,25.23,56.66666667,512,0.003939469,0
10671,02/13/15 8:55,21.29,25.295,58.5,509,0.003957003,0
10672,02/13/15 8:55,21.29,25.26333333,64.66666667,510,0.003952018,0
10673,02/13/15 8:57,21.29,25.345,328.5,519,0.003964875,1
10674,02/13/15 8:57,21.29,25.49666667,499.3333333,525,0.003988753,0
10675,02/13/15 8:58,21.29,25.46333333,510.3333333,528.6666667,0.003983505,0
10676,02/13/15 9:00,21.29,25.42666667,506.6666667,536,0.003977732,1
10677,02/13/15 9:01,21.29,25.7,511,532.6666667,0.004020769,1
10678,02/13/15 9:02,21.32333333,25.6,502,536,0.004013271,1
10679,02/13/15 9:03,21.39,25.6,520,538.6666667,0.004029812,1
10680,02/13/15 9:04,21.5,25.84,491,540,0.004095523,1
10681,02/13/15 9:04,21.5,25.65,508,549,0.004065212,1
10682,02/13/15 9:06,21.5,25.65,508,549.5,0.004065212,1
10683,02/13/15 9:07,21.575,25.625,511.5,547,0.004080035,1
10684,02/13/15 9:08,21.56666667,25.6,497,549,0.004073936,1
10685,02/13/15 9:08,21.575,25.8975,496,560,0.00412371,1
10686,02/13/15 9:10,21.63333333,26.13333333,507.6666667,577.3333333,0.004176492,1
10687,02/13/15 9:10,21.63333333,25.86333333,509.6666667,579,0.004133056,1
10688,02/13/15 9:11,21.6,25.7,530,570,0.004098361,1
10689,02/13/15 9:13,21.675,25.8675,528,573.75,0.004144344,1
10690,02/13/15 9:14,21.7,25.84,516,578.5,0.004146284,1
10691,02/13/15 9:15,21.7,25.865,534,585.5,0.004150322,1
10692,02/13/15 9:16,21.7,25.865,539.25,587.25,0.004150322,1
10693,02/13/15 9:16,21.79,25.79,541,585,0.004161185,1
10694,02/13/15 9:17,21.79,25.89333333,559,584.3333333,0.00417797,1
10695,02/13/15 9:19,21.79,25.89,566.3333333,589,0.004177428,1
10696,02/13/15 9:20,21.865,25.9475,556,588.25,0.004206122,1
10697,02/13/15 9:21,21.82333333,25.92666667,565,588,0.004191969,1
10698,02/13/15 9:22,21.89,25.84,583,588,0.00419502,1
10699,02/13/15 9:23,21.89,25.6975,570.25,587,0.00417173,1
10700,02/13/15 9:23,21.89,25.7,572,585,0.004172139,1
10701,02/13/15 9:24,21.9175,25.7,589,579,0.004179195,1
10702,02/13/15 9:26,21.96333333,25.76,585.3333333,582.6666667,0.00420083,1
10703,02/13/15 9:27,21.945,25.89,592.5,585.5,0.004217421,1
10704,02/13/15 9:28,22.025,25.7225,591.5,590,0.004210589,1
10705,02/13/15 9:29,22.06666667,25.63333333,608,588.6666667,0.004206641,1
10706,02/13/15 9:29,22.1,25.575,606.5,586.5,0.004205598,1
10707,02/13/15 9:30,22.13333333,25.46333333,602,586.6666667,0.004195684,1
10708,02/13/15 9:32,22.175,25.445,602,587.75,0.004203371,1
10709,02/13/15 9:33,22.2225,25.4175,608.25,590,0.004211045,1
10710,02/13/15 9:34,22.2225,25.3175,620.75,587.25,0.004194365,1
10711,02/13/15 9:35,22.2,25.2,644,587,0.004169014,1
10712,02/13/15 9:36,22.2675,25.175,629.5,579,0.004182118,1
10713,02/13/15 9:36,22.29,25.2,660,578.5,0.004192075,1
10714,02/13/15 9:38,22.315,25.2,642.5,581.25,0.0041985,1
10715,02/13/15 9:39,22.32333333,25.2,635.3333333,579,0.004200644,1
10716,02/13/15 9:40,22.34,25.175,652.75,586,0.004200735,1
10717,02/13/15 9:40,22.35666667,25.13333333,661.6666667,582,0.004198019,1
10718,02/13/15 9:42,22.35666667,25.16666667,682,575.6666667,0.004203624,1
10719,02/13/15 9:42,22.4175,25.1,667,584.25,0.004208058,1
10720,02/13/15 9:43,22.39,25.05,686,584.5,0.004192554,1
10721,02/13/15 9:45,22.39,24.99666667,671.3333333,586.3333333,0.004183568,1
10722,02/13/15 9:46,22.5,25.025,699,585.25,0.004216633,1
10723,02/13/15 9:47,22.5,25.1,714.5,578.5,0.004229356,1
10724,02/13/15 9:48,22.5,25.05,705.5,580.5,0.004220874,1
10725,02/13/15 9:49,22.5,24.9175,1021.25,577.5,0.004198397,1
10726,02/13/15 9:49,22.5,24.84,717,577,0.004185251,1
10727,02/13/15 9:51,22.5,24.815,726.5,572,0.004181011,1
10728,02/13/15 9:52,22.55,24.8675,734,574.25,0.004202749,1
10729,02/13/15 9:53,22.55,24.89,757,581.5,0.004206577,1
10730,02/13/15 9:53,22.6,24.7,738.25,568,0.00418703,1
10731,02/13/15 9:55,22.575,24.82,740,569,0.004201084,1
10732,02/13/15 9:55,22.6,24.93,734,577.3333333,0.004226284,1
10733,02/13/15 9:56,22.6,24.9725,748.75,583.25,0.004233537,1
10734,02/13/15 9:58,22.63333333,24.89,732,587.6666667,0.004228062,1
10735,02/13/15 9:59,22.65,24.8975,726.75,585,0.004233654,0
10736,02/13/15 10:00,22.66666667,24.99666667,737,594,0.004254963,0
10737,02/13/15 10:01,22.7,24.9725,723.5,598,0.004259487,0
10738,02/13/15 10:01,22.7,25,707,595.5,0.00426421,0
10739,02/13/15 10:02,22.7225,25.175,720.5,604.5,0.004300171,0
10740,02/13/15 10:04,22.7225,25.0475,714.5,613,0.004278243,0
10741,02/13/15 10:05,22.79,24.945,743,604.5,0.004278213,1
10742,02/13/15 10:06,22.73,24.96333333,725,610,0.004265722,1
10743,02/13/15 10:07,22.79,24.8925,717.75,608.25,0.004269147,1
10744,02/13/15 10:08,22.79,24.7225,723.5,593,0.004239792,1
10745,02/13/15 10:08,22.82333333,24.86,727,587,0.004272218,1
10746,02/13/15 10:09,22.84,24.945,720.5,595.75,0.004291289,1
10747,02/13/15 10:11,22.85666667,24.85666667,725,596.3333333,0.004280339,1
10748,02/13/15 10:12,22.89,24.865,722.25,598.5,0.0042905,1
10749,02/13/15 10:13,22.9975,24.7225,738.5,600,0.004293795,1
10750,02/13/15 10:14,23.05,24.845,733,601.75,0.004329047,1
10751,02/13/15 10:14,23.13333333,24.53,741.6666667,602.3333333,0.00429553,1
10752,02/13/15 10:15,23.245,24.6,743.75,603.75,0.004337251,1
10753,02/13/15 10:17,23.29,24.5,746.5,607.5,0.004331337,1
10754,02/13/15 10:18,23.29,24.315,750,603.5,0.004298405,1
10755,02/13/15 10:19,23.29,24.39,750,603.5,0.004311756,1
10756,02/13/15 10:20,23.29,24.34,739.25,605,0.004302855,1
10757,02/13/15 10:21,23.29,24.23,750,610,0.004283275,1
10758,02/13/15 10:21,23.29,24.2675,750,606.5,0.00428995,1
10759,02/13/15 10:23,23.26,24.39333333,750,603.6666667,0.004304488,1
10760,02/13/15 10:24,23.245,24.2425,752.5,604.5,0.004273787,1
10761,02/13/15 10:25,23.26,24.29,767,603.6666667,0.004286128,1
10762,02/13/15 10:25,23.29,24.26,759.6666667,600,0.004288615,1
10763,02/13/15 10:27,23.245,24.245,752.5,600.5,0.004274231,1
10764,02/13/15 10:27,23.26,24.26,763.3333333,604.3333333,0.004280797,1
10765,02/13/15 10:28,23.23,24.29333333,765.6666667,607.3333333,0.004278904,1
10766,02/13/15 10:30,23.245,24.4725,763.25,610.75,0.004314615,1
10767,02/13/15 10:31,23.2675,24.4725,778.5,615.25,0.004320525,1
10768,02/13/15 10:32,23.26,24.39,774,607.3333333,0.004303895,1
10769,02/13/15 10:33,23.29,24.3675,783,608.5,0.00430775,1
10770,02/13/15 10:34,23.29,24.46333333,774,607.6666667,0.00432481,1
10771,02/13/15 10:34,23.29,24.42666667,762,610,0.004318283,1
10772,02/13/15 10:36,23.29,24.5225,774,609,0.004335343,1
10773,02/13/15 10:37,23.29,24.575,783,617.5,0.004344689,1
10774,02/13/15 10:38,23.34,24.6,783,620,0.004362383,1
10775,02/13/15 10:38,23.315,24.4725,792,619,0.004333024,1
10776,02/13/15 10:40,23.39,24.34,774,607.5,0.004329093,1
10777,02/13/15 10:40,23.29,24.43,786,606,0.004318876,1
10778,02/13/15 10:41,23.29,24.525,796.5,614,0.004335788,1
10779,02/13/15 10:43,23.29,24.3925,792,616,0.004312201,1
10780,02/13/15 10:44,23.29,24.365,792,614,0.004307305,1
10781,02/13/15 10:45,23.29,24.46333333,798,610.6666667,0.00432481,1
10782,02/13/15 10:46,23.29,24.575,796.5,610,0.004344689,1
10783,02/13/15 10:46,23.32333333,24.56666667,780,615.3333333,0.004352018,1
10784,02/13/15 10:47,23.34,24.6,774,622.25,0.004362383,1
10785,02/13/15 10:49,23.39,24.745,774,633,0.004401636,1
10786,02/13/15 10:50,23.365,24.7925,790.25,645.25,0.004403449,1
10787,02/13/15 10:51,23.35666667,24.92666667,792,651.3333333,0.004425205,1
10788,02/13/15 10:52,23.39,24.945,774,659.75,0.004437466,1
10789,02/13/15 10:53,23.39,24.8225,776.75,660.3333333,0.00441552,1
10790,02/13/15 10:53,23.39,24.75,774,647.4,0.004402532,1
10791,02/13/15 10:54,23.39,24.56666667,774,638.6666667,0.004369691,1
10792,02/13/15 10:56,23.4175,24.925,783,643.5,0.004441299,1
10793,02/13/15 10:57,23.445,24.9725,785.75,649,0.004457266,1
10794,02/13/15 10:58,23.39,25,774,660,0.00444732,1
10795,02/13/15 10:59,23.4725,25.175,783,674.25,0.004501185,1
10796,02/13/15 10:59,23.46333333,25.33333333,792,679,0.004527178,1
10797,02/13/15 11:00,23.4725,25.575,785.75,697.75,0.004573229,1
10798,02/13/15 11:02,23.5,25.495,774,701,0.004566441,1
10799,02/13/15 11:03,23.5,25.2,785.75,703.25,0.00451322,1
10800,02/13/15 11:04,23.5,25.345,788.5,696.5,0.004539378,1
10801,02/13/15 11:05,23.5,25.6,788.5,698.5,0.004585386,1
10802,02/13/15 11:06,23.525,25.3175,786.75,717,0.004541307,1
10803,02/13/15 11:06,23.575,25.2675,795.75,716,0.004546053,1
10804,02/13/15 11:08,23.6,25.245,803,707,0.004548873,1
10805,02/13/15 11:09,23.575,25.315,785,700.5,0.004554662,1
10806,02/13/15 11:10,23.6,25.35666667,785,701.3333333,0.004569142,1
10807,02/13/15 11:10,23.6,25.39,785,702,0.004575193,1
10808,02/13/15 11:12,23.6,25.4725,785,706.6666667,0.004590169,1
10809,02/13/15 11:12,23.6,25.42666667,795.25,709.25,0.004581849,1
10810,02/13/15 11:13,23.65,25.445,792.5,716.75,0.004599111,1
10811,02/13/15 11:15,23.625,25.4175,779,715.5,0.00458714,1
10812,02/13/15 11:16,23.65,25.39,779,705.5,0.004589097,1
10813,02/13/15 11:17,23.65,25.445,788,707.25,0.004599111,1
10814,02/13/15 11:18,23.7,25.66666667,785,709.3333333,0.004653571,1
10815,02/13/15 11:19,23.675,25.575,797,715,0.0046298,1
10816,02/13/15 11:19,23.7,25.445,792.5,720,0.004613083,1
10817,02/13/15 11:21,23.7,25.5,797,720,0.004623128,1
10818,02/13/15 11:22,23.7225,25.5225,792.5,714.5,0.004633557,1
10819,02/13/15 11:23,23.745,25.39,779,710,0.004615616,1
10820,02/13/15 11:23,23.7,25.39,791,707.6666667,0.004603038,1
10821,02/13/15 11:25,23.7,25.39,792.5,703.5,0.004603038,1
10822,02/13/15 11:25,23.7225,25.39,797,710.75,0.004609323,1
10823,02/13/15 11:26,23.7,25.29333333,797,705.6666667,0.004585383,1
10824,02/13/15 11:28,23.79,25.34,797,704.5,0.004619043,1
10825,02/13/15 11:29,23.745,25.365,801.25,707.5,0.004611038,1
10826,02/13/15 11:30,23.79,25.315,801.25,706,0.004614453,1
10827,02/13/15 11:31,23.79,25.29,802.6666667,699.3333333,0.004609862,1
10828,02/13/15 11:31,23.79,25.315,797,700.25,0.004614453,1
10829,02/13/15 11:32,23.79,25.35666667,802.6666667,701.6666667,0.004622104,1
10830,02/13/15 11:34,23.79,25.34,797,701,0.004619043,1
10831,02/13/15 11:35,23.79,25.39,803.2,700.3,0.004628225,1
10832,02/13/15 11:36,23.84,25.34,809.4,699.6,0.004633061,1
10833,02/13/15 11:37,23.865,25.34,805.25,702,0.004640084,1
10834,02/13/15 11:38,23.89,25.34,793.5,702,0.004647116,1
10835,02/13/15 11:38,23.89,25.53,808,706.3333333,0.004682223,1
10836,02/13/15 11:39,23.865,25.4725,812.5,706.75,0.004664528,1
10837,02/13/15 11:41,23.89,25.3925,808,700.5,0.004656816,1
10838,02/13/15 11:42,23.89,25.35666667,808,692,0.004650195,1
10839,02/13/15 11:43,23.89,25.29,808,690.3333333,0.004637878,1
10840,02/13/15 11:44,23.9175,25.2675,797.2,693.4,0.004641445,1
10841,02/13/15 11:44,23.89,25.2,802,688.6666667,0.004621251,1
10842,02/13/15 11:45,23.89,25.2225,799,681.25,0.004625407,1
10843,02/13/15 11:47,23.89,25.2,803.5,682,0.004621251,1
10844,02/13/15 11:48,23.89,25.2,804.5,676,0.004621251,1
10845,02/13/15 11:49,23.89,25.125,799,677,0.004607395,1
10846,02/13/15 11:50,23.89,25.2,820.6666667,673.6666667,0.004621251,1
10847,02/13/15 11:51,23.89,25.2,806.25,679,0.004621251,1
10848,02/13/15 11:51,23.89,25.16666667,809.3333333,677.3333333,0.004615093,1
10849,02/13/15 11:53,23.945,25.125,807.5,670.5,0.004622765,1
10850,02/13/15 11:54,23.9175,25.025,819,664.75,0.00459657,1
10851,02/13/15 11:55,24,25.1,804.5,662,0.004633532,1
10852,02/13/15 11:55,23.945,25.1,819,665,0.004618132,1
10853,02/13/15 11:57,23.89,25.075,806.25,661,0.004598158,1
10854,02/13/15 11:57,23.92666667,25.1,802,661,0.004613008,1
10855,02/13/15 11:58,23.945,25.1,802,660,0.004618132,1
10856,02/13/15 12:00,23.89,25.1,805,661.6666667,0.004602777,1
10857,02/13/15 12:01,23.945,25.1,793,662.5,0.004618132,1
10858,02/13/15 12:02,23.9175,25.075,808.5,661,0.004605822,1
10859,02/13/15 12:03,23.96333333,25.03333333,802,662.6666667,0.004610889,1
10860,02/13/15 12:04,23.945,25.1,803,663,0.004618132,1
10861,02/13/15 12:04,23.89,25.125,803,663.3333333,0.004607395,1
10862,02/13/15 12:06,23.89,25.2,795,666.8,0.004621251,1
10863,02/13/15 12:07,23.92666667,25.13333333,792,667.3333333,0.00461918,1
10864,02/13/15 12:08,23.9175,25.2,797.25,672.5,0.004628953,1
10865,02/13/15 12:08,23.92666667,25.2,793.3333333,674.6666667,0.004631524,1
10866,02/13/15 12:10,23.9725,25.15,788,672,0.004635109,1
10867,02/13/15 12:10,23.96333333,25.2,782.3333333,666.3333333,0.004641817,1
10868,02/13/15 12:11,24,25.2225,781.75,668,0.004656315,1
10869,02/13/15 12:13,24,25.15,771,667.5,0.004642831,1
10870,02/13/15 12:14,23.945,25.175,796.5,664.25,0.004632034,1
10871,02/13/15 12:15,23.92666667,25.1,785.6666667,652.6666667,0.004613008,1
10872,02/13/15 12:16,23.89,24.99666667,782.6666667,646.6666667,0.004583688,1
10873,02/13/15 12:16,23.9175,25.05,778.25,633.25,0.004601196,1
10874,02/13/15 12:17,23.89,25.15,772,637.5,0.004612013,1
10875,02/13/15 12:19,23.9725,25.175,782.75,646.5,0.004639751,1
10876,02/13/15 12:20,23.89,25.2,775,647.3333333,0.004621251,1
10877,02/13/15 12:21,23.89,25.1,773,645.75,0.004602777,1
10878,02/13/15 12:22,23.9175,25.1,766.5,640.25,0.004610448,1
10879,02/13/15 12:23,23.89,25.4,781,637,0.004658202,1
10880,02/13/15 12:23,23.89,25.46,773,664,0.004669288,1
10881,02/13/15 12:24,23.89,25.1725,760.25,660,0.00461617,1
10882,02/13/15 12:26,23.89,25.1,773.3333333,647,0.004602777,1
10883,02/13/15 12:27,23.89,25.1,768.4,643.5,0.004602777,1
10884,02/13/15 12:28,23.89,25.13333333,765,644.75,0.004608935,1
10885,02/13/15 12:29,23.89,24.9175,765.25,633.25,0.004569064,1
10886,02/13/15 12:29,23.89,24.96333333,759.6666667,626.3333333,0.004577531,1
10887,02/13/15 12:30,23.89,25.1,753,625.25,0.004602777,1
10888,02/13/15 12:32,23.89,25.1,759.6666667,629.3333333,0.004602777,1
10889,02/13/15 12:33,23.84,25,761.5,622.75,0.00457044,1
10890,02/13/15 12:34,23.84,24.995,758,619,0.004569519,1
10891,02/13/15 12:35,23.89,25.075,766,610.5,0.004598158,1
10892,02/13/15 12:36,23.85666667,24.96333333,763.3333333,601.6666667,0.004568298,1
10893,02/13/15 12:36,23.85666667,24.96333333,758,593.6666667,0.004568298,1
10894,02/13/15 12:38,23.84,25,754.5,595.5,0.00457044,1
10895,02/13/15 12:39,23.84,25,742,601.5,0.00457044,1
10896,02/13/15 12:40,23.815,25.025,750.5,602.75,0.004568119,1
10897,02/13/15 12:40,23.82333333,25.06666667,767,604.3333333,0.004578092,1
10898,02/13/15 12:42,23.79,25.025,751,610,0.004561203,1
10899,02/13/15 12:42,23.79,25.06666667,748.3333333,616,0.004568854,1
10900,02/13/15 12:43,23.815,25.125,745,614.75,0.004586508,1
10901,02/13/15 12:45,23.79,25.1,737,614.6666667,0.004574974,1
10902,02/13/15 12:46,23.815,25.125,743.25,603,0.004586508,1
10903,02/13/15 12:47,23.79,25.1,739.5,598.5,0.004574974,1
10904,02/13/15 12:48,23.79,25.06666667,739.5,591.25,0.004568854,1
10905,02/13/15 12:49,23.79,25.1,727,588,0.004574974,1
10906,02/13/15 12:49,23.79,25.15,744,594.25,0.004584154,1
10907,02/13/15 12:51,23.82333333,25.23,749.3333333,598,0.004608144,1
10908,02/13/15 12:52,23.815,25.2225,735.5,598.5,0.004604438,1
10909,02/13/15 12:53,23.79,25.2,740,599,0.004593335,1
10910,02/13/15 12:53,23.79,25.2225,736,595.5,0.004597467,1
10911,02/13/15 12:55,23.79,25.2,736,595,0.004593335,1
10912,02/13/15 12:55,23.79,25.2225,731.5,593.5,0.004597467,1
10913,02/13/15 12:56,23.79,25.29,733.3333333,596,0.004609862,1
10914,02/13/15 12:58,23.79,25.29,734,588,0.004609862,1
10915,02/13/15 12:59,23.79,25.29,734.25,591.75,0.004609862,1
10916,02/13/15 13:00,23.79,25.32333333,425.3333333,596.6666667,0.004615983,1
10917,02/13/15 13:01,23.79,25.445,283,600,0.004638326,0
10918,02/13/15 13:01,23.865,25.575,265,614.5,0.004683439,0
10919,02/13/15 13:02,23.865,25.575,265,607,0.004683439,0
10920,02/13/15 13:04,23.85666667,25.6,257,600.3333333,0.004685686,0
10921,02/13/15 13:05,23.89,25.7,268,601,0.004713637,0
10922,02/13/15 13:06,23.89,25.63333333,261,599,0.004701317,0
10923,02/13/15 13:07,23.89,25.6,259,601,0.004695158,0
10924,02/13/15 13:08,23.89,25.55,259,595.5,0.004685918,0
10925,02/13/15 13:08,23.89,25.5,248.25,588.75,0.004676679,0
10926,02/13/15 13:09,23.89,25.5,242,585.5,0.004676679,0
10927,02/13/15 13:11,23.89,25.5,241,585.5,0.004676679,0
10928,02/13/15 13:12,23.89,25.5,252,578.5,0.004676679,0
10929,02/13/15 13:13,23.89,25.46333333,246,579.6666667,0.004669904,0
10930,02/13/15 13:14,23.89,25.445,243,578,0.004666517,0
10931,02/13/15 13:14,23.89,25.4725,237.25,576,0.004671598,0
10932,02/13/15 13:15,23.89,25.5,252,574.3333333,0.004676679,0
10933,02/13/15 13:17,23.89,25.39,246,564,0.004656354,0
10934,02/13/15 13:18,23.89,25.39,246,565.6666667,0.004656354,0
10935,02/13/15 13:19,23.89,25.42666667,240,568,0.004663129,0
10936,02/13/15 13:20,23.89,25.42666667,228,566,0.004663129,0
10937,02/13/15 13:21,23.89,25.46333333,230.75,563,0.004669904,0
10938,02/13/15 13:21,23.89,25.445,229,562.75,0.004666517,0
10939,02/13/15 13:23,23.89,25.5,239,562,0.004676679,0
10940,02/13/15 13:24,23.89,25.5,225.5,556.75,0.004676679,0
10941,02/13/15 13:25,23.89,25.5,225.5,558.25,0.004676679,0
10942,02/13/15 13:25,23.89,25.5,227,560.5,0.004676679,0
10943,02/13/15 13:27,23.84,25.445,225.75,544.5,0.004652402,0
10944,02/13/15 13:27,23.84,25.445,227,547,0.004652402,0
10945,02/13/15 13:28,23.865,25.4725,237.5,546,0.004664528,0
10946,02/13/15 13:30,23.79,25.39,215,549,0.004628225,0
10947,02/13/15 13:31,23.865,25.4725,229.5,547.5,0.004664528,0
10948,02/13/15 13:32,23.815,25.4175,213.25,544.25,0.004640301,0
10949,02/13/15 13:33,23.84,25.445,209,544,0.004652402,0
10950,02/13/15 13:34,23.79,25.42666667,209,543.3333333,0.004634959,0
10951,02/13/15 13:34,23.79,25.5,213,545.25,0.004648427,0
10952,02/13/15 13:36,23.79,25.5,204.5,545.25,0.004648427,0
10953,02/13/15 13:37,23.79,25.575,262.6666667,545.3333333,0.004662201,0
10954,02/13/15 13:38,23.79,25.66666667,438.5,542.5,0.004679037,1
10955,02/13/15 13:38,23.7675,25.675,654,547,0.004674187,0
10956,02/13/15 13:40,23.7675,25.7475,668.5,545,0.004687486,0
10957,02/13/15 13:40,23.7,25.89,680.3333333,564,0.004694368,0
10958,02/13/15 13:41,23.7225,25.9725,664.75,567.75,0.004715872,0
10959,02/13/15 13:43,23.7,25.89,675.25,569.5,0.004694368,0
10960,02/13/15 13:44,23.745,26,669,571.5,0.00472735,0
10961,02/13/15 13:45,23.7,26.075,667.25,564.75,0.004728167,0
10962,02/13/15 13:46,23.7,26,655.6666667,563.6666667,0.004714465,0
10963,02/13/15 13:46,23.745,25.9725,659.25,567.5,0.004722312,1
10964,02/13/15 13:47,23.7,25.89,662,563,0.004694368,1
10965,02/13/15 13:49,23.7,25.89,651.5,551.5,0.004694368,1
10966,02/13/15 13:50,23.7,25.89,648.3333333,545.3333333,0.004694368,1
10967,02/13/15 13:51,23.7,25.89,643.75,540.75,0.004694368,1
10968,02/13/15 13:52,23.7,25.89,646,537.75,0.004694368,1
10969,02/13/15 13:53,23.63333333,25.89,629.6666667,537.6666667,0.004675417,1
10970,02/13/15 13:53,23.625,26.0225,634,543,0.00469715,1
10971,02/13/15 13:54,23.6,26.1,636.3333333,547.6666667,0.0047041,1
10972,02/13/15 13:56,23.6,26.1,633.25,554.5,0.0047041,1
10973,02/13/15 13:57,23.6,26.1,631.25,554.75,0.0047041,1
10974,02/13/15 13:58,23.6,26.1,622.5,558,0.0047041,1
10975,02/13/15 13:59,23.6,26.1,627,548.5,0.0047041,1
10976,02/13/15 13:59,23.55,26.075,627.5,541.25,0.004685314,1
10977,02/13/15 14:00,23.5,26.1,631.6666667,543,0.004675618,1
10978,02/13/15 14:02,23.5,26.175,617.75,546,0.004689155,1
10979,02/13/15 14:03,23.5,26.23,626.6666667,545,0.004699082,1
10980,02/13/15 14:04,23.5,26.2225,611.5,548,0.004697729,1
10981,02/13/15 14:05,23.5,26.2,610.3333333,549.6666667,0.004693667,1
10982,02/13/15 14:06,23.5,26.3975,607.5,545.25,0.004729318,1
10983,02/13/15 14:06,23.4175,26.5225,608,599.75,0.004728116,1
10984,02/13/15 14:08,23.445,26.39,616.5,586.5,0.004712188,1
10985,02/13/15 14:09,23.4725,27.525,610,570,0.004924681,1
10986,02/13/15 14:10,23.42666667,26.83,605.6666667,564,0.004786022,1
10987,02/13/15 14:10,23.445,26.6475,596,561.5,0.004758519,1
10988,02/13/15 14:12,23.5,26.65,592,564,0.004774903,1
10989,02/13/15 14:12,23.5,26.72,598.25,555.25,0.004787541,1
10990,02/13/15 14:13,23.5,26.84,593,571,0.004809208,1
10991,02/13/15 14:15,23.5,26.745,589,570,0.004792055,1
10992,02/13/15 14:16,23.5,26.79,585,567,0.00480018,1
10993,02/13/15 14:17,23.5,26.92,585,571,0.004823654,1
10994,02/13/15 14:18,23.5,26.8675,587.5,573.5,0.004814174,1
10995,02/13/15 14:19,23.5,26.865,589.75,573.75,0.004813722,1
10996,02/13/15 14:19,23.55,26.84,566,575,0.00482384,1
10997,02/13/15 14:21,23.5,26.79,587.5,563.5,0.00480018,1
10998,02/13/15 14:22,23.5,26.79,585.5,561.5,0.00480018,1
10999,02/13/15 14:23,23.445,26.7675,583.5,558.5,0.004780112,1
11000,02/13/15 14:23,23.4725,26.92,582,558,0.004815599,1
11001,02/13/15 14:25,23.5,27.05,570,565.5,0.004847129,1
11002,02/13/15 14:25,23.5,27.1,567.3333333,573.3333333,0.004856159,1
11003,02/13/15 14:26,23.4725,27.05,574.25,579.25,0.004839035,1
11004,02/13/15 14:28,23.445,27.025,572.5,578.5,0.004826453,1
11005,02/13/15 14:29,23.46333333,27.06666667,579,576.3333333,0.004839342,1
11006,02/13/15 14:30,23.5,27,574.75,575,0.0048381,1
11007,02/13/15 14:31,23.39,27,562,568,0.004805854,1
11008,02/13/15 14:31,23.39,27,560.25,562,0.004805854,1
11009,02/13/15 14:32,23.39,27.1,558.5,563,0.004823792,1
11010,02/13/15 14:34,23.39,27.1,573,556,0.004823792,1
11011,02/13/15 14:35,23.35666667,27.13333333,571,557.3333333,0.004819988,1
11012,02/13/15 14:36,23.29,27.2425,563,560,0.004819939,1
11013,02/13/15 14:37,23.29,27.29,559,557.75,0.004828408,1
11014,02/13/15 14:38,23.29,27.39,552,560.6666667,0.004846239,1
11015,02/13/15 14:38,23.29,27.4175,556.75,562,0.004851143,1
11016,02/13/15 14:39,23.29,27.46333333,552.3333333,563.3333333,0.004859316,1
11017,02/13/15 14:41,23.29,27.445,547,561.25,0.004856046,1
11018,02/13/15 14:42,23.29,27.5,547,556.5,0.004865854,1
11019,02/13/15 14:43,23.2675,27.625,540.25,557.5,0.004881455,1
11020,02/13/15 14:44,23.23,27.63333333,554.3333333,557.3333333,0.004871802,1
11021,02/13/15 14:44,23.2,27.6,547,552.25,0.004856997,1
11022,02/13/15 14:45,23.2,27.625,551.5,549.5,0.004861431,1
11023,02/13/15 14:47,23.2,27.7,553,549.5,0.004874732,1
11024,02/13/15 14:48,23.2,27.7225,538,557.25,0.004878723,1
11025,02/13/15 14:49,23.2,27.79,539.6666667,565,0.004890695,1
11026,02/13/15 14:50,23.175,27.8675,531,563.5,0.004896978,1
11027,02/13/15 14:51,23.1,28.03333333,543,561.6666667,0.004903883,1
11028,02/13/15 14:51,23.1,28.1,543,555.5,0.004915637,1
11029,02/13/15 14:53,23.1,28.1,543,555.25,0.004915637,1
11030,02/13/15 14:54,23.1,28.1,535.5,555,0.004915637,1
11031,02/13/15 14:55,23.1,28.1975,528,561,0.004932829,1
11032,02/13/15 14:55,23.1,28.2225,532.5,574,0.004937237,1
11033,02/13/15 14:57,23.1,28.2,517.5,562.2,0.004933269,1
11034,02/13/15 14:57,23.1,28.13333333,528.6666667,557.6666667,0.004921515,1
11035,02/13/15 14:58,23.075,28.1,534,558.75,0.004908151,1
11036,02/13/15 15:00,23.1,28.16666667,528.6666667,561.6666667,0.004927392,1
11037,02/13/15 15:01,23.1,28.2,518,566.5,0.004933269,1
11038,02/13/15 15:02,23.1,28.2,518,567.5,0.004933269,1
11039,02/13/15 15:03,23.1,28.35666667,513,571.3333333,0.004960895,1
11040,02/13/15 15:04,23.1,28.29,513.5,572.5,0.004949139,1
11041,02/13/15 15:04,23,28.245,524,573.5,0.004911161,1
11042,02/13/15 15:06,23,28.2,519,561,0.004903275,1
11043,02/13/15 15:07,23,28.2225,516.5,555.5,0.004907218,1
11044,02/13/15 15:08,23,28.29,509,555,0.004919047,1
11045,02/13/15 15:08,23,28.29,509,562,0.004919047,1
11046,02/13/15 15:10,23,28.29,505,564.5,0.004919047,1
11047,02/13/15 15:10,23,28.29,505.3333333,564,0.004919047,1
11048,02/13/15 15:11,23,28.34,514,564.5,0.00492781,1
11049,02/13/15 15:13,23,28.39,514,571.5,0.004936573,1
11050,02/13/15 15:14,23,28.39,506.5,580.5,0.004936573,1
11051,02/13/15 15:15,23,28.42666667,504,571,0.004942999,1
11052,02/13/15 15:16,23,28.46333333,499,569.3333333,0.004949426,1
11053,02/13/15 15:16,23,28.4725,499,571.25,0.004951033,1
11054,02/13/15 15:17,22.9725,28.445,495.25,568,0.00493792,1
11055,02/13/15 15:19,22.9175,28.5,489,569.75,0.004930962,1
11056,02/13/15 15:20,22.89,28.5,497.3333333,569,0.00492269,1
11057,02/13/15 15:21,22.89,28.6,494,571.25,0.0049401,1
11058,02/13/15 15:22,22.89,28.6,494,573,0.0049401,1
11059,02/13/15 15:23,22.89,28.6,500.25,570,0.0049401,1
11060,02/13/15 15:23,22.89,28.6,494,569.3333333,0.0049401,1
11061,02/13/15 15:24,22.89,28.65,492.75,571.5,0.004948805,1
11062,02/13/15 15:26,22.84,28.65,489,573.75,0.004933715,1
11063,02/13/15 15:27,22.79,28.7,489,572,0.004927319,1
11064,02/13/15 15:28,22.79,28.772,483,570.2,0.004939778,1
11065,02/13/15 15:29,22.76,28.79,480.6666667,577.6666667,0.004933838,1
11066,02/13/15 15:29,22.7675,28.84,484,575,0.004944741,1
11067,02/13/15 15:30,22.7225,28.89,484,569.75,0.004939775,1
11068,02/13/15 15:32,22.7,28.9175,484,576.25,0.004937716,1
11069,02/13/15 15:33,22.73,29,484,580,0.004961007,1
11070,02/13/15 15:34,22.7,29,479,580,0.004951915,1
11071,02/13/15 15:35,22.7,29.05,479,577.75,0.004960521,1
11072,02/13/15 15:36,22.7,29.1,479,578,0.004969127,1
11073,02/13/15 15:36,22.7,29.1,479,574.5,0.004969127,1
11074,02/13/15 15:38,22.675,29.125,479,575,0.004965832,1
11075,02/13/15 15:39,22.6,29.1,479,572,0.00493882,1
11076,02/13/15 15:40,22.6,29.1,479,570,0.00493882,1
11077,02/13/15 15:40,22.6,29.125,479,580.75,0.004943097,1
11078,02/13/15 15:42,22.6,29.175,479,584.75,0.00495165,1
11079,02/13/15 15:42,22.6,29.2,479,586,0.004955927,1
11080,02/13/15 15:43,22.6,29.2225,471.5,585.25,0.004959776,1
11081,02/13/15 15:45,22.6,29.2,469,586,0.004955927,1
11082,02/13/15 15:46,22.6,29.2675,467.75,585.75,0.004967475,1
11083,02/13/15 15:47,22.6,29.29,464,586,0.004971324,1
11084,02/13/15 15:48,22.6,29.32333333,464,584.3333333,0.004977027,1
11085,02/13/15 15:49,22.55,29.4175,464,584,0.004977879,1
11086,02/13/15 15:49,22.5,29.6,474.5,588.25,0.004993695,1
11087,02/13/15 15:51,22.5,29.65,474.5,593.5,0.005002198,1
11088,02/13/15 15:52,22.5,29.7,474.5,596.75,0.005010702,1
11089,02/13/15 15:53,22.42666667,29.73,478,596.3333333,0.004993318,1
11090,02/13/15 15:53,22.445,29.79,459,595,0.005009101,1
11091,02/13/15 15:55,22.39,29.79,472.6666667,601.3333333,0.004992243,1
11092,02/13/15 15:55,22.39,29.84,464,595.75,0.00500069,1
11093,02/13/15 15:56,22.29,29.92666667,469,593.6666667,0.004984667,1
11094,02/13/15 15:58,22.365,30.025,457.75,596.5,0.005024236,1
11095,02/13/15 15:59,22.39,30,454,586,0.00502772,1
11096,02/13/15 16:00,22.29,30,454.75,595.25,0.00499698,1
11097,02/13/15 16:01,22.29,30,460,595.5,0.00499698,1
11098,02/13/15 16:01,22.29,30,444,601.25,0.00499698,1
11099,02/13/15 16:02,22.29,30.1,449.6666667,598,0.005013771,1
11100,02/13/15 16:04,22.2675,30.075,438,601.5,0.005002662,1
11101,02/13/15 16:05,22.26,30.06666667,441,599,0.004998963,1
11102,02/13/15 16:06,22.2,30.1,438,605.5,0.004986154,1
11103,02/13/15 16:07,22.2,30.1,441,608.3333333,0.004986154,1
11104,02/13/15 16:08,22.2,30.1,447,605.75,0.004986154,1
11105,02/13/15 16:08,22.2,30.23,447,600.3333333,0.005007862,1
11106,02/13/15 16:09,22.175,30.2,447,597.25,0.004995179,1
11107,02/13/15 16:11,22.1,30.34,447,592,0.004995456,1
11108,02/13/15 16:12,22.1,30.39,438,594,0.005003755,1
11109,02/13/15 16:13,22.1,30.39,447,588,0.005003755,1
11110,02/13/15 16:14,22.1,30.6,447,585,0.005038612,1
11111,02/13/15 16:14,22.1,30.6,447,588.25,0.005038612,1
11112,02/13/15 16:15,22.075,30.575,447,594,0.005026734,1
11113,02/13/15 16:17,22.1,30.6,447,585.5,0.005038612,1
11114,02/13/15 16:18,22.025,30.525,447,583.5,0.005003048,1
11115,02/13/15 16:19,22.03333333,30.53333333,447,588.3333333,0.005006989,1
11116,02/13/15 16:20,22,30.6,443.5,591,0.005007736,1
11117,02/13/15 16:21,22,30.7,447,594.6666667,0.005024233,1
11118,02/13/15 16:21,21.9175,30.7675,440,602.5,0.005009882,1
11119,02/13/15 16:23,21.89,30.865,443.5,605.5,0.005017389,1
11120,02/13/15 16:24,21.89,30.89,442.3333333,606.6666667,0.005021486,1
11121,02/13/15 16:25,21.89,31,447,610,0.005039512,1
11122,02/13/15 16:25,21.89,30.945,442.5,603,0.005030499,1
11123,02/13/15 16:27,21.89,31,441,610,0.005039512,1
11124,02/13/15 16:27,21.89,30.9725,438,610.5,0.005035005,1
11125,02/13/15 16:28,21.89,31,441,607,0.005039512,1
11126,02/13/15 16:30,21.89,31.075,438,607.5,0.005051803,1
11127,02/13/15 16:31,21.865,31.1,438,617,0.005048127,1
11128,02/13/15 16:32,21.79,31.1,433.5,614.75,0.005024869,1
11129,02/13/15 16:33,21.79,31.1,429,612.5,0.005024869,1
11130,02/13/15 16:34,21.79,31.175,432.75,612.75,0.005037084,1
11131,02/13/15 16:34,21.79,31.13333333,434,618.3333333,0.005030298,1
11132,02/13/15 16:36,21.79,31.125,440.25,613.75,0.00502894,1
11133,02/13/15 16:37,21.79,31.2,444,611,0.005041157,1
11134,02/13/15 16:38,21.79,31.2,444,612,0.005041157,1
11135,02/13/15 16:38,21.79,31.2,444,617.5,0.005041157,1
11136,02/13/15 16:40,21.79,31.13333333,444,615,0.005030298,1
11137,02/13/15 16:40,21.79,31.2,444,606.75,0.005041157,1
11138,02/13/15 16:41,21.79,31.2,444,607,0.005041157,1
11139,02/13/15 16:43,21.76,31.29,444,608,0.005046482,1
11140,02/13/15 16:44,21.7,31.315,440.25,610.75,0.005031909,1
11141,02/13/15 16:45,21.7,31.29,444,612.5,0.005027859,1
11142,02/13/15 16:46,21.7,31.35666667,439,617.3333333,0.005038658,1
11143,02/13/15 16:46,21.7,31.5,444,619,0.005061878,1
11144,02/13/15 16:47,21.7,31.575,432.75,624,0.005074028,1
11145,02/13/15 16:49,21.7,31.6,429,627,0.005078078,1
11146,02/13/15 16:50,21.675,31.625,436.5,628.5,0.005074303,1
11147,02/13/15 16:51,21.7,31.6,439,626,0.005078078,1
11148,02/13/15 16:52,21.65,31.575,440.25,626.5,0.005058412,1
11149,02/13/15 16:53,21.7,31.7,444,627.5,0.00509428,1
11150,02/13/15 16:53,21.7,31.7,444,625.25,0.00509428,1
11151,02/13/15 16:54,21.66666667,31.7,444,622.3333333,0.005083823,1
11152,02/13/15 16:56,21.675,31.7,444,625.25,0.005086435,1
11153,02/13/15 16:57,21.65,31.7,444,630,0.005078601,1
11154,02/13/15 16:58,21.6,31.7,444,629,0.005062965,1
11155,02/13/15 16:59,21.63333333,31.73,444,633,0.005078225,1
11156,02/13/15 16:59,21.625,31.7675,444,631.5,0.005081663,1
11157,02/13/15 17:00,21.6,31.79,444,630.6666667,0.005077456,1
11158,02/13/15 17:02,21.575,31.815,444,628,0.005073651,1
11159,02/13/15 17:03,21.6,31.79,444,629,0.005077456,1
11160,02/13/15 17:04,21.6,31.79,444,626,0.005077456,1
11161,02/13/15 17:05,21.6,31.84,444,626,0.005085508,1
11162,02/13/15 17:06,21.575,31.89,444,629.75,0.005085709,1
11163,02/13/15 17:06,21.53333333,31.92666667,444,626.6666667,0.00507853,1
11164,02/13/15 17:08,21.5,32,444,629.3333333,0.005079828,1
11165,02/13/15 17:09,21.525,32,444,633.25,0.005087673,1
11166,02/13/15 17:10,21.53333333,32,444,633,0.005090291,1
11167,02/13/15 17:10,21.525,32.0225,444,621.5,0.00509128,1
11168,02/13/15 17:12,21.53333333,32,444,619,0.005090291,1
11169,02/13/15 17:12,21.5,32.09,440.25,619,0.005094232,1
11170,02/13/15 17:13,21.5,32.09,440.25,624.75,0.005094232,1
11171,02/13/15 17:15,21.5,32.0675,436.5,620.25,0.005090631,1
11172,02/13/15 17:16,21.5,32,434,615,0.005079828,1
11173,02/13/15 17:17,21.5,32.06,429,615.6666667,0.005089431,1
11174,02/13/15 17:18,21.5,32.09,429,615,0.005094232,1
11175,02/13/15 17:19,21.5,32.09,429,614,0.005094232,1
11176,02/13/15 17:19,21.5,32.09,429,606.75,0.005094232,1
11177,02/13/15 17:21,21.5,32.09,429,603,0.005094232,1
11178,02/13/15 17:22,21.5,32.1725,429,603,0.005107437,1
11179,02/13/15 17:23,21.46333333,32.16333333,429,602.3333333,0.005094423,1
11180,02/13/15 17:23,21.5,32.12666667,429,605,0.005100101,1
11181,02/13/15 17:25,21.445,32.145,429,601,0.005085734,1
11182,02/13/15 17:25,21.4175,32.1175,429,599.25,0.005072724,1
11183,02/13/15 17:26,21.39,32.09,429,598.5,0.005059743,1
11184,02/13/15 17:28,21.39,32.145,429,594.75,0.005068485,1
11185,02/13/15 17:29,21.445,32.145,438,599.5,0.005085734,0
11186,02/13/15 17:30,21.39,32.09,441,600,0.005059743,0
11187,02/13/15 17:31,21.39,32.1725,423.5,587.5,0.005072857,1
11188,02/13/15 17:31,21.39,32.145,423.5,588.75,0.005068485,1
11189,02/13/15 17:32,21.315,32.2,428.25,580.75,0.005053749,1
11190,02/13/15 17:34,21.29,32.2,423.5,575.75,0.005045944,1
11191,02/13/15 17:35,21.32333333,32.26,426.6666667,573,0.005065852,1
11192,02/13/15 17:36,21.32333333,32.29,433,585.3333333,0.005070601,1
11193,02/13/15 17:37,21.29,32.29,433,586.25,0.005060163,1
11194,02/13/15 17:38,21.29,32.3175,433,586.25,0.005064507,1
11195,02/13/15 17:38,21.32333333,32.32666667,433,583,0.005076406,1
11196,02/13/15 17:39,21.29,32.3725,433,583.75,0.005073197,1
11197,02/13/15 17:41,21.29,32.4,433,585,0.005077542,1
11198,02/13/15 17:42,21.29,32.4,433,582,0.005077542,1
11199,02/13/15 17:43,21.29,32.4,433,584,0.005077542,1
11200,02/13/15 17:44,21.29,32.4,426,585,0.005077542,1
11201,02/13/15 17:44,21.29,32.46666667,419,582,0.005088075,1
11202,02/13/15 17:45,21.29,32.475,419,575,0.005089391,1
11203,02/13/15 17:47,21.29,32.46666667,419,578.6666667,0.005088075,1
11204,02/13/15 17:48,21.29,32.46666667,419,578,0.005088075,1
11205,02/13/15 17:49,21.29,32.5675,419,579,0.005104007,1
11206,02/13/15 17:50,21.29,32.53,419,575,0.005098081,1
11207,02/13/15 17:51,21.29,32.5675,419,571,0.005104007,1
11208,02/13/15 17:51,21.23,32.53,419,573,0.005079198,1
11209,02/13/15 17:53,21.2675,32.5675,419,573,0.00509691,1
11210,02/13/15 17:54,21.29,32.59,419,575.6666667,0.005107562,1
11211,02/13/15 17:55,21.245,32.59,419,578.5,0.005093367,1
11212,02/13/15 17:55,21.2225,32.6175,419,577.5,0.00509061,1
11213,02/13/15 17:57,21.29,32.7,419,576,0.005124943,1
11214,02/13/15 17:57,21.245,32.7,419,573.5,0.0051107,1
11215,02/13/15 17:58,21.245,32.6725,419,573.75,0.005106367,1
11216,02/13/15 18:00,21.29,32.7,419,574.6666667,0.005124943,1
11217,02/13/15 18:01,21.29,32.7,419,568.5,0.005124943,1
11218,02/13/15 18:02,21.245,32.7,419,571.5,0.0051107,1
11219,02/13/15 18:03,21.2,32.7,419,574.3333333,0.005096491,1
11220,02/13/15 18:04,21.2675,32.7225,411.5,572,0.005121368,1
11221,02/13/15 18:04,21.29,32.79,0,577,0.005139165,1
11222,02/13/15 18:06,21.29,32.73,0,582.3333333,0.005129684,0
11223,02/13/15 18:07,21.29,32.7,0,586,0.005124943,0
11224,02/13/15 18:08,21.29,32.645,0,586,0.005116252,0
11225,02/13/15 18:08,21.39,32.59,0,586,0.005139231,0
11226,02/13/15 18:10,21.34,32.59,0,583,0.005123375,0
11227,02/13/15 18:10,21.39,32.59,0,582,0.005139231,0
11228,02/13/15 18:11,21.34,32.545,0,579.5,0.005116242,0
11229,02/13/15 18:13,21.29,32.5,0,578,0.005093341,0
11230,02/13/15 18:14,21.35666667,32.5,0,580,0.005114375,0
11231,02/13/15 18:15,21.39,32.5,0,578,0.005124921,0
11232,02/13/15 18:16,21.39,32.4,0,572,0.005109023,0
11233,02/13/15 18:16,21.34,32.45,0,573,0.005101185,0
11234,02/13/15 18:17,21.34,32.5,0,574.5,0.00510911,0
11235,02/13/15 18:19,21.39,32.4,0,569,0.005109023,0
11236,02/13/15 18:20,21.39,32.4,0,564,0.005109023,0
11237,02/13/15 18:21,21.315,32.5,0,561,0.00510122,0
11238,02/13/15 18:22,21.29,32.5,0,560,0.005093341,0
11239,02/13/15 18:23,21.29,32.5,0,553.5,0.005093341,0
11240,02/13/15 18:23,21.29,32.5,0,551.3333333,0.005093341,0
11241,02/13/15 18:24,21.29,32.5,0,557,0.005093341,0
11242,02/13/15 18:26,21.29,32.5,0,556.5,0.005093341,0
11243,02/13/15 18:27,21.29,32.45,0,554.5,0.005085441,0
11244,02/13/15 18:28,21.29,32.45,0,549.75,0.005085441,0
11245,02/13/15 18:29,21.29,32.5,0,553.5,0.005093341,0
11246,02/13/15 18:29,21.29,32.5,0,556,0.005093341,0
11247,02/13/15 18:30,21.29,32.5,0,551,0.005093341,0
11248,02/13/15 18:32,21.29,32.5,0,543,0.005093341,0
11249,02/13/15 18:33,21.29,32.5,0,546.5,0.005093341,0
11250,02/13/15 18:34,21.29,32.59,0,545,0.005107562,0
11251,02/13/15 18:35,21.29,32.5,0,543,0.005093341,0
11252,02/13/15 18:36,21.29,32.5,0,537,0.005093341,0
11253,02/13/15 18:36,21.245,32.45,0,544,0.005071309,0
11254,02/13/15 18:38,21.29,32.5,0,547,0.005093341,0
11255,02/13/15 18:39,21.29,32.475,0,541.5,0.005089391,0
11256,02/13/15 18:40,21.29,32.4,0,542,0.005077542,0
11257,02/13/15 18:40,21.29,32.46666667,0,541,0.005088075,0
11258,02/13/15 18:42,21.245,32.4,0,539,0.005063431,0
11259,02/13/15 18:42,21.29,32.4,0,537,0.005077542,0
11260,02/13/15 18:43,21.245,32.4,0,535.5,0.005063431,0
11261,02/13/15 18:45,21.26,32.4,0,534.3333333,0.005068131,0
11262,02/13/15 18:46,21.245,32.4,0,534,0.005063431,0
11263,02/13/15 18:47,21.23,32.43333333,0,534.75,0.005063982,0
11264,02/13/15 18:48,21.2,32.4,0,537,0.005049355,0
11265,02/13/15 18:49,21.2,32.4,0,535,0.005049355,0
11266,02/13/15 18:49,21.2,32.4,0,530.3333333,0.005049355,0
11267,02/13/15 18:51,21.2,32.4,0,529,0.005049355,0
11268,02/13/15 18:52,21.2,32.4,0,528,0.005049355,0
11269,02/13/15 18:53,21.2,32.4,0,526,0.005049355,0
11270,02/13/15 18:53,21.2,32.4,0,532.3333333,0.005049355,0
11271,02/13/15 18:55,21.2,32.4,0,534,0.005049355,0
11272,02/13/15 18:55,21.175,32.3725,0,531,0.005037236,0
11273,02/13/15 18:56,21.2,32.4,0,528,0.005049355,0
11274,02/13/15 18:58,21.1,32.4,0,525,0.005018199,0
11275,02/13/15 18:59,21.16666667,32.4,0,526.3333333,0.005038951,0
11276,02/13/15 19:00,21.1,32.4,0,526,0.005018199,0
11277,02/13/15 19:01,21.2,32.345,0,524.5,0.005040714,0
11278,02/13/15 19:01,21.13333333,32.32666667,0,522.3333333,0.005017092,0
11279,02/13/15 19:02,21.1,32.29,0,521.5,0.005001025,0
11280,02/13/15 19:04,21.15,32.29,0,521.5,0.005016528,0
11281,02/13/15 19:05,21.15,32.4,0,518.5,0.005033756,0
11282,02/13/15 19:06,21.1,32.345,0,519,0.005009612,0
11283,02/13/15 19:07,21.1,32.36333333,0,520.3333333,0.005012474,0
11284,02/13/15 19:08,21.1,32.345,0,522,0.005009612,0
11285,02/13/15 19:08,21.1,32.32666667,0,518.6666667,0.00500675,0
11286,02/13/15 19:09,21.1,32.29,0,518,0.005001025,0
11287,02/13/15 19:11,21.1,32.29,0,518.6666667,0.005001025,0
11288,02/13/15 19:12,21.1,32.29,0,524,0.005001025,0
11289,02/13/15 19:13,21.1,32.29,0,523.5,0.005001025,0
11290,02/13/15 19:14,21.05,32.245,0,515,0.004978561,0
11291,02/13/15 19:14,21,32.2,0,515,0.004956182,0
11292,02/13/15 19:15,21,32.2,0,517,0.004956182,0
11293,02/13/15 19:17,21,32.2,0,520,0.004956182,0
11294,02/13/15 19:18,21,32.2,0,518,0.004956182,0
11295,02/13/15 19:19,21,32.2,0,519.5,0.004956182,0
11296,02/13/15 19:20,21,32.2,0,518,0.004956182,0
11297,02/13/15 19:21,20.96333333,32.2,0,519.3333333,0.004944934,0
11298,02/13/15 19:21,21,32.2,0,521,0.004956182,0
11299,02/13/15 19:23,20.945,32.2,0,519.5,0.004939319,0
11300,02/13/15 19:24,20.96333333,32.2,0,517,0.004944934,0
11301,02/13/15 19:25,21,32.2,0,519.3333333,0.004956182,0
11302,02/13/15 19:25,20.92666667,32.2,0,510.6666667,0.004933709,0
11303,02/13/15 19:27,20.89,32.145,0,511,0.004914031,0
11304,02/13/15 19:27,20.89,32.09,0,514.5,0.004905557,0
11305,02/13/15 19:28,20.89,32.145,0,515.5,0.004914031,0
11306,02/13/15 19:30,20.89,32.09,0,513,0.004905557,0
11307,02/13/15 19:31,20.89,32.145,0,513,0.004914031,0
11308,02/13/15 19:32,20.89,32.09,0,511,0.004905557,0
11309,02/13/15 19:33,20.89,32.09,0,508.6666667,0.004905557,0
11310,02/13/15 19:34,20.89,32.09,0,509,0.004905557,0
11311,02/13/15 19:34,20.89,32.09,0,510.75,0.004905557,0
11312,02/13/15 19:36,20.89,32.09,0,510,0.004905557,0
11313,02/13/15 19:37,20.84,32.045,0,510,0.004883458,0
11314,02/13/15 19:38,20.84,32.045,0,510,0.004883458,0
11315,02/13/15 19:38,20.79,32,0,511,0.004861443,0
11316,02/13/15 19:40,20.89,32.09,0,515.5,0.004905557,0
11317,02/13/15 19:40,20.85666667,31.99333333,0,518,0.004880565,0
11318,02/13/15 19:41,20.79,31.89,0,514,0.004844602,0
11319,02/13/15 19:43,20.84,31.945,0,511.5,0.004868099,0
11320,02/13/15 19:44,20.79,32,0,512.5,0.004861443,0
11321,02/13/15 19:45,20.79,31.9175,0,512.25,0.004848812,0
11322,02/13/15 19:46,20.79,31.89,0,514,0.004844602,0
11323,02/13/15 19:46,20.79,31.89,0,516,0.004844602,0
11324,02/13/15 19:47,20.79,31.89,0,512,0.004844602,0
11325,02/13/15 19:49,20.79,31.85666667,0,515,0.004839498,0
11326,02/13/15 19:50,20.79,31.79,0,509,0.004829292,0
11327,02/13/15 19:51,20.745,31.89,0,508.5,0.004831092,0
11328,02/13/15 19:52,20.745,31.89,0,516,0.004831092,0
11329,02/13/15 19:53,20.7,31.89,0,518,0.004817615,0
11330,02/13/15 19:53,20.745,31.79,0,511,0.004815825,0
11331,02/13/15 19:54,20.7,31.79,0,517,0.004802391,0
11332,02/13/15 19:56,20.73,31.79,0,518.25,0.004811343,0
11333,02/13/15 19:57,20.7,31.79,0,511,0.004802391,0
11334,02/13/15 19:58,20.7,31.79,0,510.5,0.004802391,0
11335,02/13/15 19:59,20.7,31.79,0,512,0.004802391,0
11336,02/13/15 19:59,20.7,31.79,0,513,0.004802391,0
11337,02/13/15 20:00,20.7,31.79,0,511,0.004802391,0
11338,02/13/15 20:02,20.7,31.79,0,513,0.004802391,0
11339,02/13/15 20:03,20.7,31.79,0,512.5,0.004802391,0
11340,02/13/15 20:04,20.7,31.79,0,508.5,0.004802391,0
11341,02/13/15 20:05,20.7,31.76,0,509,0.004797824,0
11342,02/13/15 20:06,20.7,31.79,0,515,0.004802391,0
11343,02/13/15 20:06,20.7,31.79,0,515,0.004802391,0
11344,02/13/15 20:08,20.7,31.79,0,515,0.004802391,0
11345,02/13/15 20:09,20.65,31.745,0,518,0.004780675,0
11346,02/13/15 20:10,20.6,31.7,0,515,0.004759041,0
11347,02/13/15 20:10,20.7,31.7,0,513.5,0.004788691,0
11348,02/13/15 20:12,20.6,31.7,0,511,0.004759041,0
11349,02/13/15 20:12,20.7,31.7,0,512.5,0.004788691,0
11350,02/13/15 20:13,20.6,31.7,0,512,0.004759041,0
11351,02/13/15 20:15,20.6,31.63333333,0,517.6666667,0.004748957,0
11352,02/13/15 20:16,20.6,31.65,0,514.5,0.004751478,0
11353,02/13/15 20:17,20.6,31.6,0,512.5,0.004743914,0
11354,02/13/15 20:18,20.6,31.6,0,511.5,0.004743914,0
11355,02/13/15 20:19,20.6,31.6,0,512,0.004743914,0
11356,02/13/15 20:19,20.6,31.56666667,0,511,0.004738872,0
11357,02/13/15 20:21,20.6,31.6,0,511,0.004743914,0
11358,02/13/15 20:22,20.6,31.6,0,505.5,0.004743914,0
11359,02/13/15 20:23,20.6,31.55,0,507.5,0.004736351,0
11360,02/13/15 20:23,20.5,31.5,0,509,0.00469949,0
11361,02/13/15 20:25,20.6,31.5,0,513.3333333,0.004728788,0
11362,02/13/15 20:25,20.55,31.5,0,514,0.004714119,0
11363,02/13/15 20:26,20.6,31.5,0,513,0.004728788,0
11364,02/13/15 20:28,20.53333333,31.5,0,512,0.004709238,0
11365,02/13/15 20:29,20.5,31.5,0,516,0.00469949,0
11366,02/13/15 20:30,20.5,31.5,0,514.3333333,0.00469949,0
11367,02/13/15 20:31,20.55,31.5,0,513,0.004714119,0
11368,02/13/15 20:31,20.5,31.5,0,514.5,0.00469949,0
11369,02/13/15 20:32,20.5,31.5,0,513,0.00469949,0
11370,02/13/15 20:34,20.5,31.5,0,513.5,0.00469949,0
11371,02/13/15 20:35,20.5,31.5,0,507.5,0.00469949,0
11372,02/13/15 20:36,20.5,31.5,0,511.5,0.00469949,0
11373,02/13/15 20:37,20.5,31.5,0,512,0.00469949,0
11374,02/13/15 20:38,20.5,31.445,0,507,0.004691222,0
11375,02/13/15 20:38,20.5,31.5,0,511.5,0.00469949,0
11376,02/13/15 20:39,20.5,31.39,0,517,0.004682955,0
11377,02/13/15 20:41,20.5,31.445,0,510.5,0.004691222,0
11378,02/13/15 20:42,20.5,31.5,0,508.5,0.00469949,0
11379,02/13/15 20:43,20.5,31.42666667,0,511.6666667,0.004688467,0
11380,02/13/15 20:44,20.5,31.445,0,514,0.004691222,0
11381,02/13/15 20:44,20.5,31.39,0,515,0.004682955,0
11382,02/13/15 20:45,20.5,31.39,0,515,0.004682955,0
11383,02/13/15 20:47,20.5,31.39,0,512,0.004682955,0
11384,02/13/15 20:48,20.5,31.39,0,507,0.004682955,0
11385,02/13/15 20:49,20.5,31.39,0,510.5,0.004682955,0
11386,02/13/15 20:50,20.445,31.34,0,514.5,0.004659477,0
11387,02/13/15 20:51,20.4725,31.34,0,511.5,0.004667453,0
11388,02/13/15 20:51,20.5,31.29,0,508,0.004667925,0
11389,02/13/15 20:53,20.39,31.29,0,512,0.004636099,0
11390,02/13/15 20:54,20.5,31.29,0,509.5,0.004667925,0
11391,02/13/15 20:55,20.5,31.29,0,512,0.004667925,0
11392,02/13/15 20:55,20.445,31.245,0,514.6666667,0.004645248,0
11393,02/13/15 20:57,20.445,31.245,0,514.5,0.004645248,0
11394,02/13/15 20:57,20.5,31.29,0,516,0.004667925,0
11395,02/13/15 20:58,20.445,31.245,0,510.5,0.004645248,0
11396,02/13/15 21:00,20.39,31.2,0,507.5,0.004622665,0
11397,02/13/15 21:01,20.39,31.2,0,514,0.004622665,0
11398,02/13/15 21:02,20.39,31.2,0,516,0.004622665,0
11399,02/13/15 21:03,20.39,31.2,0,512.5,0.004622665,0
11400,02/13/15 21:04,20.39,31.2,0,513,0.004622665,0
11401,02/13/15 21:04,20.39,31.2,0,512.5,0.004622665,0
11402,02/13/15 21:06,20.39,31.2,0,509,0.004622665,0
11403,02/13/15 21:07,20.39,31.2,0,505,0.004622665,0
11404,02/13/15 21:08,20.39,31.16666667,0,515,0.00461769,0
11405,02/13/15 21:08,20.39,31.2,0,517,0.004622665,0
11406,02/13/15 21:10,20.39,31.2,0,516,0.004622665,0
11407,02/13/15 21:10,20.39,31.1,0,515,0.004607739,0
11408,02/13/15 21:11,20.39,31.2,0,516.3333333,0.004622665,0
11409,02/13/15 21:13,20.39,31.15,0,511,0.004615202,0
11410,02/13/15 21:14,20.39,31.15,0,513.5,0.004615202,0
11411,02/13/15 21:15,20.39,31.2,0,507.6666667,0.004622665,0
11412,02/13/15 21:16,20.39,31.2,0,509,0.004622665,0
11413,02/13/15 21:16,20.39,31.1,0,513,0.004607739,0
11414,02/13/15 21:17,20.39,31.15,0,512.5,0.004615202,0
11415,02/13/15 21:19,20.39,31.2,0,510,0.004622665,0
11416,02/13/15 21:20,20.39,31.2,0,511,0.004622665,0
11417,02/13/15 21:21,20.39,31.15,0,514,0.004615202,0
11418,02/13/15 21:22,20.39,31.16666667,0,507.6666667,0.00461769,0
11419,02/13/15 21:23,20.39,31.2,0,514,0.004622665,0
11420,02/13/15 21:23,20.34,31.2,0,515,0.004608304,0
11421,02/13/15 21:24,20.39,31.2,0,514,0.004622665,0
11422,02/13/15 21:26,20.35666667,31.2,0,510.3333333,0.004613087,0
11423,02/13/15 21:27,20.39,31.2,0,518.5,0.004622665,0
11424,02/13/15 21:28,20.39,31.2,0,513.5,0.004622665,0
11425,02/13/15 21:29,20.29,31.2,0,512,0.004593983,0
11426,02/13/15 21:29,20.29,31.2,0,511,0.004593983,0
11427,02/13/15 21:30,20.39,31.2,0,510,0.004622665,0
11428,02/13/15 21:32,20.39,31.2,0,509,0.004622665,0
11429,02/13/15 21:33,20.29,31.2,0,511,0.004593983,0
11430,02/13/15 21:34,20.34,31.2,0,510.5,0.004608304,0
11431,02/13/15 21:35,20.29,31.2,0,514,0.004593983,0
11432,02/13/15 21:36,20.34,31.2,0,512,0.004608304,0
11433,02/13/15 21:36,20.29,31.2,0,510.5,0.004593983,0
11434,02/13/15 21:38,20.29,31.2,0,515.5,0.004593983,0
11435,02/13/15 21:39,20.29,31.2,0,511.6666667,0.004593983,0
11436,02/13/15 21:40,20.29,31.2,0,508,0.004593983,0
11437,02/13/15 21:40,20.29,31.2,0,510,0.004593983,0
11438,02/13/15 21:42,20.29,31.2,0,506.5,0.004593983,0
11439,02/13/15 21:42,20.29,31.2,0,508,0.004593983,0
11440,02/13/15 21:43,20.29,31.2,0,512,0.004593983,0
11441,02/13/15 21:45,20.29,31.2,0,507,0.004593983,0
11442,02/13/15 21:46,20.29,31.2,0,504,0.004593983,0
11443,02/13/15 21:47,20.29,31.29,0,501,0.004607333,0
11444,02/13/15 21:48,20.245,31.2,0,510,0.004581128,0
11445,02/13/15 21:49,20.29,31.29,0,504,0.004607333,0
11446,02/13/15 21:49,20.29,31.29,0,508.5,0.004607333,0
11447,02/13/15 21:51,20.29,31.29,0,511,0.004607333,0
11448,02/13/15 21:52,20.29,31.29,0,510.5,0.004607333,0
11449,02/13/15 21:53,20.26,31.26,0,507,0.004594293,0
11450,02/13/15 21:53,20.29,31.29,0,511,0.004607333,0
11451,02/13/15 21:55,20.29,31.29,0,508,0.004607333,0
11452,02/13/15 21:55,20.29,31.29,0,510,0.004607333,0
11453,02/13/15 21:56,20.245,31.29,0,512,0.00459444,0
11454,02/13/15 21:58,20.29,31.34,0,511.5,0.00461475,0
11455,02/13/15 21:59,20.2,31.29,0,511.5,0.004581579,0
11456,02/13/15 22:00,20.2,31.29,0,513,0.004581579,0
11457,02/13/15 22:01,20.2,31.29,0,510,0.004581579,0
11458,02/13/15 22:01,20.245,31.34,0,515,0.004601836,0
11459,02/13/15 22:02,20.245,31.34,0,517,0.004601836,0
11460,02/13/15 22:04,20.26,31.35666667,0,513.3333333,0.004608605,0
11461,02/13/15 22:05,20.29,31.39,0,509,0.004622167,0
11462,02/13/15 22:06,20.2,31.39,0,511.5,0.004596329,0
11463,02/13/15 22:07,20.2,31.39,0,513,0.004596329,0
11464,02/13/15 22:08,20.2,31.39,0,512.6666667,0.004596329,0
11465,02/13/15 22:08,20.2,31.39,0,510.3333333,0.004596329,0
11466,02/13/15 22:09,20.2,31.39,0,512,0.004596329,0
11467,02/13/15 22:11,20.2,31.39,0,512,0.004596329,0
11468,02/13/15 22:12,20.2,31.39,0,507,0.004596329,0
11469,02/13/15 22:13,20.2,31.5,0,505,0.004612556,0
11470,02/13/15 22:14,20.2,31.5,0,509,0.004612556,0
11471,02/13/15 22:14,20.2,31.5,0,513.75,0.004612556,0
11472,02/13/15 22:15,20.2,31.5,0,510,0.004612556,0
11473,02/13/15 22:17,20.15,31.5,0,514,0.004598206,0
11474,02/13/15 22:18,20.15,31.5,0,508,0.004598206,0
11475,02/13/15 22:19,20.2,31.5,0,514.5,0.004612556,0
11476,02/13/15 22:20,20.2,31.6,0,513,0.004627308,0
11477,02/13/15 22:21,20.15,31.6,0,511,0.004612911,0
11478,02/13/15 22:21,20.2,31.6,0,513,0.004627308,0
11479,02/13/15 22:23,20.13333333,31.6,0,511.6666667,0.004608122,0
11480,02/13/15 22:24,20.15,31.6,0,511,0.004612911,0
11481,02/13/15 22:25,20.1,31.6,0,508,0.004598555,0
11482,02/13/15 22:25,20.15,31.6,0,512.5,0.004612911,0
11483,02/13/15 22:27,20.2,31.6,0,510.5,0.004627308,0
11484,02/13/15 22:27,20.15,31.6,0,512,0.004612911,0
11485,02/13/15 22:28,20.1,31.6,0,511,0.004598555,0
11486,02/13/15 22:30,20.1,31.6,0,512.5,0.004598555,0
11487,02/13/15 22:31,20.1,31.6,0,515,0.004598555,0
11488,02/13/15 22:32,20.16666667,31.6,0,517.3333333,0.004617706,0
11489,02/13/15 22:33,20.1,31.6,0,512,0.004598555,0
11490,02/13/15 22:34,20.1,31.6,0,511,0.004598555,0
11491,02/13/15 22:34,20.175,31.65,0,511.25,0.004627469,0
11492,02/13/15 22:36,20.2,31.7,0,511.5,0.00464206,0
11493,02/13/15 22:37,20.2,31.7,0,512,0.00464206,0
11494,02/13/15 22:38,20.15,31.7,0,510.5,0.004627618,0
11495,02/13/15 22:38,20.2,31.7,0,508.5,0.00464206,0
11496,02/13/15 22:40,20.2,31.7,0,511,0.00464206,0
11497,02/13/15 22:40,20.15,31.7,0,513.5,0.004627618,0
11498,02/13/15 22:41,20.1,31.7,0,512.5,0.004613215,0
11499,02/13/15 22:43,20.16666667,31.79,0,513.6666667,0.004645678,0
11500,02/13/15 22:44,20.1,31.79,0,511,0.00462641,0
11501,02/13/15 22:45,20.15,31.79,0,513,0.004640854,0
11502,02/13/15 22:46,20.15,31.79,0,507.5,0.004640854,0
11503,02/13/15 22:46,20.15,31.79,0,513,0.004640854,0
11504,02/13/15 22:47,20.1,31.79,0,512.5,0.00462641,0
11505,02/13/15 22:49,20.1,31.79,0,507,0.00462641,0
11506,02/13/15 22:50,20.175,31.79,0,511,0.004648091,0
11507,02/13/15 22:51,20.1,31.79,0,506,0.00462641,0
11508,02/13/15 22:52,20.15,31.79,0,504,0.004640854,0
11509,02/13/15 22:53,20.15,31.79,0,506.5,0.004640854,0
11510,02/13/15 22:53,20.1,31.79,0,509,0.00462641,0
11511,02/13/15 22:54,20.2,31.79,0,511,0.004655338,0
11512,02/13/15 22:56,20.13333333,31.79,0,511.3333333,0.004636035,0
11513,02/13/15 22:57,20.1,31.89,0,513,0.004641072,0
11514,02/13/15 22:58,20.13333333,31.89,0,508.3333333,0.004650727,0
11515,02/13/15 22:59,20.1,31.89,0,506,0.004641072,0
11516,02/13/15 22:59,20.1,31.89,0,503,0.004641072,0
11517,02/13/15 23:00,20.13333333,31.96333333,0,506.3333333,0.004661502,0
11518,02/13/15 23:02,20.1,32,0,508.5,0.0046572,0
11519,02/13/15 23:03,20.1,32,0,511.5,0.0046572,0
11520,02/13/15 23:04,20.13333333,32.09,0,506.6666667,0.004680114,0
11521,02/13/15 23:05,20.1,32.09,0,502,0.004670397,0
11522,02/13/15 23:06,20.1,32.09,0,503,0.004670397,0
11523,02/13/15 23:06,20.15,32.09,0,506,0.00468498,0
11524,02/13/15 23:08,20.13333333,32.16333333,0,503,0.00469089,0
11525,02/13/15 23:09,20.13333333,32.2,0,502.6666667,0.004696278,0
11526,02/13/15 23:10,20.15,32.245,0,502,0.00470778,0
11527,02/13/15 23:10,20.1,32.345,0,508.6666667,0.004707791,0
11528,02/13/15 23:12,20.1,32.4,0,509.5,0.004715857,0
11529,02/13/15 23:12,20.1,32.4,0,505.6666667,0.004715857,0
11530,02/13/15 23:13,20.1,32.45,0,509.5,0.004723189,0
11531,02/13/15 23:15,20.1,32.53,0,510,0.004734922,0
11532,02/13/15 23:16,20.1,32.59,0,510,0.004743722,0
11533,02/13/15 23:17,20.1,32.59,0,510.5,0.004743722,0
11534,02/13/15 23:18,20.1,32.645,0,509.5,0.004751789,0
11535,02/13/15 23:19,20.1,32.7,0,508,0.004759856,0
11536,02/13/15 23:19,20.1,32.745,0,499,0.004766457,0
11537,02/13/15 23:21,20.1,32.745,0,500.5,0.004766457,0
11538,02/13/15 23:22,20,32.79,0,505,0.004743369,0
11539,02/13/15 23:23,20,32.7,0,505,0.00473025,0
11540,02/13/15 23:23,20.1,32.845,0,508.5,0.004781125,0
11541,02/13/15 23:25,20.1,32.86333333,0,511,0.004783814,0
11542,02/13/15 23:25,20.1,32.95,0,507.5,0.004796527,0
11543,02/13/15 23:26,20,32.9,0,509.5,0.004759403,0
11544,02/13/15 23:28,20.1,33,0,512,0.004803862,0
11545,02/13/15 23:29,20.1,33.09,0,510.5,0.004817065,0
11546,02/13/15 23:30,20.05,33.09,0,509,0.004802062,0
11547,02/13/15 23:31,20,33.09,0,507,0.004787101,0
11548,02/13/15 23:31,20.05,33.2,0,506,0.004818149,0
11549,02/13/15 23:32,20.05,33.145,0,510.5,0.004810105,0
11550,02/13/15 23:34,20.1,33.2,0,505,0.004833202,0
11551,02/13/15 23:35,20,33.2,0,502,0.004803137,0
11552,02/13/15 23:36,20,33.245,0,505,0.004809698,0
11553,02/13/15 23:37,20,33.29,0,506.3333333,0.004816258,0
11554,02/13/15 23:38,20,33.29,0,507.5,0.004816258,0
11555,02/13/15 23:38,20,33.345,0,508,0.004824277,0
11556,02/13/15 23:39,20.05,33.4,0,509,0.0048474,0
11557,02/13/15 23:41,20,33.4,0,505.5,0.004832296,0
11558,02/13/15 23:42,20,33.4,0,507,0.004832296,0
11559,02/13/15 23:43,20,33.4,0,503,0.004832296,0
11560,02/13/15 23:44,20,33.4,0,508,0.004832296,0
11561,02/13/15 23:44,20,33.5,0,509,0.004846877,0
11562,02/13/15 23:45,20,33.59,0,512,0.00486,0
11563,02/13/15 23:47,20,33.56,0,513,0.004855626,0
11564,02/13/15 23:48,20,33.59,0,512,0.00486,0
11565,02/13/15 23:49,20,33.545,0,506,0.004853439,0
11566,02/13/15 23:50,20,33.59,0,504,0.00486,0
11567,02/13/15 23:51,20,33.5,0,506,0.004846877,0
11568,02/13/15 23:51,20,33.5,0,513,0.004846877,0
11569,02/13/15 23:53,20.05,33.545,0,508,0.004868609,0
11570,02/13/15 23:54,20,33.5,0,508,0.004846877,0
11571,02/13/15 23:55,20.025,33.545,0,509,0.004861019,0
11572,02/13/15 23:55,20.1,33.59,0,505,0.004890424,0
11573,02/13/15 23:57,20,33.5,0,504.5,0.004846877,0
11574,02/13/15 23:57,20,33.5,0,500.5,0.004846877,0
11575,02/13/15 23:58,20,33.5,0,502,0.004846877,0
11576,02/14/15 0:00,20.1,33.59,0,505.5,0.004890424,0
11577,02/14/15 0:01,20.05,33.545,0,507,0.004868609,0
11578,02/14/15 0:02,20.03333333,33.62666667,0,505.3333333,0.004875481,0
11579,02/14/15 0:03,20,33.59,0,505.5,0.00486,0
11580,02/14/15 0:04,20,33.645,0,504.5,0.00486802,0
11581,02/14/15 0:04,20,33.62666667,0,504.6666667,0.004865347,0
11582,02/14/15 0:06,20,33.645,0,507.5,0.00486802,0
11583,02/14/15 0:07,20,33.7,0,509,0.00487604,0
11584,02/14/15 0:08,20,33.59,0,511,0.00486,0
11585,02/14/15 0:08,20.03333333,33.62666667,0,506.6666667,0.004875481,0
11586,02/14/15 0:10,20,33.59,0,509,0.00486,0
11587,02/14/15 0:10,20,33.7,0,509,0.00487604,0
11588,02/14/15 0:11,20,33.7,0,506,0.00487604,0
11589,02/14/15 0:13,20,33.7,0,502.5,0.00487604,0
11590,02/14/15 0:14,20,33.79,0,499,0.004889165,0
11591,02/14/15 0:15,20,33.79,0,501.5,0.004889165,0
11592,02/14/15 0:16,20,33.79,0,505,0.004889165,0
11593,02/14/15 0:16,20,33.79,0,504.5,0.004889165,0
11594,02/14/15 0:17,20,33.79,0,501.5,0.004889165,0
11595,02/14/15 0:19,20,33.95,0,503.5,0.004912499,0
11596,02/14/15 0:20,20,34,0,505,0.004919791,0
11597,02/14/15 0:21,19.96333333,34,0,508,0.004908539,0
11598,02/14/15 0:22,20,34,0,508,0.004919791,0
11599,02/14/15 0:23,20,34,0,509.6666667,0.004919791,0
11600,02/14/15 0:23,20,34.09,0,504.3333333,0.004932917,0
11601,02/14/15 0:24,20,34.09,0,506.3333333,0.004932917,0
11602,02/14/15 0:26,20,34.09,0,506.5,0.004932917,0
11603,02/14/15 0:27,20,34.145,0,506,0.004940939,0
11604,02/14/15 0:28,20,34.045,0,502.5,0.004926354,0
11605,02/14/15 0:29,20,34.09,0,502.5,0.004932917,0
11606,02/14/15 0:29,20,34.09,0,506,0.004932917,0
11607,02/14/15 0:30,20,34.09,0,506,0.004932917,0
11608,02/14/15 0:32,20,34.2,0,503.6666667,0.004948961,0
11609,02/14/15 0:33,19.945,34.2,0,505.5,0.004931992,0
11610,02/14/15 0:34,20,34.2,0,507,0.004948961,0
11611,02/14/15 0:35,20,34.245,0,508,0.004955525,0
11612,02/14/15 0:36,20,34.345,0,506,0.004970111,0
11613,02/14/15 0:36,19.89,34.36333333,0,502.3333333,0.004938734,0
11614,02/14/15 0:38,19.89,34.4,0,505.5,0.004944046,0
11615,02/14/15 0:39,19.89,34.45,0,503,0.004951289,0
11616,02/14/15 0:40,19.89,34.5,0,500.5,0.004958532,0
11617,02/14/15 0:40,19.89,34.5,0,503,0.004958532,0
11618,02/14/15 0:42,19.89,34.5,0,506,0.004958532,0
11619,02/14/15 0:42,19.945,34.5,0,504.5,0.004975601,0
11620,02/14/15 0:43,19.9175,34.5675,0,505.5,0.004976856,0
11621,02/14/15 0:45,19.945,34.645,0,509,0.004996681,0
11622,02/14/15 0:46,19.89,34.7,0,502,0.004987508,0
11623,02/14/15 0:47,19.89,34.7,0,502.5,0.004987508,0
11624,02/14/15 0:48,19.89,34.7,0,500.25,0.004987508,0
11625,02/14/15 0:49,19.89,34.745,0,499,0.004994028,0
11626,02/14/15 0:49,19.89,34.8,0,497,0.005001997,0
11627,02/14/15 0:51,19.89,34.845,0,498.5,0.005008517,0
11628,02/14/15 0:52,19.89,34.9,0,503,0.005016486,0
11629,02/14/15 0:53,19.89,34.9,0,506.5,0.005016486,0
11630,02/14/15 0:53,19.89,34.9,0,507.5,0.005016486,0
11631,02/14/15 0:55,19.89,34.93333333,0,506.6666667,0.005021316,0
11632,02/14/15 0:55,19.89,35,0,504,0.005030976,0
11633,02/14/15 0:56,19.89,35,0,501.6666667,0.005030976,0
11634,02/14/15 0:58,19.89,35,0,500.5,0.005030976,0
11635,02/14/15 0:59,19.89,35.09,0,501.5,0.005044018,0
11636,02/14/15 1:00,19.89,35.09,0,500.5,0.005044018,0
11637,02/14/15 1:01,19.89,35.045,0,501,0.005037497,0
11638,02/14/15 1:01,19.89,35.145,0,507,0.005051988,0
11639,02/14/15 1:02,19.89,35.145,0,502,0.005051988,0
11640,02/14/15 1:04,19.89,35.2,0,502.5,0.005059959,0
11641,02/14/15 1:05,19.89,35.2,0,498,0.005059959,0
11642,02/14/15 1:06,19.89,35.2,0,502.5,0.005059959,0
11643,02/14/15 1:07,19.89,35.245,0,499.5,0.00506648,0
11644,02/14/15 1:08,19.89,35.2,0,501,0.005059959,0
11645,02/14/15 1:08,19.89,35.2,0,502.5,0.005059959,0
11646,02/14/15 1:09,19.89,35.29,0,502.5,0.005073002,0
11647,02/14/15 1:11,19.89,35.29,0,503.6666667,0.005073002,0
11648,02/14/15 1:12,19.89,35.29,0,500,0.005073002,0
11649,02/14/15 1:13,19.89,35.4,0,501,0.005088944,0
11650,02/14/15 1:14,19.89,35.29,0,501,0.005073002,0
11651,02/14/15 1:14,19.89,35.4,0,499,0.005088944,0
11652,02/14/15 1:15,19.89,35.4,0,503,0.005088944,0
11653,02/14/15 1:17,19.89,35.4,0,507,0.005088944,0
11654,02/14/15 1:18,19.89,35.5,0,500.5,0.005103437,0
11655,02/14/15 1:19,19.89,35.45,0,498.5,0.00509619,0
11656,02/14/15 1:20,19.89,35.5,0,497,0.005103437,0
11657,02/14/15 1:21,19.89,35.5,0,503.5,0.005103437,0
11658,02/14/15 1:21,19.89,35.5,0,501,0.005103437,0
11659,02/14/15 1:23,19.89,35.59,0,503,0.005116482,0
11660,02/14/15 1:24,19.84,35.545,0,500.5,0.005094011,0
11661,02/14/15 1:25,19.89,35.59,0,504,0.005116482,0
11662,02/14/15 1:25,19.84,35.59,0,502.5,0.005100513,0
11663,02/14/15 1:27,19.84,35.545,0,503,0.005094011,0
11664,02/14/15 1:27,19.84,35.545,0,503.5,0.005094011,0
11665,02/14/15 1:28,19.85666667,35.59666667,0,508,0.005106796,0
11666,02/14/15 1:30,19.89,35.7,0,507.5,0.005132426,0
11667,02/14/15 1:31,19.89,35.59,0,506.5,0.005116482,0
11668,02/14/15 1:32,19.89,35.7,0,501.5,0.005132426,0
11669,02/14/15 1:33,19.85666667,35.66333333,0,503.6666667,0.005116438,0
11670,02/14/15 1:34,19.89,35.7,0,503.3333333,0.005132426,0
11671,02/14/15 1:34,19.89,35.7,0,504,0.005132426,0
11672,02/14/15 1:36,19.89,35.7,0,507,0.005132426,0
11673,02/14/15 1:37,19.89,35.7,0,505,0.005132426,0
11674,02/14/15 1:38,19.89,35.7,0,503,0.005132426,0
11675,02/14/15 1:38,19.89,35.7,0,507,0.005132426,0
11676,02/14/15 1:40,19.89,35.76,0,503.6666667,0.005141124,0
11677,02/14/15 1:40,19.89,35.79,0,502,0.005145472,0
11678,02/14/15 1:41,19.89,35.79,0,500,0.005145472,0
11679,02/14/15 1:43,19.89,35.9,0,503,0.005161418,0
11680,02/14/15 1:44,19.89,35.79,0,502,0.005145472,0
11681,02/14/15 1:45,19.89,35.79,0,503,0.005145472,0
11682,02/14/15 1:46,19.89,35.79,0,501.5,0.005145472,0
11683,02/14/15 1:46,19.89,35.9,0,501.6666667,0.005161418,0
11684,02/14/15 1:47,19.84,35.845,0,501,0.00513736,0
11685,02/14/15 1:49,19.84,35.9,0,500,0.005145308,0
11686,02/14/15 1:50,19.79,35.79,0,501.5,0.005113397,0
11687,02/14/15 1:51,19.84,35.845,0,500,0.00513736,0
11688,02/14/15 1:52,19.89,35.9,0,502.5,0.005161418,0
11689,02/14/15 1:53,19.79,35.9,0,507,0.005129242,0
11690,02/14/15 1:53,19.82333333,35.9,0,507,0.005139948,0
11691,02/14/15 1:54,19.84,35.95,0,508,0.005152533,0
11692,02/14/15 1:56,19.89,36,0,505,0.005175915,0
11693,02/14/15 1:57,19.79,35.9,0,504.5,0.005129242,0
11694,02/14/15 1:58,19.79,35.9,0,504,0.005129242,0
11695,02/14/15 1:59,19.89,36,0,503,0.005175915,0
11696,02/14/15 1:59,19.84,35.95,0,510.5,0.005152533,0
11697,02/14/15 2:00,19.82333333,36.03,0,505.3333333,0.005158715,0
11698,02/14/15 2:02,19.79,36,0,504,0.005143648,0
11699,02/14/15 2:03,19.79,36,0,504,0.005143648,0
11700,02/14/15 2:04,19.79,36,0,505.5,0.005143648,0
11701,02/14/15 2:05,19.815,36.0225,0,509.75,0.005154945,0
11702,02/14/15 2:06,19.79,36,0,506,0.005143648,0
11703,02/14/15 2:06,19.79,36,0,505.5,0.005143648,0
11704,02/14/15 2:08,19.79,36,0,505,0.005143648,0
11705,02/14/15 2:09,19.79,36.09,0,500,0.005156614,0
11706,02/14/15 2:10,19.79,36.045,0,505,0.005150131,0
11707,02/14/15 2:10,19.79,36.09,0,503,0.005156614,0
11708,02/14/15 2:12,19.79,36.09,0,499.5,0.005156614,0
11709,02/14/15 2:12,19.79,36.09,0,498,0.005156614,0
11710,02/14/15 2:13,19.79,36.09,0,502.5,0.005156614,0
11711,02/14/15 2:15,19.79,36.09,0,509,0.005156614,0
11712,02/14/15 2:16,19.79,36.09,0,505,0.005156614,0
11713,02/14/15 2:17,19.79,36.2,0,505,0.005172462,0
11714,02/14/15 2:18,19.79,36.2,0,505.5,0.005172462,0
11715,02/14/15 2:19,19.79,36.2,0,507.6666667,0.005172462,0
11716,02/14/15 2:19,19.79,36.2,0,507.5,0.005172462,0
11717,02/14/15 2:21,19.79,36.2,0,506,0.005172462,0
11718,02/14/15 2:22,19.79,36.2,0,505.5,0.005172462,0
11719,02/14/15 2:23,19.79,36.2,0,504,0.005172462,0
11720,02/14/15 2:23,19.79,36.245,0,502.5,0.005178945,0
11721,02/14/15 2:25,19.79,36.2,0,500,0.005172462,0
11722,02/14/15 2:25,19.79,36.2,0,501.5,0.005172462,0
11723,02/14/15 2:26,19.79,36.2,0,501,0.005172462,0
11724,02/14/15 2:28,19.79,36.2,0,502,0.005172462,0
11725,02/14/15 2:29,19.79,36.2675,0,506.3333333,0.005182187,0
11726,02/14/15 2:30,19.79,36.29,0,510.3333333,0.005185428,0
11727,02/14/15 2:31,19.79,36.29,0,510,0.005185428,0
11728,02/14/15 2:31,19.79,36.29,0,503.5,0.005185428,0
11729,02/14/15 2:32,19.79,36.29,0,507,0.005185428,0
11730,02/14/15 2:34,19.79,36.29,0,503,0.005185428,0
11731,02/14/15 2:35,19.79,36.29,0,501,0.005185428,0
11732,02/14/15 2:36,19.76,36.36333333,0,503.6666667,0.00518625,0
11733,02/14/15 2:37,19.79,36.4,0,510,0.005201278,0
11734,02/14/15 2:38,19.73,36.4,0,506.3333333,0.005181785,0
11735,02/14/15 2:38,19.79,36.4,0,506.75,0.005201278,0
11736,02/14/15 2:39,19.79,36.4,0,504,0.005201278,0
11737,02/14/15 2:41,19.745,36.4,0,508,0.005186652,0
11738,02/14/15 2:42,19.79,36.345,0,503.5,0.005193353,0
11739,02/14/15 2:43,19.79,36.4,0,501,0.005201278,0
11740,02/14/15 2:44,19.79,36.4,0,501,0.005201278,0
11741,02/14/15 2:44,19.79,36.4,0,499.3333333,0.005201278,0
11742,02/14/15 2:45,19.745,36.4,0,503.5,0.005186652,0
11743,02/14/15 2:47,19.79,36.4,0,503.5,0.005201278,0
11744,02/14/15 2:48,19.79,36.4,0,504,0.005201278,0
11745,02/14/15 2:49,19.79,36.345,0,506.5,0.005193353,0
11746,02/14/15 2:50,19.79,36.4,0,509.5,0.005201278,0
11747,02/14/15 2:51,19.79,36.4,0,505,0.005201278,0
11748,02/14/15 2:51,19.79,36.45,0,499.5,0.005208482,0
11749,02/14/15 2:53,19.79,36.4,0,503.5,0.005201278,0
11750,02/14/15 2:54,19.79,36.4,0,505,0.005201278,0
11751,02/14/15 2:55,19.79,36.43333333,0,505.6666667,0.005206081,0
11752,02/14/15 2:55,19.79,36.4,0,503,0.005201278,0
11753,02/14/15 2:57,19.76,36.46666667,0,504.6666667,0.005201111,0
11754,02/14/15 2:57,19.79,36.5,0,506,0.005215687,0
11755,02/14/15 2:58,19.79,36.4,0,503.5,0.005201278,0
11756,02/14/15 3:00,19.79,36.46666667,0,502.3333333,0.005210884,0
11757,02/14/15 3:01,19.79,36.5,0,502.5,0.005215687,0
11758,02/14/15 3:02,19.79,36.5,0,501,0.005215687,0
11759,02/14/15 3:03,19.7,36.45,0,498,0.005179227,0
11760,02/14/15 3:04,19.79,36.5,0,504.5,0.005215687,0
11761,02/14/15 3:04,19.76,36.46666667,0,505.6666667,0.005201111,0
11762,02/14/15 3:06,19.79,36.45,0,509,0.005208482,0
11763,02/14/15 3:07,19.745,36.4,0,505,0.005186652,0
11764,02/14/15 3:08,19.79,36.4,0,503.5,0.005201278,0
11765,02/14/15 3:08,19.79,36.4,0,505.6666667,0.005201278,0
11766,02/14/15 3:10,19.7675,36.45,0,502.25,0.005201155,0
11767,02/14/15 3:10,19.79,36.4,0,501,0.005201278,0
11768,02/14/15 3:11,19.79,36.4,0,504.5,0.005201278,0
11769,02/14/15 3:13,19.79,36.4,0,502,0.005201278,0
11770,02/14/15 3:14,19.79,36.4,0,503,0.005201278,0
11771,02/14/15 3:15,19.79,36.4,0,504.25,0.005201278,0
11772,02/14/15 3:16,19.79,36.4,0,504,0.005201278,0
11773,02/14/15 3:16,19.79,36.4,0,502.5,0.005201278,0
11774,02/14/15 3:17,19.7675,36.425,0,507.25,0.005197558,0
11775,02/14/15 3:19,19.7,36.4,0,506.5,0.005172063,0
11776,02/14/15 3:20,19.7,36.5,0,498.5,0.005186391,0
11777,02/14/15 3:21,19.7,36.5,0,503,0.005186391,0
11778,02/14/15 3:22,19.7,36.5,0,503,0.005186391,0
11779,02/14/15 3:23,19.7,36.5,0,501.5,0.005186391,0
11780,02/14/15 3:23,19.7,36.5,0,504.5,0.005186391,0
11781,02/14/15 3:24,19.7,36.5,0,505,0.005186391,0
11782,02/14/15 3:26,19.7,36.5,0,507.5,0.005186391,0
11783,02/14/15 3:27,19.7,36.5,0,507,0.005186391,0
11784,02/14/15 3:28,19.7,36.5,0,505.5,0.005186391,0
11785,02/14/15 3:29,19.7,36.56,0,501.6666667,0.005194988,0
11786,02/14/15 3:29,19.65,36.545,0,505,0.005176606,0
11787,02/14/15 3:30,19.7,36.59,0,506.5,0.005199286,0
11788,02/14/15 3:32,19.7,36.59,0,501.3333333,0.005199286,0
11789,02/14/15 3:33,19.7,36.5,0,504,0.005186391,0
11790,02/14/15 3:34,19.7,36.5,0,504.5,0.005186391,0
11791,02/14/15 3:35,19.7,36.5,0,503,0.005186391,0
11792,02/14/15 3:36,19.7,36.53,0,501.3333333,0.005190689,0
11793,02/14/15 3:36,19.65,36.45,0,500.5,0.005163037,0
11794,02/14/15 3:38,19.7,36.5,0,500,0.005186391,0
11795,02/14/15 3:39,19.66666667,36.5,0,501.6666667,0.005175578,0
11796,02/14/15 3:40,19.7,36.59,0,503,0.005199286,0
11797,02/14/15 3:40,19.65,36.5,0,498.5,0.005170178,0
11798,02/14/15 3:42,19.7,36.545,0,499,0.005192838,0
11799,02/14/15 3:42,19.7,36.59,0,499.3333333,0.005199286,0
11800,02/14/15 3:43,19.65,36.545,0,504.5,0.005176606,0
11801,02/14/15 3:45,19.65,36.545,0,497,0.005176606,0
11802,02/14/15 3:46,19.65,36.545,0,496.5,0.005176606,0
11803,02/14/15 3:47,19.65,36.45,0,497,0.005163037,0
11804,02/14/15 3:48,19.7,36.5,0,499,0.005186391,0
11805,02/14/15 3:49,19.7,36.5225,0,503,0.005189615,0
11806,02/14/15 3:49,19.65,36.45,0,499.5,0.005163037,0
11807,02/14/15 3:51,19.7,36.59,0,502,0.005199286,0
11808,02/14/15 3:52,19.6,36.4,0,502,0.005139774,0
11809,02/14/15 3:53,19.65,36.5,0,499.5,0.005170178,0
11810,02/14/15 3:53,19.63333333,36.46666667,0,503.3333333,0.005160028,0
11811,02/14/15 3:55,19.6,36.5,0,504.5,0.005154011,0
11812,02/14/15 3:55,19.63333333,36.62666667,0,506,0.005182857,0
11813,02/14/15 3:56,19.6,36.545,0,501,0.005160418,0
11814,02/14/15 3:58,19.6,36.5,0,503,0.005154011,0
11815,02/14/15 3:59,19.65,36.545,0,502,0.005176606,0
11816,02/14/15 4:00,19.65,36.545,0,502,0.005176606,0
11817,02/14/15 4:01,19.6,36.5,0,499,0.005154011,0
11818,02/14/15 4:01,19.675,36.5,0,502.6666667,0.005178279,0
11819,02/14/15 4:02,19.7,36.5,0,504.5,0.005186391,0
11820,02/14/15 4:04,19.7,36.59,0,505,0.005199286,0
11821,02/14/15 4:05,19.7,36.5,0,500,0.005186391,0
11822,02/14/15 4:06,19.7,36.5,0,502.5,0.005186391,0
11823,02/14/15 4:07,19.7,36.5,0,502,0.005186391,0
11824,02/14/15 4:08,19.66666667,36.46666667,0,500,0.005170812,0
11825,02/14/15 4:08,19.65,36.545,0,497.5,0.005176606,0
11826,02/14/15 4:09,19.6,36.5,0,499,0.005154011,0
11827,02/14/15 4:11,19.65,36.545,0,502.5,0.005176606,0
11828,02/14/15 4:12,19.66666667,36.53,0,497.6666667,0.005179867,0
11829,02/14/15 4:13,19.6,36.5,0,500.5,0.005154011,0
11830,02/14/15 4:14,19.7,36.545,0,501,0.005192838,0
11831,02/14/15 4:14,19.7,36.59,0,505,0.005199286,0
11832,02/14/15 4:15,19.63333333,36.53,0,503.6666667,0.005169065,0
11833,02/14/15 4:17,19.6,36.5,0,503,0.005154011,0
11834,02/14/15 4:18,19.7,36.59,0,500,0.005199286,0
11835,02/14/15 4:19,19.7,36.59,0,500,0.005199286,0
11836,02/14/15 4:20,19.65,36.59,0,496.5,0.005183033,0
11837,02/14/15 4:21,19.6,36.5,0,498,0.005154011,0
11838,02/14/15 4:21,19.66666667,36.56,0,499,0.005184156,0
11839,02/14/15 4:23,19.6,36.53,0,504,0.005158282,0
11840,02/14/15 4:24,19.6,36.545,0,499.5,0.005160418,0
11841,02/14/15 4:25,19.6,36.545,0,497.5,0.005160418,0
11842,02/14/15 4:25,19.6,36.59,0,502,0.005166825,0
11843,02/14/15 4:27,19.6,36.59,0,501,0.005166825,0
11844,02/14/15 4:27,19.6,36.59,0,499.5,0.005166825,0
11845,02/14/15 4:28,19.6,36.59,0,499,0.005166825,0
11846,02/14/15 4:30,19.6,36.59,0,502,0.005166825,0
11847,02/14/15 4:31,19.6,36.59,0,505.5,0.005166825,0
11848,02/14/15 4:32,19.6,36.59,0,503,0.005166825,0
11849,02/14/15 4:33,19.6,36.59,0,501,0.005166825,0
11850,02/14/15 4:34,19.7,36.7,0,504.5,0.005215048,0
11851,02/14/15 4:34,19.6,36.59,0,503.5,0.005166825,0
11852,02/14/15 4:36,19.6,36.645,0,504.5,0.005174656,0
11853,02/14/15 4:37,19.6,36.7,0,504.6666667,0.005182487,0
11854,02/14/15 4:38,19.6,36.79,0,504.5,0.005195303,0
11855,02/14/15 4:38,19.6,36.745,0,501.5,0.005188895,0
11856,02/14/15 4:40,19.6,36.79,0,501,0.005195303,0
11857,02/14/15 4:40,19.6,36.76,0,500,0.005191031,0
11858,02/14/15 4:41,19.65,36.79,0,497,0.005211601,0
11859,02/14/15 4:43,19.7,36.79,0,503,0.005227944,0
11860,02/14/15 4:44,19.65,36.79,0,500,0.005211601,0
11861,02/14/15 4:45,19.6,36.79,0,501.6666667,0.005195303,0
11862,02/14/15 4:46,19.6,36.79,0,502,0.005195303,0
11863,02/14/15 4:46,19.6,36.9,0,499.5,0.005210966,0
11864,02/14/15 4:47,19.6,36.9,0,504,0.005210966,0
11865,02/14/15 4:49,19.6,36.845,0,504,0.005203134,0
11866,02/14/15 4:50,19.6,36.79,0,503.5,0.005195303,0
11867,02/14/15 4:51,19.65,36.95,0,499,0.005234457,0
11868,02/14/15 4:52,19.6,36.9,0,503,0.005210966,0
11869,02/14/15 4:53,19.66666667,36.96666667,0,503.3333333,0.005242307,0
11870,02/14/15 4:53,19.6,37,0,503,0.005225207,0
11871,02/14/15 4:54,19.6,37.09,0,502,0.005238024,0
11872,02/14/15 4:56,19.65,37.3,0,500.5,0.00528446,0
11873,02/14/15 4:57,19.7,37.4,0,499,0.005315367,0
11874,02/14/15 4:58,19.6,37.4,0,499,0.005282175,0
11875,02/14/15 4:59,19.63333333,37.43333333,0,498.6666667,0.005297977,0
11876,02/14/15 4:59,19.63333333,37.53,0,503.3333333,0.005311775,0
11877,02/14/15 5:00,19.6,37.495,0,503,0.005295707,0
11878,02/14/15 5:02,19.6,37.59,0,503.5,0.005309239,0
11879,02/14/15 5:03,19.625,37.7225,0,507.25,0.005336467,0
11880,02/14/15 5:04,19.6,37.9,0,498,0.0053534,0
11881,02/14/15 5:05,19.6,37.745,0,499,0.005331319,0
11882,02/14/15 5:06,19.6,37.9,0,500,0.0053534,0
11883,02/14/15 5:06,19.66666667,37.96666667,0,505,0.005385347,0
11884,02/14/15 5:08,19.6,37.95,0,503.6666667,0.005360524,0
11885,02/14/15 5:09,19.6,38,0,506,0.005367647,0
11886,02/14/15 5:10,19.6,38.045,0,503.5,0.005374059,0
11887,02/14/15 5:10,19.6,38.045,0,501.5,0.005374059,0
11888,02/14/15 5:12,19.6,38.09,0,502,0.00538047,0
11889,02/14/15 5:12,19.63333333,38.23,0,508,0.005411711,0
11890,02/14/15 5:13,19.6,38.16333333,0,509.6666667,0.005390919,0
11891,02/14/15 5:15,19.63333333,38.16333333,0,508,0.005402192,0
11892,02/14/15 5:16,19.6,38.26,0,503.75,0.005404693,0
11893,02/14/15 5:17,19.6,38.245,0,504,0.005402555,0
11894,02/14/15 5:18,19.65,38.345,0,500.5,0.005433803,0
11895,02/14/15 5:19,19.65,38.345,0,498,0.005433803,0
11896,02/14/15 5:19,19.6,38.29,0,505.6666667,0.005408967,0
11897,02/14/15 5:21,19.6,38.29,0,500,0.005408967,0
11898,02/14/15 5:22,19.6,38.29,0,498.5,0.005408967,0
11899,02/14/15 5:23,19.6,38.29,0,500,0.005408967,0
11900,02/14/15 5:23,19.6,38.29,0,500.6666667,0.005408967,0
11901,02/14/15 5:25,19.6,38.29,0,503.5,0.005408967,0
11902,02/14/15 5:25,19.6,38.29,0,510,0.005408967,0
11903,02/14/15 5:26,19.6,38.29,0,508.5,0.005408967,0
11904,02/14/15 5:28,19.6,38.29,0,507,0.005408967,0
11905,02/14/15 5:29,19.65,38.345,0,507,0.005433803,0
11906,02/14/15 5:30,19.65,38.345,0,504,0.005433803,0
11907,02/14/15 5:31,19.6,38.29,0,506,0.005408967,0
11908,02/14/15 5:31,19.6,38.29,0,504,0.005408967,0
11909,02/14/15 5:32,19.7,38.4,0,506,0.005458737,0
11910,02/14/15 5:34,19.6,38.29,0,502.6666667,0.005408967,0
11911,02/14/15 5:35,19.7,38.4,0,501,0.005458737,0
11912,02/14/15 5:36,19.6,38.29,0,502.5,0.005408967,0
11913,02/14/15 5:37,19.6,38.29,0,506,0.005408967,0
11914,02/14/15 5:38,19.63333333,38.32666667,0,500.6666667,0.005425514,0
11915,02/14/15 5:38,19.6,38.29,0,504,0.005408967,0
11916,02/14/15 5:39,19.6,38.29,0,501,0.005408967,0
11917,02/14/15 5:41,19.6,38.29,0,501,0.005408967,0
11918,02/14/15 5:42,19.6,38.29,0,505,0.005408967,0
11919,02/14/15 5:43,19.65,38.345,0,507,0.005433803,0
11920,02/14/15 5:44,19.6,38.29,0,506,0.005408967,0
11921,02/14/15 5:44,19.6,38.29,0,506,0.005408967,0
11922,02/14/15 5:45,19.6,38.29,0,507.5,0.005408967,0
11923,02/14/15 5:47,19.6,38.29,0,501,0.005408967,0
11924,02/14/15 5:48,19.6,38.29,0,499,0.005408967,0
11925,02/14/15 5:49,19.6,38.29,0,498,0.005408967,0
11926,02/14/15 5:50,19.6,38.29,0,500,0.005408967,0
11927,02/14/15 5:51,19.6,38.29,0,504.5,0.005408967,0
11928,02/14/15 5:51,19.6,38.29,0,504.5,0.005408967,0
11929,02/14/15 5:53,19.56666667,38.29,0,505.3333333,0.005397677,0
11930,02/14/15 5:54,19.6,38.29,0,505.5,0.005408967,0
11931,02/14/15 5:55,19.5,38.29,0,501.5,0.00537516,0
11932,02/14/15 5:55,19.6,38.29,0,496,0.005408967,0
11933,02/14/15 5:57,19.6,38.29,0,497.6666667,0.005408967,0
11934,02/14/15 5:57,19.6,38.29,0,499.5,0.005408967,0
11935,02/14/15 5:58,19.55,38.29,0,510.5,0.00539204,0
11936,02/14/15 6:00,19.6,38.29,0,502.5,0.005408967,0
11937,02/14/15 6:01,19.6,38.345,0,504.5,0.005416804,0
11938,02/14/15 6:02,19.575,38.4,0,507.25,0.005416148,0
11939,02/14/15 6:03,19.6,38.4,0,506.5,0.005424642,0
11940,02/14/15 6:04,19.6,38.45,0,504,0.005431767,0
11941,02/14/15 6:04,19.5,38.5,0,504,0.005404896,0
11942,02/14/15 6:06,19.55,38.5,0,504,0.00542187,0
11943,02/14/15 6:07,19.6,38.59,0,503,0.005451718,0
11944,02/14/15 6:08,19.5,38.59,0,502.5,0.005417641,0
11945,02/14/15 6:08,19.6,38.645,0,499.5,0.005459556,0
11946,02/14/15 6:10,19.575,38.645,0,503.75,0.005451006,0
11947,02/14/15 6:10,19.6,38.59,0,505,0.005451718,0
11948,02/14/15 6:11,19.6,38.7,0,502,0.005467394,0
11949,02/14/15 6:13,19.6,38.7,0,501,0.005467394,0
11950,02/14/15 6:14,19.56666667,38.73,0,505.6666667,0.005460248,0
11951,02/14/15 6:15,19.5,38.79,0,508,0.005445964,0
11952,02/14/15 6:16,19.56666667,38.76,0,503,0.005464514,0
11953,02/14/15 6:16,19.6,38.79,0,508,0.005480221,0
11954,02/14/15 6:17,19.53333333,38.9,0,497.6666667,0.005472974,0
11955,02/14/15 6:19,19.5,38.9,0,495,0.005461544,0
11956,02/14/15 6:20,19.5,38.9,0,500.5,0.005461544,0
11957,02/14/15 6:21,19.55,38.9,0,501,0.005478698,0
11958,02/14/15 6:22,19.5,38.9,0,502,0.005461544,0
11959,02/14/15 6:23,19.55,38.95,0,503.5,0.005485802,0
11960,02/14/15 6:23,19.55,39,0,507.5,0.005492906,0
11961,02/14/15 6:24,19.55,39,0,510,0.005492906,0
11962,02/14/15 6:26,19.5,39.09,0,504.5,0.005488455,0
11963,02/14/15 6:27,19.5,39.09,0,503,0.005488455,0
11964,02/14/15 6:28,19.55,39.09,0,503,0.005505694,0
11965,02/14/15 6:29,19.5,39.2,0,505,0.005504036,0
11966,02/14/15 6:29,19.525,39.2,0,512,0.005512674,0
11967,02/14/15 6:30,19.5,39.29,0,505,0.005516785,0
11968,02/14/15 6:32,19.5,39.29,0,508,0.005516785,0
11969,02/14/15 6:33,19.5,39.4,0,506,0.005532368,0
11970,02/14/15 6:34,19.5,39.4,0,507,0.005532368,0
11971,02/14/15 6:35,19.5,39.4,0,504,0.005532368,0
11972,02/14/15 6:36,19.5,39.5,0,503,0.005546535,0
11973,02/14/15 6:36,19.5,39.5,0,506.5,0.005546535,0
11974,02/14/15 6:38,19.5,39.46666667,0,507.3333333,0.005541812,0
11975,02/14/15 6:39,19.5,39.5,0,509,0.005546535,0
11976,02/14/15 6:40,19.5,39.5,0,502.5,0.005546535,0
11977,02/14/15 6:40,19.5,39.5,0,502,0.005546535,0
11978,02/14/15 6:42,19.5,39.45,0,508.5,0.005539451,0
11979,02/14/15 6:42,19.5,39.45,0,507.5,0.005539451,0
11980,02/14/15 6:43,19.5,39.4,0,503.5,0.005532368,0
11981,02/14/15 6:45,19.5,39.4,0,505.5,0.005532368,0
11982,02/14/15 6:46,19.5,39.4,0,506,0.005532368,0
11983,02/14/15 6:47,19.5,39.29,0,504.5,0.005516785,0
11984,02/14/15 6:48,19.5,39.29,0,501,0.005516785,0
11985,02/14/15 6:49,19.55,39.29,0,499.5,0.005534114,0
11986,02/14/15 6:49,19.6,39.245,0,503,0.005545076,0
11987,02/14/15 6:51,19.5,39.29,0,505,0.005516785,0
11988,02/14/15 6:52,19.525,39.2225,0,506,0.005515867,0
11989,02/14/15 6:53,19.53333333,39.2,0,505.3333333,0.005515557,0
11990,02/14/15 6:53,19.55,39.2,0,505.5,0.005521325,0
11991,02/14/15 6:55,19.6,39.2,0,505,0.005538661,0
11992,02/14/15 6:55,19.56666667,39.09,0,507.6666667,0.005511451,0
11993,02/14/15 6:56,19.55,39.045,0,511,0.0054993,0
11994,02/14/15 6:58,19.5,39.09,0,513,0.005488455,0
11995,02/14/15 6:59,19.6,39,0,511,0.005510153,0
11996,02/14/15 7:00,19.5,39.06,0,508.3333333,0.005484206,0
11997,02/14/15 7:01,19.55,39,0,509.5,0.005492906,0
11998,02/14/15 7:01,19.5,39,0,507,0.005475707,0
11999,02/14/15 7:02,19.5,39,0,506,0.005475707,0
12000,02/14/15 7:04,19.6,38.9,0,507,0.005495899,0
12001,02/14/15 7:05,19.55,38.9,0,508,0.005478698,0
12002,02/14/15 7:06,19.6,38.79,0,505,0.005480221,0
12003,02/14/15 7:07,19.6,38.7,0,509,0.005467394,0
12004,02/14/15 7:08,19.575,38.7,0,512.25,0.005458833,0
12005,02/14/15 7:08,19.6,38.7,0,510,0.005467394,0
12006,02/14/15 7:09,19.6,38.59,0,508,0.005451718,0
12007,02/14/15 7:11,19.6,38.59,0,508,0.005451718,0
12008,02/14/15 7:12,19.6,38.59,0,508.5,0.005451718,0
12009,02/14/15 7:13,19.575,38.5225,0,502.6666667,0.005433577,0
12010,02/14/15 7:14,19.56666667,38.56,0,504.6666667,0.005436071,0
12011,02/14/15 7:14,19.6,38.5,0,506.3333333,0.005438892,0
12012,02/14/15 7:15,19.55,38.45,0,505.5,0.005414768,0
12013,02/14/15 7:17,19.6,38.4,0,502,0.005424642,0
12014,02/14/15 7:18,19.6,38.4,0,504,0.005424642,0
12015,02/14/15 7:19,19.6,38.4,0,502,0.005424642,0
12016,02/14/15 7:20,19.6,38.345,0,509,0.005416804,0
12017,02/14/15 7:21,19.65,38.345,0,513,0.005433803,0
12018,02/14/15 7:21,19.6,38.29,0,504,0.005408967,0
12019,02/14/15 7:23,19.6,38.29,0,503.3333333,0.005408967,0
12020,02/14/15 7:24,19.6,38.29,0,502,0.005408967,0
12021,02/14/15 7:25,19.6,38.29,0,503,0.005408967,0
12022,02/14/15 7:25,19.6,38.2,0,506.5,0.005396143,0
12023,02/14/15 7:27,19.6,38.09,0,500,0.00538047,0
12024,02/14/15 7:27,19.6,38.09,0,499.5,0.00538047,0
12025,02/14/15 7:28,19.6,38.09,0,499.5,0.00538047,0
12026,02/14/15 7:30,19.63333333,38.12666667,0,507.6666667,0.005396956,0
12027,02/14/15 7:31,19.6,38.09,0,514.3333333,0.00538047,0
12028,02/14/15 7:32,19.6,38.045,0,513,0.005374059,0
12029,02/14/15 7:33,19.6,38,0,505.5,0.005367647,0
12030,02/14/15 7:34,19.6,38.045,0,502,0.005374059,0
12031,02/14/15 7:34,19.6,38,0,502,0.005367647,0
12032,02/14/15 7:36,19.6,37.9,0,503,0.0053534,0
12033,02/14/15 7:37,19.6,37.9,0,506,0.0053534,0
12034,02/14/15 7:38,19.6,37.9,0,502,0.0053534,0
12035,02/14/15 7:38,19.6,37.9,0,508.5,0.0053534,0
12036,02/14/15 7:40,19.6,37.9,0,507,0.0053534,0
12037,02/14/15 7:40,19.6,37.9,0,508,0.0053534,0
12038,02/14/15 7:41,19.6,37.845,0,507,0.005345565,0
12039,02/14/15 7:43,19.65,37.845,0,506.5,0.005362339,0
12040,02/14/15 7:44,19.6,37.7,0,506.5,0.005324908,0
12041,02/14/15 7:45,19.63333333,37.73,0,504,0.005340325,0
12042,02/14/15 7:46,19.625,37.7225,0,506.5,0.005336467,0
12043,02/14/15 7:46,19.6,37.7,0,503.5,0.005324908,0
12044,02/14/15 7:47,19.6,37.7,0,503.5,0.005324908,0
12045,02/14/15 7:49,19.6,37.7,0,506,0.005324908,0
12046,02/14/15 7:50,19.6,37.645,0,503.5,0.005317074,0
12047,02/14/15 7:51,19.6,37.7,0,503,0.005324908,0
12048,02/14/15 7:52,19.6,37.7,0,509,0.005324908,0
12049,02/14/15 7:53,19.6,37.645,0,508,0.005317074,0
12050,02/14/15 7:53,19.63333333,37.62666667,0,502.6666667,0.005325574,0
12051,02/14/15 7:54,19.65,37.645,0,508.5,0.005333757,0
12052,02/14/15 7:56,19.63333333,37.56,0,510,0.005316057,0
12053,02/14/15 7:57,19.7,37.59,0,504.3333333,0.005342603,0
12054,02/14/15 7:58,19.65,37.45,0,503,0.005305893,0
12055,02/14/15 7:59,19.7,37.5,0,505,0.005329701,0
12056,02/14/15 7:59,19.7,37.45,0,507,0.005322534,0
12057,02/14/15 8:00,19.7,37.5,0,510.5,0.005329701,0
12058,02/14/15 8:02,19.65,37.45,0,513,0.005305893,0
12059,02/14/15 8:03,19.63333333,37.43333333,0,506.6666667,0.005297977,0
12060,02/14/15 8:04,19.7,37.4,0,509.5,0.005315367,0
12061,02/14/15 8:05,19.7,37.4,0,510.5,0.005315367,0
12062,02/14/15 8:06,19.7,37.4,0,511,0.005315367,0
12063,02/14/15 8:06,19.7,37.29,0,515,0.005299601,0
12064,02/14/15 8:08,19.7,37.29,0,511.5,0.005299601,0
12065,02/14/15 8:09,19.745,37.245,0,506.5,0.005308084,0
12066,02/14/15 8:10,19.7,37.2,0,503,0.005286701,0
12067,02/14/15 8:10,19.745,37.245,0,505,0.005308084,0
12068,02/14/15 8:12,19.7,37.2,0,502,0.005286701,0
12069,02/14/15 8:12,19.79,37.2,0,501,0.005316569,0
12070,02/14/15 8:13,19.79,37.12666667,0,505,0.005305998,0
12071,02/14/15 8:15,19.79,37.09,0,507.5,0.005300713,0
12072,02/14/15 8:16,19.79,37.09,0,507.5,0.005300713,0
12073,02/14/15 8:17,19.79,37.09,0,505.3333333,0.005300713,0
12074,02/14/15 8:18,19.79,37,0,508.5,0.005287742,0
12075,02/14/15 8:19,19.79,37,0,508,0.005287742,0
12076,02/14/15 8:19,19.79,37,0,506.5,0.005287742,0
12077,02/14/15 8:21,19.79,37,0,504.5,0.005287742,0
12078,02/14/15 8:22,19.79,36.9,0,504.5,0.005273329,0
12079,02/14/15 8:23,19.84,36.95,0,502.5,0.005297079,0
12080,02/14/15 8:23,19.84,36.895,0,502,0.005289127,0
12081,02/14/15 8:25,19.82333333,36.82666667,0,506.3333333,0.005273747,0
12082,02/14/15 8:25,19.84,36.845,0,503.5,0.005281899,0
12083,02/14/15 8:26,19.79,36.79,0,504.5,0.005257477,0
12084,02/14/15 8:28,19.89,36.9,0,506.5,0.005306417,0
12085,02/14/15 8:29,19.79,36.79,0,505,0.005257477,0
12086,02/14/15 8:30,19.79,36.79,0,507.5,0.005257477,0
12087,02/14/15 8:31,19.89,36.79,0,508.5,0.005290463,0
12088,02/14/15 8:31,19.84,36.745,0,505,0.005267442,0
12089,02/14/15 8:32,19.89,36.79,0,508,0.005290463,0
12090,02/14/15 8:34,19.89,36.79,0,507.5,0.005290463,0
12091,02/14/15 8:35,19.89,36.79,0,503,0.005290463,0
12092,02/14/15 8:36,19.79,36.7,0,503,0.005244507,0
12093,02/14/15 8:37,19.82333333,36.73,9.333333333,499.3333333,0.005259787,0
12094,02/14/15 8:38,19.89,36.79,14,500.5,0.005290463,0
12095,02/14/15 8:38,19.865,36.7675,14,501.75,0.005278942,0
12096,02/14/15 8:39,19.89,36.79,14,502,0.005290463,0
12097,02/14/15 8:41,19.89,36.7225,10.5,503.25,0.005280674,0
12098,02/14/15 8:42,19.89,36.7,7,507.75,0.005277412,0
12099,02/14/15 8:43,19.865,36.7,7,508.5,0.005269168,0
12100,02/14/15 8:44,19.84,36.7225,7,503.5,0.005264189,0
12101,02/14/15 8:44,19.79,36.7,9.333333333,503,0.005244507,0
12102,02/14/15 8:45,19.865,36.6725,7,507.5,0.005265187,0
12103,02/14/15 8:47,19.89,36.7,7,510.25,0.005277412,0
12104,02/14/15 8:48,19.89,36.645,7,509.5,0.005269436,0
12105,02/14/15 8:49,19.89,36.66333333,9.333333333,506,0.005272094,0
12106,02/14/15 8:50,19.89,36.645,8.5,506.5,0.005269436,0
12107,02/14/15 8:51,19.89,36.59,7,510,0.00526146,0
12108,02/14/15 8:51,19.945,36.545,7,508,0.005273032,0
12109,02/14/15 8:53,19.92666667,36.5,9.333333333,508.3333333,0.005260453,0
12110,02/14/15 8:54,19.89,36.5,14,512.5,0.005248409,0
12111,02/14/15 8:55,20,36.5,10,508,0.005284613,0
12112,02/14/15 8:55,20,36.5,6,507,0.005284613,0
12113,02/14/15 8:57,20,36.4,17,502,0.005270012,0
12114,02/14/15 8:57,19.9725,36.4,17,501.25,0.005260966,0
12115,02/14/15 8:58,19.945,36.5,17,501,0.005266484,0
12116,02/14/15 9:00,19.945,36.5,6,503.5,0.005266484,0
12117,02/14/15 9:01,19.89,36.5,6,505.3333333,0.005248409,0
12118,02/14/15 9:02,19.945,36.5,6,506,0.005266484,0
12119,02/14/15 9:03,19.9725,36.475,6,504.25,0.005271898,0
12120,02/14/15 9:04,19.945,36.5,6,501.5,0.005266484,0
12121,02/14/15 9:04,19.92666667,36.5,6,502.3333333,0.005260453,0
12122,02/14/15 9:06,19.945,36.5,6,503.5,0.005266484,0
12123,02/14/15 9:07,19.96333333,36.5,6,505.3333333,0.005272521,0
12124,02/14/15 9:08,19.945,36.45,17,506,0.005259208,0
12125,02/14/15 9:08,20,36.3175,13.5,508.25,0.005257967,0
12126,02/14/15 9:10,20,36.29,7,504,0.005253952,0
12127,02/14/15 9:10,20,36.29,7,507.75,0.005253952,0
12128,02/14/15 9:11,20.05,36.3175,10,510.75,0.005274412,0
12129,02/14/15 9:13,20,36.29,11.33333333,508,0.005253952,0
12130,02/14/15 9:14,20,36.29,10,508.5,0.005253952,0
12131,02/14/15 9:15,20,36.29,13.5,504.75,0.005253952,0
12132,02/14/15 9:16,20,36.345,17,505.5,0.005261982,0
12133,02/14/15 9:16,20,36.3725,13.5,503.75,0.005265997,0
12134,02/14/15 9:17,20,36.4,7,502,0.005270012,0
12135,02/14/15 9:19,20,36.4,7,500,0.005270012,0
12136,02/14/15 9:20,20,36.4,9.333333333,502,0.005270012,0
12137,02/14/15 9:21,20,36.425,7,500,0.005273663,0
12138,02/14/15 9:22,20,36.4,7,506,0.005270012,0
12139,02/14/15 9:23,20,36.4,9.333333333,503,0.005270012,0
12140,02/14/15 9:23,20,36.4,7,498.75,0.005270012,0
12141,02/14/15 9:24,20,36.475,7,502.75,0.005280963,0
12142,02/14/15 9:26,19.92666667,36.5,9.333333333,504.3333333,0.005260453,0
12143,02/14/15 9:27,19.89,36.5,7,506.5,0.005248409,0
12144,02/14/15 9:28,20,36.5,7,506.5,0.005284613,0
12145,02/14/15 9:29,20,36.425,10.5,503.75,0.005273663,0
12146,02/14/15 9:29,20,36.4,9.333333333,503,0.005270012,0
12147,02/14/15 9:30,20,36.4,7,505.5,0.005270012,0
12148,02/14/15 9:32,20,36.29,7,506,0.005253952,0
12149,02/14/15 9:33,20.03333333,36.32666667,11.33333333,508.6666667,0.005270267,0
12150,02/14/15 9:34,20.025,36.2675,17,506,0.005258873,0
12151,02/14/15 9:35,20.06666667,36.26,20.66666667,504.6666667,0.005271474,0
12152,02/14/15 9:36,20.1,36.245,6,508,0.005280252,0
12153,02/14/15 9:36,20.1,36.2,6,507.5,0.00527364,0
12154,02/14/15 9:38,20.15,36.2,6,501,0.005290122,0
12155,02/14/15 9:39,20.1,36.2,6,504,0.00527364,0
12156,02/14/15 9:40,20.15,36.2,6,504.5,0.005290122,0
12157,02/14/15 9:40,20.13333333,36.2,6,503.6666667,0.005284623,0
12158,02/14/15 9:42,20.1,36.2,6,506,0.00527364,0
12159,02/14/15 9:42,20.15,36.2,6,504,0.005290122,0
12160,02/14/15 9:43,20.175,36.2,10.5,500.75,0.00529838,0
12161,02/14/15 9:45,20.1,36.2,15,501.5,0.00527364,0
12162,02/14/15 9:46,20.16666667,36.2,24,510.3333333,0.005295627,0
12163,02/14/15 9:47,20.15,36.2,19.5,503.25,0.005290122,0
12164,02/14/15 9:48,20.13333333,36.26,6,507,0.005293457,0
12165,02/14/15 9:49,20.1,36.29,6,505.75,0.005286863,0
12166,02/14/15 9:49,20.1,36.29,6,506,0.005286863,0
12167,02/14/15 9:51,20.075,36.345,6,501.5,0.005286686,0
12168,02/14/15 9:52,20.03333333,36.32666667,6,503.3333333,0.005270267,0
12169,02/14/15 9:53,20,36.29,6,509,0.005253952,0
12170,02/14/15 9:53,20.05,36.345,6,505,0.00527844,0
12171,02/14/15 9:55,20.1,36.29,6,502.5,0.005286863,0
12172,02/14/15 9:55,20.1,36.29,19.5,503.75,0.005286863,0
12173,02/14/15 9:56,20.1,36.32666667,24,508.3333333,0.00529225,0
12174,02/14/15 9:58,20.06666667,36.36333333,24,509,0.005286624,0
12175,02/14/15 9:59,20.1,36.345,24,508,0.005294944,0
12176,02/14/15 10:00,20.1,36.345,24,505.25,0.005294944,0
12177,02/14/15 10:01,20.1,36.32666667,17.33333333,506.6666667,0.00529225,0
12178,02/14/15 10:01,20.1,36.29,14,504,0.005286863,0
12179,02/14/15 10:02,20.1,36.29,17.33333333,504,0.005286863,0
12180,02/14/15 10:04,20.13333333,36.29,17.33333333,506,0.005297874,0
12181,02/14/15 10:05,20.1,36.2225,26.5,503.75,0.005276946,0
12182,02/14/15 10:06,20.1,36.23,31,507.6666667,0.005278048,0
12183,02/14/15 10:07,20.1,36.29,31,511,0.005286863,0
12184,02/14/15 10:08,20.1,36.345,26.5,506,0.005294944,0
12185,02/14/15 10:08,20.1,36.4,18.5,505.5,0.005303025,0
12186,02/14/15 10:09,20.05,36.3725,14,506,0.005282468,0
12187,02/14/15 10:11,20.1,36.4,25.66666667,508,0.005303025,0
12188,02/14/15 10:12,20.1,36.5,19.75,506,0.005317718,0
12189,02/14/15 10:13,20.06666667,36.5,13,507.3333333,0.005306663,0
12190,02/14/15 10:14,20.025,36.5225,22,508.25,0.005296163,0
12191,02/14/15 10:14,20.05,36.545,31,510.5,0.005307734,0
12192,02/14/15 10:15,20.025,36.5225,31,510.5,0.005296163,0
12193,02/14/15 10:17,20.025,36.55,25.5,506.25,0.005300185,0
12194,02/14/15 10:18,20.05,36.645,33.5,507,0.005322382,0
12195,02/14/15 10:19,20.025,36.59,37,507.75,0.005306035,0
12196,02/14/15 10:20,20,36.53,37,507.3333333,0.005288994,0
12197,02/14/15 10:21,20.03333333,36.53,25,508.6666667,0.005300018,0
12198,02/14/15 10:21,20.1,36.59,19,512.5,0.005330943,0
12199,02/14/15 10:23,20.1,36.59,19,512.5,0.005330943,0
12200,02/14/15 10:24,20.1,36.59,37,512,0.005330943,0
12201,02/14/15 10:25,20.1,36.59,55,512.5,0.005330943,0
12202,02/14/15 10:25,20.1,36.645,26,506.5,0.005339025,0
12203,02/14/15 10:27,20.075,36.6725,40.5,510.75,0.005334733,0
12204,02/14/15 10:27,20.05,36.7,40.5,509,0.005330439,0
12205,02/14/15 10:28,20.075,36.545,39.5,509.25,0.005316027,0
12206,02/14/15 10:30,20.15,36.545,44,511,0.005340972,0
12207,02/14/15 10:31,20.1,36.59,52,498.6666667,0.005330943,0
12208,02/14/15 10:32,20.1,36.475,50,504.5,0.005314045,0
12209,02/14/15 10:33,20.16666667,36.43333333,48,505.3333333,0.005330053,0
12210,02/14/15 10:34,20.175,36.3725,45.5,506.75,0.005323844,0
12211,02/14/15 10:34,20.2,36.29,44,506.5,0.005319956,0
12212,02/14/15 10:36,20.23,36.32666667,44,505.6666667,0.005335351,0
12213,02/14/15 10:37,20.2675,36.345,44,510.5,0.005350564,0
12214,02/14/15 10:38,20.2,36.2,62,515.5,0.00530665,0
12215,02/14/15 10:38,20.26,36.26,52,515.3333333,0.005335448,0
12216,02/14/15 10:40,20.29,36.29,50,517,0.005349897,0
12217,02/14/15 10:40,20.29,36.29,68,517,0.005349897,0
12218,02/14/15 10:41,20.29,36.29,74,513,0.005349897,0
12219,02/14/15 10:43,20.26,36.32666667,63,511.6666667,0.005345342,0
12220,02/14/15 10:44,20.245,36.345,72,516.5,0.005343063,0
12221,02/14/15 10:45,20.29,36.4,81,516,0.005366253,0
12222,02/14/15 10:46,20.29,36.4,66.5,511,0.005366253,0
12223,02/14/15 10:46,20.26,36.26,87,508.6666667,0.005335448,0
12224,02/14/15 10:47,20.29,36.345,106,512.5,0.005358075,0
12225,02/14/15 10:49,20.29,36.29,128,510.6666667,0.005349897,0
12226,02/14/15 10:50,20.34,36.29,121.5,510.25,0.005366595,0
12227,02/14/15 10:51,20.365,36.195,152.5,514.5,0.005360769,0
12228,02/14/15 10:52,20.39,36.09,215,514.75,0.005353415,0
12229,02/14/15 10:53,20.39,36,345,517,0.00533995,0
12230,02/14/15 10:53,20.5,36,362.5,518,0.005376649,0
12231,02/14/15 10:54,20.56666667,35.86333333,260.3333333,515.3333333,0.005378325,0
12232,02/14/15 10:56,20.625,35.79,210.75,518.5,0.00538674,0
12233,02/14/15 10:57,20.65,35.79,179.25,516,0.00539512,0
12234,02/14/15 10:58,20.7,35.79,205,515.6666667,0.005411913,0
12235,02/14/15 10:59,20.66666667,35.69333333,235.6666667,516,0.005385999,0
12236,02/14/15 10:59,20.73,35.66333333,213.3333333,512,0.005402655,0
12237,02/14/15 11:00,20.745,35.59,135,511.5,0.005396476,0
12238,02/14/15 11:02,20.79,35.59,119,508,0.005411581,0
12239,02/14/15 11:03,20.79,35.59,128.25,507.75,0.005411581,0
12240,02/14/15 11:04,20.79,35.5225,134.6,512,0.005401229,0
12241,02/14/15 11:05,20.79,35.5,158,512.75,0.005397778,0
12242,02/14/15 11:06,20.79,35.5,173.5,513.5,0.005397778,0
12243,02/14/15 11:06,20.79,35.4,131,515,0.005382441,0
12244,02/14/15 11:08,20.79,35.4,141.3333333,513.3333333,0.005382441,0
12245,02/14/15 11:09,20.79,35.4,128,509.75,0.005382441,0
12246,02/14/15 11:10,20.815,35.425,136,510.25,0.005394643,0
12247,02/14/15 11:10,20.79,35.345,193,515,0.005374006,0
12248,02/14/15 11:12,20.79,35.4,78.5,513.5,0.005382441,0
12249,02/14/15 11:12,20.815,35.4,66.25,504,0.005390803,0
12250,02/14/15 11:13,20.79,35.4,68,505.5,0.005382441,0
12251,02/14/15 11:15,20.79,35.4,53,506.5,0.005382441,0
12252,02/14/15 11:16,20.84,35.45,47,505.5,0.005406869,0
12253,02/14/15 11:17,20.815,35.425,42.25,506.5,0.005394643,0
12254,02/14/15 11:18,20.79,35.4,43,505.3333333,0.005382441,0
12255,02/14/15 11:19,20.736,35.4,47.8,503.5,0.005364418,0
12256,02/14/15 11:19,20.76,35.36333333,51.33333333,503.75,0.005366809,0
12257,02/14/15 11:21,20.7,35.3725,50,505,0.005348239,0
12258,02/14/15 11:22,20.7,35.4,57.75,503.25,0.005352433,0
12259,02/14/15 11:23,20.7,35.4,89.66666667,497.3333333,0.005352433,0
12260,02/14/15 11:23,20.7,35.43333333,161.3333333,497,0.005357516,0
12261,02/14/15 11:25,20.7,35.4,217.25,502,0.005352433,0
12262,02/14/15 11:25,20.76,35.4,127.6666667,500,0.005372422,0
12263,02/14/15 11:26,20.7675,35.29,103.5,505.25,0.005358079,0
12264,02/14/15 11:28,20.745,35.09,84.5,507,0.005320014,0
12265,02/14/15 11:29,20.7,35.16333333,66.66666667,507.6666667,0.005316343,0
12266,02/14/15 11:30,20.7,35.2225,64.25,508.5,0.005325365,0
12267,02/14/15 11:31,20.7,35.26,54,508.6666667,0.005331083,0
12268,02/14/15 11:31,20.675,35.2675,44,508,0.005323949,0
12269,02/14/15 11:32,20.7,35.2675,54.5,504.75,0.005332227,0
12270,02/14/15 11:34,20.675,35.24,48.5,498.25,0.005319762,0
12271,02/14/15 11:35,20.6,35.2,44,503,0.005288956,0
12272,02/14/15 11:36,20.6,35.26,35.66666667,501.6666667,0.005298048,0
12273,02/14/15 11:37,20.56666667,35.29,43,499,0.005291613,0
12274,02/14/15 11:38,20.6,35.345,47.75,504.25,0.005310929,0
12275,02/14/15 11:38,20.6,35.29,35.66666667,503.6666667,0.005302594,0
12276,02/14/15 11:39,20.56666667,35.32666667,44,500.6666667,0.005297158,0
12277,02/14/15 11:41,20.6,35.3175,50,504.75,0.005306761,0
12278,02/14/15 11:42,20.525,35.29,50,507.5,0.005277915,0
12279,02/14/15 11:43,20.525,35.3175,65.5,505.75,0.005282062,0
12280,02/14/15 11:44,20.55,35.29,94,503,0.00528613,0
12281,02/14/15 11:44,20.5,35.345,98.5,509.25,0.005277994,0
12282,02/14/15 11:45,20.53333333,35.32666667,120.6666667,508,0.005286185,0
12283,02/14/15 11:47,20.6,35.29,125.5,503,0.005302594,0
12284,02/14/15 11:48,20.6,35.23,134,505,0.005293502,0
12285,02/14/15 11:49,20.65,35.2225,171,506,0.005308842,0
12286,02/14/15 11:50,20.7,35.145,166,506,0.005313548,0
12287,02/14/15 11:51,20.7,35.1175,185.25,508.5,0.005309354,0
12288,02/14/15 11:51,20.7,35.09,177.3333333,515.3333333,0.005305161,0
12289,02/14/15 11:53,20.7,35.03,387.3333333,513.6666667,0.005296013,0
12290,02/14/15 11:54,20.79,34.95,192.5,511.25,0.005313436,0
12291,02/14/15 11:55,20.79,34.8175,143,510,0.00529312,0
12292,02/14/15 11:55,20.79,34.79,143.5,509.5,0.005288904,0
12293,02/14/15 11:57,20.79,34.79,176,508.5,0.005288904,0
12294,02/14/15 11:57,20.82333333,34.79,305,504.3333333,0.005299861,0
12295,02/14/15 11:58,20.89,34.79,201.25,509.5,0.005321834,0
12296,02/14/15 12:00,20.89,34.745,203.5,509.5,0.005314892,0
12297,02/14/15 12:01,20.92666667,34.73,108,504,0.005324676,0
12298,02/14/15 12:02,20.89,34.7,105,507.5,0.005307949,0
12299,02/14/15 12:03,20.9175,34.7,93,510.5,0.005317013,0
12300,02/14/15 12:04,20.89,34.7,68.5,508.75,0.005307949,0
12301,02/14/15 12:04,20.89,34.645,74,508.5,0.005299464,0
12302,02/14/15 12:06,20.89,34.7,115.75,506.75,0.005307949,0
12303,02/14/15 12:07,20.85666667,34.66333333,120.3333333,504,0.005291337,0
12304,02/14/15 12:08,20.89,34.7,112,503,0.005307949,0
12305,02/14/15 12:08,20.85666667,34.56,87,510.6666667,0.005275429,0
12306,02/14/15 12:10,20.84,34.545,74,511,0.005267669,0
12307,02/14/15 12:10,20.82333333,34.43333333,73.5,512,0.005245068,0
12308,02/14/15 12:11,20.82333333,34.4,53,509,0.005239948,0
12309,02/14/15 12:13,20.79,34.5,44,507.25,0.005244446,0
12310,02/14/15 12:14,20.79,34.43333333,67.66666667,510.3333333,0.005234226,0
12311,02/14/15 12:15,20.79,34.5,62.5,513,0.005244446,0
12312,02/14/15 12:16,20.79,34.46666667,148.3333333,511.6666667,0.005239336,0
12313,02/14/15 12:16,20.79,34.5,220,501,0.005244446,0
12314,02/14/15 12:17,20.79,34.5,78.5,503.5,0.005244446,0
12315,02/14/15 12:19,20.79,34.5,47,514,0.005244446,0
12316,02/14/15 12:20,20.79,34.4,46,510,0.005229117,0
12317,02/14/15 12:21,20.79,34.3175,33.5,508.75,0.005216471,0
12318,02/14/15 12:22,20.745,34.4,31,509,0.005214525,0
12319,02/14/15 12:23,20.7,34.44,36.5,508.5,0.005206067,0
12320,02/14/15 12:23,20.7,34.56,35.25,506.25,0.005224359,0
12321,02/14/15 12:24,20.7,34.59,19,509.5,0.005228932,0
12322,02/14/15 12:26,20.7,34.53,19,512.3333333,0.005219786,0
12323,02/14/15 12:27,20.7,34.5,26.5,513.5,0.005215213,0
12324,02/14/15 12:28,20.7,34.59,24,513.5,0.005228932,0
12325,02/14/15 12:29,20.6,34.59,24,513,0.005196535,0
12326,02/14/15 12:29,20.6,34.59,24,514,0.005196535,0
12327,02/14/15 12:30,20.6,34.59,24,514,0.005196535,0
12328,02/14/15 12:32,20.55,34.645,24,515,0.005188709,0
12329,02/14/15 12:33,20.5,34.79,13,504.5,0.005194424,0
12330,02/14/15 12:34,20.5,34.8975,31,510,0.005210609,0
12331,02/14/15 12:35,20.5,35,31,510.5,0.005226043,0
12332,02/14/15 12:36,20.445,34.95,29.25,504.75,0.005200682,0
12333,02/14/15 12:36,20.46333333,34.96666667,31,505,0.005209124,0
12334,02/14/15 12:38,20.39,34.925,38.75,506.5,0.005179165,0
12335,02/14/15 12:39,20.39,35,45.33333333,505,0.00519038,0
12336,02/14/15 12:40,20.39,35,26,508.75,0.00519038,0
12337,02/14/15 12:40,20.39,35,35,508,0.00519038,0
12338,02/14/15 12:42,20.39,35,33.25,505,0.00519038,0
12339,02/14/15 12:42,20.39,35,45.33333333,505.3333333,0.00519038,0
12340,02/14/15 12:43,20.39,35.09,40.5,504.25,0.005203839,0
12341,02/14/15 12:45,20.35666667,35.09,47.66666667,500,0.005193046,0
12342,02/14/15 12:46,20.315,35.09,47,499,0.005179584,0
12343,02/14/15 12:47,20.35666667,35.16333333,70.66666667,501,0.00520399,0
12344,02/14/15 12:48,20.34,35.2,90,503.5,0.005204056,0
12345,02/14/15 12:49,20.39,35.2,116.3333333,497.6666667,0.005220288,0
12346,02/14/15 12:49,20.365,35.1725,88.75,498.25,0.00520806,0
12347,02/14/15 12:51,20.39,35.09,97.75,501,0.005203839,0
12348,02/14/15 12:52,20.39,35.09,90.5,499.75,0.005203839,0
12349,02/14/15 12:53,20.39,35.09,103.5,499,0.005203839,0
12350,02/14/15 12:53,20.39,35.09,89.5,496.75,0.005203839,0
12351,02/14/15 12:55,20.39,35.09,113,497,0.005203839,0
12352,02/14/15 12:55,20.42666667,35.09,104.6666667,496.3333333,0.005215733,0
12353,02/14/15 12:56,20.4175,35.0225,148.75,494.5,0.005202646,0
12354,02/14/15 12:58,20.5,35,98.5,499,0.005226043,0
12355,02/14/15 12:59,20.5,35,214,500,0.005226043,0
12356,02/14/15 13:00,20.5,35,189,495.5,0.005226043,0
12357,02/14/15 13:01,20.6,34.8725,183,492.75,0.005239333,0
12358,02/14/15 13:01,20.6,34.82666667,131,494,0.005232389,0
12359,02/14/15 13:02,20.625,34.79,156.25,497.25,0.005234964,0
12360,02/14/15 13:04,20.625,34.79,201.25,498.75,0.005234964,0
12361,02/14/15 13:05,20.7,34.845,287,498.5,0.005267807,0
12362,02/14/15 13:06,20.68,34.736,207.2,495,0.005244668,0
12363,02/14/15 13:07,20.73,34.62666667,159,495,0.005244286,0
12364,02/14/15 13:08,20.7675,34.59,222,497,0.005250901,0
12365,02/14/15 13:08,20.82333333,34.62666667,180.3333333,502.3333333,0.005274768,0
12366,02/14/15 13:09,20.79,34.5,114.5,498.25,0.005244446,0
12367,02/14/15 13:11,20.79,34.5,100,498,0.005244446,0
12368,02/14/15 13:12,20.79,34.5,84.5,497.5,0.005244446,0
12369,02/14/15 13:13,20.79,34.5,74,494.25,0.005244446,0
12370,02/14/15 13:14,20.79,34.545,57,500.5,0.005251344,0
12371,02/14/15 13:14,20.79,34.59,48.5,498.5,0.005258242,0
12372,02/14/15 13:15,20.79,34.59,44,498,0.005258242,0
12373,02/14/15 13:17,20.745,34.59,39.5,499,0.005243569,0
12374,02/14/15 13:18,20.73,34.62666667,56,504,0.005244286,0
12375,02/14/15 13:19,20.7225,34.6175,45.5,499.25,0.005240444,0
12376,02/14/15 13:20,20.7,34.7,40.5,495.75,0.005245701,0
12377,02/14/15 13:21,20.7,34.7,55,496.6666667,0.005245701,0
12378,02/14/15 13:21,20.7,34.7,37,496,0.005245701,0
12379,02/14/15 13:23,20.675,34.7675,40.5,498.75,0.005247833,0
12380,02/14/15 13:24,20.7,34.79,50,496,0.005259422,0
12381,02/14/15 13:25,20.7,34.8175,53.5,498,0.005263614,0
12382,02/14/15 13:25,20.7,34.9,42.66666667,498,0.005276192,0
12383,02/14/15 13:27,20.65,34.975,47,500.25,0.005271222,0
12384,02/14/15 13:27,20.6,34.96666667,56,503.3333333,0.0052536,0
12385,02/14/15 13:28,20.6,35,51,503,0.005258651,0
12386,02/14/15 13:30,20.6,35.0225,65.5,501.5,0.00526206,0
12387,02/14/15 13:31,20.6,35.09,64.25,503.5,0.005272288,0
12388,02/14/15 13:32,20.6,35.12666667,58.33333333,503.3333333,0.005277844,0
12389,02/14/15 13:33,20.6,35.1725,60.75,507.5,0.005284789,0
12390,02/14/15 13:34,20.6,35.1725,68,505.5,0.005284789,0
12391,02/14/15 13:34,20.6,35.16333333,68,507,0.0052834,0
12392,02/14/15 13:36,20.6,35.145,77,512,0.005280622,0
12393,02/14/15 13:37,20.6,35.09,57,506,0.005272288,0
12394,02/14/15 13:38,20.6,35.2,74,506.5,0.005288956,0
12395,02/14/15 13:38,20.6,35.2,75.75,496.5,0.005288956,0
12396,02/14/15 13:40,20.6,35.2,59.5,497.5,0.005288956,0
12397,02/14/15 13:40,20.6,35.245,78.5,496,0.005295775,0
12398,02/14/15 13:41,20.5,35.29,81,503,0.005269711,0
12399,02/14/15 13:43,20.55,35.29,81,504,0.00528613,0
12400,02/14/15 13:44,20.5,35.29,61.25,505.5,0.005269711,0
12401,02/14/15 13:45,20.53333333,35.29,60.75,507.5,0.005280652,0
12402,02/14/15 13:46,20.525,35.29,50,501,0.005277915,0
12403,02/14/15 13:46,20.56666667,35.29,54,501.3333333,0.005291613,0
12404,02/14/15 13:47,20.5,35.32666667,52,498,0.005275233,0
12405,02/14/15 13:49,20.5,35.29,54.5,502.75,0.005269711,0
12406,02/14/15 13:50,20.5,35.32666667,44,502,0.005275233,0
12407,02/14/15 13:51,20.5,35.3725,42.25,502,0.005282135,0
12408,02/14/15 13:52,20.5,35.4,47.75,502.5,0.005286276,0
12409,02/14/15 13:53,20.5,35.4,37,509,0.005286276,0
12410,02/14/15 13:53,20.5,35.4,37,509,0.005286276,0
12411,02/14/15 13:54,20.4175,35.3175,37,504,0.005246838,0
12412,02/14/15 13:56,20.5,35.4,23.5,509,0.005286276,0
12413,02/14/15 13:57,20.42666667,35.36333333,19,508,0.005256704,0
12414,02/14/15 13:58,20.39,35.3725,33.5,505,0.005246087,0
12415,02/14/15 13:59,20.39,35.4,38.33333333,502.6666667,0.0052502,0
12416,02/14/15 13:59,20.39,35.43333333,31,502.3333333,0.005255185,0
12417,02/14/15 14:00,20.365,35.425,31,503.25,0.005245764,0
12418,02/14/15 14:02,20.39,35.5,31,508.5,0.005265156,0
12419,02/14/15 14:03,20.32333333,35.5,31,510.6666667,0.005243335,0
12420,02/14/15 14:04,20.29,35.59,28.66666667,509,0.005245832,0
12421,02/14/15 14:05,20.29,35.59,37,501.5,0.005245832,0
12422,02/14/15 14:06,20.29,35.59,37,504.25,0.005245832,0
12423,02/14/15 14:06,20.34,35.545,19,503,0.005255492,0
12424,02/14/15 14:08,20.29,35.59,28.66666667,502.6666667,0.005245832,0
12425,02/14/15 14:09,20.29,35.59,32.66666667,506,0.005245832,0
12426,02/14/15 14:10,20.29,35.59,31,506.5,0.005245832,0
12427,02/14/15 14:10,20.29,35.59,31,505,0.005245832,0
12428,02/14/15 14:12,20.2675,35.5675,13,507.25,0.00523514,0
12429,02/14/15 14:12,20.29,35.7,13,506.75,0.005262183,0
12430,02/14/15 14:13,20.29,35.7,31,505,0.005262183,0
12431,02/14/15 14:15,20.2,35.59,31,505,0.005216479,0
12432,02/14/15 14:16,20.2,35.7,31,506.6666667,0.005232737,0
12433,02/14/15 14:17,20.2,35.7,31,511.5,0.005232737,0
12434,02/14/15 14:18,20.2,35.7,31,511,0.005232737,0
12435,02/14/15 14:19,20.2,35.7,33.5,506.5,0.005232737,0
12436,02/14/15 14:19,20.2,35.7,19,506,0.005232737,0
12437,02/14/15 14:21,20.2,35.7,37,507.25,0.005232737,0
12438,02/14/15 14:22,20.16666667,35.7,37,504,0.005221868,0
12439,02/14/15 14:23,20.16666667,35.73,37,507,0.005226293,0
12440,02/14/15 14:23,20.15,35.7,47.75,510,0.005216442,0
12441,02/14/15 14:25,20.1,35.7,40.5,506.75,0.005200191,0
12442,02/14/15 14:25,20.1,35.745,40.5,506,0.005206801,0
12443,02/14/15 14:26,20.13333333,35.79,39.33333333,511.3333333,0.005224267,0
12444,02/14/15 14:28,20.13333333,35.79,37,509.3333333,0.005224267,0
12445,02/14/15 14:29,20.15,35.79,37,511,0.005229703,0
12446,02/14/15 14:30,20.1,35.79,19,508.3333333,0.005213411,0
12447,02/14/15 14:31,20.1,35.79,19,516,0.005213411,0
12448,02/14/15 14:31,20.13333333,35.86333333,32.66666667,510,0.005235062,0
12449,02/14/15 14:32,20.15,35.79,31,510.5,0.005229703,0
12450,02/14/15 14:34,20.1,35.878,31,508.6,0.005226337,0
12451,02/14/15 14:35,20.1,35.9,31,513,0.005229569,0
12452,02/14/15 14:36,20.1,35.86333333,31,508.3333333,0.005224183,0
12453,02/14/15 14:37,20.1,35.79,31,506.6666667,0.005213411,0
12454,02/14/15 14:38,20.1,35.9,13,509.25,0.005229569,0
12455,02/14/15 14:38,20.1,35.9,13,510,0.005229569,0
12456,02/14/15 14:39,20.1,35.9,13,511,0.005229569,0
12457,02/14/15 14:41,20.1,35.9,22,511,0.005229569,0
12458,02/14/15 14:42,20.05,35.8725,32.25,505.5,0.005209244,0
12459,02/14/15 14:43,20.05,35.925,28,504.5,0.005216931,0
12460,02/14/15 14:44,20.05,35.95,37,505,0.005220592,0
12461,02/14/15 14:44,20.05,35.95,37,508,0.005220592,0
12462,02/14/15 14:45,20,35.9,37,506.3333333,0.005197017,0
12463,02/14/15 14:47,20,35.9,37,513,0.005197017,0
12464,02/14/15 14:48,20,35.9,45.33333333,511,0.005197017,0
12465,02/14/15 14:49,20,35.9,26,511.3333333,0.005197017,0
12466,02/14/15 14:50,20,35.9,35,511,0.005197017,0
12467,02/14/15 14:51,20,35.9,33.25,504.5,0.005197017,0
12468,02/14/15 14:51,20,35.9,55,505,0.005197017,0
12469,02/14/15 14:53,20,35.9,37,508.25,0.005197017,0
12470,02/14/15 14:54,20,35.9,37,506.3333333,0.005197017,0
12471,02/14/15 14:55,20,35.925,37,508.75,0.005200667,0
12472,02/14/15 14:55,20,35.9,37,512.5,0.005197017,0
12473,02/14/15 14:57,20,35.9,37,514,0.005197017,0
12474,02/14/15 14:57,20,35.95,28,508,0.005204316,0
12475,02/14/15 14:58,20,36,19,513,0.005211615,0
12476,02/14/15 15:00,20,36,33.5,510.5,0.005211615,0
12477,02/14/15 15:01,19.9725,36,26.5,506.75,0.00520267,0
12478,02/14/15 15:02,19.96333333,36,13,508.6666667,0.005199691,0
12479,02/14/15 15:03,19.945,36,26.5,510.5,0.005193738,0
12480,02/14/15 15:04,20,36,24,513,0.005211615,0
12481,02/14/15 15:04,19.945,36,24,513,0.005193738,0
12482,02/14/15 15:06,19.945,36,24,512,0.005193738,0
12483,02/14/15 15:07,19.89,36,24,514,0.005175915,0
12484,02/14/15 15:08,19.92666667,36,24,509,0.005187791,0
12485,02/14/15 15:08,19.92666667,36,24,506,0.005187791,0
12486,02/14/15 15:10,19.89,36,24,505.5,0.005175915,0
12487,02/14/15 15:10,19.89,36,24,506.5,0.005175915,0
12488,02/14/15 15:11,19.89,36,24,509.5,0.005175915,0
12489,02/14/15 15:13,19.89,36.09,24,513.5,0.005188963,0
12490,02/14/15 15:14,19.89,36.09,24,513,0.005188963,0
12491,02/14/15 15:15,19.89,36,24,512,0.005175915,0
12492,02/14/15 15:16,19.89,36,24,509,0.005175915,0
12493,02/14/15 15:16,19.89,36,14,502.75,0.005175915,0
12494,02/14/15 15:17,19.89,36,20.33333333,503.3333333,0.005175915,0
12495,02/14/15 15:19,19.89,36.045,26.5,511,0.005182439,0
12496,02/14/15 15:20,19.89,36.12666667,25,517.6666667,0.005194278,0
12497,02/14/15 15:21,19.89,36.2,25.25,518,0.005204911,0
12498,02/14/15 15:22,19.89,36.2,44,519,0.005204911,0
12499,02/14/15 15:23,19.89,36.29,47,509,0.005217959,0
12500,02/14/15 15:23,19.89,36.29,62.5,510,0.005217959,0
12501,02/14/15 15:24,19.89,36.29,63,510.5,0.005217959,0
12502,02/14/15 15:26,19.89,36.29,52.25,508,0.005217959,0
12503,02/14/15 15:27,19.89,36.29,57,509,0.005217959,0
12504,02/14/15 15:28,19.89,36.29,48.5,511,0.005217959,0
12505,02/14/15 15:29,19.89,36.23,37,511,0.00520926,0
12506,02/14/15 15:29,19.89,36.2,33.5,513.5,0.005204911,0
12507,02/14/15 15:30,19.89,36.2,31,518.5,0.005204911,0
12508,02/14/15 15:32,19.945,36.2,31,514,0.005222834,0
12509,02/14/15 15:33,19.89,36.2,31,512,0.005204911,0
12510,02/14/15 15:34,19.89,36.2,31,509,0.005204911,0
12511,02/14/15 15:35,19.89,36.2,31,510.5,0.005204911,0
12512,02/14/15 15:36,19.89,36.2,31,511,0.005204911,0
12513,02/14/15 15:36,19.84,36.245,13,512,0.005195167,0
12514,02/14/15 15:38,19.865,36.245,17.5,510.75,0.005203296,0
12515,02/14/15 15:39,19.82333333,36.2,13,513,0.005183258,0
12516,02/14/15 15:40,19.815,36.145,13,511.6666667,0.00517262,0
12517,02/14/15 15:40,19.79,36.1725,26.5,509.8,0.0051685,0
12518,02/14/15 15:42,19.79,36.09,32,513,0.005156614,0
12519,02/14/15 15:42,19.79,36.145,14,508.5,0.005164538,0
12520,02/14/15 15:43,19.79,36.2,24,510.5,0.005172462,0
12521,02/14/15 15:45,19.79,36.2,24,509,0.005172462,0
12522,02/14/15 15:46,19.84,36.145,24,513,0.005180715,0
12523,02/14/15 15:47,19.82333333,36.12666667,24,515.3333333,0.00517267,0
12524,02/14/15 15:48,19.79,36.2,24,516.5,0.005172462,0
12525,02/14/15 15:49,19.79,36.2,24,512.6666667,0.005172462,0
12526,02/14/15 15:49,19.79,36.2,24,512,0.005172462,0
12527,02/14/15 15:51,19.79,36.2,24,512,0.005172462,0
12528,02/14/15 15:52,19.79,36.2,24,504,0.005172462,0
12529,02/14/15 15:53,19.79,36.2,24,507.5,0.005172462,0
12530,02/14/15 15:53,19.79,36.2,24,505.5,0.005172462,0
12531,02/14/15 15:55,19.79,36.16333333,24,509,0.005167179,0
12532,02/14/15 15:55,19.89,36.2,24,515.6666667,0.005204911,0
12533,02/14/15 15:56,19.89,36.145,32,516,0.005196936,0
12534,02/14/15 15:58,19.89,36.09,13,515,0.005188963,0
12535,02/14/15 15:59,19.89,36.09,22,513,0.005188963,0
12536,02/14/15 16:00,19.89,36.0675,25.5,512.25,0.005185701,0
12537,02/14/15 16:01,19.89,36,33.5,515,0.005175915,0
12538,02/14/15 16:01,19.945,35.925,23.5,510.5,0.005182827,0
12539,02/14/15 16:02,20,35.9,37,500,0.005197017,0
12540,02/14/15 16:04,19.92666667,35.9,37,506.6666667,0.00517326,0
12541,02/14/15 16:05,20,35.9,37,513,0.005197017,0
12542,02/14/15 16:06,20,35.9,37,517,0.005197017,0
12543,02/14/15 16:07,20,35.9,19,516.5,0.005197017,0
12544,02/14/15 16:08,20,35.79,48,516,0.005180961,0
12545,02/14/15 16:08,20,35.79,20,516,0.005180961,0
12546,02/14/15 16:09,20,35.79,31,512,0.005180961,0
12547,02/14/15 16:11,20,35.745,17.5,511.5,0.005174392,0
12548,02/14/15 16:12,20,35.7,13,515,0.005167824,0
12549,02/14/15 16:13,20.05,35.745,13,521.5,0.005190574,0
12550,02/14/15 16:14,20.06666667,35.76,22,517,0.005198177,0
12551,02/14/15 16:14,20.1,35.9,26.5,509,0.005229569,0
12552,02/14/15 16:15,20,35.79,40,512,0.005180961,0
12553,02/14/15 16:17,20,35.79,40,514.5,0.005180961,0
12554,02/14/15 16:18,20,35.79,26.5,515,0.005180961,0
12555,02/14/15 16:19,20,35.79,13,522,0.005180961,0
12556,02/14/15 16:20,20.06666667,35.86333333,13,519.3333333,0.005213323,0
12557,02/14/15 16:21,20,35.745,22,524,0.005174392,0
12558,02/14/15 16:21,20.1,35.82666667,32.66666667,518.3333333,0.005218796,0
12559,02/14/15 16:23,20,35.7,19,517,0.005167824,0
12560,02/14/15 16:24,20.05,35.745,19,513.5,0.005190574,0
12561,02/14/15 16:25,20.1,35.79,19,512.5,0.005213411,0
12562,02/14/15 16:25,20.1,35.73,19,510,0.005204597,0
12563,02/14/15 16:27,20.1,35.745,33.5,509,0.005206801,0
12564,02/14/15 16:27,20.1,35.745,25,509,0.005206801,0
12565,02/14/15 16:28,20.1,35.79,31,516,0.005213411,0
12566,02/14/15 16:30,20.1,35.79,25,516,0.005213411,0
12567,02/14/15 16:31,20.05,35.845,26.5,516,0.005205217,0
12568,02/14/15 16:32,20,35.79,40,516,0.005180961,0
12569,02/14/15 16:33,20.03333333,35.82666667,31,513.3333333,0.005197121,0
12570,02/14/15 16:34,20.03333333,35.9,24,512.3333333,0.005207848,0
12571,02/14/15 16:34,20,35.9,24,514.75,0.005197017,0
12572,02/14/15 16:36,20,35.9,24,518,0.005197017,0
12573,02/14/15 16:37,20,35.9,24,516.5,0.005197017,0
12574,02/14/15 16:38,20,35.9,24,518,0.005197017,0
12575,02/14/15 16:38,20,35.86333333,24,516.6666667,0.005191665,0
12576,02/14/15 16:40,20.03333333,35.86333333,24,518,0.005202484,0
12577,02/14/15 16:40,20.05,35.845,24,514,0.005205217,0
12578,02/14/15 16:41,20,35.79,24,517,0.005180961,0
12579,02/14/15 16:43,20.03333333,35.82666667,24,518.3333333,0.005197121,0
12580,02/14/15 16:44,20.06666667,35.82666667,24,520,0.005207949,0
12581,02/14/15 16:45,20.1,35.79,24,518,0.005213411,0
12582,02/14/15 16:46,20.1,35.79,14,510,0.005213411,0
12583,02/14/15 16:46,20.06666667,35.76,20.33333333,511.6666667,0.005198177,0
12584,02/14/15 16:47,20.03333333,35.73,20.33333333,510.6666667,0.005182981,0
12585,02/14/15 16:49,20.1,35.82666667,17.33333333,513.6666667,0.005218796,0
12586,02/14/15 16:50,20.1,35.745,24,515,0.005206801,0
12587,02/14/15 16:51,20.1,35.79,24,509,0.005213411,0
12588,02/14/15 16:52,20.05,35.7,24,514,0.005183985,0
12589,02/14/15 16:53,20,35.7,12,517,0.005167824,0
12590,02/14/15 16:53,20.1,35.79,6,519,0.005213411,0
12591,02/14/15 16:54,20,35.7,6,518,0.005167824,0
12592,02/14/15 16:56,20.05,35.745,6,515.5,0.005190574,0
12593,02/14/15 16:57,20,35.7,6,515,0.005167824,0
12594,02/14/15 16:58,20,35.59,6,514,0.005151769,0
12595,02/14/15 16:59,20,35.7,6,513.5,0.005167824,0
12596,02/14/15 16:59,20,35.7,17,509,0.005167824,0
12597,02/14/15 17:00,20,35.7,10,510,0.005167824,0
12598,02/14/15 17:02,20,35.7,11.33333333,513.3333333,0.005167824,0
12599,02/14/15 17:03,20,35.7,14,516,0.005167824,0
12600,02/14/15 17:04,20,35.7,7,515,0.005167824,0
12601,02/14/15 17:05,20,35.7,14,515,0.005167824,0
12602,02/14/15 17:06,20,35.7,7,519.5,0.005167824,0
12603,02/14/15 17:06,20,35.7,14,518,0.005167824,0
12604,02/14/15 17:08,20,35.7,14,514,0.005167824,0
12605,02/14/15 17:09,20,35.7,14,515.5,0.005167824,0
12606,02/14/15 17:10,20,35.7,14,516.5,0.005167824,0
12607,02/14/15 17:10,20,35.66333333,9.333333333,514.3333333,0.005162472,0
12608,02/14/15 17:12,20,35.59,14,515,0.005151769,0
12609,02/14/15 17:12,20,35.7,7,514.5,0.005167824,0
12610,02/14/15 17:13,20,35.7,14,515,0.005167824,0
12611,02/14/15 17:15,20,35.7,14,514.5,0.005167824,0
12612,02/14/15 17:16,20,35.7,14,515,0.005167824,0
12613,02/14/15 17:17,20,35.7,14,519.5,0.005167824,0
12614,02/14/15 17:18,20,35.7,7,517,0.005167824,0
12615,02/14/15 17:19,20,35.7,14,518,0.005167824,0
12616,02/14/15 17:19,20,35.7,7,516,0.005167824,0
12617,02/14/15 17:21,20,35.7,14,520,0.005167824,0
12618,02/14/15 17:22,20,35.66333333,14,518.6666667,0.005162472,0
12619,02/14/15 17:23,20,35.59,14,520,0.005151769,0
12620,02/14/15 17:23,20,35.59,14,520,0.005151769,0
12621,02/14/15 17:25,20,35.59,14,521.5,0.005151769,0
12622,02/14/15 17:25,20,35.59,14,521,0.005151769,0
12623,02/14/15 17:26,20,35.59,14,516,0.005151769,0
12624,02/14/15 17:28,20,35.59,14,516.5,0.005151769,0
12625,02/14/15 17:29,20,35.59,14,521,0.005151769,0
12626,02/14/15 17:30,20,35.59,14,522,0.005151769,0
12627,02/14/15 17:31,20,35.5,14,519.3333333,0.005138633,0
12628,02/14/15 17:31,20,35.5,0,515,0.005138633,0
12629,02/14/15 17:32,20,35.5,0,512,0.005138633,0
12630,02/14/15 17:34,20,35.5,4.666666667,516.3333333,0.005138633,0
12631,02/14/15 17:35,19.945,35.5,0,513,0.005121009,0
12632,02/14/15 17:36,20,35.5,0,516,0.005138633,0
12633,02/14/15 17:37,20,35.5,7,516.5,0.005138633,0
12634,02/14/15 17:38,20,35.5,0,515.3333333,0.005138633,0
12635,02/14/15 17:38,20,35.5,0,516,0.005138633,0
12636,02/14/15 17:39,20,35.45,7,515,0.005131336,0
12637,02/14/15 17:41,20,35.4,4.666666667,523,0.005124039,0
12638,02/14/15 17:42,20,35.4,0,521,0.005124039,0
12639,02/14/15 17:43,20,35.5,0,519,0.005138633,0
12640,02/14/15 17:44,20,35.4,0,517,0.005124039,0
12641,02/14/15 17:44,20,35.4,4.666666667,514,0.005124039,0
12642,02/14/15 17:45,20,35.4,0,516,0.005124039,0
12643,02/14/15 17:47,19.89,35.45,0,518.5,0.00509619,0
12644,02/14/15 17:48,19.89,35.5,0,519,0.005103437,0
12645,02/14/15 17:49,19.89,35.5,0,516.6666667,0.005103437,0
12646,02/14/15 17:50,19.89,35.5,0,516,0.005103437,0
12647,02/14/15 17:51,19.89,35.5,0,515,0.005103437,0
12648,02/14/15 17:51,19.89,35.5,0,516.5,0.005103437,0
12649,02/14/15 17:53,19.92666667,35.4,0,518.6666667,0.005100619,0
12650,02/14/15 17:54,19.89,35.45,0,517,0.00509619,0
12651,02/14/15 17:55,19.89,35.5,0,518,0.005103437,0
12652,02/14/15 17:55,19.89,35.5,0,514.5,0.005103437,0
12653,02/14/15 17:57,19.89,35.5,0,516,0.005103437,0
12654,02/14/15 17:57,19.89,35.5,0,519,0.005103437,0
12655,02/14/15 17:58,19.89,35.5,0,515.5,0.005103437,0
12656,02/14/15 18:00,19.89,35.5,0,515.5,0.005103437,0
12657,02/14/15 18:01,19.89,35.5,0,511,0.005103437,0
12658,02/14/15 18:02,19.89,35.5,0,509,0.005103437,0
12659,02/14/15 18:03,19.84,35.5,0,513.5,0.00508751,0
12660,02/14/15 18:04,19.89,35.5,0,515,0.005103437,0
12661,02/14/15 18:04,19.79,35.5,0,515,0.005071626,0
12662,02/14/15 18:06,19.89,35.5,0,514,0.005103437,0
12663,02/14/15 18:07,19.84,35.45,0,520,0.005080286,0
12664,02/14/15 18:08,19.89,35.5,0,517.3333333,0.005103437,0
12665,02/14/15 18:08,19.84,35.5,0,513.5,0.00508751,0
12666,02/14/15 18:10,19.89,35.5,0,514.5,0.005103437,0
12667,02/14/15 18:10,19.89,35.5,0,522,0.005103437,0
12668,02/14/15 18:11,19.79,35.5,0,523,0.005071626,0
12669,02/14/15 18:13,19.84,35.45,0,522.5,0.005080286,0
12670,02/14/15 18:14,19.79,35.5,0,515,0.005071626,0
12671,02/14/15 18:15,19.79,35.5,0,517,0.005071626,0
12672,02/14/15 18:16,19.79,35.5,0,515,0.005071626,0
12673,02/14/15 18:16,19.79,35.5,0,513.5,0.005071626,0
12674,02/14/15 18:17,19.79,35.5,0,520,0.005071626,0
12675,02/14/15 18:19,19.79,35.5,0,517,0.005071626,0
12676,02/14/15 18:20,19.79,35.5,0,513,0.005071626,0
12677,02/14/15 18:21,19.79,35.5,0,517.5,0.005071626,0
12678,02/14/15 18:22,19.79,35.5,0,520,0.005071626,0
12679,02/14/15 18:23,19.84,35.5,0,519.5,0.00508751,0
12680,02/14/15 18:23,19.89,35.5,0,522,0.005103437,0
12681,02/14/15 18:24,19.79,35.4,0,518.5,0.005057224,0
12682,02/14/15 18:26,19.79,35.4,0,519.5,0.005057224,0
12683,02/14/15 18:27,19.84,35.45,0,517,0.005080286,0
12684,02/14/15 18:28,19.85666667,35.46666667,0,522.75,0.005087993,0
12685,02/14/15 18:29,19.89,35.5,0,523,0.005103437,0
12686,02/14/15 18:29,19.79,35.4,0,523,0.005057224,0
12687,02/14/15 18:30,19.89,35.5,0,526,0.005103437,0
12688,02/14/15 18:32,19.89,35.5,0,526.6666667,0.005103437,0
12689,02/14/15 18:33,19.89,35.45,0,524.5,0.00509619,0
12690,02/14/15 18:34,19.84,35.4,0,521,0.005073062,0
12691,02/14/15 18:35,19.85666667,35.4,0,524,0.005078351,0
12692,02/14/15 18:36,19.84,35.4,0,523,0.005073062,0
12693,02/14/15 18:36,19.89,35.45,0,522.5,0.00509619,0
12694,02/14/15 18:38,19.79,35.4,0,512,0.005057224,0
12695,02/14/15 18:39,19.89,35.5,0,521,0.005103437,0
12696,02/14/15 18:40,19.79,35.4,0,521,0.005057224,0
12697,02/14/15 18:40,19.84,35.45,0,518.5,0.005080286,0
12698,02/14/15 18:42,19.79,35.4,0,517,0.005057224,0
12699,02/14/15 18:42,19.89,35.46666667,0,519.6666667,0.005098606,0
12700,02/14/15 18:43,19.89,35.5,0,519,0.005103437,0
12701,02/14/15 18:45,19.89,35.45,0,519,0.00509619,0
12702,02/14/15 18:46,19.82333333,35.4,0,516.3333333,0.005067777,0
12703,02/14/15 18:47,19.84,35.45,0,519,0.005080286,0
12704,02/14/15 18:48,19.84,35.45,0,519,0.005080286,0
12705,02/14/15 18:49,19.89,35.4,0,522,0.005088944,0
12706,02/14/15 18:49,19.84,35.4,0,521.5,0.005073062,0
12707,02/14/15 18:51,19.865,35.4,0,515.25,0.005080997,0
12708,02/14/15 18:52,19.89,35.4,0,521,0.005088944,0
12709,02/14/15 18:53,19.84,35.4,0,520,0.005073062,0
12710,02/14/15 18:53,19.84,35.4,0,523.5,0.005073062,0
12711,02/14/15 18:55,19.89,35.4,0,523,0.005088944,0
12712,02/14/15 18:55,19.79,35.4,0,525,0.005057224,0
12713,02/14/15 18:56,19.84,35.4,0,524,0.005073062,0
12714,02/14/15 18:58,19.89,35.4,0,520.5,0.005088944,0
12715,02/14/15 18:59,19.89,35.45,0,522.5,0.00509619,0
12716,02/14/15 19:00,19.84,35.45,0,524.5,0.005080286,0
12717,02/14/15 19:01,19.89,35.4,0,522,0.005088944,0
12718,02/14/15 19:01,19.84,35.4,0,524.5,0.005073062,0
12719,02/14/15 19:02,19.89,35.4,0,520.5,0.005088944,0
12720,02/14/15 19:04,19.84,35.345,0,522.5,0.005065116,0
12721,02/14/15 19:05,19.85666667,35.4,0,521.6666667,0.005078351,0
12722,02/14/15 19:06,19.79,35.4,0,522,0.005057224,0
12723,02/14/15 19:07,19.84,35.45,0,523,0.005080286,0
12724,02/14/15 19:08,19.89,35.45,0,523.5,0.00509619,0
12725,02/14/15 19:08,19.89,35.4,0,525,0.005088944,0
12726,02/14/15 19:09,19.84,35.4,0,523.5,0.005073062,0
12727,02/14/15 19:11,19.89,35.4,0,518,0.005088944,0
12728,02/14/15 19:12,19.85666667,35.4,0,520.6666667,0.005078351,0
12729,02/14/15 19:13,19.79,35.4,0,523,0.005057224,0
12730,02/14/15 19:14,19.89,35.45,0,521.5,0.00509619,0
12731,02/14/15 19:14,19.79,35.4,0,520,0.005057224,0
12732,02/14/15 19:15,19.79,35.45,0,515,0.005064425,0
12733,02/14/15 19:17,19.79,35.45,0,519.5,0.005064425,0
12734,02/14/15 19:18,19.79,35.4,0,521.5,0.005057224,0
12735,02/14/15 19:19,19.79,35.4,0,524,0.005057224,0
12736,02/14/15 19:20,19.79,35.4,0,528,0.005057224,0
12737,02/14/15 19:21,19.79,35.5,0,527.5,0.005071626,0
12738,02/14/15 19:21,19.79,35.45,0,529,0.005064425,0
12739,02/14/15 19:23,19.79,35.4,0,532,0.005057224,0
12740,02/14/15 19:24,19.79,35.4,0,532,0.005057224,0
12741,02/14/15 19:25,19.84,35.45,0,525.3333333,0.005080286,0
12742,02/14/15 19:25,19.79,35.4,0,524,0.005057224,0
12743,02/14/15 19:27,19.79,35.4,0,524,0.005057224,0
12744,02/14/15 19:27,19.84,35.45,0,521.5,0.005080286,0
12745,02/14/15 19:28,19.82333333,35.43333333,0,522.3333333,0.005072588,0
12746,02/14/15 19:30,19.79,35.4,0,519,0.005057224,0
12747,02/14/15 19:31,19.84,35.45,0,526,0.005080286,0
12748,02/14/15 19:32,19.89,35.4,0,525.5,0.005088944,0
12749,02/14/15 19:33,19.89,35.5,0,522,0.005103437,0
12750,02/14/15 19:34,19.84,35.45,0,526,0.005080286,0
12751,02/14/15 19:34,19.84,35.45,0,521.5,0.005080286,0
12752,02/14/15 19:36,19.85666667,35.46666667,0,521.3333333,0.005087993,0
12753,02/14/15 19:37,19.89,35.4,0,521,0.005088944,0
12754,02/14/15 19:38,19.85666667,35.4,0,519.3333333,0.005078351,0
12755,02/14/15 19:38,19.84,35.345,0,524.5,0.005065116,0
12756,02/14/15 19:40,19.85666667,35.4,0,524.3333333,0.005078351,0
12757,02/14/15 19:40,19.89,35.4,0,522,0.005088944,0
12758,02/14/15 19:41,19.84,35.345,0,520.5,0.005065116,0
12759,02/14/15 19:43,19.89,35.4,0,518,0.005088944,0
12760,02/14/15 19:44,19.82333333,35.4,0,519,0.005067777,0
12761,02/14/15 19:45,19.84,35.4,0,523,0.005073062,0
12762,02/14/15 19:46,19.82333333,35.4,0,521.6666667,0.005067777,0
12763,02/14/15 19:46,19.79,35.4,0,523.3333333,0.005057224,0
12764,02/14/15 19:47,19.82333333,35.4,0,521.3333333,0.005067777,0
12765,02/14/15 19:49,19.89,35.4,0,526,0.005088944,0
12766,02/14/15 19:50,19.89,35.4,0,526,0.005088944,0
12767,02/14/15 19:51,19.89,35.4,0,519,0.005088944,0
12768,02/14/15 19:52,19.89,35.4,0,518.5,0.005088944,0
12769,02/14/15 19:53,19.89,35.4,0,518,0.005088944,0
12770,02/14/15 19:53,19.89,35.4,0,515,0.005088944,0
12771,02/14/15 19:54,19.89,35.4,0,515,0.005088944,0
12772,02/14/15 19:56,19.89,35.4,0,512.5,0.005088944,0
12773,02/14/15 19:57,19.89,35.4,0,512.5,0.005088944,0
12774,02/14/15 19:58,19.84,35.345,0,506,0.005065116,0
12775,02/14/15 19:59,19.79,35.345,0,508,0.005049303,0
12776,02/14/15 19:59,19.89,35.4,0,512,0.005088944,0
12777,02/14/15 20:00,19.79,35.4,0,518,0.005057224,0
12778,02/14/15 20:02,19.79,35.4,0,518.25,0.005057224,0
12779,02/14/15 20:03,19.79,35.4,0,512,0.005057224,0
12780,02/14/15 20:04,19.79,35.4,0,512,0.005057224,0
12781,02/14/15 20:05,19.84,35.345,0,510.5,0.005065116,0
12782,02/14/15 20:06,19.79,35.4,0,512,0.005057224,0
12783,02/14/15 20:06,19.79,35.345,0,512,0.005049303,0
12784,02/14/15 20:08,19.79,35.4,0,509,0.005057224,0
12785,02/14/15 20:09,19.79,35.425,0,517,0.005060824,0
12786,02/14/15 20:10,19.79,35.5,0,524,0.005071626,0
12787,02/14/15 20:10,19.79,35.5,0,524,0.005071626,0
12788,02/14/15 20:12,19.79,35.4,0,523.3333333,0.005057224,0
12789,02/14/15 20:12,19.79,35.4,0,523,0.005057224,0
12790,02/14/15 20:13,19.84,35.4,0,519,0.005073062,0
12791,02/14/15 20:15,19.79,35.29,0,519,0.005041382,0
12792,02/14/15 20:16,19.79,35.29,0,521,0.005041382,0
12793,02/14/15 20:17,19.84,35.345,0,524,0.005065116,0
12794,02/14/15 20:18,19.79,35.345,0,519,0.005049303,0
12795,02/14/15 20:19,19.84,35.345,0,525,0.005065116,0
12796,02/14/15 20:19,19.84,35.3725,0,523.25,0.005069089,0
12797,02/14/15 20:21,19.79,35.4,0,527,0.005057224,0
12798,02/14/15 20:22,19.84,35.4,0,531,0.005073062,0
12799,02/14/15 20:23,19.84,35.4,0,527.5,0.005073062,0
12800,02/14/15 20:23,19.89,35.4,0,529,0.005088944,0
12801,02/14/15 20:25,19.89,35.4,0,528.5,0.005088944,0
12802,02/14/15 20:25,19.89,35.4,0,532,0.005088944,0
12803,02/14/15 20:26,19.89,35.4,0,527,0.005088944,0
12804,02/14/15 20:28,19.85666667,35.36333333,0,525.3333333,0.005073048,0
12805,02/14/15 20:29,19.89,35.4,0,529,0.005088944,0
12806,02/14/15 20:30,19.89,35.4,0,529,0.005088944,0
12807,02/14/15 20:31,19.89,35.4,0,531,0.005088944,0
12808,02/14/15 20:31,19.89,35.4,0,530.5,0.005088944,0
12809,02/14/15 20:32,19.89,35.4,0,529,0.005088944,0
12810,02/14/15 20:34,19.89,35.4,0,529.3333333,0.005088944,0
12811,02/14/15 20:35,19.89,35.4,0,525,0.005088944,0
12812,02/14/15 20:36,19.89,35.4,0,531.6666667,0.005088944,0
12813,02/14/15 20:37,19.89,35.4,0,528,0.005088944,0
12814,02/14/15 20:38,19.89,35.4,0,528,0.005088944,0
12815,02/14/15 20:38,19.89,35.4,0,529,0.005088944,0
12816,02/14/15 20:39,19.89,35.4,0,530,0.005088944,0
12817,02/14/15 20:41,19.89,35.4,0,527,0.005088944,0
12818,02/14/15 20:42,19.89,35.4,0,526.6666667,0.005088944,0
12819,02/14/15 20:43,19.89,35.4,0,533,0.005088944,0
12820,02/14/15 20:44,19.89,35.4,0,533,0.005088944,0
12821,02/14/15 20:44,19.89,35.4,0,535,0.005088944,0
12822,02/14/15 20:45,19.89,35.4,0,533,0.005088944,0
12823,02/14/15 20:47,19.89,35.4,0,533.5,0.005088944,0
12824,02/14/15 20:48,19.89,35.4,0,534.5,0.005088944,0
12825,02/14/15 20:49,19.89,35.4,0,532,0.005088944,0
12826,02/14/15 20:50,19.89,35.4,0,531.3333333,0.005088944,0
12827,02/14/15 20:51,19.89,35.4,0,529,0.005088944,0
12828,02/14/15 20:51,19.89,35.4,0,533,0.005088944,0
12829,02/14/15 20:53,19.89,35.45,0,531,0.00509619,0
12830,02/14/15 20:54,19.84,35.45,0,525,0.005080286,0
12831,02/14/15 20:55,19.85666667,35.46666667,0,528.3333333,0.005087993,0
12832,02/14/15 20:55,19.89,35.5,0,525,0.005103437,0
12833,02/14/15 20:57,19.84,35.45,0,525,0.005080286,0
12834,02/14/15 20:57,19.89,35.43333333,0,526.3333333,0.005093775,0
12835,02/14/15 20:58,19.89,35.4,0,534,0.005088944,0
12836,02/14/15 21:00,19.89,35.4,0,534.25,0.005088944,0
12837,02/14/15 21:01,19.89,35.4,0,533,0.005088944,0
12838,02/14/15 21:02,19.89,35.4,0,532,0.005088944,0
12839,02/14/15 21:03,19.89,35.4,0,534.5,0.005088944,0
12840,02/14/15 21:04,19.89,35.345,0,540,0.005080973,0
12841,02/14/15 21:04,19.89,35.29,0,536,0.005073002,0
12842,02/14/15 21:06,19.945,35.29,0,533.5,0.005090467,0
12843,02/14/15 21:07,19.89,35.29,0,529.5,0.005073002,0
12844,02/14/15 21:08,19.945,35.29,0,530,0.005090467,0
12845,02/14/15 21:08,20,35.29,0,532,0.005107986,0
12846,02/14/15 21:10,20,35.26,0,534.3333333,0.005103608,0
12847,02/14/15 21:10,20,35.245,0,533.5,0.005101419,0
12848,02/14/15 21:11,19.945,35.29,0,536,0.005090467,0
12849,02/14/15 21:13,19.945,35.2,0,538,0.005077379,0
12850,02/14/15 21:14,20,35.2,0,534,0.005094853,0
12851,02/14/15 21:15,20,35.2,0,538,0.005094853,0
12852,02/14/15 21:16,20,35.2,0,533,0.005094853,0
12853,02/14/15 21:16,20,35.2,0,532.5,0.005094853,0
12854,02/14/15 21:17,20,35.2,0,532.6666667,0.005094853,0
12855,02/14/15 21:19,20,35.2,0,529,0.005094853,0
12856,02/14/15 21:20,20,35.2,0,531,0.005094853,0
12857,02/14/15 21:21,20,35.145,0,534.5,0.005086827,0
12858,02/14/15 21:22,20,35.145,0,532.5,0.005086827,0
12859,02/14/15 21:23,20,35.09,0,532.5,0.005078801,0
12860,02/14/15 21:23,20,35.145,0,533.5,0.005086827,0
12861,02/14/15 21:24,20,35.09,0,539,0.005078801,0
12862,02/14/15 21:26,20,35.2,0,537.3333333,0.005094853,0
12863,02/14/15 21:27,20,35.2,0,533,0.005094853,0
12864,02/14/15 21:28,20,35.145,0,533.5,0.005086827,0
12865,02/14/15 21:29,20,35.09,0,533,0.005078801,0
12866,02/14/15 21:29,20,35.09,0,535,0.005078801,0
12867,02/14/15 21:30,19.89,35.145,0,533,0.005051988,0
12868,02/14/15 21:32,19.89,35.2,0,534,0.005059959,0
12869,02/14/15 21:33,19.89,35.29,0,533.5,0.005073002,0
12870,02/14/15 21:34,19.89,35.2,0,532,0.005059959,0
12871,02/14/15 21:35,19.89,35.2,0,534,0.005059959,0
12872,02/14/15 21:36,19.89,35.2,0,531,0.005059959,0
12873,02/14/15 21:36,19.89,35.2,0,526.5,0.005059959,0
12874,02/14/15 21:38,19.89,35.2,0,532.25,0.005059959,0
12875,02/14/15 21:39,19.89,35.2,0,524,0.005059959,0
12876,02/14/15 21:40,19.79,35.2225,0,527.75,0.005031661,0
12877,02/14/15 21:40,19.79,35.26,0,528.6666667,0.005037061,0
12878,02/14/15 21:42,19.89,35.2,0,529,0.005059959,0
12879,02/14/15 21:42,19.82333333,35.23,0,530.6666667,0.005043243,0
12880,02/14/15 21:43,19.79,35.145,0,528,0.0050205,0
12881,02/14/15 21:45,19.84,35.145,0,531.5,0.005036223,0
12882,02/14/15 21:46,19.79,35.145,0,531.25,0.0050205,0
12883,02/14/15 21:47,19.79,35.2,0,530.75,0.005028421,0
12884,02/14/15 21:48,19.79,35.2,0,527,0.005028421,0
12885,02/14/15 21:49,19.79,35.2,0,524.5,0.005028421,0
12886,02/14/15 21:49,19.85666667,35.16333333,0,532.3333333,0.005044124,0
12887,02/14/15 21:51,19.89,35.2,0,536.5,0.005059959,0
12888,02/14/15 21:52,19.89,35.2,0,535,0.005059959,0
12889,02/14/15 21:53,19.89,35.2,0,534,0.005059959,0
12890,02/14/15 21:53,19.84,35.2,0,532,0.005044168,0
12891,02/14/15 21:55,19.84,35.2,0,534,0.005044168,0
12892,02/14/15 21:55,19.84,35.345,0,537,0.005065116,0
12893,02/14/15 21:56,19.79,35.4,0,531,0.005057224,0
12894,02/14/15 21:58,19.79,35.29,0,534.5,0.005041382,0
12895,02/14/15 21:59,19.89,35.4,0,532,0.005088944,0
12896,02/14/15 22:00,19.865,35.4,0,535,0.005080997,0
12897,02/14/15 22:01,19.79,35.45,0,537,0.005064425,0
12898,02/14/15 22:01,19.79,35.5,0,535,0.005071626,0
12899,02/14/15 22:02,19.79,35.5,0,533,0.005071626,0
12900,02/14/15 22:04,19.79,35.53,0,534.6666667,0.005075947,0
12901,02/14/15 22:05,19.79,35.69,0,535,0.005098992,0
12902,02/14/15 22:06,19.79,35.845,0,532,0.005121319,0
12903,02/14/15 22:07,19.79,35.645,0,534,0.005092511,0
12904,02/14/15 22:08,19.79,35.7,0,534,0.005100433,0
12905,02/14/15 22:08,19.89,35.745,0,530.5,0.005138949,0
12906,02/14/15 22:09,19.89,35.7,0,523,0.005132426,0
12907,02/14/15 22:11,19.89,35.66333333,0,528.6666667,0.005127111,0
12908,02/14/15 22:12,19.89,35.745,0,532.5,0.005138949,0
12909,02/14/15 22:13,19.89,35.7,0,528,0.005132426,0
12910,02/14/15 22:14,19.89,35.7,0,530,0.005132426,0
12911,02/14/15 22:14,19.89,35.7,0,530,0.005132426,0
12912,02/14/15 22:15,19.89,35.73,0,532.6666667,0.005136775,0
12913,02/14/15 22:17,19.89,35.745,0,532,0.005138949,0
12914,02/14/15 22:18,19.89,35.7,0,524,0.005132426,0
12915,02/14/15 22:19,19.89,35.79,0,528,0.005145472,0
12916,02/14/15 22:20,19.89,35.845,0,529,0.005153445,0
12917,02/14/15 22:21,19.89,35.93333333,0,529.3333333,0.00516625,0
12918,02/14/15 22:21,19.89,35.925,0,532,0.005165042,0
12919,02/14/15 22:23,19.89,36,0,533,0.005175915,0
12920,02/14/15 22:24,19.89,35.95,0,535.5,0.005168666,0
12921,02/14/15 22:25,19.89,35.9,0,535,0.005161418,0
12922,02/14/15 22:25,19.89,35.95,0,529.5,0.005168666,0
12923,02/14/15 22:27,19.89,36,0,531.6666667,0.005175915,0
12924,02/14/15 22:27,19.89,36,0,530,0.005175915,0
12925,02/14/15 22:28,19.89,36,0,529.5,0.005175915,0
12926,02/14/15 22:30,19.89,36,0,532.5,0.005175915,0
12927,02/14/15 22:31,19.89,36,0,530,0.005175915,0
12928,02/14/15 22:32,19.89,36,0,531.5,0.005175915,0
12929,02/14/15 22:33,19.89,36,0,527,0.005175915,0
12930,02/14/15 22:34,19.84,36,0,534,0.005159759,0
12931,02/14/15 22:34,19.84,36,0,534,0.005159759,0
12932,02/14/15 22:36,19.89,36.03,0,534.6666667,0.005180264,0
12933,02/14/15 22:37,19.89,36,0,531.5,0.005175915,0
12934,02/14/15 22:38,19.89,36,0,535,0.005175915,0
12935,02/14/15 22:38,19.89,36,0,535,0.005175915,0
12936,02/14/15 22:40,19.89,36,0,535,0.005175915,0
12937,02/14/15 22:40,19.89,36,0,528.5,0.005175915,0
12938,02/14/15 22:41,19.89,35.96666667,0,528,0.005171082,0
12939,02/14/15 22:43,19.89,36,0,533,0.005175915,0
12940,02/14/15 22:44,19.89,36,0,535,0.005175915,0
12941,02/14/15 22:45,19.89,35.9,0,538,0.005161418,0
12942,02/14/15 22:46,19.89,35.9,0,537,0.005161418,0
12943,02/14/15 22:46,19.89,35.9,0,532,0.005161418,0
12944,02/14/15 22:47,19.89,35.9,0,534,0.005161418,0
12945,02/14/15 22:49,19.92666667,35.9,0,535.3333333,0.00517326,0
12946,02/14/15 22:50,19.89,35.9,0,537,0.005161418,0
12947,02/14/15 22:51,19.945,35.845,0,541.5,0.00517119,0
12948,02/14/15 22:52,20,35.79,0,532.5,0.005180961,0
12949,02/14/15 22:53,20,35.79,0,532,0.005180961,0
12950,02/14/15 22:53,20,35.79,0,534.5,0.005180961,0
12951,02/14/15 22:54,20,35.79,0,538,0.005180961,0
12952,02/14/15 22:56,20,35.79,0,535,0.005180961,0
12953,02/14/15 22:57,20,35.79,0,537,0.005180961,0
12954,02/14/15 22:58,20,35.79,0,535,0.005180961,0
12955,02/14/15 22:59,20,35.79,0,533,0.005180961,0
12956,02/14/15 22:59,20,35.79,0,534,0.005180961,0
12957,02/14/15 23:00,20,35.79,0,531,0.005180961,0
12958,02/14/15 23:02,20,35.79,0,535.5,0.005180961,0
12959,02/14/15 23:03,20,35.79,0,535,0.005180961,0
12960,02/14/15 23:04,20,35.79,0,535,0.005180961,0
12961,02/14/15 23:05,20,35.79,0,533.5,0.005180961,0
12962,02/14/15 23:06,20,35.79,0,530,0.005180961,0
12963,02/14/15 23:06,20,35.79,0,529.5,0.005180961,0
12964,02/14/15 23:08,20,35.79,0,529,0.005180961,0
12965,02/14/15 23:09,20,35.79,0,527.6666667,0.005180961,0
12966,02/14/15 23:10,20,35.79,0,530,0.005180961,0
12967,02/14/15 23:10,20,35.79,0,532,0.005180961,0
12968,02/14/15 23:12,20,35.79,0,532,0.005180961,0
12969,02/14/15 23:12,20.05,35.745,0,538.5,0.005190574,0
12970,02/14/15 23:13,20.05,35.745,0,542.5,0.005190574,0
12971,02/14/15 23:15,20,35.7,0,533.5,0.005167824,0
12972,02/14/15 23:16,20,35.7,0,535.5,0.005167824,0
12973,02/14/15 23:17,20.05,35.745,0,537,0.005190574,0
12974,02/14/15 23:18,20,35.7,0,543.3333333,0.005167824,0
12975,02/14/15 23:19,20.1,35.79,0,544,0.005213411,0
12976,02/14/15 23:19,20,35.79,0,531.5,0.005180961,0
12977,02/14/15 23:21,20,35.79,0,531.5,0.005180961,0
12978,02/14/15 23:22,20,35.7,0,535,0.005167824,0
12979,02/14/15 23:23,20,35.79,0,539.5,0.005180961,0
12980,02/14/15 23:23,20,35.73,0,535.3333333,0.005172203,0
12981,02/14/15 23:25,20,35.7,0,539,0.005167824,0
12982,02/14/15 23:25,20.05,35.79,0,537,0.005197163,0
12983,02/14/15 23:26,20,35.7,0,539,0.005167824,0
12984,02/14/15 23:28,20,35.7,0,538,0.005167824,0
12985,02/14/15 23:29,20,35.7,0,532.3333333,0.005167824,0
12986,02/14/15 23:30,20,35.7,0,534.5,0.005167824,0
12987,02/14/15 23:31,20,35.7,0,534,0.005167824,0
12988,02/14/15 23:31,20,35.7,0,536.3333333,0.005167824,0
12989,02/14/15 23:32,20,35.7,0,530.5,0.005167824,0
12990,02/14/15 23:34,20.03333333,35.73,0,537,0.005182981,0
12991,02/14/15 23:35,20,35.7,0,537,0.005167824,0
12992,02/14/15 23:36,20,35.7,0,537.5,0.005167824,0
12993,02/14/15 23:37,20,35.7,0,543.3333333,0.005167824,0
12994,02/14/15 23:38,20,35.7,0,537,0.005167824,0
12995,02/14/15 23:38,20,35.79,0,535,0.005180961,0
12996,02/14/15 23:39,20,35.79,0,538.6666667,0.005180961,0
12997,02/14/15 23:41,20,35.7,0,541,0.005167824,0
12998,02/14/15 23:42,20,35.7,0,539,0.005167824,0
12999,02/14/15 23:43,20,35.7,0,540,0.005167824,0
13000,02/14/15 23:44,20,35.7,0,541,0.005167824,0
13001,02/14/15 23:44,20,35.7,0,540,0.005167824,0
13002,02/14/15 23:45,20,35.7,0,536,0.005167824,0
13003,02/14/15 23:47,20.05,35.7,0,540,0.005183985,0
13004,02/14/15 23:48,20,35.7,0,540,0.005167824,0
13005,02/14/15 23:49,20,35.645,0,537.5,0.005159796,0
13006,02/14/15 23:50,20,35.645,0,541,0.005159796,0
13007,02/14/15 23:51,20,35.62666667,0,537.3333333,0.00515712,0
13008,02/14/15 23:51,20,35.59,0,538,0.005151769,0
13009,02/14/15 23:53,20,35.7,0,543.5,0.005167824,0
13010,02/14/15 23:54,20,35.7,0,534,0.005167824,0
13011,02/14/15 23:55,20,35.59,0,533,0.005151769,0
13012,02/14/15 23:55,20,35.7,0,535,0.005167824,0
13013,02/14/15 23:57,20,35.7,0,540,0.005167824,0
13014,02/14/15 23:57,19.89,35.7,0,538.25,0.005132426,0
13015,02/14/15 23:58,19.89,35.79,0,535,0.005145472,0
13016,02/15/15 0:00,19.89,35.745,0,535.5,0.005138949,0
13017,02/15/15 0:01,19.89,35.7,0,541,0.005132426,0
13018,02/15/15 0:02,20,35.7,0,539.3333333,0.005167824,0
13019,02/15/15 0:03,20,35.7,0,541,0.005167824,0
13020,02/15/15 0:04,20,35.7,0,542,0.005167824,0
13021,02/15/15 0:04,19.92666667,35.7,0,540,0.005144202,0
13022,02/15/15 0:06,20,35.7,0,532,0.005167824,0
13023,02/15/15 0:07,19.945,35.7,0,534,0.005150098,0
13024,02/15/15 0:08,20,35.7,0,537,0.005167824,0
13025,02/15/15 0:08,19.92666667,35.7,0,542,0.005144202,0
13026,02/15/15 0:10,20,35.7,0,538.5,0.005167824,0
13027,02/15/15 0:10,19.89,35.645,0,538,0.005124454,0
13028,02/15/15 0:11,19.9175,35.7,0,540.75,0.005141256,0
13029,02/15/15 0:13,20,35.7,0,539,0.005167824,0
13030,02/15/15 0:14,19.96333333,35.66333333,0,529.3333333,0.005150661,0
13031,02/15/15 0:15,20,35.59,0,534.5,0.005151769,0
13032,02/15/15 0:16,20,35.59,0,536,0.005151769,0
13033,02/15/15 0:16,20,35.59,0,531,0.005151769,0
13034,02/15/15 0:17,20,35.59,0,531.5,0.005151769,0
13035,02/15/15 0:19,20,35.59,0,537.3333333,0.005151769,0
13036,02/15/15 0:20,20,35.59,0,534,0.005151769,0
13037,02/15/15 0:21,20,35.5,0,534,0.005138633,0
13038,02/15/15 0:22,20,35.5,0,538,0.005138633,0
13039,02/15/15 0:23,20,35.5,0,534.5,0.005138633,0
13040,02/15/15 0:23,20,35.5,0,537,0.005138633,0
13041,02/15/15 0:24,20,35.5,0,538,0.005138633,0
13042,02/15/15 0:26,19.96333333,35.5,0,538,0.005126878,0
13043,02/15/15 0:27,19.945,35.545,0,544.5,0.005127554,0
13044,02/15/15 0:28,20,35.5,0,542,0.005138633,0
13045,02/15/15 0:29,20,35.5,0,542,0.005138633,0
13046,02/15/15 0:29,20,35.5,0,539,0.005138633,0
13047,02/15/15 0:30,20,35.5,0,540,0.005138633,0
13048,02/15/15 0:32,20,35.5,0,541,0.005138633,0
13049,02/15/15 0:33,20,35.4,0,546,0.005124039,0
13050,02/15/15 0:34,19.96333333,35.46666667,0,541.3333333,0.005122024,0
13051,02/15/15 0:35,19.945,35.5,0,536.5,0.005121009,0
13052,02/15/15 0:36,20,35.5,0,541,0.005138633,0
13053,02/15/15 0:36,20,35.5,0,537.5,0.005138633,0
13054,02/15/15 0:38,20,35.5,0,532.5,0.005138633,0
13055,02/15/15 0:39,20,35.45,0,537,0.005131336,0
13056,02/15/15 0:40,20,35.5,0,542,0.005138633,0
13057,02/15/15 0:40,19.945,35.4,0,540.5,0.005106465,0
13058,02/15/15 0:42,19.945,35.4,0,542,0.005106465,0
13059,02/15/15 0:42,20,35.4,0,539,0.005124039,0
13060,02/15/15 0:43,20,35.4,0,530,0.005124039,0
13061,02/15/15 0:45,19.89,35.45,0,535,0.00509619,0
13062,02/15/15 0:46,19.89,35.4,0,537.5,0.005088944,0
13063,02/15/15 0:47,19.89,35.4,0,540.6666667,0.005088944,0
13064,02/15/15 0:48,19.89,35.4,0,540,0.005088944,0
13065,02/15/15 0:49,19.96333333,35.4,0,544.5,0.005112317,0
13066,02/15/15 0:49,19.89,35.4,0,544,0.005088944,0
13067,02/15/15 0:51,19.945,35.4,0,542.5,0.005106465,0
13068,02/15/15 0:52,19.945,35.4,0,535,0.005106465,0
13069,02/15/15 0:53,20,35.4,0,540,0.005124039,0
13070,02/15/15 0:53,19.89,35.29,0,540,0.005073002,0
13071,02/15/15 0:55,19.89,35.29,0,545,0.005073002,0
13072,02/15/15 0:55,19.89,35.4,0,543.3333333,0.005088944,0
13073,02/15/15 0:56,19.89,35.4,0,542,0.005088944,0
13074,02/15/15 0:58,19.89,35.4,0,544,0.005088944,0
13075,02/15/15 0:59,19.89,35.4,0,544,0.005088944,0
13076,02/15/15 1:00,19.89,35.4,0,542,0.005088944,0
13077,02/15/15 1:01,19.89,35.29,0,537.6666667,0.005073002,0
13078,02/15/15 1:01,19.89,35.345,0,540,0.005080973,0
13079,02/15/15 1:02,19.89,35.4,0,543,0.005088944,0
13080,02/15/15 1:04,19.89,35.29,0,542,0.005073002,0
13081,02/15/15 1:05,19.85666667,35.26,0,544.6666667,0.005058104,0
13082,02/15/15 1:06,19.89,35.29,0,531.5,0.005073002,0
13083,02/15/15 1:07,19.89,35.345,0,530.5,0.005080973,0
13084,02/15/15 1:08,19.89,35.29,0,538,0.005073002,0
13085,02/15/15 1:08,19.89,35.29,0,538,0.005073002,0
13086,02/15/15 1:09,19.89,35.245,0,536,0.00506648,0
13087,02/15/15 1:11,19.89,35.2,0,539.5,0.005059959,0
13088,02/15/15 1:12,19.89,35.2,0,540,0.005059959,0
13089,02/15/15 1:13,19.89,35.2,0,541,0.005059959,0
13090,02/15/15 1:14,19.89,35.2,0,539,0.005059959,0
13091,02/15/15 1:14,19.89,35.2,0,539,0.005059959,0
13092,02/15/15 1:15,19.945,35.2,0,540.5,0.005077379,0
13093,02/15/15 1:17,20,35.2,0,549.5,0.005094853,0
13094,02/15/15 1:18,20,35.09,0,547,0.005078801,0
13095,02/15/15 1:19,19.92666667,35.09,0,543,0.005055589,0
13096,02/15/15 1:20,20,35.045,0,542.5,0.005072235,0
13097,02/15/15 1:21,20,35,0,541,0.005065669,0
13098,02/15/15 1:21,20,35,0,541.5,0.005065669,0
13099,02/15/15 1:23,19.945,35,0,540,0.005048296,0
13100,02/15/15 1:24,20,35,0,538,0.005065669,0
13101,02/15/15 1:25,20,35,0,540,0.005065669,0
13102,02/15/15 1:25,20,35,0,544,0.005065669,0
13103,02/15/15 1:27,20,35,0,544,0.005065669,0
13104,02/15/15 1:27,20,35,0,538.5,0.005065669,0
13105,02/15/15 1:28,20,35,0,534,0.005065669,0
13106,02/15/15 1:30,20,35,0,538.5,0.005065669,0
13107,02/15/15 1:31,20,35,0,539,0.005065669,0
13108,02/15/15 1:32,20,35,0,542,0.005065669,0
13109,02/15/15 1:33,20,34.9,0,543,0.005051078,0
13110,02/15/15 1:34,20,34.93333333,0,543.6666667,0.005055942,0
13111,02/15/15 1:34,19.96333333,34.9,0,535.6666667,0.005039524,0
13112,02/15/15 1:36,20,34.9,0,538.75,0.005051078,0
13113,02/15/15 1:37,20,34.9,0,536.25,0.005051078,0
13114,02/15/15 1:38,20,34.9,0,536,0.005051078,0
13115,02/15/15 1:38,20,34.9,0,535.6666667,0.005051078,0
13116,02/15/15 1:40,20,34.9,0,537,0.005051078,0
13117,02/15/15 1:40,20,34.79,0,537.5,0.005035029,0
13118,02/15/15 1:41,20,34.86333333,0,536,0.005045728,0
13119,02/15/15 1:43,20,34.79,0,544.3333333,0.005035029,0
13120,02/15/15 1:44,20,34.79,0,545.5,0.005035029,0
13121,02/15/15 1:45,20,34.73,0,544,0.005026275,0
13122,02/15/15 1:46,20,34.7,0,542,0.005021898,0
13123,02/15/15 1:46,20,34.7,0,542,0.005021898,0
13124,02/15/15 1:47,20,34.7,0,541,0.005021898,0
13125,02/15/15 1:49,20,34.7,0,545,0.005021898,0
13126,02/15/15 1:50,20,34.7,0,539.5,0.005021898,0
13127,02/15/15 1:51,20,34.7,0,538,0.005021898,0
13128,02/15/15 1:52,20,34.7,0,538,0.005021898,0
13129,02/15/15 1:53,20,34.62666667,0,542.3333333,0.0050112,0
13130,02/15/15 1:53,20,34.59,0,544.5,0.005005851,0
13131,02/15/15 1:54,20,34.59,0,552,0.005005851,0
13132,02/15/15 1:56,20,34.59,0,549,0.005005851,0
13133,02/15/15 1:57,20,34.53,0,542.3333333,0.004997098,0
13134,02/15/15 1:58,20,34.545,0,538,0.004999286,0
13135,02/15/15 1:59,20,34.5,0,535,0.004992721,0
13136,02/15/15 1:59,20,34.5225,0,538.5,0.004996004,0
13137,02/15/15 2:00,20,34.545,0,536,0.004999286,0
13138,02/15/15 2:02,20,34.545,0,539.3333333,0.004999286,0
13139,02/15/15 2:03,19.89,34.5,0,540,0.004958532,0
13140,02/15/15 2:04,19.945,34.5,0,538,0.004975601,0
13141,02/15/15 2:05,19.89,34.545,0,542,0.004965052,0
13142,02/15/15 2:06,19.96333333,34.46666667,0,546.6666667,0.004976451,0
13143,02/15/15 2:06,19.89,34.5,0,546.5,0.004958532,0
13144,02/15/15 2:08,19.945,34.5,0,538,0.004975601,0
13145,02/15/15 2:09,19.92666667,34.39666667,0,537.3333333,0.004954901,0
13146,02/15/15 2:10,19.89,34.4,0,539,0.004944046,0
13147,02/15/15 2:10,19.89,34.4,0,534,0.004944046,0
13148,02/15/15 2:12,19.89,34.36333333,0,539.3333333,0.004938734,0
13149,02/15/15 2:12,19.89,34.45,0,544.5,0.004951289,0
13150,02/15/15 2:13,19.89,34.5,0,545,0.004958532,0
13151,02/15/15 2:15,19.945,34.45,0,544.5,0.004968332,0
13152,02/15/15 2:16,19.92666667,34.4,0,545.3333333,0.004955385,0
13153,02/15/15 2:17,19.89,34.4,0,547,0.004944046,0
13154,02/15/15 2:18,19.89,34.4,0,544,0.004944046,0
13155,02/15/15 2:19,20,34.4,0,545.5,0.004978134,0
13156,02/15/15 2:19,20,34.345,0,547.5,0.004970111,0
13157,02/15/15 2:21,20,34.29,0,543.6666667,0.004962088,0
13158,02/15/15 2:22,19.96333333,34.29,0,547.6666667,0.00495074,0
13159,02/15/15 2:23,20,34.29,0,545.5,0.004962088,0
13160,02/15/15 2:23,20,34.2,0,538.6666667,0.004948961,0
13161,02/15/15 2:25,20,34.2,0,543.5,0.004948961,0
13162,02/15/15 2:25,20,34.2,0,544,0.004948961,0
13163,02/15/15 2:26,20,34.2,0,541.3333333,0.004948961,0
13164,02/15/15 2:28,20,34.2,0,542,0.004948961,0
13165,02/15/15 2:29,20,34.145,0,538,0.004940939,0
13166,02/15/15 2:30,20,34.09,0,542,0.004932917,0
13167,02/15/15 2:31,20,34.145,0,545,0.004940939,0
13168,02/15/15 2:31,20,34.09,0,547,0.004932917,0
13169,02/15/15 2:32,20,34.09,0,541.5,0.004932917,0
13170,02/15/15 2:34,20,34.09,0,547.5,0.004932917,0
13171,02/15/15 2:35,20,34.09,0,547.5,0.004932917,0
13172,02/15/15 2:36,20,34.03,0,542,0.004924166,0
13173,02/15/15 2:37,20,34,0,538,0.004919791,0
13174,02/15/15 2:38,20,34,0,535,0.004919791,0
13175,02/15/15 2:38,20,34,0,539.6666667,0.004919791,0
13176,02/15/15 2:39,20,34.045,0,549.3333333,0.004926354,0
13177,02/15/15 2:41,20,34,0,549,0.004919791,0
13178,02/15/15 2:42,20,34,0,539,0.004919791,0
13179,02/15/15 2:43,20,34,0,539,0.004919791,0
13180,02/15/15 2:44,20,34,0,543,0.004919791,0
13181,02/15/15 2:44,20,34,0,547.5,0.004919791,0
13182,02/15/15 2:45,20.05,33.975,0,545.6666667,0.004931512,0
13183,02/15/15 2:47,20,33.9,0,541.5,0.004905207,0
13184,02/15/15 2:48,20.03333333,33.93333333,0,543.6666667,0.004920296,0
13185,02/15/15 2:49,20,33.9,0,547,0.004905207,0
13186,02/15/15 2:50,20,33.9,0,548,0.004905207,0
13187,02/15/15 2:51,20.05,33.9,0,544,0.00492054,0
13188,02/15/15 2:51,20.05,33.845,0,548.5,0.004912494,0
13189,02/15/15 2:53,20,33.79,0,548.5,0.004889165,0
13190,02/15/15 2:54,20.1,33.9,0,546,0.004935916,0
13191,02/15/15 2:55,20.1,33.9,0,543,0.004935916,0
13192,02/15/15 2:55,20.1,33.9,0,543,0.004935916,0
13193,02/15/15 2:57,20.05,33.845,0,546.5,0.004912494,0
13194,02/15/15 2:57,20.05,33.845,0,547,0.004912494,0
13195,02/15/15 2:58,20.06666667,33.86333333,0,542.3333333,0.004920291,0
13196,02/15/15 3:00,20,33.79,0,542.5,0.004889165,0
13197,02/15/15 3:01,20,33.79,0,541.5,0.004889165,0
13198,02/15/15 3:02,20.06666667,33.86333333,0,547,0.004920291,0
13199,02/15/15 3:03,20.06666667,33.79,0,551,0.004909551,0
13200,02/15/15 3:04,20.03333333,33.79666667,0,545.6666667,0.004900323,0
13201,02/15/15 3:04,20.1,33.9,0,545,0.004935916,0
13202,02/15/15 3:06,20,33.79,0,545,0.004889165,0
13203,02/15/15 3:07,20.1,33.9,0,547.5,0.004935916,0
13204,02/15/15 3:08,20.06666667,33.79666667,0,546.6666667,0.004910528,0
13205,02/15/15 3:08,20,33.7,0,554,0.00487604,0
13206,02/15/15 3:10,20.1,33.7,0,550,0.004906566,0
13207,02/15/15 3:10,20.1,33.7,0,547,0.004906566,0
13208,02/15/15 3:11,20.05,33.7,0,546.5,0.004891282,0
13209,02/15/15 3:13,20,33.7,0,543,0.00487604,0
13210,02/15/15 3:14,20,33.7,0,546,0.00487604,0
13211,02/15/15 3:15,20,33.7,0,543,0.00487604,0
13212,02/15/15 3:16,20,33.59,0,543,0.00486,0
13213,02/15/15 3:16,20.1,33.7,0,544,0.004906566,0
13214,02/15/15 3:17,20.1,33.7,0,547,0.004906566,0
13215,02/15/15 3:19,20.05,33.59,0,555,0.004875191,0
13216,02/15/15 3:20,20.1,33.62666667,0,549.3333333,0.004895805,0
13217,02/15/15 3:21,20.1,33.59,0,551.5,0.004890424,0
13218,02/15/15 3:22,20.06666667,33.56,0,551.3333333,0.004875871,0
13219,02/15/15 3:23,20.06666667,33.56,0,554.3333333,0.004875871,0
13220,02/15/15 3:23,20.1,33.59,0,550,0.004890424,0
13221,02/15/15 3:24,20.1,33.59,0,547.3333333,0.004890424,0
13222,02/15/15 3:26,20.1,33.59,0,547,0.004890424,0
13223,02/15/15 3:27,20.1,33.59,0,546,0.004890424,0
13224,02/15/15 3:28,20.075,33.475,0,550.75,0.004865955,0
13225,02/15/15 3:29,20.1,33.5,0,550.3333333,0.004877218,0
13226,02/15/15 3:29,20.1,33.5,0,549,0.004877218,0
13227,02/15/15 3:30,20.1,33.5,0,550.5,0.004877218,0
13228,02/15/15 3:32,20.06666667,33.46666667,0,550.3333333,0.004862205,0
13229,02/15/15 3:33,20.1,33.5,0,552,0.004877218,0
13230,02/15/15 3:34,20.1,33.5,0,551,0.004877218,0
13231,02/15/15 3:35,20.1,33.43333333,0,548.6666667,0.004867436,0
13232,02/15/15 3:36,20.05,33.4,0,548,0.0048474,0
13233,02/15/15 3:36,20.1,33.4,0,547,0.004862546,0
13234,02/15/15 3:38,20.1,33.4,0,554,0.004862546,0
13235,02/15/15 3:39,20.05,33.345,0,551.5,0.004839356,0
13236,02/15/15 3:40,20.1,33.345,0,549.5,0.004854476,0
13237,02/15/15 3:40,20.1,33.345,0,554.5,0.004854476,0
13238,02/15/15 3:42,20.1,33.29,0,554.5,0.004846406,0
13239,02/15/15 3:42,20.1,33.29,0,550,0.004846406,0
13240,02/15/15 3:43,20.05,33.245,0,553,0.00482473,0
13241,02/15/15 3:45,20.1,33.2,0,551,0.004833202,0
13242,02/15/15 3:46,20.1,33.2,0,551.5,0.004833202,0
13243,02/15/15 3:47,20.1,33.2,0,551.5,0.004833202,0
13244,02/15/15 3:48,20.1,33.2,0,556.5,0.004833202,0
13245,02/15/15 3:49,20.1,33.16333333,0,555.3333333,0.004827823,0
13246,02/15/15 3:49,20.1,33.09,0,558,0.004817065,0
13247,02/15/15 3:51,20.1,33.09,0,557,0.004817065,0
13248,02/15/15 3:52,20.1,33.09,0,553,0.004817065,0
13249,02/15/15 3:53,20.1,33.06,0,555.6666667,0.004812664,0
13250,02/15/15 3:53,20.1,33,0,554,0.004803862,0
13251,02/15/15 3:55,20.1,33.045,0,552.5,0.004810463,0
13252,02/15/15 3:55,20.1,33,0,552,0.004803862,0
13253,02/15/15 3:56,20.1,33,0,554,0.004803862,0
13254,02/15/15 3:58,20.1,33,0,554,0.004803862,0
13255,02/15/15 3:59,20.1,32.95,0,553,0.004796527,0
13256,02/15/15 4:00,20.1,32.9,0,552.5,0.004789192,0
13257,02/15/15 4:01,20.1,32.9,0,554,0.004789192,0
13258,02/15/15 4:01,20.1,32.9,0,554,0.004789192,0
13259,02/15/15 4:02,20.1,32.79,0,555,0.004773057,0
13260,02/15/15 4:04,20.1,32.845,0,559,0.004781125,0
13261,02/15/15 4:05,20.1,32.9,0,555,0.004789192,0
13262,02/15/15 4:06,20.1,32.9,0,552.5,0.004789192,0
13263,02/15/15 4:07,20.1,32.79,0,554,0.004773057,0
13264,02/15/15 4:08,20.1,32.7,0,553,0.004759856,0
13265,02/15/15 4:08,20.1,32.7,0,556,0.004759856,0
13266,02/15/15 4:09,20.1,32.7,0,559,0.004759856,0
13267,02/15/15 4:11,20.1,32.7,0,555,0.004759856,0
13268,02/15/15 4:12,20.1,32.7,0,557,0.004759856,0
13269,02/15/15 4:13,20.1,32.7,0,553.6666667,0.004759856,0
13270,02/15/15 4:14,20.1,32.7,0,554,0.004759856,0
13271,02/15/15 4:14,20.1,32.7,0,557,0.004759856,0
13272,02/15/15 4:15,20.1,32.7,0,559.5,0.004759856,0
13273,02/15/15 4:17,20.1,32.7,0,561,0.004759856,0
13274,02/15/15 4:18,20.1,32.7,0,555,0.004759856,0
13275,02/15/15 4:19,20.1,32.7,0,552,0.004759856,0
13276,02/15/15 4:20,20.1,32.7,0,551.5,0.004759856,0
13277,02/15/15 4:21,20.1,32.59,0,558.5,0.004743722,0
13278,02/15/15 4:21,20.125,32.59,0,558.25,0.004751124,0
13279,02/15/15 4:23,20.1,32.59,0,560,0.004743722,0
13280,02/15/15 4:24,20.1,32.59,0,563,0.004743722,0
13281,02/15/15 4:25,20.1,32.59,0,559.5,0.004743722,0
13282,02/15/15 4:25,20.1,32.59,0,561,0.004743722,0
13283,02/15/15 4:27,20.15,32.59,0,564,0.004758536,0
13284,02/15/15 4:27,20.1,32.56,0,560,0.004739322,0
13285,02/15/15 4:28,20.1,32.59,0,556.5,0.004743722,0
13286,02/15/15 4:30,20.15,32.5,0,558.5,0.004745294,0
13287,02/15/15 4:31,20.1,32.59,0,557,0.004743722,0
13288,02/15/15 4:32,20.1,32.56,0,554.6666667,0.004739322,0
13289,02/15/15 4:33,20.1,32.545,0,558,0.004737122,0
13290,02/15/15 4:34,20.1,32.5,0,558,0.004730522,0
13291,02/15/15 4:34,20.1,32.59,0,558.5,0.004743722,0
13292,02/15/15 4:36,20.1,32.5,0,557,0.004730522,0
13293,02/15/15 4:37,20.1,32.5,0,560,0.004730522,0
13294,02/15/15 4:38,20.1,32.45,0,568,0.004723189,0
13295,02/15/15 4:38,20.1,32.4,0,565,0.004715857,0
13296,02/15/15 4:40,20.1,32.5,0,566,0.004730522,0
13297,02/15/15 4:40,20.1,32.5,0,567,0.004730522,0
13298,02/15/15 4:41,20.1,32.46666667,0,566.6666667,0.004725634,0
13299,02/15/15 4:43,20.1,32.43333333,0,565,0.004720745,0
13300,02/15/15 4:44,20.1,32.4,0,563,0.004715857,0
13301,02/15/15 4:45,20.1,32.4,0,564,0.004715857,0
13302,02/15/15 4:46,20.1,32.4,0,566,0.004715857,0
13303,02/15/15 4:46,20.1,32.29,0,559.5,0.004699725,0
13304,02/15/15 4:47,20.1,32.4,0,566,0.004715857,0
13305,02/15/15 4:49,20.1,32.29,0,565.5,0.004699725,0
13306,02/15/15 4:50,20.1,32.29,0,568.5,0.004699725,0
13307,02/15/15 4:51,20.1,32.29,0,564,0.004699725,0
13308,02/15/15 4:52,20.1,32.29,0,564.5,0.004699725,0
13309,02/15/15 4:53,20.2,32.29,0,568,0.004729115,0
13310,02/15/15 4:53,20.1,32.29,0,568,0.004699725,0
13311,02/15/15 4:54,20.1,32.29,0,568.5,0.004699725,0
13312,02/15/15 4:56,20.125,32.29,0,570.5,0.004707057,0
13313,02/15/15 4:57,20.1,32.29,0,568,0.004699725,0
13314,02/15/15 4:58,20.125,32.3175,0,567,0.004711097,0
13315,02/15/15 4:59,20.1,32.4,0,570,0.004715857,0
13316,02/15/15 4:59,20.1,32.29,0,570,0.004699725,0
13317,02/15/15 5:00,20.1,32.29,0,570,0.004699725,0
13318,02/15/15 5:02,20.1,32.29,0,565,0.004699725,0
13319,02/15/15 5:03,20.1,32.29,0,564,0.004699725,0
13320,02/15/15 5:04,20.1,32.26,0,567.6666667,0.004695326,0
13321,02/15/15 5:05,20.1,32.145,0,570,0.004678462,0
13322,02/15/15 5:06,20.1,32.2,0,562,0.004686527,0
13323,02/15/15 5:06,20.1,32.2,0,566,0.004686527,0
13324,02/15/15 5:08,20.1,32.29,0,564.75,0.004699725,0
13325,02/15/15 5:09,20.1,32.29,0,569.5,0.004699725,0
13326,02/15/15 5:10,20.13333333,32.29,0,569,0.004709504,0
13327,02/15/15 5:10,20.1,32.2675,0,566.25,0.004696425,0
13328,02/15/15 5:12,20.1,32.2,0,565,0.004686527,0
13329,02/15/15 5:12,20.1,32.2,0,565,0.004686527,0
13330,02/15/15 5:13,20.1,32.2,0,568,0.004686527,0
13331,02/15/15 5:15,20.1,32.29,0,568,0.004699725,0
13332,02/15/15 5:16,20.1,32.245,0,566,0.004693126,0
13333,02/15/15 5:17,20.1,32.2,0,562,0.004686527,0
13334,02/15/15 5:18,20.1,32.2,0,563,0.004686527,0
13335,02/15/15 5:19,20.15,32.2,0,566.5,0.00470116,0
13336,02/15/15 5:19,20.1,32.2,0,569.6666667,0.004686527,0
13337,02/15/15 5:21,20.1,32.2,0,569,0.004686527,0
13338,02/15/15 5:22,20.13333333,32.2,0,570,0.004696278,0
13339,02/15/15 5:23,20.1,32.2,0,566.5,0.004686527,0
13340,02/15/15 5:23,20.1,32.2,0,566,0.004686527,0
13341,02/15/15 5:25,20.1,32.2,0,566,0.004686527,0
13342,02/15/15 5:25,20.15,32.245,0,566.5,0.00470778,0
13343,02/15/15 5:26,20.1,32.2,0,572.3333333,0.004686527,0
13344,02/15/15 5:28,20.1,32.26,0,568.6666667,0.004695326,0
13345,02/15/15 5:29,20.1,32.29,0,568,0.004699725,0
13346,02/15/15 5:30,20.1,32.29,0,565,0.004699725,0
13347,02/15/15 5:31,20.1,32.245,0,567,0.004693126,0
13348,02/15/15 5:31,20.1,32.29,0,568.6666667,0.004699725,0
13349,02/15/15 5:32,20.1,32.29,0,569,0.004699725,0
13350,02/15/15 5:34,20.1,32.29,0,568.5,0.004699725,0
13351,02/15/15 5:35,20.1,32.29,0,568,0.004699725,0
13352,02/15/15 5:36,20.13333333,32.29,0,569,0.004709504,0
13353,02/15/15 5:37,20.1,32.29,0,568,0.004699725,0
13354,02/15/15 5:38,20.1,32.29,0,569.5,0.004699725,0
13355,02/15/15 5:38,20.1,32.29,0,566.5,0.004699725,0
13356,02/15/15 5:39,20.1,32.29,0,568,0.004699725,0
13357,02/15/15 5:41,20.1,32.29,0,573,0.004699725,0
13358,02/15/15 5:42,20.1,32.29,0,568.5,0.004699725,0
13359,02/15/15 5:43,20.15,32.29,0,566.5,0.0047144,0
13360,02/15/15 5:44,20.1,32.29,0,568,0.004699725,0
13361,02/15/15 5:44,20.1,32.29,0,563.5,0.004699725,0
13362,02/15/15 5:45,20.1,32.3175,0,561.5,0.004703758,0
13363,02/15/15 5:47,20.1,32.4,0,568.3333333,0.004715857,0
13364,02/15/15 5:48,20.1,32.4,0,571,0.004715857,0
13365,02/15/15 5:49,20.1,32.4,0,571,0.004715857,0
13366,02/15/15 5:50,20.1,32.4,0,569,0.004715857,0
13367,02/15/15 5:51,20.1,32.29,0,569,0.004699725,0
13368,02/15/15 5:51,20.15,32.29,0,569.3333333,0.0047144,0
13369,02/15/15 5:53,20.1,32.29,0,568,0.004699725,0
13370,02/15/15 5:54,20.1,32.29,0,568.3333333,0.004699725,0
13371,02/15/15 5:55,20.1,32.345,0,568,0.004707791,0
13372,02/15/15 5:55,20.1,32.29,0,569.5,0.004699725,0
13373,02/15/15 5:57,20.1,32.29,0,572.6666667,0.004699725,0
13374,02/15/15 5:57,20.1,32.29,0,572,0.004699725,0
13375,02/15/15 5:58,20.1,32.29,0,570.5,0.004699725,0
13376,02/15/15 6:00,20.1,32.29,0,567.5,0.004699725,0
13377,02/15/15 6:01,20.1,32.29,0,570.6666667,0.004699725,0
13378,02/15/15 6:02,20.1,32.29,0,572,0.004699725,0
13379,02/15/15 6:03,20.1,32.345,0,570.5,0.004707791,0
13380,02/15/15 6:04,20.1,32.29,0,574.5,0.004699725,0
13381,02/15/15 6:04,20.1,32.29,0,571,0.004699725,0
13382,02/15/15 6:06,20.1,32.29,0,572.3333333,0.004699725,0
13383,02/15/15 6:07,20.05,32.245,0,570.5,0.004678512,0
13384,02/15/15 6:08,20.1,32.26,0,569.3333333,0.004695326,0
13385,02/15/15 6:08,20.1,32.2,0,572,0.004686527,0
13386,02/15/15 6:10,20.1,32.2,0,573,0.004686527,0
13387,02/15/15 6:10,20.1,32.245,0,576,0.004693126,0
13388,02/15/15 6:11,20.05,32.2,0,577,0.004671934,0
13389,02/15/15 6:13,20.05,32.245,0,571.5,0.004678512,0
13390,02/15/15 6:14,20.1,32.245,0,572,0.004693126,0
13391,02/15/15 6:15,20.05,32.245,0,574.5,0.004678512,0
13392,02/15/15 6:16,20.06666667,32.23,0,575,0.004681184,0
13393,02/15/15 6:16,20,32.2,0,573,0.004657381,0
13394,02/15/15 6:17,20,32.2,0,573.5,0.004657381,0
13395,02/15/15 6:19,20,32.2,0,574,0.004657381,0
13396,02/15/15 6:20,20,32.2,0,579,0.004657381,0
13397,02/15/15 6:21,20.05,32.245,0,581,0.004678512,0
13398,02/15/15 6:22,20,32.2,0,579.5,0.004657381,0
13399,02/15/15 6:23,20,32.2,0,578,0.004657381,0
13400,02/15/15 6:23,20,32.2,0,571,0.004657381,0
13401,02/15/15 6:24,20,32.2,0,565.5,0.004657381,0
13402,02/15/15 6:26,20,32.2,0,571.5,0.004657381,0
13403,02/15/15 6:27,20,32.2,0,579,0.004657381,0
13404,02/15/15 6:28,20,32.2,0,576.5,0.004657381,0
13405,02/15/15 6:29,20,32.2,0,575,0.004657381,0
13406,02/15/15 6:29,20,32.2,0,578,0.004657381,0
13407,02/15/15 6:30,20,32.2,0,574,0.004657381,0
13408,02/15/15 6:32,20,32.2,0,577,0.004657381,0
13409,02/15/15 6:33,20,32.2,0,577,0.004657381,0
13410,02/15/15 6:34,20,32.2,0,580.5,0.004657381,0
13411,02/15/15 6:35,20,32.2,0,579.5,0.004657381,0
13412,02/15/15 6:36,20,32.2,0,580.5,0.004657381,0
13413,02/15/15 6:36,20,32.2,0,578,0.004657381,0
13414,02/15/15 6:38,20,32.2,0,581,0.004657381,0
13415,02/15/15 6:39,20,32.145,0,578,0.004649366,0
13416,02/15/15 6:40,20,32.12666667,0,579.3333333,0.004646695,0
13417,02/15/15 6:40,20,32.145,0,577.5,0.004649366,0
13418,02/15/15 6:42,20,32.145,0,580.5,0.004649366,0
13419,02/15/15 6:42,20,32.09,0,575.5,0.004641352,0
13420,02/15/15 6:43,20,32.09,0,581.5,0.004641352,0
13421,02/15/15 6:45,20,32.09,0,579.5,0.004641352,0
13422,02/15/15 6:46,20,32.09,0,579.3333333,0.004641352,0
13423,02/15/15 6:47,20,32.09,0,582,0.004641352,0
13424,02/15/15 6:48,20,32.09,0,576.5,0.004641352,0
13425,02/15/15 6:49,20,32,0,579,0.004628238,0
13426,02/15/15 6:49,19.945,32.09,0,579,0.004625445,0
13427,02/15/15 6:51,20,32.09,0,579,0.004641352,0
13428,02/15/15 6:52,20,32.09,0,580.5,0.004641352,0
13429,02/15/15 6:53,20,32.09,0,580.3333333,0.004641352,0
13430,02/15/15 6:53,20,32.09,0,580,0.004641352,0
13431,02/15/15 6:55,20,32.045,0,577.5,0.004634795,0
13432,02/15/15 6:55,20,32,0,580,0.004628238,0
13433,02/15/15 6:56,20,32,0,580.5,0.004628238,0
13434,02/15/15 6:58,20,32,0,580,0.004628238,0
13435,02/15/15 6:59,20,32,0,588.25,0.004628238,0
13436,02/15/15 7:00,20,31.89,0,581,0.00461221,0
13437,02/15/15 7:01,20,32,0,584.5,0.004628238,0
13438,02/15/15 7:01,20,32,0,585,0.004628238,0
13439,02/15/15 7:02,20,31.945,0,583.5,0.004620224,0
13440,02/15/15 7:04,20,31.945,0,585.5,0.004620224,0
13441,02/15/15 7:05,20,31.945,0,587,0.004620224,0
13442,02/15/15 7:06,20,31.89,0,585,0.00461221,0
13443,02/15/15 7:07,20,31.945,0,584,0.004620224,0
13444,02/15/15 7:08,20,31.89,0,583,0.00461221,0
13445,02/15/15 7:08,20,31.89,0,576,0.00461221,0
13446,02/15/15 7:09,20,31.89,0,577,0.00461221,0
13447,02/15/15 7:11,20,31.79,0,580.5,0.004597641,0
13448,02/15/15 7:12,20,31.79,0,588.5,0.004597641,0
13449,02/15/15 7:13,20,31.79,0,586.5,0.004597641,0
13450,02/15/15 7:14,20,31.79,0,586,0.004597641,0
13451,02/15/15 7:14,20,31.76,0,591.3333333,0.00459327,0
13452,02/15/15 7:15,20,31.79,0,590,0.004597641,0
13453,02/15/15 7:17,20,31.79,0,593.25,0.004597641,0
13454,02/15/15 7:18,20,31.79,0,590.5,0.004597641,0
13455,02/15/15 7:19,20,31.745,0,588,0.004591084,0
13456,02/15/15 7:20,20.03333333,31.73,0,590.3333333,0.004598453,0
13457,02/15/15 7:21,20.1,31.79,0,592,0.00462641,0
13458,02/15/15 7:21,20,31.63333333,0,592,0.004574816,0
13459,02/15/15 7:23,20,31.6,0,583,0.00456996,0
13460,02/15/15 7:24,20,31.6,0,585,0.00456996,0
13461,02/15/15 7:25,20,31.6,0,587.5,0.00456996,0
13462,02/15/15 7:25,20,31.6,0,590,0.00456996,0
13463,02/15/15 7:27,20,31.6,0,583.5,0.00456996,0
13464,02/15/15 7:27,20,31.6,0,581.5,0.00456996,0
13465,02/15/15 7:28,20.03333333,31.56666667,0,584.6666667,0.004574608,0
13466,02/15/15 7:30,20,31.5,0,592.5,0.004555392,0
13467,02/15/15 7:31,20,31.39,0,592,0.004539368,0
13468,02/15/15 7:32,20.05,31.55,0,592,0.004576931,0
13469,02/15/15 7:33,20.05,31.445,0,589.5,0.004561587,0
13470,02/15/15 7:34,20.1,31.5,0,589,0.004583895,0
13471,02/15/15 7:34,20,31.39,0,589,0.004539368,0
13472,02/15/15 7:36,20,31.39,0,590.5,0.004539368,0
13473,02/15/15 7:37,20.05,31.39,0,593.5,0.00455355,0
13474,02/15/15 7:38,20,31.34,0,595,0.004532085,0
13475,02/15/15 7:38,20.1,31.39,0,593,0.00456777,0
13476,02/15/15 7:40,20.1,31.35666667,0,587,0.004562884,0
13477,02/15/15 7:40,20.1,31.29,0,592.5,0.004553112,0
13478,02/15/15 7:41,20.1,31.29,0,595,0.004553112,0
13479,02/15/15 7:43,20.1,31.34,0,591.6666667,0.004560441,0
13480,02/15/15 7:44,20.05,31.29,0,596.5,0.004538937,0
13481,02/15/15 7:45,20.1,31.29,0,600.5,0.004553112,0
13482,02/15/15 7:46,20.1,31.29,0,602.5,0.004553112,0
13483,02/15/15 7:46,20.1,31.29,0,593,0.004553112,0
13484,02/15/15 7:47,20.1,31.29,0,593.5,0.004553112,0
13485,02/15/15 7:49,20.1,31.2,0,600,0.00453992,0
13486,02/15/15 7:50,20.1,31.23,0,602.6666667,0.004544318,0
13487,02/15/15 7:51,20.1,31.29,0,604,0.004553112,0
13488,02/15/15 7:52,20.1,31.2675,0,604,0.004549814,0
13489,02/15/15 7:53,20,31.2,0,607,0.004511693,0
13490,02/15/15 7:53,20,31.2,0,604,0.004511693,0
13491,02/15/15 7:54,20,31.2,0,602.5,0.004511693,0
13492,02/15/15 7:56,20,31.15,0,602,0.00450441,0
13493,02/15/15 7:57,20.05,31.195,0,599,0.004525056,0
13494,02/15/15 7:58,20.03333333,31.13333333,14,596.6666667,0.004511354,0
13495,02/15/15 7:59,20.1,31.2,14,601.5,0.00453992,0
13496,02/15/15 7:59,20.1,31.2,14,603.5,0.00453992,0
13497,02/15/15 8:00,20.06666667,31.13333333,14,601.6666667,0.004520743,0
13498,02/15/15 8:02,20.1,31.13333333,14,606,0.004530149,0
13499,02/15/15 8:03,20.06666667,31.13333333,14,604,0.004520743,0
13500,02/15/15 8:04,20.05,31.1,14,605.5,0.004511176,0
13501,02/15/15 8:05,20.1,31.1,7,606.5,0.004525263,0
13502,02/15/15 8:06,20.1,31.1,7,607,0.004525263,0
13503,02/15/15 8:06,20.1,31.1,7,607.25,0.004525263,0
13504,02/15/15 8:08,20.1,31.1,9.333333333,610,0.004525263,0
13505,02/15/15 8:09,20.1,31.06666667,11.33333333,607.6666667,0.004520378,0
13506,02/15/15 8:10,20.1,31.1,6,601.5,0.004525263,0
13507,02/15/15 8:10,20.1,31,6,606,0.004510607,0
13508,02/15/15 8:12,20.1,30.945,6,606,0.004502547,0
13509,02/15/15 8:12,20.1,30.89,6,604.5,0.004494486,0
13510,02/15/15 8:13,20.05,30.84,6,604,0.004473191,0
13511,02/15/15 8:15,20.1,30.89,6,605,0.004494486,0
13512,02/15/15 8:16,20.1,30.89,6,606.5,0.004494486,0
13513,02/15/15 8:17,20.15,30.79,6,607.5,0.004493815,0
13514,02/15/15 8:18,20.1,30.79,24,608.5,0.004479831,0
13515,02/15/15 8:19,20.1,30.79,14,604.5,0.004479831,0
13516,02/15/15 8:19,20.1,30.79,17.33333333,604.6666667,0.004479831,0
13517,02/15/15 8:21,20.1,30.79,10,605.6666667,0.004479831,0
13518,02/15/15 8:22,20.125,30.79,13,606,0.004486818,0
13519,02/15/15 8:23,20.1,30.79,20,609,0.004479831,0
13520,02/15/15 8:23,20.125,30.79,14,611,0.004486818,0
13521,02/15/15 8:25,20.1,30.79,24.66666667,607,0.004479831,0
13522,02/15/15 8:25,20.15,30.745,23,608.5,0.0044872,0
13523,02/15/15 8:26,20.1,30.7,35,603,0.004466643,0
13524,02/15/15 8:28,20.175,30.625,35,603.3333333,0.004476528,0
13525,02/15/15 8:29,20.2,30.6,31,600,0.004479819,0
13526,02/15/15 8:30,20.2,30.6,31,604,0.004479819,0
13527,02/15/15 8:31,20.2,30.6,32.66666667,613,0.004479819,0
13528,02/15/15 8:31,20.2,30.6,30,614,0.004479819,0
13529,02/15/15 8:32,20.2,30.6,24.66666667,611.3333333,0.004479819,0
13530,02/15/15 8:34,20.2,30.6,15,610.5,0.004479819,0
13531,02/15/15 8:35,20.2,30.5,28,609,0.004465074,0
13532,02/15/15 8:36,20.2,30.5,19,613.3333333,0.004465074,0
13533,02/15/15 8:37,20.2,30.525,19,611.25,0.00446876,0
13534,02/15/15 8:38,20.2,30.5,19,615,0.004465074,0
13535,02/15/15 8:38,20.2,30.5,32.5,613.5,0.004465074,0
13536,02/15/15 8:39,20.2,30.4725,37,608,0.004461019,0
13537,02/15/15 8:41,20.2,30.39,26,609,0.004448856,0
13538,02/15/15 8:42,20.2,30.39,34.33333333,609.25,0.004448856,0
13539,02/15/15 8:43,20.2225,30.4175,48.75,608.5,0.004459155,0
13540,02/15/15 8:44,20.2225,30.4175,45.75,609,0.004459155,0
13541,02/15/15 8:44,20.2675,30.39,71.5,609.25,0.004467596,0
13542,02/15/15 8:45,20.2675,30.365,89.25,608.25,0.004463895,0
13543,02/15/15 8:47,20.26,30.35666667,104,610.3333333,0.004460577,0
13544,02/15/15 8:48,20.29,30.29,97,610.25,0.004459031,0
13545,02/15/15 8:49,20.32333333,30.29,82.66666667,608.6666667,0.004468292,0
13546,02/15/15 8:50,20.365,30.2225,71.25,616.75,0.004469837,0
13547,02/15/15 8:51,20.39,30.2,98,617,0.004473437,0
13548,02/15/15 8:51,20.365,30.245,114,616,0.004473189,0
13549,02/15/15 8:53,20.39,30.2,122,612,0.004473437,0
13550,02/15/15 8:54,20.39,30.2,120,614.75,0.004473437,0
13551,02/15/15 8:55,20.46333333,30.2,129.3333333,610,0.004493884,0
13552,02/15/15 8:55,20.42666667,30.13333333,124.6666667,611,0.004473681,0
13553,02/15/15 8:57,20.5,30.1,124,610,0.004489116,0
13554,02/15/15 8:57,20.5,30,124,610.5,0.004474095,0
13555,02/15/15 8:58,20.55,29.89,130,617,0.004471443,0
13556,02/15/15 9:00,20.53333333,29.89,134.3333333,615.3333333,0.004466815,0
13557,02/15/15 9:01,20.6,29.89,134,617.5,0.004485351,0
13558,02/15/15 9:02,20.6,29.82333333,132.6666667,620,0.004475275,0
13559,02/15/15 9:03,20.675,29.815,139.5,618,0.004494897,0
13560,02/15/15 9:04,20.675,29.815,143.25,621.25,0.004494897,0
13561,02/15/15 9:04,20.675,29.745,138.5,621.75,0.004484268,0
13562,02/15/15 9:06,20.7,29.7,139.6666667,621.3333333,0.004484387,0
13563,02/15/15 9:07,20.7675,29.7,122,614.25,0.004503205,0
13564,02/15/15 9:08,20.79,29.7,101.3333333,613,0.004509494,0
13565,02/15/15 9:08,20.7675,29.7,121,616.25,0.004503205,0
13566,02/15/15 9:10,20.79,29.675,149.5,614.25,0.00450567,0
13567,02/15/15 9:10,20.79,29.6,153,614,0.0044942,0
13568,02/15/15 9:11,20.79,29.53333333,153,618,0.004484005,0
13569,02/15/15 9:13,20.79,29.445,141,609.5,0.004470497,0
13570,02/15/15 9:14,20.84,29.5225,124,616.5,0.004496266,0
13571,02/15/15 9:15,20.82333333,29.53333333,116,622,0.004493282,0
13572,02/15/15 9:16,20.84,29.55,104,619.5,0.004500484,0
13573,02/15/15 9:16,20.82333333,29.53333333,112.3333333,622.6666667,0.004493282,0
13574,02/15/15 9:17,20.84,29.55,124,619.5,0.004500484,0
13575,02/15/15 9:19,20.89,29.5,178.5,618.5,0.004506758,0
13576,02/15/15 9:20,20.89,29.5,201.5,624,0.004506758,0
13577,02/15/15 9:21,21,29.5,202,621.5,0.00453757,0
13578,02/15/15 9:22,20.9725,29.5,203,621,0.00452985,0
13579,02/15/15 9:23,21,29.46333333,205.6666667,621,0.004531889,0
13580,02/15/15 9:23,21.02,29.35,210.75,623,0.004519923,0
13581,02/15/15 9:24,21.06666667,29.35666667,214.75,628.25,0.004534035,0
13582,02/15/15 9:26,21.1,29.34,231.25,627.5,0.004540798,0
13583,02/15/15 9:27,21.1,29.23,238.6666667,621,0.00452365,0
13584,02/15/15 9:28,21.2,29.2,240.6666667,620,0.004547008,0
13585,02/15/15 9:29,21.2225,29.15,239,621.5,0.004545483,0
13586,02/15/15 9:29,21.23,29.13333333,242.6666667,631,0.004544971,0
13587,02/15/15 9:30,21.29,29.125,245.75,626.75,0.004560539,0
13588,02/15/15 9:32,21.29,29.1,256.75,623,0.004556596,0
13589,02/15/15 9:33,21.39,29,246.5,622,0.004568953,0
13590,02/15/15 9:34,21.35666667,28.99666667,232.3333333,624.3333333,0.004559031,0
13591,02/15/15 9:35,21.39,28.89,200.5,626.5,0.004551495,0
13592,02/15/15 9:36,21.39,28.89,212.5,625.5,0.004551495,0
13593,02/15/15 9:36,21.445,28.945,221.5,631,0.004575731,0
13594,02/15/15 9:38,21.39,28.89,207,635,0.004551495,0
13595,02/15/15 9:39,21.5,29,210,635.75,0.004600072,0
13596,02/15/15 9:40,21.46333333,28.96333333,239.3333333,640,0.004583833,0
13597,02/15/15 9:40,21.5,29,246,640.5,0.004600072,0
13598,02/15/15 9:42,21.5,28.9175,236,637.25,0.004586889,0
13599,02/15/15 9:42,21.53333333,28.89,256,637.6666667,0.004591926,0
13600,02/15/15 9:43,21.5,28.89,228.5,638,0.004582495,0
13601,02/15/15 9:45,21.56,28.89,217.4,631.75,0.004599483,0
13602,02/15/15 9:46,21.56666667,28.85666667,218.3333333,634,0.004596025,0
13603,02/15/15 9:47,21.6,28.89,209.25,631,0.004610839,0
13604,02/15/15 9:48,21.6,28.89,204.3333333,633.6666667,0.004610839,0
13605,02/15/15 9:49,21.6,28.89,252.75,638,0.004610839,0
13606,02/15/15 9:49,21.6,28.89,290,644,0.004610839,0
13607,02/15/15 9:51,21.6,28.89,319.75,639.25,0.004610839,0
13608,02/15/15 9:52,21.63333333,28.85666667,340,637,0.00461495,0
13609,02/15/15 9:53,21.675,28.865,357,638,0.004628159,0
13610,02/15/15 9:53,21.7,28.815,392,640.5,0.004627203,0
13611,02/15/15 9:55,21.745,28.79,384,641.75,0.004635988,0
13612,02/15/15 9:55,21.79,28.7,360,639,0.004634208,0
13613,02/15/15 9:56,21.79,28.7,345,639.3333333,0.004634208,0
13614,02/15/15 9:58,21.815,28.7,337,650,0.004641344,0
13615,02/15/15 9:59,21.89,28.79,312.5,651,0.004677542,0
13616,02/15/15 10:00,21.89,28.7,286,642.75,0.00466281,0
13617,02/15/15 10:01,21.89,28.7,260.5,644,0.00466281,0
13618,02/15/15 10:01,21.89,28.7,287.6666667,643,0.00466281,0
13619,02/15/15 10:02,21.89,28.7,284,647.25,0.00466281,0
13620,02/15/15 10:04,21.89,28.7,221.3333333,645.6666667,0.00466281,0
13621,02/15/15 10:05,21.89,28.7,152.75,641.5,0.00466281,0
13622,02/15/15 10:06,21.89,28.7225,140.5,639.75,0.004666493,0
13623,02/15/15 10:07,21.89,28.79,146.6666667,642,0.004677542,0
13624,02/15/15 10:08,21.89,28.79,133,645.6666667,0.004677542,0
13625,02/15/15 10:08,21.84,28.815,148,644,0.004667256,0
13626,02/15/15 10:09,21.865,28.89,151.5,643.5,0.004686698,0
13627,02/15/15 10:11,21.82333333,28.82333333,162.3333333,645.6666667,0.00466383,0
13628,02/15/15 10:12,21.89,29,148.5,647,0.004711919,0
13629,02/15/15 10:13,21.79,28.89,158.25,645.5,0.004665118,0
13630,02/15/15 10:14,21.79,28.9175,148.5,640.75,0.004669592,0
13631,02/15/15 10:14,21.79,28.89,139,639,0.004665118,0
13632,02/15/15 10:15,21.79,28.9725,139,636.5,0.00467854,0
13633,02/15/15 10:17,21.89,29,136.5,646.5,0.004711919,0
13634,02/15/15 10:18,21.79,29,160,651,0.004683014,0
13635,02/15/15 10:19,21.79,29,188,647.25,0.004683014,0
13636,02/15/15 10:20,21.84,28.9725,217,642,0.004692959,0
13637,02/15/15 10:21,21.82333333,28.96333333,245,639,0.004686654,0
13638,02/15/15 10:21,21.89,29,257,638,0.004711919,0
13639,02/15/15 10:23,21.89,29,289,639,0.004711919,0
13640,02/15/15 10:24,21.89,28.89,295.5,640.25,0.004693912,0
13641,02/15/15 10:25,21.96333333,28.89,347,634.3333333,0.004715127,0
13642,02/15/15 10:25,22,28.815,345.6666667,637,0.004713405,0
13643,02/15/15 10:27,22.075,28.84,357.8,642.75,0.004739315,0
13644,02/15/15 10:27,22.1,28.79,260.3333333,646.75,0.004738306,0
13645,02/15/15 10:28,22.1,28.745,209.25,641.5,0.004730843,0
13646,02/15/15 10:30,22.1,28.79,176.6666667,638,0.004738306,0
13647,02/15/15 10:31,22.1,28.84,163,637.5,0.004746598,0
13648,02/15/15 10:32,22.05,28.84,192,642.5,0.004732042,0
13649,02/15/15 10:33,22,28.79,179,641.5,0.004709284,0
13650,02/15/15 10:34,22.025,28.815,195.25,640,0.004720652,0
13651,02/15/15 10:34,22,28.865,180,639.5,0.004721645,0
13652,02/15/15 10:36,22,28.89,169.3333333,636.6666667,0.004725766,0
13653,02/15/15 10:37,22,28.89,205.25,636.25,0.004725766,0
13654,02/15/15 10:38,22,28.89,224,633.6666667,0.004725766,0
13655,02/15/15 10:38,22,28.945,232.75,637.25,0.004734831,0
13656,02/15/15 10:40,22,29,219.3333333,640,0.004743897,0
13657,02/15/15 10:40,22,28.945,191,636.75,0.004734831,0
13658,02/15/15 10:41,22,29,143,641.25,0.004743897,0
13659,02/15/15 10:43,22,29,138,643,0.004743897,0
13660,02/15/15 10:44,21.9175,29.025,116,637.75,0.004723995,0
13661,02/15/15 10:45,21.89,29.05,116,637.5,0.004720105,0
13662,02/15/15 10:46,21.89,29.1,98.66666667,635.6666667,0.004728291,0
13663,02/15/15 10:46,21.89,29.15,113,635.6666667,0.004736477,0
13664,02/15/15 10:47,21.89,29.2,107.6,634,0.004744663,0
13665,02/15/15 10:49,21.89,29.2,97.66666667,631.25,0.004744663,0
13666,02/15/15 10:50,21.815,29.2225,78.75,630.5,0.004726484,0
13667,02/15/15 10:51,21.79,29.2675,77.25,630.75,0.004726539,0
13668,02/15/15 10:52,21.79,29.29,87,632.6666667,0.0047302,0
13669,02/15/15 10:53,21.73,29.29,85.66666667,631.6666667,0.004712757,0
13670,02/15/15 10:53,21.7,29.365,89.5,636.25,0.004716194,0
13671,02/15/15 10:54,21.7,29.42666667,82,638.6666667,0.004726173,0
13672,02/15/15 10:56,21.7,29.5,97.66666667,640.3333333,0.004738041,0
13673,02/15/15 10:57,21.7,29.5,94,637.5,0.004738041,0
13674,02/15/15 10:58,21.66666667,29.5,109,634.3333333,0.00472832,0
13675,02/15/15 10:59,21.7,29.525,131.5,633.25,0.004742086,0
13676,02/15/15 10:59,21.6,29.5,145,635.5,0.004708932,0
13677,02/15/15 11:00,21.625,29.525,178.25,630.5,0.004720221,0
13678,02/15/15 11:02,21.7,29.5,246,628.5,0.004738041,0
13679,02/15/15 11:03,21.7,29.5,267,629.3333333,0.004738041,0
13680,02/15/15 11:04,21.7,29.5,288,623,0.004738041,0
13681,02/15/15 11:05,21.7,29.5,342,627,0.004738041,0
13682,02/15/15 11:06,21.79,29.365,415.5,632.5,0.004742405,0
13683,02/15/15 11:06,21.85666667,29.29,327,631,0.004749648,0
13684,02/15/15 11:08,21.89,29.2675,245,632.25,0.004755715,0
13685,02/15/15 11:09,21.89,29.2,278,634.6666667,0.004744663,0
13686,02/15/15 11:10,21.9175,29.2,244.5,634.75,0.004752695,0
13687,02/15/15 11:10,21.9175,29.2,234.5,639,0.004752695,0
13688,02/15/15 11:12,21.96333333,29.2,268,628,0.004766109,0
13689,02/15/15 11:12,21.9725,29.175,314.6666667,630.3333333,0.004764682,0
13690,02/15/15 11:13,22,29.16666667,370.75,636.5,0.00477137,0
13691,02/15/15 11:15,22.025,29.1,270.75,634.5,0.0047677,0
13692,02/15/15 11:16,22.1,29.15,293.5,636.5,0.004798012,0
13693,02/15/15 11:17,22.075,29.1,210,634.5,0.004782369,0
13694,02/15/15 11:18,22.1,29.1,329,628,0.004789719,0
13695,02/15/15 11:19,22.1,29.13333333,385,626.3333333,0.004795248,0
13696,02/15/15 11:19,22.125,29.1,390.5,632,0.004797078,0
13697,02/15/15 11:21,22.175,28.9975,351.75,624.5,0.004794748,0
13698,02/15/15 11:22,22.2,28.92666667,419,628.3333333,0.004790291,0
13699,02/15/15 11:23,22.2675,28.89,420.5,629,0.004804027,0
13700,02/15/15 11:23,22.29,28.89,415.5,630,0.004810662,0
13701,02/15/15 11:25,22.315,28.79,372.75,625.5,0.004801237,0
13702,02/15/15 11:25,22.35666667,28.73,307.6666667,630,0.004803409,0
13703,02/15/15 11:26,22.39,28.7,289,631.25,0.004808168,0
13704,02/15/15 11:28,22.39,28.7,315.6666667,632.6666667,0.004808168,0
13705,02/15/15 11:29,22.39,28.7,347.5,631.75,0.004808168,0
13706,02/15/15 11:30,22.39,28.7,332,626.25,0.004808168,0
13707,02/15/15 11:31,22.5,28.7,353.5,626.5,0.004840678,0
13708,02/15/15 11:31,22.4725,28.7,328.25,631.5,0.004832532,0
13709,02/15/15 11:32,22.5,28.7,330.75,631,0.004840678,0
13710,02/15/15 11:34,22.5,28.66666667,350,629.3333333,0.004835012,0
13711,02/15/15 11:35,22.5,28.6,323,633.5,0.004823681,0
13712,02/15/15 11:36,22.53333333,28.6,340,636.6666667,0.004833536,0
13713,02/15/15 11:37,22.575,28.6,356.75,637.25,0.004845879,0
13714,02/15/15 11:38,22.6,28.6,359.3333333,628,0.004853299,0
13715,02/15/15 11:38,22.6,28.5,355,628.25,0.004836197,0
13716,02/15/15 11:39,22.625,28.525,300.25,631.5,0.004847882,0
13717,02/15/15 11:41,22.7,28.6,303.5,626,0.004883077,0
13718,02/15/15 11:42,22.63333333,28.53333333,247.3333333,624,0.004851782,0
13719,02/15/15 11:43,22.65,28.55,185.75,626.5,0.00485959,0
13720,02/15/15 11:44,22.6,28.5,208,629.5,0.004836197,0
13721,02/15/15 11:44,22.6,28.5,197,626.3333333,0.004836197,0
13722,02/15/15 11:45,22.6,28.6,214,626,0.004853299,0
13723,02/15/15 11:47,22.6,28.6,205,632,0.004853299,0
13724,02/15/15 11:48,22.6,28.7,242.5,633,0.004870401,0
13725,02/15/15 11:49,22.6,28.7,274.5,628,0.004870401,0
13726,02/15/15 11:50,22.6,28.7,257.5,626,0.004870401,0
13727,02/15/15 11:51,22.6,28.65,239.25,627.25,0.00486185,0
13728,02/15/15 11:51,22.6,28.7,222.6666667,629.3333333,0.004870401,0
13729,02/15/15 11:53,22.6,28.66666667,234,630,0.0048647,0
13730,02/15/15 11:54,22.6,28.7,214.25,630,0.004870401,0
13731,02/15/15 11:55,22.6,28.7,217,626.3333333,0.004870401,0
13732,02/15/15 11:55,22.6,28.7,181.5,624.4,0.004870401,0
13733,02/15/15 11:57,22.6,28.7,170,630.5,0.004870401,0
13734,02/15/15 11:57,22.6,28.7,199,632.3333333,0.004870401,0
13735,02/15/15 11:58,22.575,28.745,229.5,630.75,0.00487064,0
13736,02/15/15 12:00,22.6,28.7675,237.5,630,0.004881946,0
13737,02/15/15 12:01,22.56666667,28.7,237.6666667,630,0.004860475,0
13738,02/15/15 12:02,22.6,28.7,211.5,630.75,0.004870401,0
13739,02/15/15 12:03,22.6,28.7225,183.5,626,0.004874249,0
13740,02/15/15 12:04,22.575,28.7225,195,629.25,0.004866797,0
13741,02/15/15 12:04,22.6,28.79,223.5,632.5,0.004885794,0
13742,02/15/15 12:06,22.6,28.79,233,631,0.004885794,0
13743,02/15/15 12:07,22.6,28.79,243,632,0.004885794,0
13744,02/15/15 12:08,22.6,28.7675,263.5,628,0.004881946,0
13745,02/15/15 12:08,22.6,28.79,285,630,0.004885794,0
13746,02/15/15 12:10,22.6,28.7,311.5,630.75,0.004870401,0
13747,02/15/15 12:10,22.6,28.7,309.3333333,632,0.004870401,0
13748,02/15/15 12:11,22.675,28.7675,316.75,635.5,0.004904397,0
13749,02/15/15 12:13,22.66666667,28.73,337,634.6666667,0.004895458,0
13750,02/15/15 12:14,22.7,28.7,326.5,635.25,0.004900285,0
13751,02/15/15 12:15,22.7225,28.7,325,636.5,0.004907031,0
13752,02/15/15 12:16,22.7225,28.675,271,638,0.004902723,0
13753,02/15/15 12:16,22.7675,28.6,242.5,627,0.004903268,0
13754,02/15/15 12:17,22.79,28.7,264.5,632.6666667,0.004927319,0
13755,02/15/15 12:19,22.76,28.7,300.3333333,637,0.004918293,0
13756,02/15/15 12:20,22.7675,28.65,274,639,0.004911908,0
13757,02/15/15 12:21,22.76,28.63333333,294.6666667,637,0.004906778,0
13758,02/15/15 12:22,22.79,28.6,319,632.5,0.004910015,0
13759,02/15/15 12:23,22.79,28.6,284,628,0.004910015,0
13760,02/15/15 12:23,22.82333333,28.63333333,286,628,0.004925805,0
13761,02/15/15 12:24,22.84,28.65,289.25,633.5,0.004933715,0
13762,02/15/15 12:26,22.82333333,28.6,310,635.3333333,0.004920025,0
13763,02/15/15 12:27,22.89,28.6,310,632.5,0.0049401,0
13764,02/15/15 12:28,22.89,28.6,302.5,632,0.0049401,0
13765,02/15/15 12:29,22.89,28.6,313.3333333,630.3333333,0.0049401,0
13766,02/15/15 12:29,22.89,28.575,335,631,0.004935747,0
13767,02/15/15 12:30,22.945,28.575,324.5,634.75,0.004952348,0
13768,02/15/15 12:32,23,28.5,322,637,0.004955853,0
13769,02/15/15 12:33,23,28.5,274.25,633.75,0.004955853,0
13770,02/15/15 12:34,23,28.5,283.6666667,632,0.004955853,0
13771,02/15/15 12:35,23,28.5,304.5,632.5,0.004955853,0
13772,02/15/15 12:36,23,28.5,266,632.6666667,0.004955853,0
13773,02/15/15 12:36,23.02,28.52,269.25,631,0.004965413,0
13774,02/15/15 12:38,23,28.5,316.25,632.25,0.004955853,0
13775,02/15/15 12:39,23,28.5,327.25,634.75,0.004955853,0
13776,02/15/15 12:40,23.03333333,28.56666667,341.3333333,633,0.00497765,0
13777,02/15/15 12:40,23.1,28.55,357.75,630,0.00499499,0
13778,02/15/15 12:42,23.1,28.5,329,627,0.004986172,0
13779,02/15/15 12:42,23.1,28.5,333.25,629,0.004986172,0
13780,02/15/15 12:43,23.13333333,28.5,336.3333333,630.6666667,0.004996314,0
13781,02/15/15 12:45,23.175,28.5,316.5,629.75,0.005009018,0
13782,02/15/15 12:46,23.2,28.5,345,627,0.005016654,0
13783,02/15/15 12:47,23.2,28.39,273,630.5,0.004997136,0
13784,02/15/15 12:48,23.2,28.39,366.5,629.75,0.004997136,0
13785,02/15/15 12:49,23.2,28.39,303,631.6666667,0.004997136,0
13786,02/15/15 12:49,23.245,28.445,243.5,633.5,0.005020639,0
13787,02/15/15 12:51,23.29,28.5,150,633.5,0.005044229,0
13788,02/15/15 12:52,23.2,28.4725,156.25,633,0.005011775,0
13789,02/15/15 12:53,23.16666667,28.5,140,627.6666667,0.005006475,0
13790,02/15/15 12:53,23.125,28.525,132.75,633,0.004998193,0
13791,02/15/15 12:55,23.1,28.6,137.25,633.25,0.005003808,0
13792,02/15/15 12:55,23.1,28.65,144,635,0.005012626,0
13793,02/15/15 12:56,23.06666667,28.66666667,180.3333333,632.6666667,0.005005381,0
13794,02/15/15 12:58,23,28.65,173.5,630.25,0.004982145,0
13795,02/15/15 12:59,23,28.7,171.5,630.25,0.00499091,0
13796,02/15/15 13:00,23,28.7225,196.5,635.5,0.004994854,0
13797,02/15/15 13:01,22.9725,28.79,173.6666667,635.6666667,0.004998292,0
13798,02/15/15 13:01,22.9725,28.79,134.8,632.75,0.004998292,0
13799,02/15/15 13:02,22.89,28.79,103.5,637,0.004973181,0
13800,02/15/15 13:04,22.89,28.865,97,640,0.00498624,0
13801,02/15/15 13:05,22.89,29,97,640.5,0.005009748,0
13802,02/15/15 13:06,22.89,29,106,641.75,0.005009748,0
13803,02/15/15 13:07,22.85666667,29.03333333,94,642,0.005005352,0
13804,02/15/15 13:08,22.79,29,94,644.25,0.004979236,0
13805,02/15/15 13:08,22.79,29.05,94,641,0.00498789,0
13806,02/15/15 13:09,22.79,29.1,92.25,645,0.004996544,0
13807,02/15/15 13:11,22.76,29.16666667,93,639.3333333,0.004998908,0
13808,02/15/15 13:12,22.73,29.2,87,636,0.004995496,0
13809,02/15/15 13:13,22.7,29.2,78.5,636,0.00498634,0
13810,02/15/15 13:14,22.7,29.29,70,636,0.005001832,0
13811,02/15/15 13:14,22.675,29.2675,78.5,643.75,0.004990323,0
13812,02/15/15 13:15,22.625,29.2675,87,649,0.004975081,0
13813,02/15/15 13:17,22.6,29.29,105,645,0.004971324,0
13814,02/15/15 13:18,22.6,29.365,92.25,641.75,0.004984156,0
13815,02/15/15 13:19,22.6,29.39,102,647,0.004988433,0
13816,02/15/15 13:20,22.6,29.39,95.6,646,0.004988433,0
13817,02/15/15 13:21,22.575,29.4175,97.75,644,0.004985504,0
13818,02/15/15 13:21,22.525,29.5,95.33333333,649.6666667,0.004984315,0
13819,02/15/15 13:23,22.5,29.525,87.6,652.5,0.004980941,0
13820,02/15/15 13:24,22.5,29.6,94,642,0.004993695,0
13821,02/15/15 13:25,22.5,29.6,94,643,0.004993695,0
13822,02/15/15 13:25,22.5,29.625,95.5,654.5,0.004997947,0
13823,02/15/15 13:27,22.4725,29.675,100,653.75,0.004998023,0
13824,02/15/15 13:27,22.445,29.65,107,653.5,0.004985371,0
13825,02/15/15 13:28,22.4175,29.65,118,656.5,0.004976977,0
13826,02/15/15 13:30,22.42666667,29.73,131,652,0.004993318,0
13827,02/15/15 13:31,22.39,29.7,131.5,658.75,0.00497704,0
13828,02/15/15 13:32,22.39,29.7,107.5,656.75,0.00497704,0
13829,02/15/15 13:33,22.39,29.7,92,655,0.00497704,0
13830,02/15/15 13:34,22.39,29.7,95.5,652.5,0.00497704,0
13831,02/15/15 13:34,22.39,29.79,106.5,655.5,0.004992243,0
13832,02/15/15 13:36,22.39,29.79,90.5,656,0.004992243,0
13833,02/15/15 13:37,22.39,29.79,92.25,659.5,0.004992243,0
13834,02/15/15 13:38,22.39,29.79,91.33333333,656.6666667,0.004992243,0
13835,02/15/15 13:38,22.34,29.89,78.5,656.75,0.004993803,0
13836,02/15/15 13:40,22.29,29.89,84.5,658,0.004978511,0
13837,02/15/15 13:40,22.31,29.956,81,659.5,0.004995718,0
13838,02/15/15 13:41,22.29,30,81,659.75,0.00499698,0
13839,02/15/15 13:43,22.29,30,81,659.5,0.00499698,0
13840,02/15/15 13:44,22.29,30,75.5,661.5,0.00499698,0
13841,02/15/15 13:45,22.29,30.1,87.5,662,0.005013771,0
13842,02/15/15 13:46,22.29,30.1,109.5,660,0.005013771,0
13843,02/15/15 13:46,22.29,30.1,77.25,654,0.005013771,0
13844,02/15/15 13:47,22.26,30.06666667,75.66666667,655,0.004998963,0
13845,02/15/15 13:49,22.2,30,79.5,658.5,0.004969456,0
13846,02/15/15 13:50,22.2,30,63,658.6666667,0.004969456,0
13847,02/15/15 13:51,22.2,30,66.75,656.75,0.004969456,0
13848,02/15/15 13:52,22.2,30,69.75,661,0.004969456,0
13849,02/15/15 13:53,22.2,30,57,663,0.004969456,0
13850,02/15/15 13:53,22.2,30,57,661.75,0.004969456,0
13851,02/15/15 13:54,22.2,30,57,656,0.004969456,0
13852,02/15/15 13:56,22.2,30.075,57,655.5,0.004981979,0
13853,02/15/15 13:57,22.15,30.1,57,653,0.004970869,0
13854,02/15/15 13:58,22.15,30.125,74,654.25,0.00497503,0
13855,02/15/15 13:59,22.1,30.2,74,660,0.004972221,0
13856,02/15/15 13:59,22.1,30.2,74,661.6666667,0.004972221,0
13857,02/15/15 14:00,22.1,30.29,72.66666667,662.6666667,0.004987158,0
13858,02/15/15 14:02,22.1,30.29,67.5,661.5,0.004987158,0
13859,02/15/15 14:03,22.1,30.29,81,659.3333333,0.004987158,0
13860,02/15/15 14:04,22.1,30.29,85.75,658,0.004987158,0
13861,02/15/15 14:05,22.1,30.29,87,660.6666667,0.004987158,0
13862,02/15/15 14:06,22.1,30.34,91.75,660.75,0.004995456,0
13863,02/15/15 14:06,22.1,30.34,77.25,662.5,0.004995456,0
13864,02/15/15 14:08,22.05,30.34,99,662,0.004980131,0
13865,02/15/15 14:09,22.075,30.365,81,665.5,0.004991931,0
13866,02/15/15 14:10,22.03333333,30.32333333,83.33333333,663.6666667,0.004972277,0
13867,02/15/15 14:10,22.05,30.34,77.25,662,0.004980131,0
13868,02/15/15 14:12,22,30.29,87,659.6666667,0.0049566,0
13869,02/15/15 14:12,22.05,30.365,87,661.5,0.004984267,0
13870,02/15/15 14:13,22,30.34,96,658.25,0.004964847,0
13871,02/15/15 14:15,22,30.34,87,666,0.004964847,0
13872,02/15/15 14:16,22.03333333,30.39,87,667,0.004983296,0
13873,02/15/15 14:17,22,30.39,87,668.75,0.004973094,0
13874,02/15/15 14:18,22,30.39,87,667,0.004973094,0
13875,02/15/15 14:19,22,30.39,89.33333333,670.3333333,0.004973094,0
13876,02/15/15 14:19,22,30.39,101.25,664.75,0.004973094,0
13877,02/15/15 14:21,22,30.39,110,663.6666667,0.004973094,0
13878,02/15/15 14:22,22,30.4175,97.75,665,0.004977631,0
13879,02/15/15 14:23,22,30.4725,94,668,0.004986703,0
13880,02/15/15 14:23,22,30.5,91.4,666.25,0.00499124,0
13881,02/15/15 14:25,22,30.46333333,121.3333333,675,0.004985191,0
13882,02/15/15 14:25,22,30.4725,131.25,678,0.004986703,0
13883,02/15/15 14:26,22,30.39,129.5,683,0.004973094,0
13884,02/15/15 14:28,22.025,30.445,103,680.5,0.00498983,0
13885,02/15/15 14:29,22,30.42666667,89.33333333,686.6666667,0.004979143,0
13886,02/15/15 14:30,22,30.5,79.75,692,0.00499124,0
13887,02/15/15 14:31,22,30.5,81,690.6666667,0.00499124,0
13888,02/15/15 14:31,22,30.5,75.25,682.25,0.00499124,0
13889,02/15/15 14:32,22,30.5,74,683.5,0.00499124,0
13890,02/15/15 14:34,22,30.5,80,688,0.00499124,0
13891,02/15/15 14:35,22,30.5,65.5,682.5,0.00499124,0
13892,02/15/15 14:36,21.9725,30.5,75.5,676.75,0.004982806,0
13893,02/15/15 14:37,21.96333333,30.5,59.66666667,670.3333333,0.004979998,0
13894,02/15/15 14:38,21.9175,30.6,62,677.25,0.00498239,0
13895,02/15/15 14:38,21.89,30.6,62,674,0.004973966,0
13896,02/15/15 14:39,21.89,30.6,59,678.75,0.004973966,0
13897,02/15/15 14:41,21.89,30.6,65.66666667,678,0.004973966,0
13898,02/15/15 14:42,21.89,30.7,62,674,0.004990351,0
13899,02/15/15 14:43,21.89,30.66666667,64,680.6666667,0.004984889,0
13900,02/15/15 14:44,21.89,30.7,45.5,681.25,0.004990351,0
13901,02/15/15 14:44,21.89,30.7,44,685.5,0.004990351,0
13902,02/15/15 14:45,21.89,30.7,42.25,685.25,0.004990351,0
13903,02/15/15 14:47,21.89,30.7,51.33333333,682.6666667,0.004990351,0
13904,02/15/15 14:48,21.89,30.7,45.33333333,685,0.004990351,0
13905,02/15/15 14:49,21.79,30.7,55,686.5,0.004959725,0
13906,02/15/15 14:50,21.79,30.7,57.33333333,679.3333333,0.004959725,0
13907,02/15/15 14:51,21.79,30.7675,56,678.25,0.004970717,0
13908,02/15/15 14:51,21.79,30.745,40.5,677,0.004967053,0
13909,02/15/15 14:53,21.79,30.79,62,663.5,0.004974381,0
13910,02/15/15 14:54,21.76,30.79,60.33333333,664,0.004965198,0
13911,02/15/15 14:55,21.79,30.865,82,660.25,0.004986595,0
13912,02/15/15 14:55,21.73,30.89,80.33333333,660,0.004972255,0
13913,02/15/15 14:57,21.7675,30.89,64.25,649.75,0.004983755,0
13914,02/15/15 14:57,21.79,30.89,85.75,651.5,0.004990666,0
13915,02/15/15 14:58,21.745,30.89,87,653,0.004976852,0
13916,02/15/15 15:00,21.745,30.89,74,648,0.004976852,0
13917,02/15/15 15:01,21.79,30.89,73,649.3333333,0.004990666,0
13918,02/15/15 15:02,21.73,30.89,62,652.6666667,0.004972255,0
13919,02/15/15 15:03,21.7,30.89,74,652.75,0.004963072,0
13920,02/15/15 15:04,21.7,30.89,57,659.25,0.004963072,0
13921,02/15/15 15:04,21.79,30.89,59.5,661,0.004990666,0
13922,02/15/15 15:06,21.7,30.89,73,656.8,0.004963072,0
13923,02/15/15 15:07,21.7,30.92666667,80,657,0.00496901,0
13924,02/15/15 15:08,21.7,30.945,77.5,660.25,0.004971979,0
13925,02/15/15 15:08,21.73,30.92666667,60.66666667,655.6666667,0.004978204,0
13926,02/15/15 15:10,21.7,30.945,71.25,658,0.004971979,0
13927,02/15/15 15:10,21.7,30.96333333,82.33333333,654,0.004974949,0
13928,02/15/15 15:11,21.7,30.9725,77.5,654,0.004976433,0
13929,02/15/15 15:13,21.7,31,63,655.6666667,0.004980887,0
13930,02/15/15 15:14,21.7,30.89,63,654,0.004963072,0
13931,02/15/15 15:15,21.7,31,77.5,651.25,0.004980887,0
13932,02/15/15 15:16,21.7,31,70,659,0.004980887,0
13933,02/15/15 15:16,21.7,31,68.5,655,0.004980887,0
13934,02/15/15 15:17,21.7,31,74,659,0.004980887,0
13935,02/15/15 15:19,21.7,31,64.25,656.75,0.004980887,0
13936,02/15/15 15:20,21.7,31,57,657,0.004980887,0
13937,02/15/15 15:21,21.7,31,71.5,656,0.004980887,0
13938,02/15/15 15:22,21.675,31,69.75,652,0.004973218,0
13939,02/15/15 15:23,21.7,31,68,653,0.004980887,0
13940,02/15/15 15:23,21.7,31.025,50,658.5,0.004984936,0
13941,02/15/15 15:24,21.7,31.025,50,657,0.004984936,0
13942,02/15/15 15:26,21.7,31.1,50,656,0.004997084,0
13943,02/15/15 15:27,21.7,31.075,50,660.25,0.004993034,0
13944,02/15/15 15:28,21.675,31.075,57.25,662.75,0.004985347,0
13945,02/15/15 15:29,21.7,31.1,50,659.25,0.004997084,0
13946,02/15/15 15:29,21.7,31.125,50,661.5,0.005001133,0
13947,02/15/15 15:30,21.675,31.15,50,659.75,0.004997476,0
13948,02/15/15 15:32,21.7,31.2,50,656,0.005013281,0
13949,02/15/15 15:33,21.7,31.2,50,659,0.005013281,0
13950,02/15/15 15:34,21.7,31.2,50,663.25,0.005013281,0
13951,02/15/15 15:35,21.7,31.2,50,658.75,0.005013281,0
13952,02/15/15 15:36,21.65,31.15,50,654,0.00498978,0
13953,02/15/15 15:36,21.66666667,31.16666667,50,660,0.004997603,0
13954,02/15/15 15:38,21.625,31.125,48.5,654.75,0.004978064,0
13955,02/15/15 15:39,21.625,31.15,47,649.5,0.004982094,0
13956,02/15/15 15:40,21.6,31.2,62,656.3333333,0.004982468,0
13957,02/15/15 15:40,21.6,31.2,42.25,660,0.004982468,0
13958,02/15/15 15:42,21.65,31.2,55,662.5,0.004997853,0
13959,02/15/15 15:42,21.6,31.2,40.5,663,0.004982468,0
13960,02/15/15 15:43,21.6,31.2,45.33333333,666,0.004982468,0
13961,02/15/15 15:45,21.6,31.245,40.5,663,0.004989711,0
13962,02/15/15 15:46,21.6,31.29,46,660,0.004996955,0
13963,02/15/15 15:47,21.56666667,31.29,23,661.3333333,0.004986692,0
13964,02/15/15 15:48,21.55,31.29,43.75,670,0.004981567,0
13965,02/15/15 15:49,21.525,31.29,19,669.75,0.004973888,0
13966,02/15/15 15:49,21.525,31.34,40.75,659.5,0.0049819,0
13967,02/15/15 15:51,21.5,31.39,39.5,660.5,0.004982218,0
13968,02/15/15 15:52,21.5,31.39,25,662.3333333,0.004982218,0
13969,02/15/15 15:53,21.5,31.39,28.75,663.5,0.004982218,0
13970,02/15/15 15:53,21.5,31.5,31,663,0.004999818,0
13971,02/15/15 15:55,21.5,31.5,48,662,0.004999818,0
13972,02/15/15 15:55,21.5,31.5,48,658,0.004999818,0
13973,02/15/15 15:56,21.5,31.5,40.75,661.5,0.004999818,0
13974,02/15/15 15:58,21.445,31.445,48,658.5,0.0049741,0
13975,02/15/15 15:59,21.4175,31.4725,33.5,657.5,0.004970037,0
13976,02/15/15 16:00,21.4175,31.525,48,663,0.004978394,0
13977,02/15/15 16:01,21.445,31.55,48,661,0.004990843,0
13978,02/15/15 16:01,21.39,31.525,40.75,657.75,0.004969945,0
13979,02/15/15 16:02,21.39,31.55,33.5,661.5,0.004973918,0
13980,02/15/15 16:04,21.39,31.6,48,667,0.004981864,0
13981,02/15/15 16:05,21.39,31.6,31,669,0.004981864,0
13982,02/15/15 16:06,21.365,31.6,31,662.5,0.004974175,0
13983,02/15/15 16:07,21.365,31.6,22,657.25,0.004974175,0
13984,02/15/15 16:08,21.315,31.6,22,662.3333333,0.004958829,0
13985,02/15/15 16:08,21.29,31.66666667,28.75,663.75,0.004961701,0
13986,02/15/15 16:09,21.29,31.7,31,664.25,0.004966966,0
13987,02/15/15 16:11,21.34,31.65,31,661.5,0.004974418,0
13988,02/15/15 16:12,21.29,31.745,31,664.5,0.004974073,0
13989,02/15/15 16:13,21.29,31.7,31,666.3333333,0.004966966,0
13990,02/15/15 16:14,21.29,31.7,31,665.6666667,0.004966966,0
13991,02/15/15 16:14,21.29,31.7675,31,659,0.004977627,0
13992,02/15/15 16:15,21.29,31.7675,31,662.75,0.004977627,0
13993,02/15/15 16:17,21.29,31.79,31,661.6666667,0.00498118,0
13994,02/15/15 16:18,21.29,31.79,31,663.5,0.00498118,0
13995,02/15/15 16:19,21.2675,31.7675,31,663.75,0.004970707,0
13996,02/15/15 16:20,21.245,31.79,31,664,0.00496734,0
13997,02/15/15 16:21,21.245,31.815,19.75,669.25,0.004971277,0
13998,02/15/15 16:21,21.2,31.79,26.5,668.5,0.004953533,0
13999,02/15/15 16:23,21.2,31.79,40,670.3333333,0.004953533,0
14000,02/15/15 16:24,21.2,31.79,40,672,0.004953533,0
14001,02/15/15 16:25,21.2,31.79,34.66666667,665,0.004953533,0
14002,02/15/15 16:25,21.175,31.79,26.5,662,0.004945877,0
14003,02/15/15 16:27,21.175,31.865,32,673.25,0.004957639,0
14004,02/15/15 16:27,21.13333333,31.89,24,670,0.004948782,0
14005,02/15/15 16:28,21.125,31.89,24,670.75,0.00494623,0
14006,02/15/15 16:30,21.1,31.89,32,669,0.004938582,0
14007,02/15/15 16:31,21.15,31.89,26.5,667,0.00495389,0
14008,02/15/15 16:32,21.125,31.89,13,665.5,0.00494623,0
14009,02/15/15 16:33,21.1,31.89,26.5,668.75,0.004938582,0
14010,02/15/15 16:34,21.1,31.89,31,670,0.004938582,0
14011,02/15/15 16:34,21.1,31.89,26.5,671.25,0.004938582,0
14012,02/15/15 16:36,21.1,31.89,36,662.25,0.004938582,0
14013,02/15/15 16:37,21.1,31.89,40,667,0.004938582,0
14014,02/15/15 16:38,21.1,31.89,26.5,662.5,0.004938582,0
14015,02/15/15 16:38,21.06666667,31.92666667,31,668.6666667,0.004934111,0
14016,02/15/15 16:40,21.1,32,26.5,674.25,0.004955752,0
14017,02/15/15 16:40,21,31.89,31,673.6666667,0.004908091,0
14018,02/15/15 16:41,21.05,31.945,26.5,668.5,0.004931874,0
14019,02/15/15 16:43,21.03333333,31.92666667,31,667.3333333,0.004923936,0
14020,02/15/15 16:44,21,31.89,26.5,675.75,0.004908091,0
14021,02/15/15 16:45,21,31.89,31,674,0.004908091,0
14022,02/15/15 16:46,21,31.9175,26.5,670,0.004912357,0
14023,02/15/15 16:46,21,31.89,40,664.3333333,0.004908091,0
14024,02/15/15 16:47,21,32,33.25,667.5,0.004925155,0
14025,02/15/15 16:49,21,32,26.5,673.5,0.004925155,0
14026,02/15/15 16:50,21,32,26,681.25,0.004925155,0
14027,02/15/15 16:51,21,32,24,677,0.004925155,0
14028,02/15/15 16:52,21,32.0225,24,672,0.004928645,0
14029,02/15/15 16:53,20.92666667,32.06,24,678,0.004912088,0
14030,02/15/15 16:53,20.96333333,32.06,24,692,0.004923264,0
14031,02/15/15 16:54,20.945,32.09,24,690,0.004922312,0
14032,02/15/15 16:56,20.92666667,32.09,24,685,0.004916721,0
14033,02/15/15 16:57,20.89,32.09,24,683,0.004905557,0
14034,02/15/15 16:58,20.89,32.09,24,684,0.004905557,0
14035,02/15/15 16:59,20.89,32.09,24,684.5,0.004905557,0
14036,02/15/15 16:59,20.89,32.12666667,24,687.6666667,0.004911206,0
14037,02/15/15 17:00,20.89,32.09,24,685.5,0.004905557,0
14038,02/15/15 17:02,20.89,32.16333333,24,685,0.004916856,0
14039,02/15/15 17:03,20.89,32.1725,24,691,0.004918268,0
14040,02/15/15 17:04,20.84,32.145,6,690.75,0.004898817,0
14041,02/15/15 17:05,20.82333333,32.12666667,18,689.3333333,0.004890942,0
14042,02/15/15 17:06,20.85666667,32.16333333,24,693.3333333,0.004906703,0
14043,02/15/15 17:06,20.84,32.145,24,692,0.004898817,0
14044,02/15/15 17:08,20.815,32.095,24,689.25,0.004883558,0
14045,02/15/15 17:09,20.79,32.045,24,686,0.004868333,0
14046,02/15/15 17:10,20.79,32.045,24,685.5,0.004868333,0
14047,02/15/15 17:10,20.79,32.0225,24,684.5,0.004864888,0
14048,02/15/15 17:12,20.79,32.09,10.5,681.5,0.004875223,0
14049,02/15/15 17:12,20.79,32.09,6,685.75,0.004875223,0
14050,02/15/15 17:13,20.79,32.09,6,682.3333333,0.004875223,0
14051,02/15/15 17:15,20.79,32.1175,6,678.5,0.004879434,0
14052,02/15/15 17:16,20.79,32.145,6,683.3333333,0.004883644,0
14053,02/15/15 17:17,20.79,32.2,13.33333333,687,0.004892066,0
14054,02/15/15 17:18,20.745,32.2,17,682,0.004878423,0
14055,02/15/15 17:19,20.73,32.2,20.66666667,680.3333333,0.004873882,0
14056,02/15/15 17:19,20.7225,32.2225,17,679.75,0.004875044,0
14057,02/15/15 17:21,20.7,32.2,20.66666667,678.6666667,0.004864813,0
14058,02/15/15 17:22,20.7,32.26,11.33333333,674,0.004873949,0
14059,02/15/15 17:23,20.7,32.2225,14,678.5,0.004868239,0
14060,02/15/15 17:23,20.7225,32.2675,14,675.75,0.004881906,0
14061,02/15/15 17:25,20.7,32.29,14,679.5,0.004878517,0
14062,02/15/15 17:25,20.7,32.29,14,682.6666667,0.004878517,0
14063,02/15/15 17:26,20.7,32.29,14,686.25,0.004878517,0
14064,02/15/15 17:28,20.65,32.29,14,685,0.004863391,0
14065,02/15/15 17:29,20.7,32.3175,14,669.25,0.004882704,0
14066,02/15/15 17:30,20.7,32.4,14,670.5,0.004895267,0
14067,02/15/15 17:31,20.7,32.3725,14,675.5,0.004891079,0
14068,02/15/15 17:31,20.65,32.345,14,681,0.00487174,0
14069,02/15/15 17:32,20.65,32.3725,14,680,0.004875914,0
14070,02/15/15 17:34,20.6,32.3175,14,682.3333333,0.004852468,0
14071,02/15/15 17:35,20.625,32.425,14,670,0.004876305,0
14072,02/15/15 17:36,20.6,32.4,14,671,0.004864953,0
14073,02/15/15 17:37,20.6,32.4,14,673,0.004864953,0
14074,02/15/15 17:38,20.6,32.45,14,677,0.004872519,0
14075,02/15/15 17:38,20.6,32.43333333,14,680,0.004869997,0
14076,02/15/15 17:39,20.6,32.4,14,681,0.004864953,0
14077,02/15/15 17:41,20.6,32.5,14,680.5,0.004880086,0
14078,02/15/15 17:42,20.6,32.45,14,673.5,0.004872519,0
14079,02/15/15 17:43,20.56666667,32.5,14,673,0.004869986,0
14080,02/15/15 17:44,20.6,32.5,14,672.25,0.004880086,0
14081,02/15/15 17:44,20.5,32.5,14,668,0.004849843,0
14082,02/15/15 17:45,20.525,32.5,14,674.75,0.004857388,0
14083,02/15/15 17:47,20.55,32.5,14,671,0.004864944,0
14084,02/15/15 17:48,20.55,32.5,14,669.25,0.004864944,0
14085,02/15/15 17:49,20.5,32.5,14,668.625,0.004849843,0
14086,02/15/15 17:50,20.55,32.59,14,668,0.004878522,0
14087,02/15/15 17:51,20.5,32.59,0,673.5,0.004863379,0
14088,02/15/15 17:51,20.5,32.545,7,675.5,0.004856611,0
14089,02/15/15 17:53,20.5,32.5,0,677,0.004849843,0
14090,02/15/15 17:54,20.5,32.59,0,676,0.004863379,0
14091,02/15/15 17:55,20.5,32.645,0,676,0.00487165,0
14092,02/15/15 17:55,20.5,32.645,0,676,0.00487165,0
14093,02/15/15 17:57,20.5,32.645,0,680.5,0.00487165,0
14094,02/15/15 17:57,20.5,32.7,0,679.3333333,0.004879923,0
14095,02/15/15 17:58,20.5,32.7,0,680,0.004879923,0
14096,02/15/15 18:00,20.5,32.59,0,678.5,0.004863379,0
14097,02/15/15 18:01,20.5,32.7,0,670.5,0.004879923,0
14098,02/15/15 18:02,20.5,32.7,0,668,0.004879923,0
14099,02/15/15 18:03,20.5,32.645,0,669.5,0.00487165,0
14100,02/15/15 18:04,20.5,32.7,0,674,0.004879923,0
14101,02/15/15 18:04,20.5,32.7,0,676,0.004879923,0
14102,02/15/15 18:06,20.5,32.7,0,675.5,0.004879923,0
14103,02/15/15 18:07,20.5,32.7,0,674,0.004879923,0
14104,02/15/15 18:08,20.5,32.7,0,673,0.004879923,0
14105,02/15/15 18:08,20.5,32.7,0,668,0.004879923,0
14106,02/15/15 18:10,20.5,32.7,0,667.5,0.004879923,0
14107,02/15/15 18:10,20.5,32.7,0,679.6666667,0.004879923,0
14108,02/15/15 18:11,20.5,32.7,0,674.5,0.004879923,0
14109,02/15/15 18:13,20.5,32.79,0,671.5,0.004893459,0
14110,02/15/15 18:14,20.5,32.79,0,669,0.004893459,0
14111,02/15/15 18:15,20.5,32.79,0,671,0.004893459,0
14112,02/15/15 18:16,20.5,32.79,0,679,0.004893459,0
14113,02/15/15 18:16,20.5,32.79,0,676,0.004893459,0
14114,02/15/15 18:17,20.5,32.79,0,678.5,0.004893459,0
14115,02/15/15 18:19,20.5,32.79,0,680.6666667,0.004893459,0
14116,02/15/15 18:20,20.5,32.79,0,685,0.004893459,0
14117,02/15/15 18:21,20.5,32.79,0,680,0.004893459,0
14118,02/15/15 18:22,20.5,32.79,0,672,0.004893459,0
14119,02/15/15 18:23,20.5,32.79,0,671,0.004893459,0
14120,02/15/15 18:23,20.5,32.79,0,674,0.004893459,0
14121,02/15/15 18:24,20.5,32.79,0,675.5,0.004893459,0
14122,02/15/15 18:26,20.5,32.79,0,674.5,0.004893459,0
14123,02/15/15 18:27,20.5,32.79,0,678,0.004893459,0
14124,02/15/15 18:28,20.5,32.79,0,677,0.004893459,0
14125,02/15/15 18:29,20.5,32.79,0,671,0.004893459,0
14126,02/15/15 18:29,20.5,32.79,0,669,0.004893459,0
14127,02/15/15 18:30,20.5,32.79,0,666.5,0.004893459,0
14128,02/15/15 18:32,20.5,32.79,0,673.6666667,0.004893459,0
14129,02/15/15 18:33,20.5,32.79,0,675,0.004893459,0
14130,02/15/15 18:34,20.5,32.79,0,674,0.004893459,0
14131,02/15/15 18:35,20.5,32.79,0,675,0.004893459,0
14132,02/15/15 18:36,20.5,32.79,0,675,0.004893459,0
14133,02/15/15 18:36,20.5,32.79,0,668,0.004893459,0
14134,02/15/15 18:38,20.5,32.79,0,657,0.004893459,0
14135,02/15/15 18:39,20.5,32.79,0,651.6666667,0.004893459,0
14136,02/15/15 18:40,20.5,32.79,0,652,0.004893459,0
14137,02/15/15 18:40,20.5,32.79,0,653,0.004893459,0
14138,02/15/15 18:42,20.5,32.79,0,653.5,0.004893459,0
14139,02/15/15 18:42,20.5,32.79,0,648,0.004893459,0
14140,02/15/15 18:43,20.5,32.79,0,647,0.004893459,0
14141,02/15/15 18:45,20.5,32.79,0,653,0.004893459,0
14142,02/15/15 18:46,20.5,32.79,0,649.6666667,0.004893459,0
14143,02/15/15 18:47,20.5,32.79,0,646,0.004893459,0
14144,02/15/15 18:48,20.5,32.79,0,646.6666667,0.004893459,0
14145,02/15/15 18:49,20.5,32.79,0,646,0.004893459,0
14146,02/15/15 18:49,20.5,32.9,0,649,0.004910005,0
14147,02/15/15 18:51,20.5,32.845,0,646.5,0.004901732,0
14148,02/15/15 18:52,20.445,32.845,0,647,0.004884991,0
14149,02/15/15 18:53,20.5,32.9,0,650.5,0.004910005,0
14150,02/15/15 18:53,20.5,32.9,0,654,0.004910005,0
14151,02/15/15 18:55,20.46333333,32.86333333,0,653.3333333,0.004893317,0
14152,02/15/15 18:55,20.5,32.9,0,651,0.004910005,0
14153,02/15/15 18:56,20.445,32.845,0,661,0.004884991,0
14154,02/15/15 18:58,20.39,32.79,0,661,0.004860084,0
14155,02/15/15 18:59,20.39,32.79,0,665.5,0.004860084,0
14156,02/15/15 19:00,20.445,32.845,0,659.5,0.004884991,0
14157,02/15/15 19:01,20.39,32.79,0,656.5,0.004860084,0
14158,02/15/15 19:01,20.39,32.79,0,643.5,0.004860084,0
14159,02/15/15 19:02,20.39,32.79,0,644.5,0.004860084,0
14160,02/15/15 19:04,20.39,32.79,0,650,0.004860084,0
14161,02/15/15 19:05,20.39,32.79,0,653,0.004860084,0
14162,02/15/15 19:06,20.39,32.79,0,648,0.004860084,0
14163,02/15/15 19:07,20.39,32.845,0,650.5,0.0048683,0
14164,02/15/15 19:08,20.39,32.79,0,653.3333333,0.004860084,0
14165,02/15/15 19:08,20.39,32.79,0,651,0.004860084,0
14166,02/15/15 19:09,20.39,32.845,0,663,0.0048683,0
14167,02/15/15 19:11,20.39,32.86333333,0,661.6666667,0.004871038,0
14168,02/15/15 19:12,20.39,32.79,0,661,0.004860084,0
14169,02/15/15 19:13,20.39,32.79,0,659.5,0.004860084,0
14170,02/15/15 19:14,20.39,32.79,0,661.5,0.004860084,0
14171,02/15/15 19:14,20.39,32.79,0,663,0.004860084,0
14172,02/15/15 19:15,20.39,32.79,0,661.6666667,0.004860084,0
14173,02/15/15 19:17,20.39,32.79,0,653,0.004860084,0
14174,02/15/15 19:18,20.39,32.79,0,646,0.004860084,0
14175,02/15/15 19:19,20.39,32.79,0,646.5,0.004860084,0
14176,02/15/15 19:20,20.39,32.79,0,657,0.004860084,0
14177,02/15/15 19:21,20.39,32.79,0,659.5,0.004860084,0
14178,02/15/15 19:21,20.39,32.79,0,659,0.004860084,0
14179,02/15/15 19:23,20.39,32.79,0,655,0.004860084,0
14180,02/15/15 19:24,20.39,32.7,0,652,0.00484664,0
14181,02/15/15 19:25,20.39,32.79,0,656,0.004860084,0
14182,02/15/15 19:25,20.39,32.7,0,659,0.00484664,0
14183,02/15/15 19:27,20.39,32.7,0,660,0.00484664,0
14184,02/15/15 19:27,20.39,32.7,0,664.3333333,0.00484664,0
14185,02/15/15 19:28,20.39,32.7,0,664,0.00484664,0
14186,02/15/15 19:30,20.39,32.7,0,665.5,0.00484664,0
14187,02/15/15 19:31,20.5,32.79,0,661,0.004893459,0
14188,02/15/15 19:32,20.39,32.7,0,661,0.00484664,0
14189,02/15/15 19:33,20.39,32.7,0,662,0.00484664,0
14190,02/15/15 19:34,20.39,32.7,0,663.3333333,0.00484664,0
14191,02/15/15 19:34,20.445,32.745,0,665,0.004870001,0
14192,02/15/15 19:36,20.5,32.7,0,668.5,0.004879923,0
14193,02/15/15 19:37,20.5,32.7,0,668,0.004879923,0
14194,02/15/15 19:38,20.39,32.7,0,669,0.00484664,0
14195,02/15/15 19:38,20.39,32.7,0,668,0.00484664,0
14196,02/15/15 19:40,20.39,32.66333333,0,664,0.004841164,0
14197,02/15/15 19:40,20.445,32.645,0,665.25,0.004855013,0
14198,02/15/15 19:41,20.42666667,32.62666667,0,658,0.004846733,0
14199,02/15/15 19:43,20.39,32.59,0,663.5,0.00483021,0
14200,02/15/15 19:44,20.39,32.59,0,668.3333333,0.00483021,0
14201,02/15/15 19:45,20.39,32.59,0,672,0.00483021,0
14202,02/15/15 19:46,20.445,32.645,0,675,0.004855013,0
14203,02/15/15 19:46,20.39,32.59,0,674.5,0.00483021,0
14204,02/15/15 19:47,20.39,32.545,0,671,0.004823489,0
14205,02/15/15 19:49,20.39,32.5,0,670,0.004816768,0
14206,02/15/15 19:50,20.39,32.545,0,672,0.004823489,0
14207,02/15/15 19:51,20.5,32.59,0,670,0.004863379,0
14208,02/15/15 19:52,20.39,32.5,0,678.5,0.004816768,0
14209,02/15/15 19:53,20.39,32.5,0,679,0.004816768,0
14210,02/15/15 19:53,20.445,32.545,0,675.5,0.004840025,0
14211,02/15/15 19:54,20.42666667,32.53,0,677,0.004832262,0
14212,02/15/15 19:56,20.39,32.5,0,675.5,0.004816768,0
14213,02/15/15 19:57,20.39,32.5,0,676,0.004816768,0
14214,02/15/15 19:58,20.42666667,32.5,0,673.6666667,0.004827771,0
14215,02/15/15 19:59,20.39,32.5,0,674.5,0.004816768,0
14216,02/15/15 19:59,20.5,32.5,0,675.5,0.004849843,0
14217,02/15/15 20:00,20.5,32.5,0,675.5,0.004849843,0
14218,02/15/15 20:02,20.445,32.5,0,676,0.00483328,0
14219,02/15/15 20:03,20.5,32.5,0,675.5,0.004849843,0
14220,02/15/15 20:04,20.445,32.45,0,681,0.004825787,0
14221,02/15/15 20:05,20.5,32.5,0,675,0.004849843,0
14222,02/15/15 20:06,20.39,32.4,0,677,0.004801833,0
14223,02/15/15 20:06,20.39,32.4,0,678,0.004801833,0
14224,02/15/15 20:08,20.445,32.45,0,672,0.004825787,0
14225,02/15/15 20:09,20.445,32.45,0,672.5,0.004825787,0
14226,02/15/15 20:10,20.39,32.4,0,671,0.004801833,0
14227,02/15/15 20:10,20.39,32.29,0,675,0.004785405,0
14228,02/15/15 20:12,20.39,32.29,0,679,0.004785405,0
14229,02/15/15 20:12,20.39,32.29,0,673.5,0.004785405,0
14230,02/15/15 20:13,20.39,32.29,0,676,0.004785405,0
14231,02/15/15 20:15,20.46333333,32.36333333,0,679.3333333,0.00481829,0
14232,02/15/15 20:16,20.42666667,32.32666667,0,684.6666667,0.004801824,0
14233,02/15/15 20:17,20.39,32.29,0,685.3333333,0.004785405,0
14234,02/15/15 20:18,20.39,32.29,0,686,0.004785405,0
14235,02/15/15 20:19,20.39,32.29,0,679,0.004785405,0
14236,02/15/15 20:19,20.39,32.29,0,677,0.004785405,0
14237,02/15/15 20:21,20.39,32.29,0,684,0.004785405,0
14238,02/15/15 20:22,20.39,32.245,0,678.5,0.004778684,0
14239,02/15/15 20:23,20.39,32.245,0,680,0.004778684,0
14240,02/15/15 20:23,20.39,32.245,0,675,0.004778684,0
14241,02/15/15 20:25,20.39,32.2,0,676,0.004771964,0
14242,02/15/15 20:25,20.5,32.29,0,682,0.004818263,0
14243,02/15/15 20:26,20.39,32.245,0,679.5,0.004778684,0
14244,02/15/15 20:28,20.39,32.2,0,681,0.004771964,0
14245,02/15/15 20:29,20.39,32.2,0,683.3333333,0.004771964,0
14246,02/15/15 20:30,20.39,32.2,0,684,0.004771964,0
14247,02/15/15 20:31,20.39,32.2,0,683.5,0.004771964,0
14248,02/15/15 20:31,20.39,32.2,0,680,0.004771964,0
14249,02/15/15 20:32,20.39,32.2,0,680,0.004771964,0
14250,02/15/15 20:34,20.39,32.2,0,685.5,0.004771964,0
14251,02/15/15 20:35,20.39,32.2,0,682,0.004771964,0
14252,02/15/15 20:36,20.39,32.2,0,690.5,0.004771964,0
14253,02/15/15 20:37,20.39,32.145,0,689,0.004763751,0
14254,02/15/15 20:38,20.39,32.09,0,690,0.004755538,0
14255,02/15/15 20:38,20.39,32.2,0,684,0.004771964,0
14256,02/15/15 20:39,20.39,32.09,0,688,0.004755538,0
14257,02/15/15 20:41,20.39,32.09,0,691,0.004755538,0
14258,02/15/15 20:42,20.39,32.09,0,691,0.004755538,0
14259,02/15/15 20:43,20.39,32.09,0,698,0.004755538,0
14260,02/15/15 20:44,20.39,32.09,0,693.5,0.004755538,0
14261,02/15/15 20:44,20.39,32.09,0,695.3333333,0.004755538,0
14262,02/15/15 20:45,20.39,32.09,0,688.5,0.004755538,0
14263,02/15/15 20:47,20.39,32.09,0,685.5,0.004755538,0
14264,02/15/15 20:48,20.39,32.09,0,686,0.004755538,0
14265,02/15/15 20:49,20.39,32,0,688.3333333,0.004742099,0
14266,02/15/15 20:50,20.39,32,0,692,0.004742099,0
14267,02/15/15 20:51,20.39,32,0,684,0.004742099,0
14268,02/15/15 20:51,20.39,32,0,690,0.004742099,0
14269,02/15/15 20:53,20.39,32,0,690.6666667,0.004742099,0
14270,02/15/15 20:54,20.39,32,0,692,0.004742099,0
14271,02/15/15 20:55,20.39,32,0,691,0.004742099,0
14272,02/15/15 20:55,20.39,32,0,696,0.004742099,0
14273,02/15/15 20:57,20.39,32,0,696,0.004742099,0
14274,02/15/15 20:57,20.39,32,0,699,0.004742099,0
14275,02/15/15 20:58,20.39,32,0,698.3333333,0.004742099,0
14276,02/15/15 21:00,20.39,32,0,694.3333333,0.004742099,0
14277,02/15/15 21:01,20.39,32,0,695,0.004742099,0
14278,02/15/15 21:02,20.39,32,0,696,0.004742099,0
14279,02/15/15 21:03,20.39,32,0,692,0.004742099,0
14280,02/15/15 21:04,20.39,32,0,694,0.004742099,0
14281,02/15/15 21:04,20.39,32,0,692.6666667,0.004742099,0
14282,02/15/15 21:06,20.39,32,0,694.6666667,0.004742099,0
14283,02/15/15 21:07,20.34,32,0,694,0.004727364,0
14284,02/15/15 21:08,20.39,31.89,0,700,0.004725674,0
14285,02/15/15 21:08,20.39,31.89,0,694,0.004725674,0
14286,02/15/15 21:10,20.32333333,31.89,0,701,0.004706105,0
14287,02/15/15 21:10,20.39,31.89,0,705,0.004725674,0
14288,02/15/15 21:11,20.39,31.89,0,704.5,0.004725674,0
14289,02/15/15 21:13,20.34,31.89,0,700,0.004710991,0
14290,02/15/15 21:14,20.39,31.89,0,700,0.004725674,0
14291,02/15/15 21:15,20.39,31.79,0,706.5,0.004710743,0
14292,02/15/15 21:16,20.39,31.85666667,0,703.3333333,0.004720697,0
14293,02/15/15 21:16,20.29,31.79,0,697,0.00468151,0
14294,02/15/15 21:17,20.39,31.79,0,698.5,0.004710743,0
14295,02/15/15 21:19,20.39,31.79,0,699,0.004710743,0
14296,02/15/15 21:20,20.39,31.79,0,700,0.004710743,0
14297,02/15/15 21:21,20.39,31.79,0,695,0.004710743,0
14298,02/15/15 21:22,20.34,31.79,0,701,0.004696107,0
14299,02/15/15 21:23,20.34,31.79,0,698.5,0.004696107,0
14300,02/15/15 21:23,20.39,31.79,0,699,0.004710743,0
14301,02/15/15 21:24,20.39,31.79,0,699,0.004710743,0
14302,02/15/15 21:26,20.35666667,31.79,0,702,0.004700981,0
14303,02/15/15 21:27,20.39,31.7,0,703,0.004697306,0
14304,02/15/15 21:28,20.29,31.745,0,700,0.004674834,0
14305,02/15/15 21:29,20.32333333,31.7,0,701,0.004677856,0
14306,02/15/15 21:29,20.39,31.7,0,708.5,0.004697306,0
14307,02/15/15 21:30,20.39,31.7,0,706,0.004697306,0
14308,02/15/15 21:32,20.34,31.7,0,708.5,0.004682711,0
14309,02/15/15 21:33,20.39,31.7,0,707,0.004697306,0
14310,02/15/15 21:34,20.34,31.65,0,706.5,0.00467527,0
14311,02/15/15 21:35,20.29,31.6,0,700.5,0.004653321,0
14312,02/15/15 21:36,20.39,31.6,0,712,0.004682376,0
14313,02/15/15 21:36,20.35666667,31.6,0,710,0.004672673,0
14314,02/15/15 21:38,20.39,31.6,0,705,0.004682376,0
14315,02/15/15 21:39,20.39,31.6,0,709.5,0.004682376,0
14316,02/15/15 21:40,20.35666667,31.56666667,0,704,0.004667707,0
14317,02/15/15 21:40,20.29,31.6,0,708.5,0.004653321,0
14318,02/15/15 21:42,20.29,31.55,0,710.5,0.004645903,0
14319,02/15/15 21:42,20.29,31.5,0,708.5,0.004638486,0
14320,02/15/15 21:43,20.34,31.5,0,707.5,0.004652947,0
14321,02/15/15 21:45,20.34,31.5,0,707.5,0.004652947,0
14322,02/15/15 21:46,20.29,31.5,0,706,0.004638486,0
14323,02/15/15 21:47,20.29,31.5,0,709,0.004638486,0
14324,02/15/15 21:48,20.29,31.5,0,706.5,0.004638486,0
14325,02/15/15 21:49,20.29,31.5,0,706.3333333,0.004638486,0
14326,02/15/15 21:49,20.29,31.39,0,713,0.004622167,0
14327,02/15/15 21:51,20.29,31.445,0,707.5,0.004630326,0
14328,02/15/15 21:52,20.32333333,31.39,0,710.6666667,0.004631769,0
14329,02/15/15 21:53,20.32333333,31.39,0,711.6666667,0.004631769,0
14330,02/15/15 21:53,20.39,31.34,0,717,0.004643563,0
14331,02/15/15 21:55,20.34,31.29,0,713.5,0.004621696,0
14332,02/15/15 21:55,20.34,31.29,0,713,0.004621696,0
14333,02/15/15 21:56,20.29,31.2,0,713.5,0.004593983,0
14334,02/15/15 21:58,20.29,31.29,0,715.5,0.004607333,0
14335,02/15/15 21:59,20.29,31.29,0,713,0.004607333,0
14336,02/15/15 22:00,20.29,31.2225,0,714,0.004597321,0
14337,02/15/15 22:01,20.39,31.29,0,714,0.004636099,0
14338,02/15/15 22:01,20.29,31.29,0,718.5,0.004607333,0
14339,02/15/15 22:02,20.29,31.245,0,719.5,0.004600658,0
14340,02/15/15 22:04,20.29,31.29,0,720,0.004607333,0
14341,02/15/15 22:05,20.29,31.2,0,715.5,0.004593983,0
14342,02/15/15 22:06,20.29,31.2,0,715,0.004593983,0
14343,02/15/15 22:07,20.29,31.2,0,717,0.004593983,0
14344,02/15/15 22:08,20.29,31.1,0,720,0.004579151,0
14345,02/15/15 22:08,20.29,31.2,0,721,0.004593983,0
14346,02/15/15 22:09,20.29,31.2,0,722,0.004593983,0
14347,02/15/15 22:11,20.29,31.2,0,721,0.004593983,0
14348,02/15/15 22:12,20.29,31.2,0,715.5,0.004593983,0
14349,02/15/15 22:13,20.29,31.13333333,0,718,0.004584095,0
14350,02/15/15 22:14,20.29,31.1,0,717.6666667,0.004579151,0
14351,02/15/15 22:14,20.29,31,0,722,0.004564319,0
14352,02/15/15 22:15,20.29,31.1,0,722.5,0.004579151,0
14353,02/15/15 22:17,20.245,31.1,0,723,0.004566337,0
14354,02/15/15 22:18,20.29,31.05,0,720.5,0.004571734,0
14355,02/15/15 22:19,20.245,31.05,0,721,0.004558942,0
14356,02/15/15 22:20,20.29,31,0,722,0.004564319,0
14357,02/15/15 22:21,20.29,31.06666667,0,720.6666667,0.004574206,0
14358,02/15/15 22:21,20.29,31.03333333,0,723.6666667,0.004569262,0
14359,02/15/15 22:23,20.29,31,0,715.3333333,0.004564319,0
14360,02/15/15 22:24,20.29,31,0,718,0.004564319,0
14361,02/15/15 22:25,20.29,31,0,715,0.004564319,0
14362,02/15/15 22:25,20.29,31,0,712,0.004564319,0
14363,02/15/15 22:27,20.29,31,0,718,0.004564319,0
14364,02/15/15 22:27,20.29,31,0,718.5,0.004564319,0
14365,02/15/15 22:28,20.29,31,0,719.3333333,0.004564319,0
14366,02/15/15 22:30,20.29,31,0,716,0.004564319,0
14367,02/15/15 22:31,20.29,30.89,0,717.5,0.004548004,0
14368,02/15/15 22:32,20.245,30.84,0,728,0.004527884,0
14369,02/15/15 22:33,20.245,30.84,0,728,0.004527884,0
14370,02/15/15 22:34,20.245,30.84,0,728,0.004527884,0
14371,02/15/15 22:34,20.29,30.89,0,727,0.004548004,0
14372,02/15/15 22:36,20.29,30.84,0,723,0.004540589,0
14373,02/15/15 22:37,20.26,30.85666667,0,724.6666667,0.004534582,0
14374,02/15/15 22:38,20.29,30.89,0,717,0.004548004,0
14375,02/15/15 22:38,20.29,30.89,0,713,0.004548004,0
14376,02/15/15 22:40,20.29,30.79,0,709.5,0.004533174,0
14377,02/15/15 22:40,20.23,30.66333333,0,715.3333333,0.004497555,0
14378,02/15/15 22:41,20.26,30.76,0,717.6666667,0.004520273,0
14379,02/15/15 22:43,20.29,30.695,0,720.5,0.004519085,0
14380,02/15/15 22:44,20.245,30.65,0,714.5,0.004499786,0
14381,02/15/15 22:45,20.2,30.65,0,715.5,0.004487192,0
14382,02/15/15 22:46,20.245,30.65,0,715,0.004499786,0
14383,02/15/15 22:46,20.29,30.7,0,713,0.004519827,0
14384,02/15/15 22:47,20.29,30.7,0,713,0.004519827,0
14385,02/15/15 22:49,20.245,30.65,0,714.5,0.004499786,0
14386,02/15/15 22:50,20.2,30.6,0,715.5,0.004479819,0
14387,02/15/15 22:51,20.26,30.66666667,0,724.3333333,0.004506458,0
14388,02/15/15 22:52,20.29,30.6,0,723,0.004504998,0
14389,02/15/15 22:53,20.29,30.6,0,721.3333333,0.004504998,0
14390,02/15/15 22:53,20.29,30.55,0,721,0.004497583,0
14391,02/15/15 22:54,20.29,30.5,0,721,0.004490169,0
14392,02/15/15 22:56,20.29,30.55,0,717.5,0.004497583,0
14393,02/15/15 22:57,20.29,30.5,0,717,0.004490169,0
14394,02/15/15 22:58,20.29,30.53333333,0,725,0.004495112,0
14395,02/15/15 22:59,20.2,30.39,0,724.5,0.004448856,0
14396,02/15/15 22:59,20.2,30.39,0,727.5,0.004448856,0
14397,02/15/15 23:00,20.2,30.34,0,728,0.004441484,0
14398,02/15/15 23:02,20.29,30.5,0,734.5,0.004490169,0
14399,02/15/15 23:03,20.2,30.39,0,727,0.004448856,0
14400,02/15/15 23:04,20.26,30.43,0,730.3333333,0.00447143,0
14401,02/15/15 23:05,20.245,30.445,0,730.5,0.004469474,0
14402,02/15/15 23:06,20.29,30.42666667,0,727.3333333,0.004479295,0
14403,02/15/15 23:06,20.29,30.34,0,725.5,0.004466445,0
14404,02/15/15 23:08,20.29,30.34,0,731,0.004466445,0
14405,02/15/15 23:09,20.245,30.245,0,727.5,0.004439903,0
14406,02/15/15 23:10,20.29,30.245,0,728,0.00445236,0
14407,02/15/15 23:10,20.2,30.29,0,730,0.004434112,0
14408,02/15/15 23:12,20.2675,30.34,0,731,0.004460193,0
14409,02/15/15 23:12,20.29,30.35666667,0,729.6666667,0.004468916,0
14410,02/15/15 23:13,20.245,30.245,0,730.5,0.004439903,0
14411,02/15/15 23:15,20.2,30.1,0,731,0.004406101,0
14412,02/15/15 23:16,20.245,30.1975,0,731,0.004432881,0
14413,02/15/15 23:17,20.245,30.05,0,734,0.004411075,0
14414,02/15/15 23:18,20.29,30.2,0,733.3333333,0.004445688,0
14415,02/15/15 23:19,20.245,30.15,0,733.5,0.004425858,0
14416,02/15/15 23:19,20.29,30.2,0,732,0.004445688,0
14417,02/15/15 23:21,20.29,30.15,0,731,0.004438275,0
14418,02/15/15 23:22,20.29,30.1,0,728,0.004430862,0
14419,02/15/15 23:23,20.245,30,0,734.5,0.004403683,0
14420,02/15/15 23:23,20.2,30.06666667,0,731.5,0.004401187,0
14421,02/15/15 23:25,20.29,30.1,0,730.5,0.004430862,0
14422,02/15/15 23:25,20.29,30.05,0,725,0.004423449,0
14423,02/15/15 23:26,20.245,29.84,0,723.5,0.004380031,0
14424,02/15/15 23:28,20.245,30,0,732.5,0.004403683,0
14425,02/15/15 23:29,20.29,30.05,0,732,0.004423449,0
14426,02/15/15 23:30,20.2,30,0,721,0.00439136,0
14427,02/15/15 23:31,20.23,30,0,723.5,0.004399572,0
14428,02/15/15 23:31,20.245,30,0,730,0.004403683,0
14429,02/15/15 23:32,20.2,29.89,0,727.5,0.004375145,0
14430,02/15/15 23:34,20.2675,29.89,0,727.5,0.004393573,0
14431,02/15/15 23:35,20.29,29.89,0,733,0.00439973,0
14432,02/15/15 23:36,20.29,29.89,0,729.5,0.00439973,0
14433,02/15/15 23:37,20.29,29.89,0,731,0.00439973,0
14434,02/15/15 23:38,20.29,29.89,0,733,0.00439973,0
14435,02/15/15 23:38,20.29,29.82333333,0,733.3333333,0.004389848,0
14436,02/15/15 23:39,20.29,29.745,0,731,0.004378237,0
14437,02/15/15 23:41,20.29,29.745,0,733,0.004378237,0
14438,02/15/15 23:42,20.2,29.7,0,730.5,0.004347139,0
14439,02/15/15 23:43,20.245,29.745,0,733.5,0.004365989,0
14440,02/15/15 23:44,20.26,29.66666667,0,733,0.004358479,0
14441,02/15/15 23:44,20.29,29.7,0,733,0.004371566,0
14442,02/15/15 23:45,20.245,29.695,0,729,0.004358599,0
14443,02/15/15 23:47,20.26,29.63333333,0,727,0.004353548,0
14444,02/15/15 23:48,20.29,29.7,0,730,0.004371566,0
14445,02/15/15 23:49,20.26,29.66666667,0,723.3333333,0.004358479,0
14446,02/15/15 23:50,20.29,29.7,0,723,0.004371566,0
14447,02/15/15 23:51,20.245,29.6,0,726.5,0.004344557,0
14448,02/15/15 23:51,20.245,29.55,0,727.5,0.004337167,0
14449,02/15/15 23:53,20.245,29.65,0,729.5,0.004351947,0
14450,02/15/15 23:54,20.29,29.6,0,733,0.004356744,0
14451,02/15/15 23:55,20.2,29.6,0,728,0.0043324,0
14452,02/15/15 23:55,20.29,29.6,0,730.5,0.004356744,0
14453,02/15/15 23:57,20.2,29.5,0,738,0.004317662,0
14454,02/15/15 23:57,20.2,29.46333333,0,739,0.004312258,0
14455,02/15/15 23:58,20.29,29.5,0,738,0.004341923,0
14456,02/16/15 0:00,20.26,29.46333333,0,735.3333333,0.004328398,0
14457,02/16/15 0:01,20.2,29.39,0,732,0.004301451,0
14458,02/16/15 0:02,20.29,29.5,0,726.5,0.004341923,0
14459,02/16/15 0:03,20.245,29.445,0,734,0.004321649,0
14460,02/16/15 0:04,20.29,29.5,0,733,0.004341923,0
14461,02/16/15 0:04,20.29,29.5,0,733,0.004341923,0
14462,02/16/15 0:06,20.29,29.5,0,731,0.004341923,0
14463,02/16/15 0:07,20.29,29.5,0,739,0.004341923,0
14464,02/16/15 0:08,20.26,29.42666667,0,732.3333333,0.004322974,0
14465,02/16/15 0:08,20.29,29.46333333,0,727.6666667,0.004336488,0
14466,02/16/15 0:10,20.29,29.5,0,723,0.004341923,0
14467,02/16/15 0:10,20.29,29.39,0,725.5,0.00432562,0
14468,02/16/15 0:11,20.29,29.39,0,727,0.00432562,0
14469,02/16/15 0:13,20.245,29.34,0,735,0.004306131,0
14470,02/16/15 0:14,20.245,29.34,0,732.5,0.004306131,0
14471,02/16/15 0:15,20.29,29.29,0,731,0.0043108,0
14472,02/16/15 0:16,20.29,29.29,0,732.5,0.0043108,0
14473,02/16/15 0:16,20.29,29.29,0,729,0.0043108,0
14474,02/16/15 0:17,20.29,29.2,0,733,0.004297462,0
14475,02/16/15 0:19,20.29,29.2,0,729.5,0.004297462,0
14476,02/16/15 0:20,20.29,29.2,0,733,0.004297462,0
14477,02/16/15 0:21,20.29,29.2,0,734,0.004297462,0
14478,02/16/15 0:22,20.29,29.2,0,732,0.004297462,0
14479,02/16/15 0:23,20.29,29,0,730,0.004267826,0
14480,02/16/15 0:23,20.29,29.2,0,734,0.004297462,0
14481,02/16/15 0:24,20.245,29.15,0,731,0.004278054,0
14482,02/16/15 0:26,20.29,29.175,0,732,0.004293758,0
14483,02/16/15 0:27,20.29,29,0,730,0.004267826,0
14484,02/16/15 0:28,20.26,29.13333333,0,737.6666667,0.004279585,0
14485,02/16/15 0:29,20.2,29.1,0,739,0.004258717,0
14486,02/16/15 0:29,20.2675,29.175,0,730,0.004287749,0
14487,02/16/15 0:30,20.26,29.16666667,0,727.5,0.004284515,0
14488,02/16/15 0:32,20.29,29.2,0,733.5,0.004297462,0
14489,02/16/15 0:33,20.29,29,0,729,0.004267826,0
14490,02/16/15 0:34,20.29,29.1,0,711,0.004282644,0
14491,02/16/15 0:35,20.29,29.1,0,712,0.004282644,0
14492,02/16/15 0:36,20.245,29.05,0,709,0.004263277,0
14493,02/16/15 0:36,20.29,29,0,698.3333333,0.004267826,0
14494,02/16/15 0:38,20.29,29,0,697,0.004267826,0
14495,02/16/15 0:39,20.29,29,0,711,0.004267826,0
14496,02/16/15 0:40,20.29,29,0,749,0.004267826,0
14497,02/16/15 0:40,20.29,29,0,758,0.004267826,0
14498,02/16/15 0:42,20.29,28.93,0,774,0.004257454,0
14499,02/16/15 0:42,20.29,28.89,0,778,0.004251527,0
14500,02/16/15 0:43,20.29,28.89,0,781.3333333,0.004251527,0
14501,02/16/15 0:45,20.29,28.84,0,775,0.004244119,0
14502,02/16/15 0:46,20.29,28.79,0,775.6666667,0.00423671,0
14503,02/16/15 0:47,20.34,28.745,0,781.5,0.004243222,0
14504,02/16/15 0:48,20.29,28.745,0,783.5,0.004230043,0
14505,02/16/15 0:49,20.29,28.79,0,786,0.00423671,0
14506,02/16/15 0:49,20.29,28.79,0,790,0.00423671,0
14507,02/16/15 0:51,20.29,28.79,0,789,0.00423671,0
14508,02/16/15 0:52,20.29,28.73,0,801,0.004227821,0
14509,02/16/15 0:53,20.29,28.65,0,804,0.004215968,0
14510,02/16/15 0:53,20.29,28.6,0,798,0.004208561,0
14511,02/16/15 0:55,20.29,28.6,0,797,0.004208561,0
14512,02/16/15 0:55,20.29,28.6,0,793,0.004208561,0
14513,02/16/15 0:56,20.29,28.53333333,0,802.6666667,0.004198685,0
14514,02/16/15 0:58,20.29,28.5,0,799,0.004193747,0
14515,02/16/15 0:59,20.29,28.6,0,803.3333333,0.004208561,0
14516,02/16/15 1:00,20.29,28.6,0,806.5,0.004208561,0
14517,02/16/15 1:01,20.29,28.6,0,805,0.004208561,0
14518,02/16/15 1:01,20.29,28.5,0,801,0.004193747,0
14519,02/16/15 1:02,20.29,28.55,0,805,0.004201154,0
14520,02/16/15 1:04,20.29,28.6,0,807,0.004208561,0
14521,02/16/15 1:05,20.29,28.56666667,0,808.6666667,0.004203623,0
14522,02/16/15 1:06,20.29,28.5,0,815,0.004193747,0
14523,02/16/15 1:07,20.29,28.5,0,818,0.004193747,0
14524,02/16/15 1:08,20.29,28.5,0,810.5,0.004193747,0
14525,02/16/15 1:08,20.29,28.5,0,809.5,0.004193747,0
14526,02/16/15 1:09,20.29,28.5,0,810,0.004193747,0
14527,02/16/15 1:11,20.29,28.5,0,816.5,0.004193747,0
14528,02/16/15 1:12,20.2,28.39,0,811,0.004154116,0
14529,02/16/15 1:13,20.245,28.4175,0,813.5,0.004169831,0
14530,02/16/15 1:14,20.26,28.29,0,820,0.004154875,0
14531,02/16/15 1:14,20.29,28.5,0,815.3333333,0.004193747,0
14532,02/16/15 1:15,20.29,28.39,0,817,0.004177451,0
14533,02/16/15 1:17,20.29,28.39,0,815.5,0.004177451,0
14534,02/16/15 1:18,20.29,28.39,0,822,0.004177451,0
14535,02/16/15 1:19,20.29,28.34,0,826,0.004170045,0
14536,02/16/15 1:20,20.29,28.39,0,825.5,0.004177451,0
14537,02/16/15 1:21,20.245,28.245,0,824.5,0.004144351,0
14538,02/16/15 1:21,20.29,28.39,0,823,0.004177451,0
14539,02/16/15 1:23,20.29,28.29,0,821,0.004162638,0
14540,02/16/15 1:24,20.29,28.29,0,814.5,0.004162638,0
14541,02/16/15 1:25,20.29,28.26,0,822.3333333,0.004158195,0
14542,02/16/15 1:25,20.29,28.2,0,828,0.004149307,0
14543,02/16/15 1:27,20.29,28.245,0,831.5,0.004155973,0
14544,02/16/15 1:27,20.245,28.245,0,831.5,0.004144351,0
14545,02/16/15 1:28,20.29,28.23,0,841.3333333,0.004153751,0
14546,02/16/15 1:30,20.23,28.1,0,846.3333333,0.004119087,0
14547,02/16/15 1:31,20.29,28.2,0,852,0.004149307,0
14548,02/16/15 1:32,20.29,28.1,0,866,0.004134496,0
14549,02/16/15 1:33,20.29,28.1,0,865.5,0.004134496,0
14550,02/16/15 1:34,20.29,28.1,0,1018.5,0.004134496,0
14551,02/16/15 1:34,20.29,28.05,0,953.5,0.00412709,0
14552,02/16/15 1:36,20.29,28.05,0,926,0.00412709,0
14553,02/16/15 1:37,20.29,28.1,0,921.3333333,0.004134496,0
14554,02/16/15 1:38,20.29,28.1,0,905,0.004134496,0
14555,02/16/15 1:38,20.34,28.05,0,885,0.004139946,0
14556,02/16/15 1:40,20.29,28,0,874,0.004119685,0
14557,02/16/15 1:40,20.29,28.05,0,870,0.00412709,0
14558,02/16/15 1:41,20.29,27.89,0,858,0.004103393,0
14559,02/16/15 1:43,20.29,28.025,0,863.5,0.004123387,0
14560,02/16/15 1:44,20.29,28,0,862.3333333,0.004119685,0
14561,02/16/15 1:45,20.34,27.89,0,858.5,0.004116175,0
14562,02/16/15 1:46,20.39,27.89,0,857,0.004128992,0
14563,02/16/15 1:46,20.39,27.89,0,858,0.004128992,0
14564,02/16/15 1:47,20.29,27.79,0,859,0.004088584,0
14565,02/16/15 1:49,20.39,27.84,0,869,0.004121541,0
14566,02/16/15 1:50,20.35666667,27.79,0,859.3333333,0.004105572,0
14567,02/16/15 1:51,20.39,27.79,0,853,0.00411409,0
14568,02/16/15 1:52,20.39,27.79,0,853,0.00411409,0
14569,02/16/15 1:53,20.39,27.79,0,851.5,0.00411409,0
14570,02/16/15 1:53,20.39,27.79,0,859.5,0.00411409,0
14571,02/16/15 1:54,20.39,27.7,0,859,0.004100678,0
14572,02/16/15 1:56,20.39,27.6,0,852,0.004085777,0
14573,02/16/15 1:57,20.39,27.7,0,852.5,0.004100678,0
14574,02/16/15 1:58,20.39,27.65,0,845,0.004093227,0
14575,02/16/15 1:59,20.39,27.7,0,851.5,0.004100678,0
14576,02/16/15 1:59,20.39,27.6,0,863,0.004085777,0
14577,02/16/15 2:00,20.39,27.6,0,859,0.004085777,0
14578,02/16/15 2:02,20.39,27.7,0,860,0.004100678,0
14579,02/16/15 2:03,20.39,27.6,0,851.6666667,0.004085777,0
14580,02/16/15 2:04,20.39,27.53,0,853.5,0.004075347,0
14581,02/16/15 2:05,20.39,27.5,0,851.3333333,0.004070877,0
14582,02/16/15 2:06,20.39,27.55,0,854.25,0.004078327,0
14583,02/16/15 2:06,20.39,27.55,0,852,0.004078327,0
14584,02/16/15 2:08,20.39,27.5,0,854,0.004070877,0
14585,02/16/15 2:09,20.39,27.46333333,0,853,0.004065413,0
14586,02/16/15 2:10,20.39,27.5,0,853.5,0.004070877,0
14587,02/16/15 2:10,20.39,27.5,0,855,0.004070877,0
14588,02/16/15 2:12,20.39,27.5,0,856,0.004070877,0
14589,02/16/15 2:12,20.39,27.5,0,855.5,0.004070877,0
14590,02/16/15 2:13,20.39,27.39,0,853.6666667,0.004054487,0
14591,02/16/15 2:15,20.39,27.39,0,855.5,0.004054487,0
14592,02/16/15 2:16,20.39,27.39,0,853,0.004054487,0
14593,02/16/15 2:17,20.39,27.34,0,851.5,0.004047037,0
14594,02/16/15 2:18,20.39,27.34,0,853,0.004047037,0
14595,02/16/15 2:19,20.39,27.39,0,855,0.004054487,0
14596,02/16/15 2:19,20.39,27.39,0,853.6666667,0.004054487,0
14597,02/16/15 2:21,20.39,27.29,0,863,0.004039588,0
14598,02/16/15 2:22,20.39,27.29,0,856.5,0.004039588,0
14599,02/16/15 2:23,20.39,27.2,0,857,0.00402618,0
14600,02/16/15 2:23,20.39,27.2,0,861.5,0.00402618,0
14601,02/16/15 2:25,20.39,27.245,0,860,0.004032884,0
14602,02/16/15 2:25,20.39,27.29,0,865,0.004039588,0
14603,02/16/15 2:26,20.39,27.245,0,864.5,0.004032884,0
14604,02/16/15 2:28,20.39,27.2,0,868,0.00402618,0
14605,02/16/15 2:29,20.39,27.2,0,858,0.00402618,0
14606,02/16/15 2:30,20.39,27.2,0,853,0.00402618,0
14607,02/16/15 2:31,20.39,27.2,0,854.5,0.00402618,0
14608,02/16/15 2:31,20.39,27.13333333,0,859.3333333,0.004016248,0
14609,02/16/15 2:32,20.39,27.1,0,860,0.004011282,0
14610,02/16/15 2:34,20.39,27.1,0,864,0.004011282,0
14611,02/16/15 2:35,20.39,27.1,0,865,0.004011282,0
14612,02/16/15 2:36,20.39,27.1,0,861.6666667,0.004011282,0
14613,02/16/15 2:37,20.39,27.1,0,865.5,0.004011282,0
14614,02/16/15 2:38,20.39,27.05,0,852.5,0.004003833,0
14615,02/16/15 2:38,20.39,27.1,0,859.5,0.004011282,0
14616,02/16/15 2:39,20.39,27.1,0,852,0.004011282,0
14617,02/16/15 2:41,20.39,27.1,0,861.6666667,0.004011282,0
14618,02/16/15 2:42,20.39,27.05,0,864.5,0.004003833,0
14619,02/16/15 2:43,20.39,27,0,865.3333333,0.003996385,0
14620,02/16/15 2:44,20.34,27.1,0,867,0.003998833,0
14621,02/16/15 2:44,20.34,27.15,0,861,0.004006258,0
14622,02/16/15 2:45,20.35666667,27.1,0,853,0.004002979,0
14623,02/16/15 2:47,20.39,27.1,0,856.5,0.004011282,0
14624,02/16/15 2:48,20.39,27.1,0,861,0.004011282,0
14625,02/16/15 2:49,20.39,27.05,0,862,0.004003833,0
14626,02/16/15 2:50,20.39,27,0,857.3333333,0.003996385,0
14627,02/16/15 2:51,20.29,27.1,0,857,0.003986418,0
14628,02/16/15 2:51,20.35666667,27.1,0,858,0.004002979,0
14629,02/16/15 2:53,20.34,27.05,0,864.5,0.003991407,0
14630,02/16/15 2:54,20.34,27.05,0,864.5,0.003991407,0
14631,02/16/15 2:55,20.39,27,0,864,0.003996385,0
14632,02/16/15 2:55,20.39,27,0,863,0.003996385,0
14633,02/16/15 2:57,20.39,27,0,863.5,0.003996385,0
14634,02/16/15 2:57,20.39,27.1,0,860.6666667,0.004011282,0
14635,02/16/15 2:58,20.39,27,0,865,0.003996385,0
14636,02/16/15 3:00,20.39,26.89,0,865,0.003979999,0
14637,02/16/15 3:01,20.39,26.89,0,860.5,0.003979999,0
14638,02/16/15 3:02,20.39,26.89,0,863,0.003979999,0
14639,02/16/15 3:03,20.39,26.89,0,865,0.003979999,0
14640,02/16/15 3:04,20.39,26.89,0,863,0.003979999,0
14641,02/16/15 3:04,20.39,26.89,0,861,0.003979999,0
14642,02/16/15 3:06,20.39,26.89,0,862.5,0.003979999,0
14643,02/16/15 3:07,20.39,26.89,0,866,0.003979999,0
14644,02/16/15 3:08,20.39,26.89,0,867,0.003979999,0
14645,02/16/15 3:08,20.39,26.89,0,873,0.003979999,0
14646,02/16/15 3:10,20.39,26.89,0,872,0.003979999,0
14647,02/16/15 3:10,20.39,26.89,0,866,0.003979999,0
14648,02/16/15 3:11,20.39,26.89,0,863.3333333,0.003979999,0
14649,02/16/15 3:13,20.39,26.79,0,868.5,0.003965104,0
14650,02/16/15 3:14,20.39,26.79,0,871,0.003965104,0
14651,02/16/15 3:15,20.39,26.76,0,864.6666667,0.003960635,0
14652,02/16/15 3:16,20.39,26.7,0,869,0.003951699,0
14653,02/16/15 3:16,20.39,26.7,0,862,0.003951699,0
14654,02/16/15 3:17,20.5,26.7,0,868,0.003978796,0
14655,02/16/15 3:19,20.39,26.7,0,867.5,0.003951699,0
14656,02/16/15 3:20,20.39,26.7,0,864.25,0.003951699,0
14657,02/16/15 3:21,20.39,26.7,0,859,0.003951699,0
14658,02/16/15 3:22,20.39,26.7,0,860,0.003951699,0
14659,02/16/15 3:23,20.39,26.65,0,865.5,0.003944252,0
14660,02/16/15 3:23,20.39,26.7,0,866,0.003951699,0
14661,02/16/15 3:24,20.39,26.6,0,863,0.003936805,0
14662,02/16/15 3:26,20.445,26.65,0,871,0.003957754,0
14663,02/16/15 3:27,20.39,26.6,0,868,0.003936805,0
14664,02/16/15 3:28,20.39,26.55,0,869.6666667,0.003929358,0
14665,02/16/15 3:29,20.39,26.6,0,866,0.003936805,0
14666,02/16/15 3:29,20.39,26.6,0,866.5,0.003936805,0
14667,02/16/15 3:30,20.39,26.5,0,868,0.003921911,0
14668,02/16/15 3:32,20.39,26.5,0,856,0.003921911,0
14669,02/16/15 3:33,20.42666667,26.53333333,0,860,0.003935833,0
14670,02/16/15 3:34,20.39,26.5,0,855,0.003921911,0
14671,02/16/15 3:35,20.39,26.5,0,859,0.003921911,0
14672,02/16/15 3:36,20.39,26.5,0,854.5,0.003921911,0
14673,02/16/15 3:36,20.39,26.445,0,852.5,0.00391372,0
14674,02/16/15 3:38,20.39,26.5,0,863.5,0.003921911,0
14675,02/16/15 3:39,20.5,26.5,0,869,0.003948803,0
14676,02/16/15 3:40,20.39,26.5,0,863,0.003921911,0
14677,02/16/15 3:40,20.39,26.5,0,857,0.003921911,0
14678,02/16/15 3:42,20.39,26.5,0,860,0.003921911,0
14679,02/16/15 3:42,20.39,26.5,0,857.5,0.003921911,0
14680,02/16/15 3:43,20.39,26.5,0,857.5,0.003921911,0
14681,02/16/15 3:45,20.39,26.39,0,853,0.003905529,0
14682,02/16/15 3:46,20.39,26.5,0,859.5,0.003921911,0
14683,02/16/15 3:47,20.39,26.445,0,862,0.00391372,0
14684,02/16/15 3:48,20.39,26.39,0,858.5,0.003905529,0
14685,02/16/15 3:49,20.39,26.39,0,861.3333333,0.003905529,0
14686,02/16/15 3:49,20.39,26.39,0,848,0.003905529,0
14687,02/16/15 3:51,20.39,26.39,0,851,0.003905529,0
14688,02/16/15 3:52,20.39,26.39,0,858,0.003905529,0
14689,02/16/15 3:53,20.39,26.39,0,860,0.003905529,0
14690,02/16/15 3:53,20.39,26.39,0,859,0.003905529,0
14691,02/16/15 3:55,20.39,26.39,0,860,0.003905529,0
14692,02/16/15 3:55,20.39,26.39,0,860.6666667,0.003905529,0
14693,02/16/15 3:56,20.39,26.39,0,868,0.003905529,0
14694,02/16/15 3:58,20.39,26.34,0,860,0.003898083,0
14695,02/16/15 3:59,20.39,26.39,0,848,0.003905529,0
14696,02/16/15 4:00,20.39,26.39,0,856,0.003905529,0
14697,02/16/15 4:01,20.39,26.39,0,857,0.003905529,0
14698,02/16/15 4:01,20.39,26.39,0,856,0.003905529,0
14699,02/16/15 4:02,20.39,26.39,0,851,0.003905529,0
14700,02/16/15 4:04,20.39,26.29,0,848,0.003890638,0
14701,02/16/15 4:05,20.39,26.365,0,846.5,0.003901806,0
14702,02/16/15 4:06,20.39,26.29,0,846,0.003890638,0
14703,02/16/15 4:07,20.39,26.29,0,847.5,0.003890638,0
14704,02/16/15 4:08,20.39,26.2675,0,842.5,0.003887287,0
14705,02/16/15 4:08,20.39,26.29,0,844,0.003890638,0
14706,02/16/15 4:09,20.39,26.245,0,846.5,0.003883937,0
14707,02/16/15 4:11,20.39,26.23,0,845,0.003881703,0
14708,02/16/15 4:12,20.39,26.2,0,844,0.003877236,0
14709,02/16/15 4:13,20.39,26.2,0,845,0.003877236,0
14710,02/16/15 4:14,20.39,26.2,0,845,0.003877236,0
14711,02/16/15 4:14,20.34,26.2,0,847,0.003865205,0
14712,02/16/15 4:15,20.39,26.2,0,848,0.003877236,0
14713,02/16/15 4:17,20.39,26.2,0,844,0.003877236,0
14714,02/16/15 4:18,20.39,26.2,0,845,0.003877236,0
14715,02/16/15 4:19,20.39,26.1,0,845,0.003862345,0
14716,02/16/15 4:20,20.39,26,0,842,0.003847455,0
14717,02/16/15 4:21,20.29,26.2,0,841.5,0.003853207,0
14718,02/16/15 4:21,20.29,26.2,0,833,0.003853207,0
14719,02/16/15 4:23,20.39,26.1,0,834,0.003862345,0
14720,02/16/15 4:24,20.32333333,26,0,820.6666667,0.003831546,0
14721,02/16/15 4:25,20.29,26.1,0,816,0.00383841,0
14722,02/16/15 4:25,20.29,26.2,0,814.5,0.003853207,0
14723,02/16/15 4:27,20.29,26.13333333,0,815.3333333,0.003843342,0
14724,02/16/15 4:27,20.29,26.1,0,806.5,0.00383841,0
14725,02/16/15 4:28,20.39,26.1,0,803,0.003862345,0
14726,02/16/15 4:30,20.29,26.2,0,802,0.003853207,0
14727,02/16/15 4:31,20.34,26.1,0,796,0.003850361,0
14728,02/16/15 4:32,20.39,26.06666667,0,794.3333333,0.003857382,0
14729,02/16/15 4:33,20.39,26,0,798,0.003847455,0
14730,02/16/15 4:34,20.29,26,0,798,0.003823613,0
14731,02/16/15 4:34,20.39,26,0,800.5,0.003847455,0
14732,02/16/15 4:36,20.39,26,0,801,0.003847455,0
14733,02/16/15 4:37,20.39,25.96333333,0,804,0.003841996,0
14734,02/16/15 4:38,20.39,25.945,0,810.5,0.003839266,0
14735,02/16/15 4:38,20.39,25.89,0,807,0.003831077,0
14736,02/16/15 4:40,20.39,25.89,0,795.5,0.003831077,0
14737,02/16/15 4:40,20.39,25.89,0,799,0.003831077,0
14738,02/16/15 4:41,20.39,25.89,0,793,0.003831077,0
14739,02/16/15 4:43,20.39,25.89,0,796.5,0.003831077,0
14740,02/16/15 4:44,20.39,25.84,0,809,0.003823633,0
14741,02/16/15 4:45,20.39,25.89,0,802,0.003831077,0
14742,02/16/15 4:46,20.34,25.89,0,798,0.003819191,0
14743,02/16/15 4:46,20.39,25.84,0,799.5,0.003823633,0
14744,02/16/15 4:47,20.34,25.89,0,802,0.003819191,0
14745,02/16/15 4:49,20.39,25.79,0,808,0.003816189,0
14746,02/16/15 4:50,20.39,25.79,0,801,0.003816189,0
14747,02/16/15 4:51,20.39,25.79,0,800,0.003816189,0
14748,02/16/15 4:52,20.39,25.79,0,795,0.003816189,0
14749,02/16/15 4:53,20.35666667,25.79,0,791.3333333,0.003808292,0
14750,02/16/15 4:53,20.39,25.79,0,791,0.003816189,0
14751,02/16/15 4:54,20.39,25.79,0,789.5,0.003816189,0
14752,02/16/15 4:56,20.39,25.79,0,789.5,0.003816189,0
14753,02/16/15 4:57,20.39,25.76,0,784.3333333,0.003811723,0
14754,02/16/15 4:58,20.39,25.79,0,780,0.003816189,0
14755,02/16/15 4:59,20.39,25.745,0,781.5,0.003809489,0
14756,02/16/15 4:59,20.39,25.79,0,787,0.003816189,0
14757,02/16/15 5:00,20.39,25.79,0,786.5,0.003816189,0
14758,02/16/15 5:02,20.39,25.79,0,784.3333333,0.003816189,0
14759,02/16/15 5:03,20.39,25.7,0,791,0.00380279,0
14760,02/16/15 5:04,20.39,25.745,0,788,0.003809489,0
14761,02/16/15 5:05,20.39,25.7,0,787,0.00380279,0
14762,02/16/15 5:06,20.39,25.7,0,781,0.00380279,0
14763,02/16/15 5:06,20.39,25.7,0,784,0.00380279,0
14764,02/16/15 5:08,20.39,25.66666667,0,781.6666667,0.003797828,0
14765,02/16/15 5:09,20.445,25.7,0,781.5,0.003815806,0
14766,02/16/15 5:10,20.39,25.6,0,782.5,0.003787903,0
14767,02/16/15 5:10,20.39,25.6,0,781,0.003787903,0
14768,02/16/15 5:12,20.46333333,25.66666667,0,778,0.003815168,0
14769,02/16/15 5:12,20.5,25.7,0,786.5,0.00382886,0
14770,02/16/15 5:13,20.5,25.65,0,784.5,0.003821365,0
14771,02/16/15 5:15,20.42666667,25.63333333,0,786.3333333,0.003801515,0
14772,02/16/15 5:16,20.42666667,25.63333333,0,792.6666667,0.003801515,0
14773,02/16/15 5:17,20.39,25.55,0,791,0.00378046,0
14774,02/16/15 5:18,20.445,25.6,0,793,0.003800867,0
14775,02/16/15 5:19,20.42666667,25.6,0,796,0.003796542,0
14776,02/16/15 5:19,20.39,25.55,0,797.5,0.00378046,0
14777,02/16/15 5:21,20.445,25.65,0,797.5,0.003808336,0
14778,02/16/15 5:22,20.39,25.6,0,798.5,0.003787903,0
14779,02/16/15 5:23,20.39,25.6,0,795.5,0.003787903,0
14780,02/16/15 5:23,20.39,25.6,0,799,0.003787903,0
14781,02/16/15 5:25,20.39,25.6,0,795,0.003787903,0
14782,02/16/15 5:25,20.39,25.5,0,794,0.003773017,0
14783,02/16/15 5:26,20.39,25.5,0,788.6666667,0.003773017,0
14784,02/16/15 5:28,20.39,25.5,0,791.5,0.003773017,0
14785,02/16/15 5:29,20.39,25.5,0,793,0.003773017,0
14786,02/16/15 5:30,20.39,25.5,0,798,0.003773017,0
14787,02/16/15 5:31,20.445,25.445,0,798,0.003777715,0
14788,02/16/15 5:31,20.39,25.39,0,792,0.003756643,0
14789,02/16/15 5:32,20.39,25.39,0,790.5,0.003756643,0
14790,02/16/15 5:34,20.5,25.39,0,792,0.003782395,0
14791,02/16/15 5:35,20.5,25.39,0,793,0.003782395,0
14792,02/16/15 5:36,20.5,25.39,0,789,0.003782395,0
14793,02/16/15 5:37,20.39,25.29,0,796,0.003741758,0
14794,02/16/15 5:38,20.445,25.29,0,794.5,0.003754563,0
14795,02/16/15 5:38,20.5,25.29,0,792.5,0.003767407,0
14796,02/16/15 5:39,20.445,25.29,0,795,0.003754563,0
14797,02/16/15 5:41,20.39,25.245,0,796,0.00373506,0
14798,02/16/15 5:42,20.445,25.245,0,800.5,0.003747842,0
14799,02/16/15 5:43,20.5,25.29,0,798.5,0.003767407,0
14800,02/16/15 5:44,20.5,25.29,0,798,0.003767407,0
14801,02/16/15 5:44,20.39,25.245,0,801,0.00373506,0
14802,02/16/15 5:45,20.46333333,25.29,0,796,0.00375884,0
14803,02/16/15 5:47,20.39,25.2,0,801.6666667,0.003728362,0
14804,02/16/15 5:48,20.5,25.29,0,800,0.003767407,0
14805,02/16/15 5:49,20.445,25.29,0,799,0.003754563,0
14806,02/16/15 5:50,20.445,25.245,0,789.5,0.003747842,0
14807,02/16/15 5:51,20.5,25.29,0,800,0.003767407,0
14808,02/16/15 5:51,20.39,25.2,0,802,0.003728362,0
14809,02/16/15 5:53,20.42666667,25.32333333,0,801,0.003755264,0
14810,02/16/15 5:54,20.39,25.245,0,792.5,0.00373506,0
14811,02/16/15 5:55,20.39,25.245,0,794.5,0.00373506,0
14812,02/16/15 5:55,20.39,25.26,0,793.6666667,0.003737293,0
14813,02/16/15 5:57,20.39,25.29,0,792.5,0.003741758,0
14814,02/16/15 5:57,20.39,25.2,0,793,0.003728362,0
14815,02/16/15 5:58,20.445,25.245,0,795,0.003747842,0
14816,02/16/15 6:00,20.39,25.245,0,796,0.00373506,0
14817,02/16/15 6:01,20.39,25.245,0,795.5,0.00373506,0
14818,02/16/15 6:02,20.39,25.2225,0,797,0.003731711,0
14819,02/16/15 6:03,20.39,25.2,0,796.5,0.003728362,0
14820,02/16/15 6:04,20.445,25.245,0,795.5,0.003747842,0
14821,02/16/15 6:04,20.39,25.245,0,799,0.00373506,0
14822,02/16/15 6:06,20.39,25.2,0,802.6666667,0.003728362,0
14823,02/16/15 6:07,20.39,25.2,0,804,0.003728362,0
14824,02/16/15 6:08,20.5,25.29,0,805,0.003767407,0
14825,02/16/15 6:08,20.39,25.16666667,0,806.3333333,0.003723401,0
14826,02/16/15 6:10,20.39,25.16666667,0,804,0.003723401,0
14827,02/16/15 6:10,20.39,25.15,0,801.5,0.003720921,0
14828,02/16/15 6:11,20.445,25.15,0,806,0.003733654,0
14829,02/16/15 6:13,20.445,25.15,0,795,0.003733654,0
14830,02/16/15 6:14,20.39,25.1,0,798,0.003713479,0
14831,02/16/15 6:15,20.39,25.1,0,797,0.003713479,0
14832,02/16/15 6:16,20.5,25.2,0,800,0.003753919,0
14833,02/16/15 6:16,20.39,25.1,0,801,0.003713479,0
14834,02/16/15 6:17,20.39,25.1,0,804.3333333,0.003713479,0
14835,02/16/15 6:19,20.39,25.1,0,805,0.003713479,0
14836,02/16/15 6:20,20.39,25.1,0,805,0.003713479,0
14837,02/16/15 6:21,20.39,25.1,0,801,0.003713479,0
14838,02/16/15 6:22,20.39,25.1,0,799,0.003713479,0
14839,02/16/15 6:23,20.39,25.1,0,797,0.003713479,0
14840,02/16/15 6:23,20.39,25.1,0,801,0.003713479,0
14841,02/16/15 6:24,20.39,25.03333333,0,799.3333333,0.003703557,0
14842,02/16/15 6:26,20.39,25,0,801,0.003698596,0
14843,02/16/15 6:27,20.39,25,0,803.5,0.003698596,0
14844,02/16/15 6:28,20.39,25,0,809,0.003698596,0
14845,02/16/15 6:29,20.39,25,0,808,0.003698596,0
14846,02/16/15 6:29,20.39,25,0,800,0.003698596,0
14847,02/16/15 6:30,20.39,25,0,804,0.003698596,0
14848,02/16/15 6:32,20.39,25,0,801,0.003698596,0
14849,02/16/15 6:33,20.39,25,0,797,0.003698596,0
14850,02/16/15 6:34,20.39,25,0,797,0.003698596,0
14851,02/16/15 6:35,20.39,25,0,802,0.003698596,0
14852,02/16/15 6:36,20.39,25,0,803.5,0.003698596,0
14853,02/16/15 6:36,20.39,25,0,805,0.003698596,0
14854,02/16/15 6:38,20.39,25,0,803,0.003698596,0
14855,02/16/15 6:39,20.39,25,0,807.5,0.003698596,0
14856,02/16/15 6:40,20.39,25,0,810,0.003698596,0
14857,02/16/15 6:40,20.39,24.945,0,809,0.003690411,0
14858,02/16/15 6:42,20.39,25,0,810.5,0.003698596,0
14859,02/16/15 6:42,20.39,24.945,0,807,0.003690411,0
14860,02/16/15 6:43,20.39,25,0,801,0.003698596,0
14861,02/16/15 6:45,20.39,25,0,801.5,0.003698596,0
14862,02/16/15 6:46,20.39,24.945,0,804,0.003690411,0
14863,02/16/15 6:47,20.39,24.89,0,810,0.003682226,0
14864,02/16/15 6:48,20.39,24.89,0,808.5,0.003682226,0
14865,02/16/15 6:49,20.39,24.89,0,809.3333333,0.003682226,0
14866,02/16/15 6:49,20.39,24.89,0,804.5,0.003682226,0
14867,02/16/15 6:51,20.39,24.79,0,807,0.003667345,0
14868,02/16/15 6:52,20.39,24.89,0,809,0.003682226,0
14869,02/16/15 6:53,20.39,24.79,0,808.5,0.003667345,0
14870,02/16/15 6:53,20.39,24.84,0,814.5,0.003674785,0
14871,02/16/15 6:55,20.39,24.79,0,815,0.003667345,0
14872,02/16/15 6:55,20.39,24.79,0,815,0.003667345,0
14873,02/16/15 6:56,20.39,24.79,0,816,0.003667345,0
14874,02/16/15 6:58,20.39,24.79,0,807,0.003667345,0
14875,02/16/15 6:59,20.39,24.79,0,801.5,0.003667345,0
14876,02/16/15 7:00,20.39,24.79,0,807.5,0.003667345,0
14877,02/16/15 7:01,20.39,24.79,0,813.5,0.003667345,0
14878,02/16/15 7:01,20.39,24.79,0,820.5,0.003667345,0
14879,02/16/15 7:02,20.39,24.79,0,815,0.003667345,0
14880,02/16/15 7:04,20.39,24.79,0,811,0.003667345,0
14881,02/16/15 7:05,20.39,24.7,0,810,0.003653952,0
14882,02/16/15 7:06,20.39,24.79,0,811.5,0.003667345,0
14883,02/16/15 7:07,20.39,24.7,0,808,0.003653952,0
14884,02/16/15 7:08,20.39,24.745,0,812,0.003660649,0
14885,02/16/15 7:08,20.39,24.7225,0,811.25,0.0036573,0
14886,02/16/15 7:09,20.39,24.79,0,809.5,0.003667345,0
14887,02/16/15 7:11,20.39,24.7,0,806,0.003653952,0
14888,02/16/15 7:12,20.39,24.7,0,806,0.003653952,0
14889,02/16/15 7:13,20.39,24.7,0,809.3333333,0.003653952,0
14890,02/16/15 7:14,20.39,24.7,0,813.5,0.003653952,0
14891,02/16/15 7:14,20.39,24.7,0,816.5,0.003653952,0
14892,02/16/15 7:15,20.39,24.7,0,817.3333333,0.003653952,0
14893,02/16/15 7:17,20.39,24.7,0,813,0.003653952,0
14894,02/16/15 7:18,20.39,24.7,0,811,0.003653952,0
14895,02/16/15 7:19,20.39,24.7,0,811.5,0.003653952,0
14896,02/16/15 7:20,20.39,24.65,0,809.5,0.003646512,0
14897,02/16/15 7:21,20.39,24.6,0,806,0.003639073,0
14898,02/16/15 7:21,20.39,24.6,0,802.5,0.003639073,0
14899,02/16/15 7:23,20.39,24.65,0,802.5,0.003646512,0
14900,02/16/15 7:24,20.39,24.65,0,805,0.003646512,0
14901,02/16/15 7:25,20.39,24.6,0,806,0.003639073,0
14902,02/16/15 7:25,20.39,24.6,0,809,0.003639073,0
14903,02/16/15 7:27,20.39,24.6,0,809,0.003639073,0
14904,02/16/15 7:27,20.39,24.6,0,803.5,0.003639073,0
14905,02/16/15 7:28,20.39,24.6,0,805.3333333,0.003639073,0
14906,02/16/15 7:30,20.39,24.6,0,805,0.003639073,0
14907,02/16/15 7:31,20.39,24.55,0,805.5,0.003631633,0
14908,02/16/15 7:32,20.39,24.6,0,806.5,0.003639073,0
14909,02/16/15 7:33,20.39,24.6,0,807,0.003639073,0
14910,02/16/15 7:34,20.39,24.5,0,808,0.003624193,0
14911,02/16/15 7:34,20.39,24.6,0,813,0.003639073,0
14912,02/16/15 7:36,20.39,24.6,0,806.3333333,0.003639073,0
14913,02/16/15 7:37,20.39,24.55,0,803.6666667,0.003631633,0
14914,02/16/15 7:38,20.39,24.5,0,814,0.003624193,0
14915,02/16/15 7:38,20.39,24.5,0,816.5,0.003624193,0
14916,02/16/15 7:40,20.39,24.5,0,816,0.003624193,0
14917,02/16/15 7:40,20.39,24.5,0,815,0.003624193,0
14918,02/16/15 7:41,20.39,24.5,0,813,0.003624193,0
14919,02/16/15 7:43,20.39,24.5,0,811,0.003624193,0
14920,02/16/15 7:44,20.39,24.5,0,806,0.003624193,0
14921,02/16/15 7:45,20.39,24.39,0,813.5,0.003607827,0
14922,02/16/15 7:46,20.39,24.39,0,815.5,0.003607827,0
14923,02/16/15 7:46,20.39,24.5,0,811.3333333,0.003624193,0
14924,02/16/15 7:47,20.39,24.39,0,818,0.003607827,0
14925,02/16/15 7:49,20.39,24.46333333,0,815,0.003618738,0
14926,02/16/15 7:50,20.39,24.39,0,815,0.003607827,0
14927,02/16/15 7:51,20.39,24.46333333,0,820.6666667,0.003618738,0
14928,02/16/15 7:52,20.39,24.5,0,820,0.003624193,0
14929,02/16/15 7:53,20.39,24.4725,0,813.75,0.003620102,0
14930,02/16/15 7:53,20.39,24.445,0,814.5,0.00361601,0
14931,02/16/15 7:54,20.39,24.39,0,823,0.003607827,0
14932,02/16/15 7:56,20.39,24.39,0,822,0.003607827,0
14933,02/16/15 7:57,20.39,24.39,0,821,0.003607827,0
14934,02/16/15 7:58,20.39,24.39,0,820,0.003607827,0
14935,02/16/15 7:59,20.39,24.39,0,817.6666667,0.003607827,0
14936,02/16/15 7:59,20.39,24.39,0,816.5,0.003607827,0
14937,02/16/15 8:00,20.39,24.39,0,814,0.003607827,0
14938,02/16/15 8:02,20.39,24.39,0,817.5,0.003607827,0
14939,02/16/15 8:03,20.39,24.29,0,817.5,0.003592949,0
14940,02/16/15 8:04,20.39,24.29,0,825,0.003592949,0
14941,02/16/15 8:05,20.39,24.29,0,823.6666667,0.003592949,0
14942,02/16/15 8:06,20.39,24.29,0,822,0.003592949,0
14943,02/16/15 8:06,20.39,24.29,0,816.5,0.003592949,0
14944,02/16/15 8:08,20.39,24.34,0,815,0.003600388,0
14945,02/16/15 8:09,20.39,24.29,0,821.6666667,0.003592949,0
14946,02/16/15 8:10,20.39,24.29,0,821.5,0.003592949,0
14947,02/16/15 8:10,20.39,24.29,0,826.5,0.003592949,0
14948,02/16/15 8:12,20.39,24.29,0,826.3333333,0.003592949,0
14949,02/16/15 8:12,20.39,24.29,0,825.6666667,0.003592949,0
14950,02/16/15 8:13,20.39,24.29,0,813.5,0.003592949,0
14951,02/16/15 8:15,20.39,24.29,0,809,0.003592949,0
14952,02/16/15 8:16,20.39,24.29,0,818.3333333,0.003592949,0
14953,02/16/15 8:17,20.39,24.29,0,818.6666667,0.003592949,0
14954,02/16/15 8:18,20.39,24.29,0,824.5,0.003592949,0
14955,02/16/15 8:19,20.39,24.29,0,830,0.003592949,0
14956,02/16/15 8:19,20.39,24.29,7,826,0.003592949,0
14957,02/16/15 8:21,20.39,24.29,4.666666667,822.3333333,0.003592949,0
14958,02/16/15 8:22,20.39,24.29,4.666666667,823.6666667,0.003592949,0
14959,02/16/15 8:23,20.39,24.29,7,826.25,0.003592949,0
14960,02/16/15 8:23,20.39,24.29,14,828,0.003592949,0
14961,02/16/15 8:25,20.39,24.29,14,829,0.003592949,0
14962,02/16/15 8:25,20.39,24.29,14,828.3333333,0.003592949,0
14963,02/16/15 8:26,20.39,24.29,14,826.5,0.003592949,0
14964,02/16/15 8:28,20.39,24.29,14,825.5,0.003592949,0
14965,02/16/15 8:29,20.39,24.29,14,819,0.003592949,0
14966,02/16/15 8:30,20.39,24.29,14,819,0.003592949,0
14967,02/16/15 8:31,20.445,24.34,14,823,0.003612707,0
14968,02/16/15 8:31,20.39,24.29,14,828.6666667,0.003592949,0
14969,02/16/15 8:32,20.39,24.29,14,822.5,0.003592949,0
14970,02/16/15 8:34,20.39,24.29,14,823.5,0.003592949,0
14971,02/16/15 8:35,20.39,24.29,14,826,0.003592949,0
14972,02/16/15 8:36,20.39,24.29,7,833.5,0.003592949,0
14973,02/16/15 8:37,20.39,24.29,14,829,0.003592949,0
14974,02/16/15 8:38,20.39,24.29,14,828,0.003592949,0
14975,02/16/15 8:38,20.39,24.29,7,830,0.003592949,0
14976,02/16/15 8:39,20.42666667,24.32333333,9.333333333,828,0.003606111,0
14977,02/16/15 8:41,20.39,24.29,14,827,0.003592949,0
14978,02/16/15 8:42,20.445,24.34,292.25,831,0.003612707,0
14979,02/16/15 8:43,20.5,24.445,433,835.5,0.003640792,1
14980,02/16/15 8:44,20.46333333,24.6,414.3333333,841,0.003655683,1
14981,02/16/15 8:44,20.5,24.6,397,851.75,0.003664014,1
14982,02/16/15 8:45,20.5,24.775,389,857,0.003690234,1
14983,02/16/15 8:47,20.5,25.05,389,856.5,0.003731441,0
14984,02/16/15 8:48,20.5,25.025,397,870.75,0.003727694,0
14985,02/16/15 8:49,20.6,25.05,405,869,0.003754667,0
14986,02/16/15 8:50,20.55,25.1,405,872.5,0.003750554,0
14987,02/16/15 8:51,20.6,25.2,405,871.5,0.003777287,0
14988,02/16/15 8:51,20.6,25.2,405,875.75,0.003777287,1
14989,02/16/15 8:53,20.6,25.29,405,881.6666667,0.003790859,1
14990,02/16/15 8:54,20.6,25.29,405,883.5,0.003790859,1
14991,02/16/15 8:55,20.63333333,25.36,399.6666667,879.3333333,0.003809284,1
14992,02/16/15 8:55,20.65,25.445,389,874.25,0.003826083,1
14993,02/16/15 8:57,20.675,25.5475,393,882.3333333,0.003847551,1
14994,02/16/15 8:57,20.675,25.575,393,885.8,0.003851718,1
14995,02/16/15 8:58,20.7,25.65,405,884.5,0.003869076,1
14996,02/16/15 9:00,20.7,25.7,401,889.25,0.003876665,1
14997,02/16/15 9:01,20.7,25.73,399.6666667,891.6666667,0.003881218,1
14998,02/16/15 9:02,20.7,25.79,405,899,0.003890326,1
14999,02/16/15 9:03,20.745,25.79,397,901.75,0.003901192,1
15000,02/16/15 9:04,20.76,25.79,405,905,0.00390482,1
15001,02/16/15 9:04,20.79,25.865,405,897.5,0.003923534,1
15002,02/16/15 9:06,20.79,25.79,394.5,905,0.003912086,1
15003,02/16/15 9:07,20.79,25.79,405.6666667,899,0.003912086,1
15004,02/16/15 9:08,20.79,26.065,399,901.75,0.003954066,1
15005,02/16/15 9:08,20.79,26.46,399,933.3333333,0.004014374,1
15006,02/16/15 9:10,20.79,26.52,402.75,956.75,0.004023536,1
15007,02/16/15 9:10,20.84,26.27,414,950.5,0.003997727,1
15008,02/16/15 9:11,20.89,27.15,414,943.5,0.004145353,1
15009,02/16/15 9:13,20.89,26.65,421.5,957.5,0.004068512,1
15010,02/16/15 9:14,20.89,26.7925,414,963.5,0.004090409,1
15011,02/16/15 9:15,20.89,26.9175,424,968.25,0.004109619,1
15012,02/16/15 9:16,20.945,26.89,426.5,975.5,0.004119397,1
15013,02/16/15 9:16,21,26.89,419,972.75,0.004133443,1
15014,02/16/15 9:17,20.96333333,26.96333333,422.3333333,983.3333333,0.004135396,1
15015,02/16/15 9:19,21,27.05,422.75,998,0.004158202,1
15016,02/16/15 9:20,21,27.075,419,991.75,0.004162071,1
15017,02/16/15 9:21,21,27.1,419,990.5,0.004165939,1
15018,02/16/15 9:22,21,27.1,424,995,0.004165939,1
15019,02/16/15 9:23,21.025,27.1975,424,999.5,0.004187501,1
15020,02/16/15 9:23,21,27.19666667,424,1001,0.004180899,1
15021,02/16/15 9:24,21.05,27.3225,429,1008.5,0.004213389,1
15022,02/16/15 9:26,21.1,27.6,434,1014.333333,0.004269659,1
15023,02/16/15 9:27,21.1,27.4725,439,1020,0.0042498,1
15024,02/16/15 9:28,21.1,27.39,444,1014.5,0.004236951,1
15025,02/16/15 9:29,21.1,27.32333333,447.3333333,1014,0.004226568,1
15026,02/16/15 9:29,21.1,27.1,444,1010.75,0.004191789,1
15027,02/16/15 9:30,21.15,27.2675,442.75,1009.5,0.004230932,1
15028,02/16/15 9:32,21.1,27.34,456.5,1017.5,0.004229164,1
15029,02/16/15 9:33,21.14,27.274,456.25,1019.5,0.004229332,1
15030,02/16/15 9:34,21.16666667,27.16333333,470.25,1018,0.004219004,1
15031,02/16/15 9:35,21.175,27.2,458.25,1018.75,0.004226914,1
15032,02/16/15 9:36,21.2,27.1,464.25,1012.75,0.004217779,1
15033,02/16/15 9:36,21.2,26.995,468,1009.25,0.004201327,1
15034,02/16/15 9:38,21.29,27.1,484,1008.5,0.004241292,1
15035,02/16/15 9:39,21.23,27.16333333,489,1007.333333,0.004235547,1
15036,02/16/15 9:40,21.29,27.025,478,1010.5,0.004229475,1
15037,02/16/15 9:40,21.29,27.05,488,1006,0.004233414,1
15038,02/16/15 9:42,21.29,27.125,489.25,1000.25,0.004245232,1
15039,02/16/15 9:42,21.29,27.1,502,995,0.004241292,1
15040,02/16/15 9:43,21.29,27.22,498.25,992.25,0.004260202,1
15041,02/16/15 9:45,21.29,27.29333333,509.3333333,1001,0.004271758,1
15042,02/16/15 9:46,21.315,27.1975,515.5,1004.5,0.004263232,1
15043,02/16/15 9:47,21.39,27.13333333,530.6666667,997.3333333,0.004272839,1
15044,02/16/15 9:48,21.445,27.1,537.25,1004.25,0.004282058,1
15045,02/16/15 9:49,21.4725,27.27,556.5,1006.75,0.004316421,1
15046,02/16/15 9:49,21.5,27.2,575,1010.5,0.004312571,1
15047,02/16/15 9:51,21.5,27.26,571.3333333,1015.333333,0.00432215,1
15048,02/16/15 9:52,21.5,27.175,576,1018,0.00430858,1
15049,02/16/15 9:53,21.6,27.2,554,1021.5,0.004339233,1
15050,02/16/15 9:53,21.62,27.18,544.5,1018.75,0.004341366,1
15051,02/16/15 9:55,21.6,26.89666667,534.25,1019.5,0.004290509,1
15052,02/16/15 9:55,21.6,26.85666667,536.3333333,1009,0.004284084,1
15053,02/16/15 9:56,21.7,27.15,536,1002,0.004357959,1
15054,02/16/15 9:58,21.675,26.87,549.75,1006,0.00430607,1
15055,02/16/15 9:59,21.7,26.89333333,541,999.6666667,0.004316474,1
15056,02/16/15 10:00,21.65,27,543,1003,0.004320392,1
15057,02/16/15 10:01,21.7,27.125,528,997.75,0.004353918,1
15058,02/16/15 10:01,21.7,26.99666667,528.3333333,995.3333333,0.004333175,1
15059,02/16/15 10:02,21.7,26.96333333,529.3333333,996,0.004327788,1
15060,02/16/15 10:04,21.675,26.7,493,979.75,0.00427864,1
15061,02/16/15 10:05,21.7,26.62666667,489,946,0.004273379,1
15062,02/16/15 10:06,21.7,27.03,470,943.3333333,0.004338563,1
15063,02/16/15 10:07,21.675,26.9425,461.5,978.75,0.00431777,1
15064,02/16/15 10:08,21.7,26.8225,454,985.5,0.004305027,1
15065,02/16/15 10:08,21.7,26.85666667,464,973,0.004310548,1
15066,02/16/15 10:09,21.675,26.8925,465.25,956.5,0.004309701,1
15067,02/16/15 10:11,21.6,27.03333333,454,965,0.004312461,1
15068,02/16/15 10:12,21.6,26.8225,457.75,968,0.004278596,1
15069,02/16/15 10:13,21.6,27.125,460.25,963.5,0.004327185,1
15070,02/16/15 10:14,21.6,26.945,461.5,980,0.004298272,1
15071,02/16/15 10:14,21.53333333,27.13333333,462.3333333,976.3333333,0.004310777,1
15072,02/16/15 10:15,21.5,27.025,449,976.6666667,0.004284634,1
15073,02/16/15 10:17,21.525,26.9175,457,969.5,0.004274055,1
15074,02/16/15 10:18,21.525,27.09,457.75,964.8,0.004301635,1
15075,02/16/15 10:19,21.5,27.13333333,454,978.6666667,0.004301928,1
15076,02/16/15 10:20,21.5,27.1,454,968.5,0.004296606,1
15077,02/16/15 10:21,21.5,27.1725,450.25,964.5,0.004308181,1
15078,02/16/15 10:21,21.5,27.2225,439,972,0.004316163,1
15079,02/16/15 10:23,21.5,27.39,439,972,0.004342906,1
15080,02/16/15 10:24,21.46333333,27.26,446,974.6666667,0.004312388,1
15081,02/16/15 10:25,21.42666667,27.16666667,453,960.6666667,0.004287813,1
15082,02/16/15 10:25,21.445,27.27,439,969.75,0.004309106,1
15083,02/16/15 10:27,21.4175,27.1725,439,968.75,0.004286316,1
15084,02/16/15 10:27,21.445,27.34,454,964.5,0.004320244,1
15085,02/16/15 10:28,21.4175,27.34,446.5,972.75,0.004312921,1
15086,02/16/15 10:30,21.39,27.35666667,439,974.3333333,0.004308252,1
15087,02/16/15 10:31,21.39,27.2675,449.5,975,0.004294113,1
15088,02/16/15 10:32,21.39,27.05,439,965,0.004259626,1
15089,02/16/15 10:33,21.365,27.2175,442.75,964.5,0.004279577,1
15090,02/16/15 10:34,21.35666667,27.35666667,449,965.6666667,0.004299398,1
15091,02/16/15 10:34,21.365,27.365,454,976.5,0.00430293,1
15092,02/16/15 10:36,21.365,27.2675,454,979.25,0.004287493,1
15093,02/16/15 10:37,21.39,27.29333333,459,975,0.004298209,1
15094,02/16/15 10:38,21.39,27.2675,469,965.5,0.004294113,1
15095,02/16/15 10:38,21.39,27.29,459,972,0.00429768,1
15096,02/16/15 10:40,21.39,27.29,462.3333333,969.6666667,0.00429768,1
15097,02/16/15 10:40,21.39,27.315,459,962.25,0.004301645,1
15098,02/16/15 10:41,21.39,27.39333333,462.3333333,963.3333333,0.004314066,1
15099,02/16/15 10:43,21.39,27.39,459,972.75,0.004313538,1
15100,02/16/15 10:44,21.39,27.39,454,965,0.004313538,1
15101,02/16/15 10:45,21.39,27.39,449,962,0.004313538,1
15102,02/16/15 10:46,21.39,27.46333333,454,966.3333333,0.004325167,1
15103,02/16/15 10:46,21.445,27.55,459,975,0.00435366,1
15104,02/16/15 10:47,21.39,27.525,460.25,980.5,0.004334947,1
15105,02/16/15 10:49,21.4725,27.575,454,982.5,0.004365036,1
15106,02/16/15 10:50,21.445,27.65,446.5,988,0.004369574,1
15107,02/16/15 10:51,21.5,27.745,450.25,989.25,0.004399592,1
15108,02/16/15 10:52,21.5,27.76,444,995.6666667,0.004401988,1
15109,02/16/15 10:53,21.5,27.79,446.5,1005.75,0.004406779,1
15110,02/16/15 10:53,21.5,27.79,454,1013.333333,0.004406779,1
15111,02/16/15 10:54,21.5,27.84,454,1019.5,0.004414764,1
15112,02/16/15 10:56,21.5,27.7675,454,1019.5,0.004403185,1
15113,02/16/15 10:57,21.525,27.8725,450.25,1012.25,0.004426773,1
15114,02/16/15 10:58,21.5,27.82333333,454,1010,0.004412102,1
15115,02/16/15 10:59,21.5,27.82333333,439,1000,0.004412102,1
15116,02/16/15 10:59,21.5,28.0475,454,1014.5,0.004447903,1
15117,02/16/15 11:00,21.5,28.03333333,454,1017,0.004445641,1
15118,02/16/15 11:02,21.5,28.2675,457.75,1027.75,0.004483043,1
15119,02/16/15 11:03,21.5,28.22666667,462.3333333,1044.666667,0.004476521,1
15120,02/16/15 11:04,21.5,28.1,460.25,1039.5,0.004456289,1
15121,02/16/15 11:05,21.46333333,28.16666667,454,1048.666667,0.004456846,1
15122,02/16/15 11:06,21.4725,28.1975,464,1046.75,0.004464284,1
15123,02/16/15 11:06,21.5,28.29,469,1055,0.004486638,1
15124,02/16/15 11:08,21.445,28.245,459,1061,0.004464278,1
15125,02/16/15 11:09,21.4725,28.245,459,1060.5,0.004471858,1
15126,02/16/15 11:10,21.5,28.23,462.3333333,1058,0.004477053,1
15127,02/16/15 11:10,21.5,28.29,454,1059.5,0.004486638,1
15128,02/16/15 11:12,21.4725,28.2925,454,1047,0.004479432,1
15129,02/16/15 11:12,21.5,28.39,454,1030,0.004502612,1
15130,02/16/15 11:13,21.46333333,28.35666667,454,1033.5,0.004487127,1
15131,02/16/15 11:15,21.5,28.365,454,1034.2,0.004498618,1
15132,02/16/15 11:16,21.5,28.32333333,454,1034.666667,0.004491962,1
15133,02/16/15 11:17,21.4725,28.315,454,1034.75,0.00448302,1
15134,02/16/15 11:18,21.5,28.29,454,1031,0.004486638,1
15135,02/16/15 11:19,21.5,28.34,454,1027.5,0.004494625,1
15136,02/16/15 11:19,21.5,28.365,454,1028.75,0.004498618,1
15137,02/16/15 11:21,21.4725,28.3175,454,1021,0.004483419,1
15138,02/16/15 11:22,21.5,28.175,454,1012.25,0.004468268,1
15139,02/16/15 11:23,21.5,28.15,454,1008.5,0.004464275,1
15140,02/16/15 11:23,21.5,28.2425,454,1010,0.00447905,1
15141,02/16/15 11:25,21.4725,28.2925,450.25,1006.25,0.004479432,1
15142,02/16/15 11:25,21.5,28.35666667,439,1009,0.004497287,1
15143,02/16/15 11:26,21.4725,28.39,446.5,1012,0.004494981,1
15144,02/16/15 11:28,21.5,28.46333333,454,1016,0.004514327,1
15145,02/16/15 11:29,21.445,28.3675,454,1016.25,0.004483779,1
15146,02/16/15 11:30,21.42666667,28.46,444,1011,0.004493419,1
15147,02/16/15 11:31,21.4175,28.42,450.25,1011.75,0.004484521,1
15148,02/16/15 11:31,21.445,28.495,454,1007,0.004504078,1
15149,02/16/15 11:32,21.4175,28.4975,454,1005.5,0.004496838,1
15150,02/16/15 11:34,21.39,28.39,439,1001,0.004472156,1
15151,02/16/15 11:35,21.39,28.4725,442.75,1003,0.004485246,1
15152,02/16/15 11:36,21.39,28.42666667,454,1000.666667,0.004477974,1
15153,02/16/15 11:37,21.39,28.445,450.25,999.75,0.004480882,1
15154,02/16/15 11:38,21.39,28.4725,446.5,999.75,0.004485246,1
15155,02/16/15 11:38,21.39,28.4725,439,998.25,0.004485246,1
15156,02/16/15 11:39,21.42666667,28.5,444,993,0.00449978,1
15157,02/16/15 11:41,21.4725,28.4725,446.5,994.5,0.004508138,1
15158,02/16/15 11:42,21.5,28.5,439,998,0.004520184,1
15159,02/16/15 11:43,21.5,28.34,439,989.75,0.004494625,1
15160,02/16/15 11:44,21.525,28.29,446.5,968.75,0.00449356,1
15161,02/16/15 11:44,21.5,28.32333333,454,972,0.004491962,1
15162,02/16/15 11:45,21.5,28.29,454,976,0.004486638,1
15163,02/16/15 11:47,21.6,28.245,454,992.75,0.004507151,1
15164,02/16/15 11:48,21.6,28.2,454,985.6666667,0.004499918,1
15165,02/16/15 11:49,21.6,28.2,454,976.25,0.004499918,1
15166,02/16/15 11:50,21.575,28.2,454,974,0.00449299,1
15167,02/16/15 11:51,21.6,28.1,454,965,0.004483846,1
15168,02/16/15 11:51,21.6,28.1,454,963.6666667,0.004483846,1
15169,02/16/15 11:53,21.575,28.1,454,966.25,0.004476943,1
15170,02/16/15 11:54,21.53333333,28.1,454,961,0.004465458,1
15171,02/16/15 11:55,21.5,28.175,454,967.5,0.004468268,0
15172,02/16/15 11:55,21.525,28.175,454,967,0.004475162,0
15173,02/16/15 11:57,21.5,28.15,454,958.5,0.004464275,0
15174,02/16/15 11:57,21.5,28.15,454,962.5,0.004464275,1
15175,02/16/15 11:58,21.5,28.245,454,964.5,0.004479449,1
15176,02/16/15 12:00,21.5,28.2,454,958.6666667,0.004472261,1
15177,02/16/15 12:01,21.5,28.2,454,963,0.004472261,1
15178,02/16/15 12:02,21.5,28.16666667,454,956.6666667,0.004466937,1
15179,02/16/15 12:03,21.5,28.1,457.75,946.75,0.004456289,1
15180,02/16/15 12:04,21.5,28.1,454,949.3333333,0.004456289,1
15181,02/16/15 12:04,21.445,28.05,454,946.25,0.004433237,1
15182,02/16/15 12:06,21.39,27.9175,461.5,931.5,0.004397199,1
15183,02/16/15 12:07,21.39,28,469,914,0.004410285,1
15184,02/16/15 12:08,21.39,28.06666667,459,914.3333333,0.004420861,1
15185,02/16/15 12:08,21.365,27.9975,465.25,916.75,0.004403089,1
15186,02/16/15 12:10,21.29,28.025,469,918.25,0.004387081,1
15187,02/16/15 12:10,21.315,28.075,454,919.75,0.004401754,1
15188,02/16/15 12:11,21.29,28.05,454,921.5,0.004391022,1
15189,02/16/15 12:13,21.29,27.96333333,454,919,0.00437736,1
15190,02/16/15 12:14,21.29,28.025,454,913.25,0.004387081,1
15191,02/16/15 12:15,21.29,27.9725,454,909.5,0.004378805,1
15192,02/16/15 12:16,21.29,27.89333333,454,909,0.004366325,1
15193,02/16/15 12:16,21.29,27.92,454,910,0.004370529,1
15194,02/16/15 12:17,21.29,27.89,454,903,0.004365799,1
15195,02/16/15 12:19,21.29,28.156,454,896.2,0.004407733,1
15196,02/16/15 12:20,21.29,28.06666667,454,905.6666667,0.00439365,1
15197,02/16/15 12:21,21.34,28.15,454,905.5,0.004420415,1
15198,02/16/15 12:22,21.445,28.075,454,907.5,0.004437217,1
15199,02/16/15 12:23,21.5,28.175,454,914.5,0.004468268,1
15200,02/16/15 12:23,21.5,28.15,454,924.5,0.004464275,1
15201,02/16/15 12:24,21.5,28.36333333,454,936.3333333,0.004498352,1
15202,02/16/15 12:26,21.5,28.2675,454,948,0.004483043,1
15203,02/16/15 12:27,21.53333333,28.22666667,454,952.3333333,0.004485732,1
15204,02/16/15 12:28,21.5,28.15,454,941.25,0.004464275,1
15205,02/16/15 12:29,21.53333333,27.96,454,932,0.004443051,1
15206,02/16/15 12:29,21.5,27.89,469,905.75,0.004422749,1
15207,02/16/15 12:30,21.56666667,27.89,462.3333333,908.6666667,0.004440964,1
15208,02/16/15 12:32,21.575,28.0475,469,909,0.004468518,1
15209,02/16/15 12:33,21.6,28.05,469,915,0.00447581,1
15210,02/16/15 12:34,21.6,28,469,915.6666667,0.004467775,1
15211,02/16/15 12:35,21.6,28.025,459,916.5,0.004471792,1
15212,02/16/15 12:36,21.6,27.85,449,913.5,0.004443669,1
15213,02/16/15 12:36,21.6,27.7925,459,906,0.004434429,1
15214,02/16/15 12:38,21.5,27.945,459,902,0.004431533,1
15215,02/16/15 12:39,21.55,28.1,469,909.75,0.004470049,1
15216,02/16/15 12:40,21.6,27.97,464,908.75,0.004462953,1
15217,02/16/15 12:40,21.575,28.02,459,900.75,0.004464105,1
15218,02/16/15 12:42,21.6,28.1,459,901,0.004483846,1
15219,02/16/15 12:42,21.6,27.96,462.3333333,905.5,0.004461346,1
15220,02/16/15 12:43,21.6,28.15,459,907.75,0.004491882,1
15221,02/16/15 12:45,21.625,28.05,459,905.5,0.00448271,1
15222,02/16/15 12:46,21.6,28,459,907,0.004467775,1
15223,02/16/15 12:47,21.6,28.025,464,912.5,0.004471792,1
15224,02/16/15 12:48,21.6,28.1,464,910,0.004483846,1
15225,02/16/15 12:49,21.625,28.125,464,905.75,0.004494783,1
15226,02/16/15 12:49,21.65,28.1,479,906.5,0.004497681,1
15227,02/16/15 12:51,21.625,28.05,479,912.75,0.00448271,1
15228,02/16/15 12:52,21.55,28,464,894,0.004454027,1
15229,02/16/15 12:53,21.575,28.05,464,897.5,0.004468919,1
15230,02/16/15 12:53,21.5,28.06666667,464,898.3333333,0.004450965,1
15231,02/16/15 12:55,21.525,28.075,464,894.5,0.004459165,0
15232,02/16/15 12:55,21.5,28.1,456.5,892,0.004456289,1
15233,02/16/15 12:56,21.5,28.175,460.25,902.25,0.004468268,1
15234,02/16/15 12:58,21.5,28.1,456.5,901,0.004456289,1
15235,02/16/15 12:59,21.5,28.125,467.75,895.25,0.004460282,1
15236,02/16/15 13:00,21.525,28.125,467.75,890.3333333,0.004467163,1
15237,02/16/15 13:01,21.5,28.2675,467.75,894.4,0.004483043,1
15238,02/16/15 13:01,21.6,28.13333333,464,903.3333333,0.004489203,1
15239,02/16/15 13:02,21.575,28.1,464,904.75,0.004476943,1
15240,02/16/15 13:04,21.6,28.1,464,904,0.004483846,1
15241,02/16/15 13:05,21.6,28.13333333,464,898,0.004489203,1
15242,02/16/15 13:06,21.6,28.1,464,893.5,0.004483846,1
15243,02/16/15 13:07,21.56666667,28.1,464,892.3333333,0.004474644,1
15244,02/16/15 13:08,21.525,28.1,457.75,888,0.004463164,1
15245,02/16/15 13:08,21.525,28.1725,459,888.5,0.004474762,1
15246,02/16/15 13:09,21.55,28.2,459,895,0.004486071,1
15247,02/16/15 13:11,21.5,28.29,459,897.5,0.004486638,1
15248,02/16/15 13:12,21.55,28.2,459,900.25,0.004486071,1
15249,02/16/15 13:13,21.5,28.2675,459,906.75,0.004483043,1
15250,02/16/15 13:14,21.5,28.1,459,893.5,0.004456289,1
15251,02/16/15 13:14,21.5,28.2225,457.75,886,0.004475855,1
15252,02/16/15 13:15,21.5,28.29,469,886.5,0.004486638,1
15253,02/16/15 13:17,21.46333333,28.26,454,889.25,0.00447172,1
15254,02/16/15 13:18,21.445,28.245,454,880.25,0.004464278,0
15255,02/16/15 13:19,21.5,28.29,464,875.6666667,0.004486638,1
15256,02/16/15 13:20,21.5,28.2675,457.75,873.75,0.004483043,0
15257,02/16/15 13:21,21.5,28.29,469,883,0.004486638,1
15258,02/16/15 13:21,21.5,28.34,461.5,884.5,0.004494625,1
15259,02/16/15 13:23,21.5,28.2675,464,882.5,0.004483043,1
15260,02/16/15 13:24,21.5,28.1,459,871,0.004456289,1
15261,02/16/15 13:25,21.5,28.0475,464,870.75,0.004447903,1
15262,02/16/15 13:25,21.5,27.99666667,464,858,0.004439784,1
15263,02/16/15 13:27,21.5,28.2675,459,860,0.004483043,1
15264,02/16/15 13:27,21.53333333,28.23,462.3333333,872.3333333,0.004486266,1
15265,02/16/15 13:28,21.6,28.1,459,871.75,0.004483846,1
15266,02/16/15 13:30,21.6,27.9975,459,869.75,0.004467373,1
15267,02/16/15 13:31,21.6,27.995,459,868,0.004466971,1
15268,02/16/15 13:32,21.6,28.05,459,865.25,0.00447581,1
15269,02/16/15 13:33,21.6,28,469,857,0.004467775,1
15270,02/16/15 13:34,21.6,28.025,459,856.25,0.004471792,1
15271,02/16/15 13:34,21.65,28.1,469,858.5,0.004497681,1
15272,02/16/15 13:36,21.7,28.2,454,865,0.004527726,1
15273,02/16/15 13:37,21.6,27.79333333,454,853,0.004434563,1
15274,02/16/15 13:38,21.6,28.06666667,454,853,0.004478489,1
15275,02/16/15 13:38,21.6,28.15,454,869.25,0.004491882,1
15276,02/16/15 13:40,21.65,28.2225,454,873,0.004517431,1
15277,02/16/15 13:40,21.6,28,446.5,863,0.004467775,1
15278,02/16/15 13:41,21.625,27.92,446.5,859.75,0.004461786,1
15279,02/16/15 13:43,21.56666667,27.85666667,446,856,0.004435619,1
15280,02/16/15 13:44,21.5,28.075,449.5,852,0.004452296,1
15281,02/16/15 13:45,21.5,28,454,857.25,0.004440317,1
15282,02/16/15 13:46,21.5,28.06666667,454,853.3333333,0.004450965,1
15283,02/16/15 13:46,21.525,28.1,454,844.5,0.004463164,1
15284,02/16/15 13:47,21.5,28,454,845,0.004440317,1
15285,02/16/15 13:49,21.53333333,28.06666667,454,840,0.004460123,1
15286,02/16/15 13:50,21.5,27.9175,454,833,0.004427141,1
15287,02/16/15 13:51,21.5,28.125,454,830,0.004460282,1
15288,02/16/15 13:52,21.5,28.2,454,837.5,0.004472261,1
15289,02/16/15 13:53,21.5,28.1,454,841.75,0.004456289,1
15290,02/16/15 13:53,21.5,28.1,454,843.5,0.004456289,1
15291,02/16/15 13:54,21.4725,28.1,461.5,844.25,0.004448737,1
15292,02/16/15 13:56,21.5,28.125,469,834.5,0.004460282,1
15293,02/16/15 13:57,21.4725,28.075,469,831,0.004444751,1
15294,02/16/15 13:58,21.445,28.1,459,832,0.004441196,1
15295,02/16/15 13:59,21.5,28.175,459,835.25,0.004468268,1
15296,02/16/15 13:59,21.5,28.2,469,844.3333333,0.004472261,1
15297,02/16/15 14:00,21.5,28.2,461.5,846,0.004472261,1
15298,02/16/15 14:02,21.5,28.2,454,840.5,0.004472261,1
15299,02/16/15 14:03,21.5,28.2,454,837.3333333,0.004472261,1
15300,02/16/15 14:04,21.5,28.2225,450.25,840.75,0.004475855,1
15301,02/16/15 14:05,21.5,28.2,446.5,838,0.004472261,1
15302,02/16/15 14:06,21.5,28.23,449,841,0.004477053,1
15303,02/16/15 14:06,21.53333333,28.32666667,454,847,0.004501739,1
15304,02/16/15 14:08,21.575,28.7925,454,856.75,0.004588087,1
15305,02/16/15 14:09,21.6,28.5225,454,868.5,0.004551757,1
15306,02/16/15 14:10,21.6,28.5,446.5,864,0.00454814,1
15307,02/16/15 14:10,21.6,28.4175,439,866.5,0.004534878,1
15308,02/16/15 14:12,21.66666667,28.5,446,864.6666667,0.004566861,1
15309,02/16/15 14:12,21.675,28.5225,450.25,867.5,0.00457284,1
15310,02/16/15 14:13,21.7,28.56666667,454,880.6666667,0.004587031,1
15311,02/16/15 14:15,21.65,28.575,454,884,0.004574268,1
15312,02/16/15 14:16,21.7,28.6,454,890.6666667,0.004592423,1
15313,02/16/15 14:17,21.66666667,28.56666667,454,893,0.004577622,1
15314,02/16/15 14:18,21.7,28.675,465.25,901.5,0.004604555,1
15315,02/16/15 14:19,21.7,28.7,469,906.3333333,0.004608599,1
15316,02/16/15 14:19,21.7,28.7675,469,908.75,0.004619519,1
15317,02/16/15 14:21,21.7,28.745,469,908.5,0.004615879,1
15318,02/16/15 14:22,21.7,28.79,469,901.5,0.004623159,1
15319,02/16/15 14:23,21.7,28.79,459,901.5,0.004623159,1
15320,02/16/15 14:23,21.675,28.815,459,910.25,0.004620083,1
15321,02/16/15 14:25,21.63333333,28.79,469,907,0.00460421,1
15322,02/16/15 14:25,21.675,28.84,465.25,910.25,0.004624121,1
15323,02/16/15 14:26,21.6,28.85666667,469,909,0.004605479,1
15324,02/16/15 14:28,21.625,28.9175,459,914.25,0.004622377,1
15325,02/16/15 14:29,21.7,28.945,459,918.5,0.004648235,1
15326,02/16/15 14:30,21.63333333,28.82333333,455.6666667,918,0.00460958,1
15327,02/16/15 14:31,21.7,29,452.75,918.5,0.004657133,1
15328,02/16/15 14:31,21.675,28.945,461.5,918.6666667,0.004641082,1
15329,02/16/15 14:32,21.7,28.9175,454,920.4,0.004643786,1
15330,02/16/15 14:34,21.7,29,449,920.6666667,0.004657133,1
15331,02/16/15 14:35,21.7,28.96333333,455.6666667,925,0.004651201,1
15332,02/16/15 14:36,21.7225,28.815,459,917,0.00463362,1
15333,02/16/15 14:37,21.7,28.865,459,916.25,0.004635292,1
15334,02/16/15 14:38,21.7,28.79,469,911.5,0.004623159,1
15335,02/16/15 14:38,21.7,28.89,464,914.3333333,0.004639337,1
15336,02/16/15 14:39,21.7,28.89,454,917,0.004639337,1
15337,02/16/15 14:41,21.73,28.89,459,906.6666667,0.004647916,1
15338,02/16/15 14:42,21.73,28.85666667,464,912.3333333,0.004642514,1
15339,02/16/15 14:43,21.745,28.84,459,898,0.0046441,1
15340,02/16/15 14:44,21.745,28.865,461.5,909.75,0.004648156,1
15341,02/16/15 14:44,21.79,28.79,469,913,0.004648849,1
15342,02/16/15 14:45,21.7675,28.79,469,911,0.004642415,1
15343,02/16/15 14:47,21.7,28.82333333,469,907.6666667,0.004628551,1
15344,02/16/15 14:48,21.7,28.89,465.25,908.25,0.004639337,1
15345,02/16/15 14:49,21.7,28.89,469,906,0.004639337,1
15346,02/16/15 14:50,21.7,28.73,469,899.3333333,0.004613452,1
15347,02/16/15 14:51,21.7,28.8925,469,901.75,0.004639741,1
15348,02/16/15 14:51,21.7,29,459,903.6666667,0.004657133,1
15349,02/16/15 14:53,21.675,28.9725,465.25,909,0.004645524,1
15350,02/16/15 14:54,21.7,29,454,910,0.004657133,1
15351,02/16/15 14:55,21.7,29.075,454,910.75,0.004669268,1
15352,02/16/15 14:55,21.675,29,454,914.5,0.004649967,1
15353,02/16/15 14:57,21.7,29,454,912,0.004657133,1
15354,02/16/15 14:57,21.7,29,469,906.75,0.004657133,1
15355,02/16/15 14:58,21.7,29,459,905.6666667,0.004657133,1
15356,02/16/15 15:00,21.675,28.9725,454,912,0.004645524,1
15357,02/16/15 15:01,21.675,28.9725,454,910.25,0.004645524,1
15358,02/16/15 15:02,21.7,28.92666667,464,904,0.004645269,1
15359,02/16/15 15:03,21.7,28.89,462.3333333,901.3333333,0.004639337,1
15360,02/16/15 15:04,21.7,28.945,464,897.25,0.004648235,1
15361,02/16/15 15:04,21.73,28.89333333,454,896,0.004648457,1
15362,02/16/15 15:06,21.745,28.84,454,900,0.0046441,1
15363,02/16/15 15:07,21.7,28.79,454,895.5,0.004623159,1
15364,02/16/15 15:08,21.79,28.79,454,890,0.004648849,1
15365,02/16/15 15:08,21.772,28.754,454,886,0.004637851,1
15366,02/16/15 15:10,21.7,28.73,454,879.5,0.004613452,1
15367,02/16/15 15:10,21.7225,28.79,454,879.75,0.00462957,1
15368,02/16/15 15:11,21.76,28.66666667,454,877.6666667,0.004620246,1
15369,02/16/15 15:13,21.7,28.66666667,454,871.6666667,0.004603207,1
15370,02/16/15 15:14,21.7,28.7675,454,870.5,0.004619519,1
15371,02/16/15 15:15,21.745,28.7675,446.5,874.5,0.004632338,1
15372,02/16/15 15:16,21.745,28.7,439,874,0.004621388,1
15373,02/16/15 15:16,21.7675,28.7,444.25,861.25,0.004627794,1
15374,02/16/15 15:17,21.79,28.7,439,858,0.004634208,1
15375,02/16/15 15:19,21.7225,28.65,439,855.5,0.00460689,1
15376,02/16/15 15:20,21.7,28.66666667,439,859,0.004603207,1
15377,02/16/15 15:21,21.7,28.7675,454,854.75,0.004619519,1
15378,02/16/15 15:22,21.7,28.745,446.5,858.25,0.004615879,1
15379,02/16/15 15:23,21.7,28.745,439,854.5,0.004615879,1
15380,02/16/15 15:23,21.66666667,28.76,446,857,0.004608832,1
15381,02/16/15 15:24,21.7,28.79,444.25,862.5,0.004623159,1
15382,02/16/15 15:26,21.7,28.79,439,862,0.004623159,1
15383,02/16/15 15:27,21.7,28.865,442.75,865.5,0.004635292,1
15384,02/16/15 15:28,21.7,28.865,454,870.5,0.004635292,1
15385,02/16/15 15:29,21.675,28.8675,454,874.75,0.004628563,1
15386,02/16/15 15:29,21.7,29,461.5,874,0.004657133,1
15387,02/16/15 15:30,21.7,29,454,872.75,0.004657133,1
15388,02/16/15 15:32,21.65,29.025,457.75,876,0.004646842,1
15389,02/16/15 15:33,21.7,29.1,459,885,0.004673313,1
15390,02/16/15 15:34,21.675,29.075,459,884.75,0.004662083,1
15391,02/16/15 15:35,21.7,29,459,880,0.004657133,1
15392,02/16/15 15:36,21.66666667,29.03333333,462.3333333,882,0.004652962,1
15393,02/16/15 15:36,21.7,29,459,887,0.004657133,1
15394,02/16/15 15:38,21.7,29,462.3333333,886.3333333,0.004657133,1
15395,02/16/15 15:39,21.7225,29,456.5,887,0.004663592,1
15396,02/16/15 15:40,21.79,29,454,893.3333333,0.004683014,1
15397,02/16/15 15:40,21.7675,29,454,897.5,0.004676532,1
15398,02/16/15 15:42,21.82333333,29,457.3333333,893.3333333,0.004692632,1
15399,02/16/15 15:42,21.865,28.9725,449,895,0.004700183,1
15400,02/16/15 15:43,21.89,29,459,893.5,0.004711919,1
15401,02/16/15 15:45,21.865,28.9725,459,892.5,0.004700183,1
15402,02/16/15 15:46,21.89,29,459,902,0.004711919,1
15403,02/16/15 15:47,21.89,29,462.3333333,892,0.004711919,1
15404,02/16/15 15:48,21.89,29,459,883.5,0.004711919,1
15405,02/16/15 15:49,21.89,28.92666667,469,881,0.004699914,1
15406,02/16/15 15:49,21.865,29.025,454,892.75,0.004708765,1
15407,02/16/15 15:51,21.89,29.1,454,897,0.004728291,1
15408,02/16/15 15:52,21.89,29,454,900.5,0.004711919,1
15409,02/16/15 15:53,21.89,28.9175,442.75,896,0.004698413,1
15410,02/16/15 15:53,21.89,28.92666667,444,886,0.004699914,1
15411,02/16/15 15:55,21.89,28.9175,446.5,884.25,0.004698413,1
15412,02/16/15 15:55,21.89,28.89,454,885,0.004693912,1
15413,02/16/15 15:56,21.89,29,454,891.5,0.004711919,1
15414,02/16/15 15:58,21.89,29.1,454,892,0.004728291,1
15415,02/16/15 15:59,21.89,29.15,454,896.5,0.004736477,1
15416,02/16/15 16:00,21.89,29.2,439,896.3333333,0.004744663,1
15417,02/16/15 16:01,21.865,29.2,454,900.5,0.004737371,1
15418,02/16/15 16:01,21.89,29.245,454,905.5,0.004752031,1
15419,02/16/15 16:02,21.89,29.175,457.75,918.5,0.00474057,1
15420,02/16/15 16:04,21.89,29.16666667,454,911.3333333,0.004739206,1
15421,02/16/15 16:05,21.89,29.2,454,909,0.004744663,1
15422,02/16/15 16:06,21.89,29.2,446,906.6666667,0.004744663,1
15423,02/16/15 16:07,21.89,29.2675,447,906,0.004755715,1
15424,02/16/15 16:08,21.89,29.29,441.5,904,0.004759399,1
15425,02/16/15 16:08,21.89,29.2675,456,906.25,0.004755715,1
15426,02/16/15 16:09,21.89,29.2,449.5,895.75,0.004744663,1
15427,02/16/15 16:11,21.89,29.23,439,892,0.004749575,1
15428,02/16/15 16:12,21.89,29.365,442.75,917,0.004771679,1
15429,02/16/15 16:13,21.89,29.42666667,444,926.3333333,0.004781777,1
15430,02/16/15 16:14,21.89,29.5,454,930.5,0.004793785,1
15431,02/16/15 16:14,21.82333333,29.35666667,439,930.6666667,0.004750787,1
15432,02/16/15 16:15,21.84,29.445,444.25,933.75,0.004770081,1
15433,02/16/15 16:17,21.79,29.39,449.5,933.5,0.004746473,1
15434,02/16/15 16:18,21.815,29.445,449.5,928,0.004762747,1
15435,02/16/15 16:19,21.82333333,29.46333333,453,924.6666667,0.004768181,1
15436,02/16/15 16:20,21.79,29.39,449.5,917.25,0.004746473,1
15437,02/16/15 16:21,21.79,29.39,453,918,0.004746473,1
15438,02/16/15 16:21,21.7675,29.525,448,923.5,0.004761842,1
15439,02/16/15 16:23,21.7675,29.5,456,928.5,0.004757779,1
15440,02/16/15 16:24,21.79,29.55,449.5,923.5,0.004772511,1
15441,02/16/15 16:25,21.76,29.53333333,453,925,0.004760997,1
15442,02/16/15 16:25,21.79,29.6,446.75,921.5,0.004780649,1
15443,02/16/15 16:27,21.7675,29.55,444,920.5,0.004765905,1
15444,02/16/15 16:27,21.79,29.55,436.5,914,0.004772511,1
15445,02/16/15 16:28,21.79,29.55,429,920.5,0.004772511,1
15446,02/16/15 16:30,21.79,29.625,429,920,0.004784718,1
15447,02/16/15 16:31,21.745,29.7,429,930,0.00478365,1
15448,02/16/15 16:32,21.7675,29.7,429,933.75,0.004790283,1
15449,02/16/15 16:33,21.7675,29.7225,429,936.5,0.00479394,1
15450,02/16/15 16:34,21.79,29.79,429,934.5,0.004811573,1
15451,02/16/15 16:34,21.745,29.745,429,926,0.004790954,1
15452,02/16/15 16:36,21.7,29.745,433.5,925.25,0.004777693,1
15453,02/16/15 16:37,21.7,29.79,429,927.3333333,0.004784976,1
15454,02/16/15 16:38,21.7,29.79,429,930,0.004784976,1
15455,02/16/15 16:38,21.745,29.79,429,924,0.004798258,1
15456,02/16/15 16:40,21.7,29.79,429,919,0.004784976,1
15457,02/16/15 16:40,21.7,29.79,429,923.6666667,0.004784976,1
15458,02/16/15 16:41,21.7,29.79,433.5,929.25,0.004784976,1
15459,02/16/15 16:43,21.7,29.82333333,441,933.3333333,0.004790372,1
15460,02/16/15 16:44,21.675,29.7675,438,927,0.004773975,1
15461,02/16/15 16:45,21.7,29.865,438,912.5,0.004797116,1
15462,02/16/15 16:46,21.63333333,29.79,441,910.6666667,0.004765359,1
15463,02/16/15 16:46,21.6,29.745,438,907,0.004748338,1
15464,02/16/15 16:47,21.675,29.815,438,904,0.004781652,1
15465,02/16/15 16:49,21.63333333,29.76,441,902.3333333,0.004760523,1
15466,02/16/15 16:50,21.7,29.85666667,441,899,0.004795767,1
15467,02/16/15 16:51,21.7,29.79,438,894.75,0.004784976,1
15468,02/16/15 16:52,21.675,29.7675,438,892,0.004773975,1
15469,02/16/15 16:53,21.675,29.7675,441,890.6666667,0.004773975,1
15470,02/16/15 16:53,21.7,29.79,442.5,888.5,0.004784976,1
15471,02/16/15 16:54,21.7,29.79,429,889.3333333,0.004784976,1
15472,02/16/15 16:56,21.7,30.07,440.25,910,0.0048303,1
15473,02/16/15 16:57,21.7,29.8425,432.75,928.75,0.004793474,1
15474,02/16/15 16:58,21.7,29.79,429,933.5,0.004784976,1
15475,02/16/15 16:59,21.79,29.79,429,921.5,0.004811573,1
15476,02/16/15 16:59,21.79,29.79,429,925.5,0.004811573,1
15477,02/16/15 17:00,21.79,29.79,429,919,0.004811573,1
15478,02/16/15 17:02,21.79,29.7675,429,913.25,0.004807911,1
15479,02/16/15 17:03,21.79,29.815,429,914,0.004815642,1
15480,02/16/15 17:04,21.79,29.84,429,921,0.004819711,1
15481,02/16/15 17:05,21.79,29.84,434.5,925.25,0.004819711,1
15482,02/16/15 17:06,21.79,29.84,438,931.5,0.004819711,1
15483,02/16/15 17:06,21.7675,29.89,423.5,938.25,0.004821166,1
15484,02/16/15 17:08,21.79,30,431.3333333,938.6666667,0.004845755,1
15485,02/16/15 17:09,21.79,30.03333333,430,948.6666667,0.004851182,1
15486,02/16/15 17:10,21.84,30.245,427.25,971,0.004900702,1
15487,02/16/15 17:10,21.85666667,30.29333333,436.3333333,981.3333333,0.004913634,1
15488,02/16/15 17:12,21.89,30.2225,427.25,985.5,0.00491212,1
15489,02/16/15 17:12,21.89,30.15,431,990,0.004900243,1
15490,02/16/15 17:13,21.945,30.025,427,980.25,0.004896306,1
15491,02/16/15 17:15,21.89,29.96,426.6666667,975,0.004869121,1
15492,02/16/15 17:16,21.9725,29.945,428.25,973.5,0.004891423,1
15493,02/16/15 17:17,22,29.92666667,433,982,0.004896677,1
15494,02/16/15 17:18,22,29.89,433,973,0.00489063,1
15495,02/16/15 17:19,21.945,29.9175,433,965.25,0.004878638,1
15496,02/16/15 17:19,21.92666667,30,433,967.3333333,0.004886683,1
15497,02/16/15 17:21,21.945,30.05,433,969.5,0.004900415,1
15498,02/16/15 17:22,21.9175,30.125,433,979.5,0.004904439,1
15499,02/16/15 17:23,21.96333333,30.2,433,974,0.004930626,1
15500,02/16/15 17:23,21.9175,30.2,433,980,0.004916746,1
15501,02/16/15 17:25,21.92666667,30.2,433,976.6666667,0.004919519,1
15502,02/16/15 17:25,22,30.175,433,978,0.004937632,1
15503,02/16/15 17:26,22,30.05,433,977.5,0.004917016,1
15504,02/16/15 17:28,22,30.1,433,966.5,0.004925262,1
15505,02/16/15 17:29,22,30.075,433,966.5,0.004921139,1
15506,02/16/15 17:30,21.96333333,30.2,433,973.3333333,0.004930626,1
15507,02/16/15 17:31,22,30.175,422.5,979,0.004937632,1
15508,02/16/15 17:31,22,30.1,419,979.6666667,0.004925262,1
15509,02/16/15 17:32,22,30.05,419,977.5,0.004917016,1
15510,02/16/15 17:34,22,30.16666667,419,972,0.004936258,1
15511,02/16/15 17:35,22,30.025,419,977.5,0.004912893,1
15512,02/16/15 17:36,22,30.075,419,976.75,0.004921139,1
15513,02/16/15 17:37,22,30.13333333,419,974.6666667,0.00493076,1
15514,02/16/15 17:38,22,30.175,419,980.5,0.004937632,1
15515,02/16/15 17:38,22,30.2,419,982.5,0.004941755,1
15516,02/16/15 17:39,22,30.2,419,986.25,0.004941755,1
15517,02/16/15 17:41,22,30.2,419,982.5,0.004941755,1
15518,02/16/15 17:42,22,30.2,419,987,0.004941755,1
15519,02/16/15 17:43,21.96333333,30.26,419,989.6666667,0.0049405,1
15520,02/16/15 17:44,21.9725,30.29,419,997,0.004948225,1
15521,02/16/15 17:44,21.96333333,30.29,419,994,0.004945437,1
15522,02/16/15 17:45,21.945,30.245,419,991.75,0.004932467,1
15523,02/16/15 17:47,21.9725,30.29,419,983,0.004948225,1
15524,02/16/15 17:48,21.89,30.2,419,980,0.004908434,1
15525,02/16/15 17:49,21.945,30.245,419,977.75,0.004932467,1
15526,02/16/15 17:50,22,30.245,419,983,0.004949178,1
15527,02/16/15 17:51,21.96333333,30.29,419,986,0.004945437,1
15528,02/16/15 17:51,22,30.2,419,990,0.004941755,1
15529,02/16/15 17:53,21.92666667,30.16666667,419,981.6666667,0.004914046,1
15530,02/16/15 17:54,22,30.05,419,980,0.004917016,1
15531,02/16/15 17:55,21.9725,30.0725,419,975.25,0.004912414,1
15532,02/16/15 17:55,21.945,30.1975,419,976.25,0.004924659,1
15533,02/16/15 17:57,21.89,30.23,419,981.3333333,0.004913348,1
15534,02/16/15 17:57,21.9175,30.2,419,981.25,0.004916746,1
15535,02/16/15 17:58,21.945,30.2,419,985.5,0.00492507,1
15536,02/16/15 18:00,21.89,30.245,419,982.25,0.004915806,1
15537,02/16/15 18:01,21.89,30.29,419,976,0.004923177,1
15538,02/16/15 18:02,21.89,30.34,419,973.75,0.004931369,1
15539,02/16/15 18:03,21.89,30.39,419,975.6666667,0.00493956,1
15540,02/16/15 18:04,21.89,30.39,411.5,978,0.00493956,1
15541,02/16/15 18:04,21.89,30.39,0,974,0.00493956,0
15542,02/16/15 18:06,21.89,30.39,0,974,0.00493956,0
15543,02/16/15 18:07,21.89,30.39,0,969,0.00493956,0
15544,02/16/15 18:08,21.84,30.34,0,965.5,0.004916217,0
15545,02/16/15 18:08,21.79,30.29,0,964,0.004892966,0
15546,02/16/15 18:10,21.79,30.29,0,952,0.004892966,0
15547,02/16/15 18:10,21.79,30.29,0,949,0.004892966,0
15548,02/16/15 18:11,21.84,30.34,0,950.5,0.004916217,0
15549,02/16/15 18:13,21.84,30.295,0,941.5,0.004908868,0
15550,02/16/15 18:14,21.79,30.26,0,943.6666667,0.004888082,0
15551,02/16/15 18:15,21.79,30.2,0,941,0.004878314,0
15552,02/16/15 18:16,21.79,30.245,0,933.5,0.00488564,0
15553,02/16/15 18:16,21.79,30.2,0,941,0.004878314,0
15554,02/16/15 18:17,21.79,30.29,0,943,0.004892966,0
15555,02/16/15 18:19,21.79,30.29,0,945,0.004892966,0
15556,02/16/15 18:20,21.79,30.29,0,944.3333333,0.004892966,0
15557,02/16/15 18:21,21.7,30.29,0,939,0.004865916,0
15558,02/16/15 18:22,21.7,30.29,0,937.5,0.004865916,0
15559,02/16/15 18:23,21.7,30.39,0,932,0.004882107,0
15560,02/16/15 18:23,21.7,30.39,0,925.5,0.004882107,0
15561,02/16/15 18:24,21.7,30.39,0,922.5,0.004882107,0
15562,02/16/15 18:26,21.7,30.32333333,0,923,0.004871313,0
15563,02/16/15 18:27,21.7,30.29,0,926,0.004865916,0
15564,02/16/15 18:28,21.6,30.15,0,917,0.004813491,0
15565,02/16/15 18:29,21.7,30.29,0,904.5,0.004865916,0
15566,02/16/15 18:29,21.6,30.2,0,908.5,0.004821535,0
15567,02/16/15 18:30,21.6,30.2,0,905.5,0.004821535,0
15568,02/16/15 18:32,21.6,30.2,0,897,0.004821535,0
15569,02/16/15 18:33,21.5,30.19666667,0,891.6666667,0.004791354,0
15570,02/16/15 18:34,21.5,30.2,0,886,0.004791887,0
15571,02/16/15 18:35,21.5,30.245,0,884,0.004799082,0
15572,02/16/15 18:36,21.5,30.2,0,883,0.004791887,0
15573,02/16/15 18:36,21.5,30.2,0,883,0.004791887,0
15574,02/16/15 18:38,21.5,30.2,0,884,0.004791887,0
15575,02/16/15 18:39,21.5,30.2,0,878,0.004791887,0
15576,02/16/15 18:40,21.5,30.245,0,876.5,0.004799082,0
15577,02/16/15 18:40,21.5,30.2,0,879,0.004791887,0
15578,02/16/15 18:42,21.39,30.1,0,862.5,0.004743579,0
15579,02/16/15 18:42,21.34,30.15,0,853,0.004736868,0
15580,02/16/15 18:43,21.34,30.2,0,855,0.004744784,0
15581,02/16/15 18:45,21.29,30.15,0,851,0.004722257,0
15582,02/16/15 18:46,21.29,30.15,0,846,0.004722257,0
15583,02/16/15 18:47,21.29,30.2,0,846,0.004730148,0
15584,02/16/15 18:48,21.29,30.29,0,844,0.004744352,0
15585,02/16/15 18:49,21.29,30.26,0,843,0.004739618,0
15586,02/16/15 18:49,21.29,30.2,0,842,0.004730148,0
15587,02/16/15 18:51,21.29,30.2,0,841,0.004730148,0
15588,02/16/15 18:52,21.29,30.245,0,839,0.00473725,0
15589,02/16/15 18:53,21.29,30.2,0,844.5,0.004730148,0
15590,02/16/15 18:53,21.2,30.2,0,844,0.004703905,0
15591,02/16/15 18:55,21.2,30.2,0,835,0.004703905,0
15592,02/16/15 18:55,21.2,30.2,0,831.5,0.004703905,0
15593,02/16/15 18:56,21.1,30.245,0,829.5,0.004681914,0
15594,02/16/15 18:58,21.1,30.2,0,821,0.004674896,0
15595,02/16/15 18:59,21.1,30.245,0,822,0.004681914,0
15596,02/16/15 19:00,21.1,30.29,0,822.6666667,0.004688933,0
15597,02/16/15 19:01,21.03333333,30.29,0,825,0.004669624,0
15598,02/16/15 19:01,21.1,30.34,0,832,0.004696731,0
15599,02/16/15 19:02,21.1,30.32333333,0,815.6666667,0.004694132,0
15600,02/16/15 19:04,21.1,30.29,0,817,0.004688933,0
15601,02/16/15 19:05,21.05,30.29,0,814.5,0.004674444,0
15602,02/16/15 19:06,21,30.29,0,813.5,0.004659995,0
15603,02/16/15 19:07,21,30.29,0,811,0.004659995,0
15604,02/16/15 19:08,21,30.29,0,809.75,0.004659995,0
15605,02/16/15 19:08,21,30.29,0,803,0.004659995,0
15606,02/16/15 19:09,20.89,30.29,0,803,0.004628346,0
15607,02/16/15 19:11,20.945,30.29,0,803.5,0.004644147,0
15608,02/16/15 19:12,20.89,30.39,0,800,0.00464374,0
15609,02/16/15 19:13,20.89,30.39,0,796.5,0.00464374,0
15610,02/16/15 19:14,20.84,30.39,0,796,0.004629369,0
15611,02/16/15 19:14,20.79,30.39,0,800.3333333,0.004615037,0
15612,02/16/15 19:15,20.79,30.39,0,795.5,0.004615037,0
15613,02/16/15 19:17,20.79,30.39,0,790,0.004615037,0
15614,02/16/15 19:18,20.79,30.39,0,792,0.004615037,0
15615,02/16/15 19:19,20.745,30.39,0,785.5,0.004602172,0
15616,02/16/15 19:20,20.7,30.39,0,783,0.004589338,0
15617,02/16/15 19:21,20.7,30.5,0,782,0.004606073,0
15618,02/16/15 19:21,20.7,30.5,0,777.5,0.004606073,0
15619,02/16/15 19:23,20.7,30.5,0,776.5,0.004606073,0
15620,02/16/15 19:24,20.7,30.5,0,774,0.004606073,0
15621,02/16/15 19:25,20.7,30.5,0,771.5,0.004606073,0
15622,02/16/15 19:25,20.7,30.5,0,770,0.004606073,0
15623,02/16/15 19:27,20.66666667,30.56666667,0,769.3333333,0.004606674,0
15624,02/16/15 19:27,20.66666667,30.56666667,0,766.3333333,0.004606674,0
15625,02/16/15 19:28,20.6,30.5,0,763,0.004577563,0
15626,02/16/15 19:30,20.6,30.525,0,764.75,0.004581342,0
15627,02/16/15 19:31,20.6,30.56666667,0,765.3333333,0.004587642,0
15628,02/16/15 19:32,20.6,30.53333333,0,766.3333333,0.004582602,0
15629,02/16/15 19:33,20.65,30.55,0,766,0.004599381,0
15630,02/16/15 19:34,20.65,30.55,0,763,0.004599381,0
15631,02/16/15 19:34,20.6,30.5,0,764,0.004577563,0
15632,02/16/15 19:36,20.7,30.6,0,765,0.004621287,0
15633,02/16/15 19:37,20.7,30.55,0,762.5,0.00461368,0
15634,02/16/15 19:38,20.65,30.55,0,768,0.004599381,0
15635,02/16/15 19:38,20.65,30.5,0,769.5,0.004591798,0
15636,02/16/15 19:40,20.7,30.5,0,767,0.004606073,0
15637,02/16/15 19:40,20.65,30.5,0,765,0.004591798,0
15638,02/16/15 19:41,20.7,30.5,0,767.5,0.004606073,0
15639,02/16/15 19:43,20.7,30.5,0,765,0.004606073,0
15640,02/16/15 19:44,20.6,30.42666667,0,759.3333333,0.004566476,0
15641,02/16/15 19:45,20.7,30.5,0,760,0.004606073,0
15642,02/16/15 19:46,20.66666667,30.46333333,0,759,0.004590985,0
15643,02/16/15 19:46,20.7,30.445,0,760.6666667,0.004597705,0
15644,02/16/15 19:47,20.66666667,30.42666667,0,760,0.004585419,0
15645,02/16/15 19:49,20.7,30.39,0,764.5,0.004589338,0
15646,02/16/15 19:50,20.7,30.39,0,763,0.004589338,0
15647,02/16/15 19:51,20.7,30.39,0,753,0.004589338,0
15648,02/16/15 19:52,20.7,30.39,0,751,0.004589338,0
15649,02/16/15 19:53,20.675,30.39,0,756,0.004582222,0
15650,02/16/15 19:53,20.6,30.39,0,756,0.004560932,0
15651,02/16/15 19:54,20.7,30.39,0,752,0.004589338,0
15652,02/16/15 19:56,20.66666667,30.42666667,0,753,0.004585419,0
15653,02/16/15 19:57,20.6,30.39,0,752,0.004560932,0
15654,02/16/15 19:58,20.65,30.39,0,754.5,0.004575116,0
15655,02/16/15 19:59,20.65,30.39,0,759,0.004575116,0
15656,02/16/15 19:59,20.6,30.39,0,749.5,0.004560932,0
15657,02/16/15 20:00,20.6,30.39,0,748,0.004560932,0
15658,02/16/15 20:02,20.6,30.39,0,752,0.004560932,0
15659,02/16/15 20:03,20.6,30.39,0,748,0.004560932,0
15660,02/16/15 20:04,20.6,30.39,0,753,0.004560932,0
15661,02/16/15 20:05,20.6,30.39,0,748.5,0.004560932,0
15662,02/16/15 20:06,20.56666667,30.39,0,747.6666667,0.004551498,0
15663,02/16/15 20:06,20.5,30.39,0,746.5,0.004532682,0
15664,02/16/15 20:08,20.55,30.445,0,744.5,0.004555077,0
15665,02/16/15 20:09,20.5,30.5,0,743,0.004549208,0
15666,02/16/15 20:10,20.5,30.445,0,747,0.004540945,0
15667,02/16/15 20:10,20.5,30.46333333,0,744.6666667,0.0045437,0
15668,02/16/15 20:12,20.5,30.5,0,741,0.004549208,0
15669,02/16/15 20:12,20.5,30.5,0,744,0.004549208,0
15670,02/16/15 20:13,20.5,30.5,0,750,0.004549208,0
15671,02/16/15 20:15,20.5,30.39,0,745,0.004532682,0
15672,02/16/15 20:16,20.5,30.39,0,742,0.004532682,0
15673,02/16/15 20:17,20.5,30.39,0,741,0.004532682,0
15674,02/16/15 20:18,20.5,30.39,0,743,0.004532682,0
15675,02/16/15 20:19,20.5,30.39,0,738.5,0.004532682,0
15676,02/16/15 20:19,20.5,30.39,0,735.5,0.004532682,0
15677,02/16/15 20:21,20.55,30.39,0,739.5,0.004546788,0
15678,02/16/15 20:22,20.55,30.39,0,745.5,0.004546788,0
15679,02/16/15 20:23,20.55,30.39,0,739,0.004546788,0
15680,02/16/15 20:23,20.5,30.39,0,737,0.004532682,0
15681,02/16/15 20:25,20.6,30.39,0,741,0.004560932,0
15682,02/16/15 20:25,20.5,30.39,0,749,0.004532682,0
15683,02/16/15 20:26,20.6,30.29,0,738.5,0.004545815,0
15684,02/16/15 20:28,20.6,30.29,0,738.5,0.004545815,0
15685,02/16/15 20:29,20.6,30.29,0,731,0.004545815,0
15686,02/16/15 20:30,20.5,30.29,0,731.5,0.004517659,0
15687,02/16/15 20:31,20.5,30.29,0,728.5,0.004517659,0
15688,02/16/15 20:31,20.5,30.34,0,731.5,0.00452517,0
15689,02/16/15 20:32,20.5,30.34,0,734,0.00452517,0
15690,02/16/15 20:34,20.5,30.29,0,733,0.004517659,0
15691,02/16/15 20:35,20.5,30.39,0,733,0.004532682,0
15692,02/16/15 20:36,20.5,30.365,0,734.6666667,0.004528926,0
15693,02/16/15 20:37,20.5,30.39,0,727.5,0.004532682,0
15694,02/16/15 20:38,20.39,30.29,0,725,0.004486865,0
15695,02/16/15 20:38,20.445,30.34,0,731.5,0.004509724,0
15696,02/16/15 20:39,20.39,30.29,0,730,0.004486865,0
15697,02/16/15 20:41,20.39,30.29,0,732,0.004486865,0
15698,02/16/15 20:42,20.39,30.29,0,726,0.004486865,0
15699,02/16/15 20:43,20.39,30.32333333,0,728.6666667,0.004491838,0
15700,02/16/15 20:44,20.39,30.29,0,724.3333333,0.004486865,0
15701,02/16/15 20:44,20.39,30.29,0,719,0.004486865,0
15702,02/16/15 20:45,20.39,30.29,0,721.5,0.004486865,0
15703,02/16/15 20:47,20.39,30.29,0,722.5,0.004486865,0
15704,02/16/15 20:48,20.39,30.29,0,726.6666667,0.004486865,0
15705,02/16/15 20:49,20.39,30.29,0,724,0.004486865,0
15706,02/16/15 20:50,20.29,30.34,0,719.5,0.004466445,0
15707,02/16/15 20:51,20.35666667,30.35666667,0,725,0.004487496,0
15708,02/16/15 20:51,20.39,30.29,0,729,0.004486865,0
15709,02/16/15 20:53,20.39,30.29,0,728.6666667,0.004486865,0
15710,02/16/15 20:54,20.39,30.29,0,732,0.004486865,0
15711,02/16/15 20:55,20.39,30.29,0,729.5,0.004486865,0
15712,02/16/15 20:55,20.39,30.23,0,724.6666667,0.004477913,0
15713,02/16/15 20:57,20.39,30.2,0,726,0.004473437,0
15714,02/16/15 20:57,20.39,30.2,0,725.5,0.004473437,0
15715,02/16/15 20:58,20.39,30.2,0,718.6666667,0.004473437,0
15716,02/16/15 21:00,20.39,30.2,0,717.5,0.004473437,0
15717,02/16/15 21:01,20.39,30.2,0,721,0.004473437,0
15718,02/16/15 21:02,20.39,30.2,0,727,0.004473437,0
15719,02/16/15 21:03,20.39,30.2,0,727,0.004473437,0
15720,02/16/15 21:04,20.39,30.2,0,722,0.004473437,0
15721,02/16/15 21:04,20.39,30.2,0,727,0.004473437,0
15722,02/16/15 21:06,20.42666667,30.16666667,0,724.6666667,0.004478666,0
15723,02/16/15 21:07,20.39,30.15,0,726,0.004465978,0
15724,02/16/15 21:08,20.39,30.16666667,0,730.3333333,0.004468464,0
15725,02/16/15 21:08,20.39,30.2,0,717,0.004473437,0
15726,02/16/15 21:10,20.39,30.2,0,723.75,0.004473437,0
15727,02/16/15 21:10,20.39,30.2,0,723.5,0.004473437,0
15728,02/16/15 21:11,20.39,30.2,0,723,0.004473437,0
15729,02/16/15 21:13,20.39,30.2,0,726,0.004473437,0
15730,02/16/15 21:14,20.39,30.2,0,726,0.004473437,0
15731,02/16/15 21:15,20.39,30.2,0,724,0.004473437,0
15732,02/16/15 21:16,20.39,30.2,0,720,0.004473437,0
15733,02/16/15 21:16,20.34,30.2,0,720,0.004459543,0
15734,02/16/15 21:17,20.39,30.2,0,726.5,0.004473437,0
15735,02/16/15 21:19,20.39,30.2,0,733,0.004473437,0
15736,02/16/15 21:20,20.39,30.2,0,720.5,0.004473437,0
15737,02/16/15 21:21,20.39,30.2,0,720.6666667,0.004473437,0
15738,02/16/15 21:22,20.39,30.2,0,722.3333333,0.004473437,0
15739,02/16/15 21:23,20.39,30.2,0,724.6666667,0.004473437,0
15740,02/16/15 21:23,20.39,30.2,0,719,0.004473437,0
15741,02/16/15 21:24,20.39,30.2,0,715.5,0.004473437,0
15742,02/16/15 21:26,20.39,30.15,0,721,0.004465978,0
15743,02/16/15 21:27,20.39,30.1,0,725.5,0.004458518,0
15744,02/16/15 21:28,20.39,30.1,0,724,0.004458518,0
15745,02/16/15 21:29,20.39,30.1,0,721,0.004458518,0
15746,02/16/15 21:29,20.39,30.1,0,724,0.004458518,0
15747,02/16/15 21:30,20.34,30.2,0,718,0.004459543,0
15748,02/16/15 21:32,20.39,30.2,0,723,0.004473437,0
15749,02/16/15 21:33,20.39,30.15,0,721.5,0.004465978,0
15750,02/16/15 21:34,20.39,30.1,0,727,0.004458518,0
15751,02/16/15 21:35,20.39,30.1,0,727,0.004458518,0
15752,02/16/15 21:36,20.39,30.13333333,0,725.6666667,0.004463491,0
15753,02/16/15 21:36,20.34,30.2,0,724,0.004459543,0
15754,02/16/15 21:38,20.29,30.2,0,723,0.004445688,0
15755,02/16/15 21:39,20.34,30.2,0,720,0.004459543,0
15756,02/16/15 21:40,20.34,30.2,0,714.5,0.004459543,0
15757,02/16/15 21:40,20.29,30.2,0,719.6666667,0.004445688,0
15758,02/16/15 21:42,20.29,30.2,0,728,0.004445688,0
15759,02/16/15 21:42,20.32333333,30.2,0,721,0.004454921,0
15760,02/16/15 21:43,20.34,30.2,0,719.3333333,0.004459543,0
15761,02/16/15 21:45,20.29,30.2,0,720,0.004445688,0
15762,02/16/15 21:46,20.34,30.2,0,719.5,0.004459543,0
15763,02/16/15 21:47,20.34,30.2,0,718.5,0.004459543,0
15764,02/16/15 21:48,20.32333333,30.2,0,726.6666667,0.004454921,0
15765,02/16/15 21:49,20.29,30.2,0,728.5,0.004445688,0
15766,02/16/15 21:49,20.34,30.2,0,729.5,0.004459543,0
15767,02/16/15 21:51,20.39,30.2,0,728,0.004473437,0
15768,02/16/15 21:52,20.35666667,30.13333333,0,726,0.004454245,0
15769,02/16/15 21:53,20.39,30.1,0,718.5,0.004458518,0
15770,02/16/15 21:53,20.39,30.1,0,720.3333333,0.004458518,0
15771,02/16/15 21:55,20.39,30.1,0,721.3333333,0.004458518,0
15772,02/16/15 21:55,20.39,30.05,0,719.5,0.004451059,0
15773,02/16/15 21:56,20.42666667,30.03333333,0,713.3333333,0.004458729,0
15774,02/16/15 21:58,20.5,30.1,0,713,0.004489116,0
15775,02/16/15 21:59,20.39,30,0,713,0.0044436,0
15776,02/16/15 22:00,20.39,30,0,716,0.0044436,0
15777,02/16/15 22:01,20.39,30,0,712.3333333,0.0044436,0
15778,02/16/15 22:01,20.39,30,0,707,0.0044436,0
15779,02/16/15 22:02,20.39,30,0,709,0.0044436,0
15780,02/16/15 22:04,20.39,30,0,713.5,0.0044436,0
15781,02/16/15 22:05,20.39,30,0,716.5,0.0044436,0
15782,02/16/15 22:06,20.39,30,0,722.5,0.0044436,0
15783,02/16/15 22:07,20.39,30,0,714,0.0044436,0
15784,02/16/15 22:08,20.39,30,0,714.5,0.0044436,0
15785,02/16/15 22:08,20.39,30.05,0,710,0.004451059,0
15786,02/16/15 22:09,20.39,30.1,0,714.5,0.004458518,0
15787,02/16/15 22:11,20.34,30.1,0,713,0.004444671,0
15788,02/16/15 22:12,20.29,30.2,0,712,0.004445688,0
15789,02/16/15 22:13,20.39,30.15,0,711,0.004465978,0
15790,02/16/15 22:14,20.34,30.15,0,714.5,0.004452107,0
15791,02/16/15 22:14,20.29,30.2,0,715,0.004445688,0
15792,02/16/15 22:15,20.29,30.2,0,715.5,0.004445688,0
15793,02/16/15 22:17,20.29,30.245,0,712.5,0.00445236,0
15794,02/16/15 22:18,20.23,30.23,0,717.3333333,0.004433542,0
15795,02/16/15 22:19,20.245,30.245,0,719.5,0.004439903,0
15796,02/16/15 22:20,20.29,30.29,0,722,0.004459031,0
15797,02/16/15 22:21,20.34,30.2,0,728,0.004459543,0
15798,02/16/15 22:21,20.29,30.2,0,720,0.004445688,0
15799,02/16/15 22:23,20.29,30.2,0,718.5,0.004445688,0
15800,02/16/15 22:24,20.29,30.2,0,718.6666667,0.004445688,0
15801,02/16/15 22:25,20.29,30.2,0,721,0.004445688,0
15802,02/16/15 22:25,20.29,30.2,0,718.5,0.004445688,0
15803,02/16/15 22:27,20.29,30.23,0,717.6666667,0.004450136,0
15804,02/16/15 22:27,20.29,30.29,0,709.6666667,0.004459031,0
15805,02/16/15 22:28,20.245,30.245,0,712.5,0.004439903,0
15806,02/16/15 22:30,20.29,30.29,0,719,0.004459031,0
15807,02/16/15 22:31,20.245,30.29,0,714.5,0.004446556,0
15808,02/16/15 22:32,20.23,30.32333333,0,706.3333333,0.004447328,0
15809,02/16/15 22:33,20.23,30.32333333,0,708.3333333,0.004447328,0
15810,02/16/15 22:34,20.245,30.29,0,709.5,0.004446556,0
15811,02/16/15 22:34,20.2675,30.365,0,707,0.004463895,0
15812,02/16/15 22:36,20.29,30.39,0,715,0.004473858,0
15813,02/16/15 22:37,20.245,30.34,0,715.5,0.004453949,0
15814,02/16/15 22:38,20.29,30.29,0,716,0.004459031,0
15815,02/16/15 22:38,20.26,30.35666667,0,713.6666667,0.004460577,0
15816,02/16/15 22:40,20.29,30.34,0,711.5,0.004466445,0
15817,02/16/15 22:40,20.29,30.29,0,712,0.004459031,0
15818,02/16/15 22:41,20.29,30.29,0,716,0.004459031,0
15819,02/16/15 22:43,20.29,30.29,0,714.5,0.004459031,0
15820,02/16/15 22:44,20.39,30.29,0,717,0.004486865,0
15821,02/16/15 22:45,20.39,30.2,0,714.5,0.004473437,0
15822,02/16/15 22:46,20.34,30.2,0,715,0.004459543,0
15823,02/16/15 22:46,20.34,30.245,0,722,0.004466236,0
15824,02/16/15 22:47,20.39,30.2,0,723,0.004473437,0
15825,02/16/15 22:49,20.39,30.2,0,716,0.004473437,0
15826,02/16/15 22:50,20.39,30.2,0,713,0.004473437,0
15827,02/16/15 22:51,20.39,30.2,0,712,0.004473437,0
15828,02/16/15 22:52,20.39,30.2,0,715.5,0.004473437,0
15829,02/16/15 22:53,20.39,30.16666667,0,718,0.004468464,0
15830,02/16/15 22:53,20.39,30.15,0,716,0.004465978,0
15831,02/16/15 22:54,20.445,30.15,0,721.5,0.004481279,0
15832,02/16/15 22:56,20.39,30.1,0,721.5,0.004458518,0
15833,02/16/15 22:57,20.39,30.16666667,0,721,0.004468464,0
15834,02/16/15 22:58,20.39,30.2,0,720,0.004473437,0
15835,02/16/15 22:59,20.39,30.2,0,715.3333333,0.004473437,0
15836,02/16/15 22:59,20.34,30.2,0,710.5,0.004459543,0
15837,02/16/15 23:00,20.32333333,30.29,0,712,0.004468292,0
15838,02/16/15 23:02,20.29,30.29,0,712,0.004459031,0
15839,02/16/15 23:03,20.29,30.29,0,716,0.004459031,0
15840,02/16/15 23:04,20.29,30.39,0,716,0.004473858,0
15841,02/16/15 23:05,20.245,30.34,0,716.5,0.004453949,0
15842,02/16/15 23:06,20.2,30.39,0,718,0.004448856,0
15843,02/16/15 23:06,20.29,30.5,0,714,0.004490169,0
15844,02/16/15 23:08,20.2,30.39,0,716.3333333,0.004448856,0
15845,02/16/15 23:09,20.2,30.39,0,713,0.004448856,0
15846,02/16/15 23:10,20.2,30.5,0,716.5,0.004465074,0
15847,02/16/15 23:10,20.2,30.5,0,713.3333333,0.004465074,0
15848,02/16/15 23:12,20.2,30.5,0,711.25,0.004465074,0
15849,02/16/15 23:12,20.16666667,30.5,0,712,0.004455811,0
15850,02/16/15 23:13,20.2,30.6,0,719.6666667,0.004479819,0
15851,02/16/15 23:15,20.2,30.6,0,718,0.004479819,0
15852,02/16/15 23:16,20.2,30.6,0,714.3333333,0.004479819,0
15853,02/16/15 23:17,20.2,30.55,0,716.5,0.004472447,0
15854,02/16/15 23:18,20.2,30.6,0,712,0.004479819,0
15855,02/16/15 23:19,20.2,30.5,0,711,0.004465074,0
15856,02/16/15 23:19,20.2,30.5,0,712.5,0.004465074,0
15857,02/16/15 23:21,20.2,30.55,0,710,0.004472447,0
15858,02/16/15 23:22,20.2,30.6,0,705.5,0.004479819,0
15859,02/16/15 23:23,20.2,30.6,0,715,0.004479819,0
15860,02/16/15 23:23,20.1,30.6,0,715.5,0.004451989,0
15861,02/16/15 23:25,20.2,30.6,0,711.6666667,0.004479819,0
15862,02/16/15 23:25,20.2,30.6,0,717,0.004479819,0
15863,02/16/15 23:26,20.2,30.6,0,717,0.004479819,0
15864,02/16/15 23:28,20.2,30.5,0,721.5,0.004465074,0
15865,02/16/15 23:29,20.15,30.55,0,708,0.004458536,0
15866,02/16/15 23:30,20.1,30.6,0,716,0.004451989,0
15867,02/16/15 23:31,20.16666667,30.6,0,710,0.004470526,0
15868,02/16/15 23:31,20.13333333,30.6,0,710,0.004461249,0
15869,02/16/15 23:32,20.15,30.6,0,711,0.004465885,0
15870,02/16/15 23:34,20.15,30.6,0,716,0.004465885,0
15871,02/16/15 23:35,20.2,30.6,0,711.25,0.004479819,0
15872,02/16/15 23:36,20.2,30.6,0,717,0.004479819,0
15873,02/16/15 23:37,20.2,30.6,0,714,0.004479819,0
15874,02/16/15 23:38,20.2,30.6,0,714.5,0.004479819,0
15875,02/16/15 23:38,20.2,30.6,0,708.5,0.004479819,0
15876,02/16/15 23:39,20.2,30.6,0,709.5,0.004479819,0
15877,02/16/15 23:41,20.2,30.55,0,714,0.004472447,0
15878,02/16/15 23:42,20.2,30.55,0,711.5,0.004472447,0
15879,02/16/15 23:43,20.2,30.6,0,714.5,0.004479819,0
15880,02/16/15 23:44,20.15,30.6,0,713,0.004465885,0
15881,02/16/15 23:44,20.16666667,30.6,0,717,0.004470526,0
15882,02/16/15 23:45,20.2,30.5,0,717,0.004465074,0
15883,02/16/15 23:47,20.2,30.6,0,713.5,0.004479819,0
15884,02/16/15 23:48,20.2,30.5,0,713,0.004465074,0
15885,02/16/15 23:49,20.13333333,30.5,0,717.3333333,0.004446565,0
15886,02/16/15 23:50,20.2,30.5,0,716,0.004465074,0
15887,02/16/15 23:51,20.2,30.5,0,711.3333333,0.004465074,0
15888,02/16/15 23:51,20.2,30.5,0,718,0.004465074,0
15889,02/16/15 23:53,20.245,30.55,0,714.5,0.004484999,0
15890,02/16/15 23:54,20.2,30.39,0,710.5,0.004448856,0
15891,02/16/15 23:55,20.245,30.445,0,717,0.004469474,0
15892,02/16/15 23:55,20.245,30.445,0,709,0.004469474,0
15893,02/16/15 23:57,20.2,30.39,0,714.5,0.004448856,0
15894,02/16/15 23:57,20.2,30.39,0,715.3333333,0.004448856,0
15895,02/16/15 23:58,20.2,30.39,0,718,0.004448856,0
15896,02/17/15 0:00,20.2,30.39,0,714,0.004448856,0
15897,02/17/15 0:01,20.15,30.445,0,714,0.004443102,0
15898,02/17/15 0:02,20.1,30.5,0,708.5,0.004437337,0
15899,02/17/15 0:03,20.1,30.55,0,708,0.004444663,0
15900,02/17/15 0:04,20.1,30.6,0,710.3333333,0.004451989,0
15901,02/17/15 0:04,20.1,30.6,0,720,0.004451989,0
15902,02/17/15 0:06,20.1,30.6,0,711.5,0.004451989,0
15903,02/17/15 0:07,20.1,30.6,0,712.5,0.004451989,0
15904,02/17/15 0:08,20.1,30.53333333,0,713.3333333,0.004442221,0
15905,02/17/15 0:08,20.15,30.5,0,713,0.004451186,0
15906,02/17/15 0:10,20.1,30.5,0,713,0.004437337,0
15907,02/17/15 0:10,20.2,30.5,0,720,0.004465074,0
15908,02/17/15 0:11,20.2,30.5,0,714.5,0.004465074,0
15909,02/17/15 0:13,20.2,30.5,0,714.5,0.004465074,0
15910,02/17/15 0:14,20.2,30.445,0,713,0.004456965,0
15911,02/17/15 0:15,20.2,30.39,0,711,0.004448856,0
15912,02/17/15 0:16,20.2,30.39,0,715,0.004448856,0
15913,02/17/15 0:16,20.2,30.39,0,717,0.004448856,0
15914,02/17/15 0:17,20.2,30.39,0,715,0.004448856,0
15915,02/17/15 0:19,20.2,30.39,0,718.3333333,0.004448856,0
15916,02/17/15 0:20,20.2,30.39,0,720,0.004448856,0
15917,02/17/15 0:21,20.2,30.39,0,717.5,0.004448856,0
15918,02/17/15 0:22,20.2,30.39,0,714,0.004448856,0
15919,02/17/15 0:23,20.2,30.39,0,720,0.004448856,0
15920,02/17/15 0:23,20.2,30.34,0,713.5,0.004441484,0
15921,02/17/15 0:24,20.2,30.39,0,714.6666667,0.004448856,0
15922,02/17/15 0:26,20.2,30.39,0,719.5,0.004448856,0
15923,02/17/15 0:27,20.2,30.39,0,717.5,0.004448856,0
15924,02/17/15 0:28,20.2,30.39,0,722,0.004448856,0
15925,02/17/15 0:29,20.2,30.39,0,718.5,0.004448856,0
15926,02/17/15 0:29,20.2,30.34,0,717,0.004441484,0
15927,02/17/15 0:30,20.2,30.39,0,715.6666667,0.004448856,0
15928,02/17/15 0:32,20.2,30.39,0,711,0.004448856,0
15929,02/17/15 0:33,20.16666667,30.39,0,711.6666667,0.004439627,0
15930,02/17/15 0:34,20.2,30.39,0,714.5,0.004448856,0
15931,02/17/15 0:35,20.2,30.39,0,719.5,0.004448856,0
15932,02/17/15 0:36,20.2,30.39,0,711,0.004448856,0
15933,02/17/15 0:36,20.2,30.39,0,710,0.004448856,0
15934,02/17/15 0:38,20.2,30.39,0,711.5,0.004448856,0
15935,02/17/15 0:39,20.2,30.34,0,714,0.004441484,0
15936,02/17/15 0:40,20.16666667,30.35666667,0,712.6666667,0.004434722,0
15937,02/17/15 0:40,20.2,30.39,0,715,0.004448856,0
15938,02/17/15 0:42,20.2,30.365,0,713.75,0.00444517,0
15939,02/17/15 0:42,20.2,30.29,0,718,0.004434112,0
15940,02/17/15 0:43,20.2,30.29,0,714,0.004434112,0
15941,02/17/15 0:45,20.29,30.39,0,710,0.004473858,0
15942,02/17/15 0:46,20.2,30.29,0,706,0.004434112,0
15943,02/17/15 0:47,20.2,30.29,0,713.3333333,0.004434112,0
15944,02/17/15 0:48,20.2,30.29,0,715.5,0.004434112,0
15945,02/17/15 0:49,20.2,30.29,0,713,0.004434112,0
15946,02/17/15 0:49,20.2,30.29,0,714,0.004434112,0
15947,02/17/15 0:51,20.2,30.29,0,717,0.004434112,0
15948,02/17/15 0:52,20.1,30.29,0,727,0.004406568,0
15949,02/17/15 0:53,20.1,30.29,0,714,0.004406568,0
15950,02/17/15 0:53,20.1,30.34,0,711.5,0.004413894,0
15951,02/17/15 0:55,20.1,30.29,0,717.3333333,0.004406568,0
15952,02/17/15 0:55,20.1,30.29,0,715,0.004406568,0
15953,02/17/15 0:56,20.125,30.365,0,710.5,0.004424445,0
15954,02/17/15 0:58,20.13333333,30.35666667,0,715.6666667,0.00442552,0
15955,02/17/15 0:59,20.1,30.29,0,714,0.004406568,0
15956,02/17/15 1:00,20.1,30.29,0,713,0.004406568,0
15957,02/17/15 1:01,20.1,30.29,0,713,0.004406568,0
15958,02/17/15 1:01,20.1,30.29,0,716,0.004406568,0
15959,02/17/15 1:02,20.1,30.29,0,709.5,0.004406568,0
15960,02/17/15 1:04,20.05,30.29,0,706.5,0.004392853,0
15961,02/17/15 1:05,20,30.29,0,708,0.004379175,0
15962,02/17/15 1:06,20,30.29,0,709,0.004379175,0
15963,02/17/15 1:07,20,30.29,0,706,0.004379175,0
15964,02/17/15 1:08,20,30.39,0,714.5,0.004393735,0
15965,02/17/15 1:08,20,30.39,0,715,0.004393735,0
15966,02/17/15 1:09,20,30.35666667,0,711.3333333,0.004388881,0
15967,02/17/15 1:11,20.05,30.34,0,710,0.004400155,0
15968,02/17/15 1:12,20.03333333,30.32333333,0,721,0.004393153,0
15969,02/17/15 1:13,20,30.29,0,723,0.004379175,0
15970,02/17/15 1:14,20,30.29,0,711,0.004379175,0
15971,02/17/15 1:14,20,30.29,0,713,0.004379175,0
15972,02/17/15 1:15,20,30.29,0,712,0.004379175,0
15973,02/17/15 1:17,20,30.29,0,712.75,0.004379175,0
15974,02/17/15 1:18,20,30.34,0,710.5,0.004386455,0
15975,02/17/15 1:19,20,30.29,0,709,0.004379175,0
15976,02/17/15 1:20,20,30.29,0,711,0.004379175,0
15977,02/17/15 1:21,20,30.29,0,707.5,0.004379175,0
15978,02/17/15 1:21,20,30.29,0,708,0.004379175,0
15979,02/17/15 1:23,20,30.29,0,714,0.004379175,0
15980,02/17/15 1:24,20,30.34,0,715,0.004386455,0
15981,02/17/15 1:25,20,30.39,0,719.6666667,0.004393735,0
15982,02/17/15 1:25,20,30.29,0,719,0.004379175,0
15983,02/17/15 1:27,20,30.39,0,718,0.004393735,0
15984,02/17/15 1:27,20,30.29,0,713.5,0.004379175,0
15985,02/17/15 1:28,20,30.29,0,709,0.004379175,0
15986,02/17/15 1:30,20,30.29,0,711,0.004379175,0
15987,02/17/15 1:31,20,30.29,0,710,0.004379175,0
15988,02/17/15 1:32,20,30.29,0,713.3333333,0.004379175,0
15989,02/17/15 1:33,20,30.29,0,714,0.004379175,0
15990,02/17/15 1:34,20.05,30.34,0,714.5,0.004400155,0
15991,02/17/15 1:34,20,30.2,0,711,0.004366072,0
15992,02/17/15 1:36,20,30.29,0,711,0.004379175,0
15993,02/17/15 1:37,20,30.2,0,712,0.004366072,0
15994,02/17/15 1:38,20,30.23,0,715.5,0.00437044,0
15995,02/17/15 1:38,20,30.29,0,715.3333333,0.004379175,0
15996,02/17/15 1:40,20,30.29,0,714,0.004379175,0
15997,02/17/15 1:40,20,30.29,0,713.5,0.004379175,0
15998,02/17/15 1:41,20.1,30.29,0,725,0.004406568,0
15999,02/17/15 1:43,20.1,30.29,0,728,0.004406568,0
16000,02/17/15 1:44,20,30.2,0,725,0.004366072,0
16001,02/17/15 1:45,20,30.2,0,722.3333333,0.004366072,0
16002,02/17/15 1:46,20.1,30.29,0,718,0.004406568,0
16003,02/17/15 1:46,20.05,30.245,0,722,0.00438628,0
16004,02/17/15 1:47,20,30.2,0,721,0.004366072,0
16005,02/17/15 1:49,20,30.2,0,723.5,0.004366072,0
16006,02/17/15 1:50,20,30.2,0,724,0.004366072,0
16007,02/17/15 1:51,20,30.2,0,711.3333333,0.004366072,0
16008,02/17/15 1:52,20,30.245,0,710,0.004372624,0
16009,02/17/15 1:53,20,30.26,0,711.3333333,0.004374807,0
16010,02/17/15 1:53,20,30.245,0,715,0.004372624,0
16011,02/17/15 1:54,20,30.29,0,716.5,0.004379175,0
16012,02/17/15 1:56,20,30.245,0,716.5,0.004372624,0
16013,02/17/15 1:57,20,30.29,0,718,0.004379175,0
16014,02/17/15 1:58,20,30.29,0,715,0.004379175,0
16015,02/17/15 1:59,20,30.29,0,715,0.004379175,0
16016,02/17/15 1:59,20,30.29,0,711.5,0.004379175,0
16017,02/17/15 2:00,20,30.29,0,715.6666667,0.004379175,0
16018,02/17/15 2:02,20,30.29,0,720,0.004379175,0
16019,02/17/15 2:03,20,30.29,0,719,0.004379175,0
16020,02/17/15 2:04,20,30.29,0,720.5,0.004379175,0
16021,02/17/15 2:05,20,30.29,0,725,0.004379175,0
16022,02/17/15 2:06,20,30.29,0,722.5,0.004379175,0
16023,02/17/15 2:06,20,30.29,0,716.5,0.004379175,0
16024,02/17/15 2:08,20,30.26,0,716,0.004374807,0
16025,02/17/15 2:09,19.945,30.29,0,718.5,0.004364173,0
16026,02/17/15 2:10,20,30.29,0,718,0.004379175,0
16027,02/17/15 2:10,20,30.29,0,715,0.004379175,0
16028,02/17/15 2:12,20,30.29,0,715.25,0.004379175,0
16029,02/17/15 2:12,19.89,30.29,0,718,0.004349217,0
16030,02/17/15 2:13,19.89,30.34,0,718,0.004356446,0
16031,02/17/15 2:15,19.89,30.39,0,716,0.004363676,0
16032,02/17/15 2:16,19.89,30.39,0,715.3333333,0.004363676,0
16033,02/17/15 2:17,19.89,30.39,0,712.5,0.004363676,0
16034,02/17/15 2:18,19.89,30.39,0,722,0.004363676,0
16035,02/17/15 2:19,19.89,30.39,0,723,0.004363676,0
16036,02/17/15 2:19,20,30.39,0,719,0.004393735,0
16037,02/17/15 2:21,19.89,30.39,0,731.5,0.004363676,0
16038,02/17/15 2:22,19.96333333,30.39,0,721.3333333,0.004383695,0
16039,02/17/15 2:23,19.89,30.39,0,719,0.004363676,0
16040,02/17/15 2:23,19.945,30.39,0,714.5,0.004378683,0
16041,02/17/15 2:25,19.945,30.39,0,717,0.004378683,0
16042,02/17/15 2:25,19.89,30.39,0,714,0.004363676,0
16043,02/17/15 2:26,19.945,30.39,0,712,0.004378683,0
16044,02/17/15 2:28,20,30.39,0,711,0.004393735,0
16045,02/17/15 2:29,19.92666667,30.35666667,0,713.3333333,0.004368844,0
16046,02/17/15 2:30,19.89,30.39,0,718.5,0.004363676,0
16047,02/17/15 2:31,19.89,30.39,0,714.6666667,0.004363676,0
16048,02/17/15 2:31,19.945,30.39,0,715,0.004378683,0
16049,02/17/15 2:32,19.945,30.39,0,718.5,0.004378683,0
16050,02/17/15 2:34,20,30.29,0,719,0.004379175,0
16051,02/17/15 2:35,20,30.29,0,717.5,0.004379175,0
16052,02/17/15 2:36,20,30.29,0,714.5,0.004379175,0
16053,02/17/15 2:37,20,30.29,0,712,0.004379175,0
16054,02/17/15 2:38,20,30.29,0,710.6666667,0.004379175,0
16055,02/17/15 2:38,20,30.29,0,721,0.004379175,0
16056,02/17/15 2:39,20,30.39,0,722.6666667,0.004393735,0
16057,02/17/15 2:41,19.89,30.39,0,717,0.004363676,0
16058,02/17/15 2:42,20,30.39,0,716,0.004393735,0
16059,02/17/15 2:43,20,30.34,0,714,0.004386455,0
16060,02/17/15 2:44,20,30.39,0,721.5,0.004393735,0
16061,02/17/15 2:44,20,30.39,0,715.5,0.004393735,0
16062,02/17/15 2:45,19.945,30.39,0,713,0.004378683,0
16063,02/17/15 2:47,19.945,30.39,0,707,0.004378683,0
16064,02/17/15 2:48,20,30.39,0,716,0.004393735,0
16065,02/17/15 2:49,20,30.39,0,712,0.004393735,0
16066,02/17/15 2:50,20,30.39,0,713,0.004393735,0
16067,02/17/15 2:51,19.89,30.445,0,715,0.004371629,0
16068,02/17/15 2:51,19.945,30.445,0,719,0.004386663,0
16069,02/17/15 2:53,19.89,30.5,0,722,0.004379582,0
16070,02/17/15 2:54,19.89,30.5,0,722,0.004379582,0
16071,02/17/15 2:55,19.89,30.5,0,721.3333333,0.004379582,0
16072,02/17/15 2:55,19.89,30.53333333,0,716.6666667,0.004384402,0
16073,02/17/15 2:57,19.89,30.6,0,715,0.004394043,0
16074,02/17/15 2:57,19.89,30.6,0,713,0.004394043,0
16075,02/17/15 2:58,19.89,30.53333333,0,722.3333333,0.004384402,0
16076,02/17/15 3:00,19.945,30.6,0,721.5,0.004409155,0
16077,02/17/15 3:01,19.89,30.55,0,720.5,0.004386812,0
16078,02/17/15 3:02,19.945,30.55,0,719,0.004401899,0
16079,02/17/15 3:03,20,30.5,0,718,0.004409751,0
16080,02/17/15 3:04,20,30.5,0,722,0.004409751,0
16081,02/17/15 3:04,20,30.445,0,718.5,0.004401743,0
16082,02/17/15 3:06,20,30.39,0,724,0.004393735,0
16083,02/17/15 3:07,20.05,30.39,0,727,0.004407458,0
16084,02/17/15 3:08,20.1,30.39,0,725.5,0.004421219,0
16085,02/17/15 3:08,20,30.29,0,724,0.004379175,0
16086,02/17/15 3:10,20.1,30.39,0,719.5,0.004421219,0
16087,02/17/15 3:10,20.1,30.39,0,719,0.004421219,0
16088,02/17/15 3:11,20.1,30.39,0,722,0.004421219,0
16089,02/17/15 3:13,20.075,30.34,0,723.6666667,0.00440702,0
16090,02/17/15 3:14,20,30.39,0,723,0.004393735,0
16091,02/17/15 3:15,20.05,30.39,0,724.5,0.004407458,0
16092,02/17/15 3:16,20,30.39,0,727,0.004393735,0
16093,02/17/15 3:16,20,30.46333333,0,724.3333333,0.004404412,0
16094,02/17/15 3:17,20,30.5,0,718,0.004409751,0
16095,02/17/15 3:19,20,30.5,0,716.5,0.004409751,0
16096,02/17/15 3:20,20,30.5,0,718,0.004409751,0
16097,02/17/15 3:21,20,30.55,0,721.6666667,0.004417032,0
16098,02/17/15 3:22,19.945,30.6,0,721,0.004409155,0
16099,02/17/15 3:23,20,30.5,0,721.5,0.004409751,0
16100,02/17/15 3:23,20.05,30.445,0,724,0.004415491,0
16101,02/17/15 3:24,20.1,30.5,0,719,0.004437337,0
16102,02/17/15 3:26,20.1,30.5,0,720,0.004437337,0
16103,02/17/15 3:27,20.1,30.5,0,725,0.004437337,0
16104,02/17/15 3:28,20.1,30.55,0,719.5,0.004444663,0
16105,02/17/15 3:29,20.06666667,30.53333333,0,716.3333333,0.004432998,0
16106,02/17/15 3:29,20,30.5,0,725.5,0.004409751,0
16107,02/17/15 3:30,20,30.5,0,727.5,0.004409751,0
16108,02/17/15 3:32,20,30.5,0,728,0.004409751,0
16109,02/17/15 3:33,20,30.55,0,724,0.004417032,0
16110,02/17/15 3:34,20,30.56666667,0,725.6666667,0.004419458,0
16111,02/17/15 3:35,20,30.55,0,722.5,0.004417032,0
16112,02/17/15 3:36,20.03333333,30.56666667,0,726.6666667,0.004428657,0
16113,02/17/15 3:36,20.05,30.6,0,722,0.004438132,0
16114,02/17/15 3:38,20,30.5,0,724,0.004409751,0
16115,02/17/15 3:39,20.1,30.6,0,724,0.004451989,0
16116,02/17/15 3:40,20.1,30.5,0,723.5,0.004437337,0
16117,02/17/15 3:40,20.1,30.5,0,725.5,0.004437337,0
16118,02/17/15 3:42,20.1,30.55,0,724.5,0.004444663,0
16119,02/17/15 3:42,20.1,30.6,0,727.5,0.004451989,0
16120,02/17/15 3:43,20.2,30.6,0,726,0.004479819,0
16121,02/17/15 3:45,20.1,30.5,0,728,0.004437337,0
16122,02/17/15 3:46,20.13333333,30.5,0,721.6666667,0.004446565,0
16123,02/17/15 3:47,20.2,30.39,0,726,0.004448856,0
16124,02/17/15 3:48,20.2,30.39,0,730.5,0.004448856,0
16125,02/17/15 3:49,20.2,30.39,0,728.5,0.004448856,0
16126,02/17/15 3:49,20.2,30.39,0,723.5,0.004448856,0
16127,02/17/15 3:51,20.245,30.34,0,727.25,0.004453949,0
16128,02/17/15 3:52,20.2,30.29,0,733.5,0.004434112,0
16129,02/17/15 3:53,20.26,30.35666667,0,728.3333333,0.004460577,0
16130,02/17/15 3:53,20.245,30.395,0,727.5,0.004462081,0
16131,02/17/15 3:55,20.29,30.39,0,726,0.004473858,0
16132,02/17/15 3:55,20.245,30.445,0,730,0.004469474,0
16133,02/17/15 3:56,20.23,30.42666667,0,737,0.004462592,0
16134,02/17/15 3:58,20.245,30.445,0,733.5,0.004469474,0
16135,02/17/15 3:59,20.26,30.46333333,0,736.6666667,0.004476364,0
16136,02/17/15 4:00,20.2,30.39,0,731.5,0.004448856,0
16137,02/17/15 4:01,20.2,30.39,0,731,0.004448856,0
16138,02/17/15 4:01,20.29,30.445,0,726.5,0.004482014,0
16139,02/17/15 4:02,20.29,30.39,0,732,0.004473858,0
16140,02/17/15 4:04,20.29,30.39,0,733.3333333,0.004473858,0
16141,02/17/15 4:05,20.34,30.39,0,733.5,0.004487803,0
16142,02/17/15 4:06,20.39,30.34,0,730,0.004494325,0
16143,02/17/15 4:07,20.39,30.39,0,725,0.004501785,0
16144,02/17/15 4:08,20.39,30.29,0,734,0.004486865,0
16145,02/17/15 4:08,20.39,30.29,0,735,0.004486865,0
16146,02/17/15 4:09,20.34,30.39,0,732,0.004487803,0
16147,02/17/15 4:11,20.245,30.445,0,727.5,0.004469474,0
16148,02/17/15 4:12,20.2,30.39,0,728.5,0.004448856,0
16149,02/17/15 4:13,20.29,30.5,0,726.3333333,0.004490169,0
16150,02/17/15 4:14,20.29,30.5,0,728,0.004490169,0
16151,02/17/15 4:14,20.34,30.39,0,731.5,0.004487803,0
16152,02/17/15 4:15,20.39,30.42666667,0,735,0.004507256,0
16153,02/17/15 4:17,20.39,30.39,0,732.5,0.004501785,0
16154,02/17/15 4:18,20.39,30.39,0,733,0.004501785,0
16155,02/17/15 4:19,20.39,30.39,0,733,0.004501785,0
16156,02/17/15 4:20,20.42666667,30.39,0,730.6666667,0.004512063,0
16157,02/17/15 4:21,20.39,30.29,0,733,0.004486865,0
16158,02/17/15 4:21,20.39,30.39,0,734,0.004501785,0
16159,02/17/15 4:23,20.39,30.315,0,735.5,0.004490595,0
16160,02/17/15 4:24,20.39,30.29,0,733,0.004486865,0
16161,02/17/15 4:25,20.445,30.34,0,728.5,0.004509724,0
16162,02/17/15 4:25,20.39,30.29,0,729,0.004486865,0
16163,02/17/15 4:27,20.39,30.29,0,732,0.004486865,0
16164,02/17/15 4:27,20.46333333,30.32333333,0,738.6666667,0.00451237,0
16165,02/17/15 4:28,20.5,30.29,0,738,0.004517659,0
16166,02/17/15 4:30,20.5,30.34,0,736.5,0.00452517,0
16167,02/17/15 4:31,20.5,30.29,0,741,0.004517659,0
16168,02/17/15 4:32,20.5,30.34,0,741,0.00452517,0
16169,02/17/15 4:33,20.5,30.39,0,736,0.004532682,0
16170,02/17/15 4:34,20.42666667,30.32333333,0,734.3333333,0.004502093,0
16171,02/17/15 4:34,20.39,30.39,0,731,0.004501785,0
16172,02/17/15 4:36,20.39,30.39,0,737.5,0.004501785,0
16173,02/17/15 4:37,20.39,30.445,0,726.5,0.004509991,0
16174,02/17/15 4:38,20.34,30.5,0,733,0.004504164,0
16175,02/17/15 4:38,20.39,30.5,0,729,0.004518198,0
16176,02/17/15 4:40,20.39,30.5,0,735.5,0.004518198,0
16177,02/17/15 4:40,20.35666667,30.5,0,734.3333333,0.004508838,0
16178,02/17/15 4:41,20.39,30.5,0,735,0.004518198,0
16179,02/17/15 4:43,20.39,30.445,0,741,0.004509991,0
16180,02/17/15 4:44,20.39,30.39,0,742.5,0.004501785,0
16181,02/17/15 4:45,20.39,30.42666667,0,741.3333333,0.004507256,0
16182,02/17/15 4:46,20.39,30.445,0,735.5,0.004509991,0
16183,02/17/15 4:46,20.39,30.39,0,730.5,0.004501785,0
16184,02/17/15 4:47,20.39,30.39,0,732,0.004501785,0
16185,02/17/15 4:49,20.39,30.39,0,733,0.004501785,0
16186,02/17/15 4:50,20.39,30.39,0,736.25,0.004501785,0
16187,02/17/15 4:51,20.5,30.39,0,738.3333333,0.004532682,0
16188,02/17/15 4:52,20.4725,30.365,0,741.75,0.004521191,0
16189,02/17/15 4:53,20.5,30.39,0,735.5,0.004532682,0
16190,02/17/15 4:53,20.5,30.39,0,738.5,0.004532682,0
16191,02/17/15 4:54,20.5,30.39,0,738,0.004532682,0
16192,02/17/15 4:56,20.5,30.39,0,738,0.004532682,0
16193,02/17/15 4:57,20.5,30.39,0,737.5,0.004532682,0
16194,02/17/15 4:58,20.5,30.29,0,735,0.004517659,0
16195,02/17/15 4:59,20.5,30.29,0,735.5,0.004517659,0
16196,02/17/15 4:59,20.5,30.29,0,741.5,0.004517659,0
16197,02/17/15 5:00,20.5,30.29,0,737.5,0.004517659,0
16198,02/17/15 5:02,20.5,30.29,0,735.6666667,0.004517659,0
16199,02/17/15 5:03,20.5,30.29,0,737.5,0.004517659,0
16200,02/17/15 5:04,20.5,30.29,0,738,0.004517659,0
16201,02/17/15 5:05,20.5,30.29,0,740.5,0.004517659,0
16202,02/17/15 5:06,20.5,30.29,0,738.5,0.004517659,0
16203,02/17/15 5:06,20.5,30.29,0,739.5,0.004517659,0
16204,02/17/15 5:08,20.5,30.29,0,739.5,0.004517659,0
16205,02/17/15 5:09,20.5,30.245,0,739.5,0.004510898,0
16206,02/17/15 5:10,20.5,30.2,0,741,0.004504138,0
16207,02/17/15 5:10,20.5,30.2,0,734,0.004504138,0
16208,02/17/15 5:12,20.53333333,30.29,0,739.3333333,0.004527027,0
16209,02/17/15 5:12,20.55,30.29,0,736,0.004531717,0
16210,02/17/15 5:13,20.6,30.245,0,743.5,0.004539012,0
16211,02/17/15 5:15,20.56666667,30.23,0,744.6666667,0.004527361,0
16212,02/17/15 5:16,20.6,30.29,0,745,0.004545815,0
16213,02/17/15 5:17,20.6,30.2,0,746,0.004532209,0
16214,02/17/15 5:18,20.55,30.2,0,744,0.004518155,0
16215,02/17/15 5:19,20.5,30.23,0,732.6666667,0.004508645,0
16216,02/17/15 5:19,20.5,30.29,0,734,0.004517659,0
16217,02/17/15 5:21,20.55,30.245,0,742,0.004524936,0
16218,02/17/15 5:22,20.5,30.26,0,739.6666667,0.004513152,0
16219,02/17/15 5:23,20.5,30.29,0,739.3333333,0.004517659,0
16220,02/17/15 5:23,20.5,30.29,0,733.5,0.004517659,0
16221,02/17/15 5:25,20.5,30.29,0,735,0.004517659,0
16222,02/17/15 5:25,20.5,30.29,0,740.5,0.004517659,0
16223,02/17/15 5:26,20.5,30.39,0,738.75,0.004532682,0
16224,02/17/15 5:28,20.5,30.39,0,744,0.004532682,0
16225,02/17/15 5:29,20.5,30.39,0,742,0.004532682,0
16226,02/17/15 5:30,20.5,30.39,0,741.6666667,0.004532682,0
16227,02/17/15 5:31,20.39,30.34,0,739.5,0.004494325,0
16228,02/17/15 5:31,20.39,30.39,0,735.6666667,0.004501785,0
16229,02/17/15 5:32,20.39,30.39,0,730,0.004501785,0
16230,02/17/15 5:34,20.39,30.39,0,731,0.004501785,0
16231,02/17/15 5:35,20.39,30.445,0,729.5,0.004509991,0
16232,02/17/15 5:36,20.39,30.5,0,733,0.004518198,0
16233,02/17/15 5:37,20.39,30.5,0,732,0.004518198,0
16234,02/17/15 5:38,20.39,30.5,0,734.75,0.004518198,0
16235,02/17/15 5:38,20.39,30.5,0,738,0.004518198,0
16236,02/17/15 5:39,20.29,30.5,0,738,0.004490169,0
16237,02/17/15 5:41,20.34,30.5,0,738.5,0.004504164,0
16238,02/17/15 5:42,20.39,30.5,0,737.3333333,0.004518198,0
16239,02/17/15 5:43,20.39,30.5,0,739,0.004518198,0
16240,02/17/15 5:44,20.39,30.5,0,739,0.004518198,0
16241,02/17/15 5:44,20.34,30.5,0,735.5,0.004504164,0
16242,02/17/15 5:45,20.29,30.5,0,736.5,0.004490169,0
16243,02/17/15 5:47,20.29,30.6,0,732.6666667,0.004504998,0
16244,02/17/15 5:48,20.29,30.6,0,732.3333333,0.004504998,0
16245,02/17/15 5:49,20.29,30.63333333,0,726,0.004509941,0
16246,02/17/15 5:50,20.2,30.55,0,736.5,0.004472447,0
16247,02/17/15 5:51,20.2,30.6,0,746.5,0.004479819,0
16248,02/17/15 5:51,20.2,30.6,0,750,0.004479819,0
16249,02/17/15 5:53,20.2,30.6,0,749.5,0.004479819,0
16250,02/17/15 5:54,20.26,30.66666667,0,743.6666667,0.004506458,0
16251,02/17/15 5:55,20.26,30.66666667,0,742,0.004506458,0
16252,02/17/15 5:55,20.2,30.6,0,736.3333333,0.004479819,0
16253,02/17/15 5:57,20.23,30.63333333,0,736,0.004493123,0
16254,02/17/15 5:57,20.2,30.6,0,740,0.004479819,0
16255,02/17/15 5:58,20.2675,30.675,0,744.75,0.004509797,0
16256,02/17/15 6:00,20.245,30.65,0,743,0.004499786,0
16257,02/17/15 6:01,20.29,30.6,0,748.5,0.004504998,0
16258,02/17/15 6:02,20.29,30.5,0,749,0.004490169,0
16259,02/17/15 6:03,20.29,30.5,0,744,0.004490169,0
16260,02/17/15 6:04,20.34,30.5,0,740.75,0.004504164,0
16261,02/17/15 6:04,20.35666667,30.5,0,745.3333333,0.004508838,0
16262,02/17/15 6:06,20.39,30.5,0,748.5,0.004518198,0
16263,02/17/15 6:07,20.39,30.5,0,735.5,0.004518198,0
16264,02/17/15 6:08,20.39,30.5,0,734,0.004518198,0
16265,02/17/15 6:08,20.39,30.5,0,734,0.004518198,0
16266,02/17/15 6:10,20.39,30.5,0,734,0.004518198,0
16267,02/17/15 6:10,20.35666667,30.5,0,746.5,0.004508838,0
16268,02/17/15 6:11,20.39,30.5,0,749.6666667,0.004518198,0
16269,02/17/15 6:13,20.39,30.5,0,745.5,0.004518198,0
16270,02/17/15 6:14,20.39,30.5,0,744,0.004518198,0
16271,02/17/15 6:15,20.39,30.445,0,746,0.004509991,0
16272,02/17/15 6:16,20.39,30.39,0,743,0.004501785,0
16273,02/17/15 6:16,20.39,30.39,0,747,0.004501785,0
16274,02/17/15 6:17,20.39,30.39,0,743.6666667,0.004501785,0
16275,02/17/15 6:19,20.39,30.39,0,744.3333333,0.004501785,0
16276,02/17/15 6:20,20.39,30.39,0,750.5,0.004501785,0
16277,02/17/15 6:21,20.39,30.39,0,748,0.004501785,0
16278,02/17/15 6:22,20.39,30.35666667,0,755,0.004496812,0
16279,02/17/15 6:23,20.39,30.29,0,749,0.004486865,0
16280,02/17/15 6:23,20.39,30.39,0,749,0.004501785,0
16281,02/17/15 6:24,20.5,30.39,0,749,0.004532682,0
16282,02/17/15 6:26,20.445,30.34,0,751,0.004509724,0
16283,02/17/15 6:27,20.5,30.39,0,751,0.004532682,0
16284,02/17/15 6:28,20.39,30.39,0,752.5,0.004501785,0
16285,02/17/15 6:29,20.39,30.39,0,752,0.004501785,0
16286,02/17/15 6:29,20.5,30.39,0,751,0.004532682,0
16287,02/17/15 6:30,20.5,30.39,0,748.5,0.004532682,0
16288,02/17/15 6:32,20.5,30.39,0,751.5,0.004532682,0
16289,02/17/15 6:33,20.5,30.39,0,748.5,0.004532682,0
16290,02/17/15 6:34,20.5,30.39,0,752,0.004532682,0
16291,02/17/15 6:35,20.5,30.39,0,754.5,0.004532682,0
16292,02/17/15 6:36,20.5,30.39,0,749.6666667,0.004532682,0
16293,02/17/15 6:36,20.5,30.39,0,750.5,0.004532682,0
16294,02/17/15 6:38,20.5,30.39,0,754,0.004532682,0
16295,02/17/15 6:39,20.5,30.39,0,752.6666667,0.004532682,0
16296,02/17/15 6:40,20.5,30.39,0,749.5,0.004532682,0
16297,02/17/15 6:40,20.5,30.39,0,747.3333333,0.004532682,0
16298,02/17/15 6:42,20.5,30.39,0,748,0.004532682,0
16299,02/17/15 6:42,20.5,30.39,0,751.5,0.004532682,0
16300,02/17/15 6:43,20.5,30.39,0,762,0.004532682,0
16301,02/17/15 6:45,20.5,30.39,0,761.6666667,0.004532682,0
16302,02/17/15 6:46,20.5,30.39,0,753,0.004532682,0
16303,02/17/15 6:47,20.5,30.39,0,765,0.004532682,0
16304,02/17/15 6:48,20.5,30.34,0,765.5,0.00452517,0
16305,02/17/15 6:49,20.53333333,30.35666667,0,762,0.004537063,0
16306,02/17/15 6:49,20.5,30.39,0,754,0.004532682,0
16307,02/17/15 6:51,20.6,30.39,0,755,0.004560932,0
16308,02/17/15 6:52,20.53333333,30.35666667,0,753.3333333,0.004537063,0
16309,02/17/15 6:53,20.5,30.39,0,753,0.004532682,0
16310,02/17/15 6:53,20.6,30.39,0,752,0.004560932,0
16311,02/17/15 6:55,20.6,30.34,0,753.5,0.004553373,0
16312,02/17/15 6:55,20.6,30.29,0,759.5,0.004545815,0
16313,02/17/15 6:56,20.55,30.29,0,762,0.004531717,0
16314,02/17/15 6:58,20.55,30.29,0,758,0.004531717,0
16315,02/17/15 6:59,20.6,30.29,0,758.5,0.004545815,0
16316,02/17/15 7:00,20.6,30.29,0,763,0.004545815,0
16317,02/17/15 7:01,20.6,30.29,0,765,0.004545815,0
16318,02/17/15 7:01,20.6,30.29,0,758.5,0.004545815,0
16319,02/17/15 7:02,20.6,30.29,0,756.5,0.004545815,0
16320,02/17/15 7:04,20.6,30.245,0,760,0.004539012,0
16321,02/17/15 7:05,20.6,30.2,0,758,0.004532209,0
16322,02/17/15 7:06,20.65,30.245,0,759.5,0.004553127,0
16323,02/17/15 7:07,20.66666667,30.26,0,758.6666667,0.004560117,0
16324,02/17/15 7:08,20.7,30.2,0,766,0.004560435,0
16325,02/17/15 7:08,20.66666667,30.26,0,762.3333333,0.004560117,0
16326,02/17/15 7:09,20.6,30.2,0,761.5,0.004532209,0
16327,02/17/15 7:11,20.65,30.2,0,762,0.004546303,0
16328,02/17/15 7:12,20.7,30.2,0,763.5,0.004560435,0
16329,02/17/15 7:13,20.7,30.2,0,760,0.004560435,0
16330,02/17/15 7:14,20.6,30.2,0,761,0.004532209,0
16331,02/17/15 7:14,20.7,30.2,0,768,0.004560435,0
16332,02/17/15 7:15,20.7,30.2,0,768,0.004560435,0
16333,02/17/15 7:17,20.66666667,30.2,0,768,0.004551009,0
16334,02/17/15 7:18,20.7,30.2,0,768.6666667,0.004560435,0
16335,02/17/15 7:19,20.7,30.2,0,771,0.004560435,0
16336,02/17/15 7:20,20.7,30.2,0,768.5,0.004560435,0
16337,02/17/15 7:21,20.7,30.2,0,761.6666667,0.004560435,0
16338,02/17/15 7:21,20.7,30.2,0,762.5,0.004560435,0
16339,02/17/15 7:23,20.7,30.2,0,763,0.004560435,0
16340,02/17/15 7:24,20.7,30.2,0,765.5,0.004560435,0
16341,02/17/15 7:25,20.66666667,30.2,0,769,0.004551009,0
16342,02/17/15 7:25,20.7,30.2,0,769.5,0.004560435,0
16343,02/17/15 7:27,20.7,30.23,0,768.3333333,0.004564999,0
16344,02/17/15 7:27,20.7,30.2,0,768.5,0.004560435,0
16345,02/17/15 7:28,20.7,30.2,0,771,0.004560435,0
16346,02/17/15 7:30,20.7,30.2,0,770.5,0.004560435,0
16347,02/17/15 7:31,20.7,30.29,0,774,0.004574126,0
16348,02/17/15 7:32,20.7,30.29,0,775,0.004574126,0
16349,02/17/15 7:33,20.7,30.26,0,776.6666667,0.004569562,0
16350,02/17/15 7:34,20.7,30.245,0,773.5,0.00456728,0
16351,02/17/15 7:34,20.7,30.29,0,771,0.004574126,0
16352,02/17/15 7:36,20.6,30.2,0,771,0.004532209,0
16353,02/17/15 7:37,20.7,30.29,0,776,0.004574126,0
16354,02/17/15 7:38,20.7,30.29,0,774.5,0.004574126,0
16355,02/17/15 7:38,20.66666667,30.26,0,770.6666667,0.004560117,0
16356,02/17/15 7:40,20.7,30.29,0,772,0.004574126,0
16357,02/17/15 7:40,20.7,30.29,0,773,0.004574126,0
16358,02/17/15 7:41,20.6,30.2,0,773,0.004532209,0
16359,02/17/15 7:43,20.7,30.29,0,770.5,0.004574126,0
16360,02/17/15 7:44,20.7,30.29,0,770.5,0.004574126,0
16361,02/17/15 7:45,20.675,30.2675,0,773,0.004563616,0
16362,02/17/15 7:46,20.7,30.245,0,782.5,0.00456728,0
16363,02/17/15 7:46,20.65,30.245,0,778.5,0.004553127,0
16364,02/17/15 7:47,20.65,30.245,0,770,0.004553127,0
16365,02/17/15 7:49,20.7,30.29,0,774.5,0.004574126,0
16366,02/17/15 7:50,20.65,30.29,0,774.5,0.004559951,0
16367,02/17/15 7:51,20.65,30.34,0,775.5,0.004567533,0
16368,02/17/15 7:52,20.6,30.29,0,778,0.004545815,0
16369,02/17/15 7:53,20.7,30.39,0,772.3333333,0.004589338,0
16370,02/17/15 7:53,20.6,30.29,0,773,0.004545815,0
16371,02/17/15 7:54,20.6,30.29,0,775,0.004545815,0
16372,02/17/15 7:56,20.7,30.39,0,780,0.004589338,0
16373,02/17/15 7:57,20.6,30.29,0,780,0.004545815,0
16374,02/17/15 7:58,20.6,30.29,0,782.5,0.004545815,0
16375,02/17/15 7:59,20.63333333,30.32333333,0,781.6666667,0.004560284,0
16376,02/17/15 7:59,20.6,30.39,0,776.5,0.004560932,0
16377,02/17/15 8:00,20.6,30.39,0,774.5,0.004560932,0
16378,02/17/15 8:02,20.6,30.39,0,773,0.004560932,0
16379,02/17/15 8:03,20.6,30.39,0,773,0.004560932,0
16380,02/17/15 8:04,20.6,30.39,0,782,0.004560932,0
16381,02/17/15 8:05,20.6,30.39,0,784.5,0.004560932,0
16382,02/17/15 8:06,20.6,30.39,0,782,0.004560932,0
16383,02/17/15 8:06,20.6,30.39,0,781.3333333,0.004560932,0
16384,02/17/15 8:08,20.7,30.5,0,783,0.004606073,0
16385,02/17/15 8:09,20.6,30.39,0,790.6666667,0.004560932,0
16386,02/17/15 8:10,20.6,30.39,0,789.6666667,0.004560932,0
16387,02/17/15 8:10,20.6,30.39,0,787,0.004560932,0
16388,02/17/15 8:12,20.6,30.39,0,783.3333333,0.004560932,0
16389,02/17/15 8:12,20.6,30.39,0,781.5,0.004560932,0
16390,02/17/15 8:13,20.6,30.39,0,779.5,0.004560932,0
16391,02/17/15 8:15,20.6,30.39,0,779,0.004560932,0
16392,02/17/15 8:16,20.6,30.39,0,788,0.004560932,0
16393,02/17/15 8:17,20.6,30.39,0,789,0.004560932,0
16394,02/17/15 8:18,20.6,30.39,0,785,0.004560932,0
16395,02/17/15 8:19,20.6,30.39,0,783,0.004560932,0
16396,02/17/15 8:19,20.6,30.39,0,784.5,0.004560932,0
16397,02/17/15 8:21,20.6,30.39,0,792,0.004560932,0
16398,02/17/15 8:22,20.6,30.39,0,790.6666667,0.004560932,0
16399,02/17/15 8:23,20.6,30.39,0,784,0.004560932,0
16400,02/17/15 8:23,20.6,30.39,0,786,0.004560932,0
16401,02/17/15 8:25,20.6,30.39,0,787,0.004560932,0
16402,02/17/15 8:25,20.6,30.39,0,787,0.004560932,0
16403,02/17/15 8:26,20.6,30.39,0,794,0.004560932,0
16404,02/17/15 8:28,20.6,30.39,0,787,0.004560932,0
16405,02/17/15 8:29,20.6,30.42666667,0,785.3333333,0.004566476,0
16406,02/17/15 8:30,20.6,30.39,0,790,0.004560932,0
16407,02/17/15 8:31,20.6,30.39,0,796.5,0.004560932,0
16408,02/17/15 8:31,20.6,30.39,0,796,0.004560932,0
16409,02/17/15 8:32,20.6,30.39,0,796,0.004560932,0
16410,02/17/15 8:34,20.6,30.39,0,791,0.004560932,0
16411,02/17/15 8:35,20.6,30.445,0,797.5,0.004569247,0
16412,02/17/15 8:36,20.6,30.42666667,0,798.3333333,0.004566476,0
16413,02/17/15 8:37,20.6,30.5,0,787,0.004577563,0
16414,02/17/15 8:38,20.6,30.5,101.3333333,787.6666667,0.004577563,0
16415,02/17/15 8:38,20.56666667,30.5,301,785.6666667,0.004568094,1
16416,02/17/15 8:39,20.6,30.5,419,794.75,0.004577563,1
16417,02/17/15 8:41,20.6,30.5,419,801,0.004577563,1
16418,02/17/15 8:42,20.6,30.63333333,419,804.6666667,0.004597722,0
16419,02/17/15 8:43,20.625,30.7225,419,814.25,0.004618369,0
16420,02/17/15 8:44,20.6,30.745,419,818.5,0.004614606,1
16421,02/17/15 8:44,20.7,30.89,419,825,0.004665412,1
16422,02/17/15 8:45,20.63333333,30.89,405,823.6666667,0.004646141,1
16423,02/17/15 8:47,20.675,30.9175,405,827.25,0.004662355,1
16424,02/17/15 8:48,20.675,30.9175,405,834,0.004662355,1
16425,02/17/15 8:49,20.7,30.945,405,840.5,0.004673781,1
16426,02/17/15 8:50,20.7,30.9175,405,832,0.004669597,1
16427,02/17/15 8:51,20.7225,30.89,405,828,0.004671932,1
16428,02/17/15 8:51,20.76,30.89,405,830,0.004682816,1
16429,02/17/15 8:53,20.745,30.89,405,831.75,0.00467846,1
16430,02/17/15 8:54,20.79,30.85666667,405,834,0.004686439,1
16431,02/17/15 8:55,20.79,30.89,405,839.5,0.00469154,1
16432,02/17/15 8:55,20.79,30.89,405,840.25,0.00469154,1
16433,02/17/15 8:57,20.79,30.89,405,835,0.00469154,1
16434,02/17/15 8:57,20.79,30.89,405,839.5,0.00469154,1
16435,02/17/15 8:58,20.79,30.89,405,840,0.00469154,1
16436,02/17/15 9:00,20.79,30.89,405,832.75,0.00469154,1
16437,02/17/15 9:01,20.82333333,30.85666667,405,840.6666667,0.004696138,1
16438,02/17/15 9:02,20.84,30.84,405,838.5,0.004698436,1
16439,02/17/15 9:03,20.89,30.89,405,843,0.004720722,1
16440,02/17/15 9:04,20.89,30.89,405,846.5,0.004720722,1
16441,02/17/15 9:04,20.89,30.89,412,850.25,0.004720722,1
16442,02/17/15 9:06,20.89,30.89,419,857,0.004720722,1
16443,02/17/15 9:07,20.89,30.89,419,862,0.004720722,1
16444,02/17/15 9:08,20.89,30.89,419,851.6666667,0.004720722,1
16445,02/17/15 9:08,20.89,30.89,419,850.3333333,0.004720722,1
16446,02/17/15 9:10,20.945,30.89,419,856.75,0.004736841,1
16447,02/17/15 9:10,20.9175,30.89,419,855.25,0.004728776,1
16448,02/17/15 9:11,20.92666667,30.89,419,858,0.004731463,1
16449,02/17/15 9:13,20.9725,30.89,419,861.75,0.004744918,1
16450,02/17/15 9:14,20.9725,31.1475,423.6666667,864.3333333,0.004784777,1
16451,02/17/15 9:15,20.945,31.15,428.3333333,873.3333333,0.004777017,1
16452,02/17/15 9:16,20.92666667,31.26,433,875,0.004788572,1
16453,02/17/15 9:16,21,31.29,433,880,0.004815032,1
16454,02/17/15 9:17,21,31.345,429.5,894.75,0.004823561,1
16455,02/17/15 9:19,21,31.49666667,428.3333333,920.3333333,0.004847083,1
16456,02/17/15 9:20,21,31.4175,433,920.25,0.004834805,1
16457,02/17/15 9:21,21,31.55,433,920.5,0.004855354,1
16458,02/17/15 9:22,21,31.4175,429.5,934.5,0.004834805,1
16459,02/17/15 9:23,21,31.42666667,433,928.6666667,0.004836226,1
16460,02/17/15 9:23,21.025,31.4175,433,924.75,0.004842297,1
16461,02/17/15 9:24,21.03333333,31.53333333,433,924.6666667,0.004862799,1
16462,02/17/15 9:26,21.075,31.4725,433,926.25,0.004865883,1
16463,02/17/15 9:27,21.1,31.445,433,932,0.004869128,1
16464,02/17/15 9:28,21.1,31.445,433,923.5,0.004869128,1
16465,02/17/15 9:29,21.1,31.445,433,925.75,0.004869128,1
16466,02/17/15 9:29,21.1,31.55,433,928.5,0.004885515,1
16467,02/17/15 9:30,21.1,31.5,433,934.25,0.004877711,1
16468,02/17/15 9:32,21.1,31.575,433,937.6666667,0.004889416,1
16469,02/17/15 9:33,21.1,31.39,433,946.75,0.004860545,1
16470,02/17/15 9:34,21.1,31.39,433,940,0.004860545,1
16471,02/17/15 9:35,21.1,31.39,433,936.5,0.004860545,1
16472,02/17/15 9:36,21.1,31.39,433,940.3333333,0.004860545,1
16473,02/17/15 9:36,21.1,31.365,433,938,0.004856644,1
16474,02/17/15 9:38,21.1,31.39,433,937,0.004860545,1
16475,02/17/15 9:39,21.1,31.4175,433,937,0.004864837,1
16476,02/17/15 9:40,21.1,31.39,433,939.5,0.004860545,1
16477,02/17/15 9:40,21.1,31.39,433,941,0.004860545,1
16478,02/17/15 9:42,21.1,31.575,433,953.75,0.004889416,1
16479,02/17/15 9:42,21.1,31.42666667,433,953.6666667,0.004866267,1
16480,02/17/15 9:43,21.1,31.4725,433,948.25,0.00487342,1
16481,02/17/15 9:45,21.1,31.445,433,951.25,0.004869128,1
16482,02/17/15 9:46,21.15,31.39,433,950.5,0.004875609,1
16483,02/17/15 9:47,21.15,31.34,433,941.75,0.004867782,1
16484,02/17/15 9:48,21.2,31.39,433,942.5,0.004890715,1
16485,02/17/15 9:49,21.175,31.34,433,939.75,0.004875318,1
16486,02/17/15 9:49,21.175,31.39,433,939.25,0.004883157,1
16487,02/17/15 9:51,21.2,31.29,433,939,0.004875012,1
16488,02/17/15 9:52,21.2,31.29,433,938,0.004875012,1
16489,02/17/15 9:53,21.175,31.315,433,945.2,0.004871398,1
16490,02/17/15 9:53,21.2,31.34,433,950,0.004882863,1
16491,02/17/15 9:55,21.2,31.315,433,949.5,0.004878938,1
16492,02/17/15 9:55,21.2,31.32333333,433,948.3333333,0.004880246,1
16493,02/17/15 9:56,21.2,31.39,433,946,0.004890715,1
16494,02/17/15 9:58,21.2,31.39,433,947.3333333,0.004890715,1
16495,02/17/15 9:59,21.2,31.34,433,952.5,0.004882863,1
16496,02/17/15 10:00,21.2,31.39,433,952.6666667,0.004890715,1
16497,02/17/15 10:01,21.2,31.365,433,958.75,0.004886789,1
16498,02/17/15 10:01,21.2,31.34,433,961,0.004882863,1
16499,02/17/15 10:02,21.2,31.35666667,433,957,0.00488548,1
16500,02/17/15 10:04,21.2,31.34,433,956.75,0.004882863,1
16501,02/17/15 10:05,21.2225,31.3925,433,958.25,0.004897919,1
16502,02/17/15 10:06,21.245,31.34,433,957.5,0.004896471,1
16503,02/17/15 10:07,21.23,31.32333333,433,957,0.00488931,1
16504,02/17/15 10:08,21.2675,31.365,433,970.75,0.00490723,1
16505,02/17/15 10:08,21.23,31.32333333,433,974,0.00488931,1
16506,02/17/15 10:09,21.245,31.365,433,974.75,0.004900408,1
16507,02/17/15 10:11,21.2675,31.39,433,965.5,0.004911173,1
16508,02/17/15 10:12,21.26,31.29,433,960.6666667,0.004893134,1
16509,02/17/15 10:13,21.29,31.29,433,955.6666667,0.004902218,1
16510,02/17/15 10:14,21.29,31.29,433,965,0.004902218,1
16511,02/17/15 10:14,21.29,31.245,433,960.5,0.004895112,1
16512,02/17/15 10:15,21.29,31.23,433,953.3333333,0.004892744,1
16513,02/17/15 10:17,21.29,31.29,433,953.6666667,0.004902218,1
16514,02/17/15 10:18,21.2675,31.2675,433,964,0.004891856,1
16515,02/17/15 10:19,21.29,31.29,433,966.5,0.004902218,1
16516,02/17/15 10:20,21.29,31.29,433,959,0.004902218,1
16517,02/17/15 10:21,21.245,31.245,433,960,0.004881512,1
16518,02/17/15 10:21,21.29,31.29,429.5,957.75,0.004902218,1
16519,02/17/15 10:23,21.29,31.29,433,960,0.004902218,1
16520,02/17/15 10:24,21.29,31.39,429.5,960.5,0.004918009,1
16521,02/17/15 10:25,21.2675,31.365,422.5,971.25,0.00490723,1
16522,02/17/15 10:25,21.29,31.39,433,973,0.004918009,1
16523,02/17/15 10:27,21.2675,31.365,419,977,0.00490723,1
16524,02/17/15 10:27,21.29,31.29,423.6666667,976.6666667,0.004902218,1
16525,02/17/15 10:28,21.29,31.29,428.3333333,978.6666667,0.004902218,1
16526,02/17/15 10:30,21.29,31.29,433,977,0.004902218,1
16527,02/17/15 10:31,21.29,31.29,426,977.25,0.004902218,1
16528,02/17/15 10:32,21.29,31.315,426,979,0.004906165,1
16529,02/17/15 10:33,21.26,31.29,428.3333333,982,0.004893134,1
16530,02/17/15 10:34,21.29,31.29,433,981,0.004902218,1
16531,02/17/15 10:34,21.29,31.39,433,982,0.004918009,1
16532,02/17/15 10:36,21.29,31.315,433,978.5,0.004906165,1
16533,02/17/15 10:37,21.29,31.34,433,983,0.004910113,1
16534,02/17/15 10:38,21.29,31.29,433,985,0.004902218,1
16535,02/17/15 10:38,21.29,31.34,433,981.6666667,0.004910113,1
16536,02/17/15 10:40,21.29,31.315,433,991.5,0.004906165,1
16537,02/17/15 10:40,21.29,31.32333333,433,991.3333333,0.004907481,1
16538,02/17/15 10:41,21.29,31.39,433,990,0.004918009,1
16539,02/17/15 10:43,21.29,31.315,433,993.25,0.004906165,1
16540,02/17/15 10:44,21.29,31.29,433,986.75,0.004902218,1
16541,02/17/15 10:45,21.29,31.29,433,984,0.004902218,1
16542,02/17/15 10:46,21.29,31.29,433,983,0.004902218,1
16543,02/17/15 10:46,21.31,31.29,433,989,0.004908282,1
16544,02/17/15 10:47,21.32333333,31.35666667,442.5,986,0.004922877,1
16545,02/17/15 10:49,21.365,31.39,433.5,989.75,0.004940856,1
16546,02/17/15 10:50,21.39,31.42666667,429,993,0.004954319,1
16547,02/17/15 10:51,21.315,31.5,433.5,999,0.004943012,1
16548,02/17/15 10:52,21.29,31.56666667,435,1002.666667,0.004945908,1
16549,02/17/15 10:53,21.365,31.6,438,1005.25,0.004974175,1
16550,02/17/15 10:53,21.39,31.6,438,1002.5,0.004981864,1
16551,02/17/15 10:54,21.32333333,31.63333333,441,1003,0.004966659,1
16552,02/17/15 10:56,21.39,31.7,438,1007,0.004997756,1
16553,02/17/15 10:57,21.39,31.7225,438,1008,0.005001332,1
16554,02/17/15 10:58,21.39,31.79,437.6666667,1015.333333,0.005012059,1
16555,02/17/15 10:59,21.39,31.79,433,1015.5,0.005012059,1
16556,02/17/15 10:59,21.34,31.945,433,1014,0.005021158,1
16557,02/17/15 11:00,21.39,31.945,440,1040.25,0.005036695,1
16558,02/17/15 11:02,21.35666667,31.96333333,437.6666667,1039.333333,0.00502924,1
16559,02/17/15 11:03,21.39,32,433,1030.5,0.005045437,1
16560,02/17/15 11:04,21.39,32.03,433,1031.333333,0.005050205,1
16561,02/17/15 11:05,21.39,32.045,433,1043.5,0.00505259,1
16562,02/17/15 11:06,21.35666667,32.09,441,1046.666667,0.005049332,1
16563,02/17/15 11:06,21.39,32.1175,438,1048.75,0.005064114,1
16564,02/17/15 11:08,21.39,32.33333333,441,1046,0.005098424,1
16565,02/17/15 11:09,21.39,32.29666667,441,1052,0.005092595,1
16566,02/17/15 11:10,21.39,32.2675,429,1059.25,0.005087959,1
16567,02/17/15 11:10,21.39,32.44,425.25,1069.75,0.005115382,1
16568,02/17/15 11:12,21.39,32.345,433.5,1079.5,0.005100279,1
16569,02/17/15 11:12,21.39,32.29,441,1076,0.005091535,1
16570,02/17/15 11:13,21.39,32.29,433,1075,0.005091535,1
16571,02/17/15 11:15,21.39,32.475,430.75,1078.5,0.005120947,1
16572,02/17/15 11:16,21.39,32.4,437.6666667,1074,0.005109023,1
16573,02/17/15 11:17,21.39,32.4,433,1079.5,0.005109023,1
16574,02/17/15 11:18,21.39,32.45,433,1068,0.005116972,1
16575,02/17/15 11:19,21.39,32.43333333,433,1072.666667,0.005114322,1
16576,02/17/15 11:19,21.39,32.45,433,1084.25,0.005116972,1
16577,02/17/15 11:21,21.39,32.45,433,1092,0.005116972,1
16578,02/17/15 11:22,21.39,32.545,433,1090,0.005132076,1
16579,02/17/15 11:23,21.4175,32.6725,433,1097,0.00516111,1
16580,02/17/15 11:23,21.42666667,32.56,433,1103.333333,0.005146105,1
16581,02/17/15 11:25,21.39,32.65,435.5,1105,0.005148771,1
16582,02/17/15 11:25,21.39,32.7,441,1109,0.005156721,1
16583,02/17/15 11:26,21.39,32.59,438,1103.25,0.005139231,1
16584,02/17/15 11:28,21.4175,32.545,438,1098.75,0.005140803,1
16585,02/17/15 11:29,21.42666667,32.5,441,1095,0.005136544,1
16586,02/17/15 11:30,21.42666667,32.49666667,441,1089.666667,0.005136013,1
16587,02/17/15 11:31,21.412,32.498,433.5,1083.25,0.005131574,1
16588,02/17/15 11:31,21.39,32.5,429,1084.333333,0.005124921,1
16589,02/17/15 11:32,21.4175,32.475,444,1083.75,0.005129655,1
16590,02/17/15 11:34,21.39,32.56,444,1082.666667,0.005134461,1
16591,02/17/15 11:35,21.39,32.475,429,1080.5,0.005120947,1
16592,02/17/15 11:36,21.39,32.475,432.75,1081,0.005120947,1
16593,02/17/15 11:37,21.39,32.5,434,1076,0.005124921,1
16594,02/17/15 11:38,21.39,32.5225,444,1076.25,0.005128499,1
16595,02/17/15 11:38,21.4175,32.6175,444,1077.75,0.00515235,1
16596,02/17/15 11:39,21.42666667,32.56,444,1086,0.005146105,1
16597,02/17/15 11:41,21.445,32.645,444,1088.5,0.005165497,1
16598,02/17/15 11:42,21.445,32.645,444,1092.5,0.005165497,1
16599,02/17/15 11:43,21.42666667,32.62666667,439,1099.666667,0.005156729,1
16600,02/17/15 11:44,21.5,32.7,429,1103.5,0.005191877,1
16601,02/17/15 11:44,21.5,32.6725,429,1108,0.005187474,1
16602,02/17/15 11:45,21.4725,32.6725,429,1115,0.005178673,1
16603,02/17/15 11:47,21.5,32.6725,432.75,1119,0.005187474,1
16604,02/17/15 11:48,21.5,32.66333333,444,1128.333333,0.005186007,1
16605,02/17/15 11:49,21.5,32.7,444,1135.75,0.005191877,1
16606,02/17/15 11:50,21.5,32.6725,444,1134.25,0.005187474,1
16607,02/17/15 11:51,21.5,32.645,460,1133,0.005183072,1
16608,02/17/15 11:51,21.5,32.62666667,454.6666667,1131.666667,0.005180137,1
16609,02/17/15 11:53,21.525,32.7,444,1141.25,0.005199897,1
16610,02/17/15 11:54,21.525,32.6725,444,1153.666667,0.005195487,1
16611,02/17/15 11:55,21.5,32.66333333,444,1158,0.005186007,1
16612,02/17/15 11:55,21.55,32.7,440.25,1173,0.005207927,1
16613,02/17/15 11:57,21.6,32.6725,429,1172.25,0.005219591,1
16614,02/17/15 11:57,21.6,32.7,429,1177.333333,0.005224021,1
16615,02/17/15 11:58,21.575,32.6725,429,1178.25,0.005211545,1
16616,02/17/15 12:00,21.6,32.7,441,1181.666667,0.005224021,1
16617,02/17/15 12:01,21.6,32.7,438,1194,0.005224021,1
16618,02/17/15 12:02,21.6,32.7,438,1207,0.005224021,1
16619,02/17/15 12:03,21.6,32.7,441,1208.333333,0.005224021,1
16620,02/17/15 12:04,21.6,32.7,438,1211.25,0.005224021,1
16621,02/17/15 12:04,21.6,32.7225,438,1223.25,0.005227646,1
16622,02/17/15 12:06,21.6,32.7,438,1243,0.005224021,1
16623,02/17/15 12:07,21.6,32.7,441,1243,0.005224021,1
16624,02/17/15 12:08,21.6,32.7,429,1253.25,0.005224021,1
16625,02/17/15 12:08,21.6,32.7,429,1263.5,0.005224021,1
16626,02/17/15 12:10,21.63333333,32.73,429,1266.666667,0.005239618,1
16627,02/17/15 12:10,21.6,32.7,433.5,1271.5,0.005224021,1
16628,02/17/15 12:11,21.6,32.745,438,1275.5,0.005231271,1
16629,02/17/15 12:13,21.625,32.7675,438,1302,0.005242976,1
16630,02/17/15 12:14,21.6,32.73,441,1318.333333,0.005228854,1
16631,02/17/15 12:15,21.62,32.772,433.5,1342.75,0.005242085,1
16632,02/17/15 12:16,21.66666667,32.76,440.25,1377.75,0.005255254,1
16633,02/17/15 12:16,21.675,32.7675,452,1445,0.005259169,1
16634,02/17/15 12:17,21.66666667,32.76,446,1506,0.005255254,1
16635,02/17/15 12:19,21.675,32.7225,450.25,1382.25,0.005251886,1
16636,02/17/15 12:20,21.63333333,32.73,454,1303.333333,0.005239618,1
16637,02/17/15 12:21,21.7,32.79,454,1283,0.00527093,1
16638,02/17/15 12:22,21.675,32.745,454,1279.5,0.005255528,1
16639,02/17/15 12:23,21.66666667,32.76,454,1279.666667,0.005255254,1
16640,02/17/15 12:23,21.7,32.73,464,1286.333333,0.005261204,1
16641,02/17/15 12:24,21.7,33.07,454,1254,0.005316325,1
16642,02/17/15 12:26,21.7,33.145,454,1249.5,0.005328485,1
16643,02/17/15 12:27,21.7,33.0675,454,1254.5,0.005315919,1
16644,02/17/15 12:28,21.7,32.93333333,454,1235.666667,0.005294167,1
16645,02/17/15 12:29,21.7,33.03,454,1214.666667,0.005309839,1
16646,02/17/15 12:29,21.675,33.0675,442.75,1205.5,0.00530773,1
16647,02/17/15 12:30,21.66666667,32.96666667,446,1209.333333,0.005288689,1
16648,02/17/15 12:32,21.7,32.95,444.25,1209,0.005296869,1
16649,02/17/15 12:33,21.7,32.9,449.5,1207.5,0.005288763,1
16650,02/17/15 12:34,21.7,32.95,444.25,1199.25,0.005296869,1
16651,02/17/15 12:35,21.7,32.82666667,439,1197.5,0.005276874,1
16652,02/17/15 12:36,21.7,32.925,442,1189.2,0.005292816,1
16653,02/17/15 12:36,21.66666667,32.93333333,454,1190.666667,0.005283296,1
16654,02/17/15 12:38,21.7,32.925,454,1187.5,0.005292816,1
16655,02/17/15 12:39,21.7,32.95,454,1177.25,0.005296869,1
16656,02/17/15 12:40,21.675,32.8175,464,1164.25,0.005267262,1
16657,02/17/15 12:40,21.7,32.95,459,1157,0.005296869,1
16658,02/17/15 12:42,21.7,33,455.6666667,1160.333333,0.005304975,1
16659,02/17/15 12:42,21.675,32.845,464,1164.5,0.005271714,1
16660,02/17/15 12:43,21.7,32.925,460.25,1170,0.005292816,1
16661,02/17/15 12:45,21.7,32.79,464,1159.5,0.00527093,1
16662,02/17/15 12:46,21.7,32.96666667,464,1153.666667,0.005299571,1
16663,02/17/15 12:47,21.7,32.845,454,1150.25,0.005279847,1
16664,02/17/15 12:48,21.7,32.96666667,469,1150,0.005299571,1
16665,02/17/15 12:49,21.7,32.845,459,1149.75,0.005279847,1
16666,02/17/15 12:49,21.7,32.845,454,1154.25,0.005279847,1
16667,02/17/15 12:51,21.7,32.79,464,1155,0.00527093,1
16668,02/17/15 12:52,21.7,32.86333333,464,1156.666667,0.005282819,1
16669,02/17/15 12:53,21.7,32.975,471.5,1152,0.005300922,1
16670,02/17/15 12:53,21.7,32.975,479,1155,0.005300922,1
16671,02/17/15 12:55,21.7,32.95,469,1147,0.005296869,1
16672,02/17/15 12:55,21.7,33,474,1142,0.005304975,1
16673,02/17/15 12:56,21.7,32.79,474,1144.2,0.00527093,1
16674,02/17/15 12:58,21.73,32.82666667,464,1153.333333,0.005286643,1
16675,02/17/15 12:59,21.73,32.76,464,1151.333333,0.005275816,1
16676,02/17/15 13:00,21.7225,32.795,456.5,1140.75,0.005279059,1
16677,02/17/15 13:01,21.7,32.895,37,1143,0.005287952,1
16678,02/17/15 13:01,21.7,33.095,33.5,1164.5,0.005320378,0
16679,02/17/15 13:02,21.7,33.1175,19,1165.5,0.005324026,0
16680,02/17/15 13:04,21.7,33.09,37,1165.5,0.005319567,0
16681,02/17/15 13:05,21.7,33.09,37,1166.5,0.005319567,0
16682,02/17/15 13:06,21.7,33.09,37,1156,0.005319567,0
16683,02/17/15 13:07,21.7,33.09,28,1153.5,0.005319567,0
16684,02/17/15 13:08,21.7,33.09,33.5,1152,0.005319567,0
16685,02/17/15 13:08,21.7,33.09,33.5,1142.25,0.005319567,0
16686,02/17/15 13:09,21.7,33.09,38.33333333,1142,0.005319567,0
16687,02/17/15 13:11,21.7,33.09,38.33333333,1138,0.005319567,0
16688,02/17/15 13:12,21.7,33.09,33.5,1136.5,0.005319567,0
16689,02/17/15 13:13,21.7,33.09,26.25,1136.5,0.005319567,0
16690,02/17/15 13:14,21.7,33.09,31,1134.333333,0.005319567,0
16691,02/17/15 13:14,21.7,33.09,43.25,1134.333333,0.005319567,0
16692,02/17/15 13:15,21.7,33.09,42.25,1136.8,0.005319567,0
16693,02/17/15 13:17,21.65,33.045,44,1126.5,0.005295916,0
16694,02/17/15 13:18,21.7,33.09,44,1119.5,0.005319567,0
16695,02/17/15 13:19,21.63333333,33.03,44,1115,0.005288052,0
16696,02/17/15 13:20,21.7,33.09,40.5,1116.25,0.005319567,0
16697,02/17/15 13:21,21.7,33,40.5,1106,0.005304975,0
16698,02/17/15 13:21,21.65,33.0225,55,1105.25,0.005292279,0
16699,02/17/15 13:23,21.7,33.06,37,1114.333333,0.005314703,0
16700,02/17/15 13:24,21.675,33.0675,37,1112,0.00530773,0
16701,02/17/15 13:25,21.65,33.045,37,1113.5,0.005295916,0
16702,02/17/15 13:25,21.675,33.0675,101,1117.5,0.00530773,0
16703,02/17/15 13:27,21.63333333,33.16333333,332.6666667,1129.333333,0.005309581,0
16704,02/17/15 13:27,21.675,33.19,431,1139.5,0.005327561,0
16705,02/17/15 13:28,21.65,33.2,454,1139,0.005320969,0
16706,02/17/15 13:30,21.7,33.145,454,1132.75,0.005328485,1
16707,02/17/15 13:31,21.7,33.2225,454,1130,0.005341051,1
16708,02/17/15 13:32,21.66666667,33.23,459,1128.333333,0.005331296,1
16709,02/17/15 13:33,21.675,33.2975,459,1125,0.005344965,1
16710,02/17/15 13:34,21.7,33.545,464,1130.75,0.005393348,1
16711,02/17/15 13:34,21.65,33.6175,470.5,1146.25,0.005388462,1
16712,02/17/15 13:36,21.7,33.645,462.75,1152.5,0.005409565,1
16713,02/17/15 13:37,21.7,33.69,464,1158,0.005416864,1
16714,02/17/15 13:38,21.7,33.79,469,1153,0.005433083,1
16715,02/17/15 13:38,21.7,33.79,457.75,1156.75,0.005433083,1
16716,02/17/15 13:40,21.7,33.745,454,1154.5,0.005425784,1
16717,02/17/15 13:40,21.7,33.82666667,454,1153.666667,0.00543903,1
16718,02/17/15 13:41,21.7,33.8175,457.75,1154.5,0.005437543,1
16719,02/17/15 13:43,21.7,33.9,454,1167,0.005450924,1
16720,02/17/15 13:44,21.73,33.86,449,1170,0.005454518,1
16721,02/17/15 13:45,21.7225,33.8725,449.5,1168,0.005454026,1
16722,02/17/15 13:46,21.7675,33.8975,448,1169.25,0.005473251,1
16723,02/17/15 13:46,21.736,33.98,444,1170,0.005476044,1
16724,02/17/15 13:47,21.79,33.95,444,1170.5,0.005489411,1
16725,02/17/15 13:49,21.7675,33.925,444,1173,0.005477731,1
16726,02/17/15 13:50,21.7675,33.95,444,1176,0.005481803,1
16727,02/17/15 13:51,21.79,33.95,444,1178,0.005489411,1
16728,02/17/15 13:52,21.7675,33.95,444,1175,0.005481803,1
16729,02/17/15 13:53,21.76,34,444,1174.666667,0.00548741,1
16730,02/17/15 13:53,21.7675,33.975,444,1174,0.005485875,1
16731,02/17/15 13:54,21.79,33.93333333,444,1174,0.005486692,1
16732,02/17/15 13:56,21.79,33.9,444,1183.75,0.005481255,1
16733,02/17/15 13:57,21.79,33.845,440.25,1185.5,0.005472284,1
16734,02/17/15 13:58,21.79,33.93333333,434,1187.666667,0.005486692,1
16735,02/17/15 13:59,21.79,34,429,1188,0.005497567,1
16736,02/17/15 13:59,21.79,33.925,429,1191.75,0.005485333,1
16737,02/17/15 14:00,21.79,34,441,1201,0.005497567,1
16738,02/17/15 14:02,21.79,33.925,436.2,1200.6,0.005485333,1
16739,02/17/15 14:03,21.79,34,435,1203,0.005497567,1
16740,02/17/15 14:04,21.79,33.925,433.5,1205.5,0.005485333,1
16741,02/17/15 14:05,21.79,33.96666667,429,1203,0.005492129,1
16742,02/17/15 14:06,21.79,33.95,429,1212.5,0.005489411,1
16743,02/17/15 14:06,21.79,34,444,1222,0.005497567,1
16744,02/17/15 14:08,21.79,34,444,1226,0.005497567,1
16745,02/17/15 14:09,21.79,34,444,1234,0.005497567,1
16746,02/17/15 14:10,21.79,34,444,1223.25,0.005497567,1
16747,02/17/15 14:10,21.79,34,447.6666667,1229,0.005497567,1
16748,02/17/15 14:12,21.84,34.3175,446.5,1233.5,0.005566489,1
16749,02/17/15 14:12,21.84,34.475,452.75,1257.25,0.005592266,1
16750,02/17/15 14:13,21.89,34.4,449,1263.5,0.005597207,1
16751,02/17/15 14:15,21.89,34.2675,464,1252.75,0.005575454,1
16752,02/17/15 14:16,21.89,34.29,469,1255.5,0.005579148,1
16753,02/17/15 14:17,21.89,34.52,469,1265,0.005616908,1
16754,02/17/15 14:18,21.89,34.59,472.3333333,1269,0.005628401,1
16755,02/17/15 14:19,21.89,34.5675,479,1277,0.005624707,1
16756,02/17/15 14:19,21.89,34.39666667,479,1285.5,0.005596659,1
16757,02/17/15 14:21,21.89,34.53,479,1283,0.00561855,1
16758,02/17/15 14:22,21.945,34.5675,469,1285.75,0.005643792,1
16759,02/17/15 14:23,21.89,34.59,472.3333333,1297,0.005628401,1
16760,02/17/15 14:23,21.945,34.5,464,1294.25,0.005632672,1
16761,02/17/15 14:25,21.945,34.545,474,1286,0.005640085,1
16762,02/17/15 14:25,22,34.545,469,1296,0.005659215,1
16763,02/17/15 14:26,22,34.59,479,1306.333333,0.005666654,1
16764,02/17/15 14:28,22.025,34.595,464,1317.25,0.005676208,1
16765,02/17/15 14:29,22,34.4975,449,1318.75,0.005651363,1
16766,02/17/15 14:30,22,34.59,459,1316.5,0.005666654,1
16767,02/17/15 14:31,22,34.59,454,1320,0.005666654,1
16768,02/17/15 14:31,22.025,34.52,454,1317.25,0.00566379,1
16769,02/17/15 14:32,22.025,34.5,454,1322.5,0.005660479,1
16770,02/17/15 14:34,22,34.49666667,449,1320.333333,0.005651225,1
16771,02/17/15 14:35,22.05,34.545,454,1322.5,0.005676656,1
16772,02/17/15 14:36,22.06666667,34.53,454,1319.333333,0.00567999,1
16773,02/17/15 14:37,22.1,34.545,454,1321.75,0.005694144,1
16774,02/17/15 14:38,22.1,34.4,454,1321,0.005670025,1
16775,02/17/15 14:38,22.1,34.52666667,459,1329,0.005691094,1
16776,02/17/15 14:39,22.1,34.5225,459,1334.5,0.005690401,1
16777,02/17/15 14:41,22.1,34.545,449,1340.25,0.005694144,1
16778,02/17/15 14:42,22.1,34.5225,459,1345.25,0.005690401,1
16779,02/17/15 14:43,22.1,34.45,459,1357,0.005678342,1
16780,02/17/15 14:44,22.1,34.45,459,1348.25,0.005678342,1
16781,02/17/15 14:44,22.1,34.5,459,1344,0.005686659,1
16782,02/17/15 14:45,22.1,34.5,456.5,1354,0.005686659,1
16783,02/17/15 14:47,22.1,34.545,444,1353.5,0.005694144,1
16784,02/17/15 14:48,22.1,34.45,454,1338,0.005678342,1
16785,02/17/15 14:49,22.1,34.46666667,457.3333333,1336,0.005681114,1
16786,02/17/15 14:50,22.1,34.3975,454,1337.5,0.00566961,1
16787,02/17/15 14:51,22.1,34.43333333,459,1342.333333,0.00567557,1
16788,02/17/15 14:51,22.1,34.3225,449,1340.5,0.005657135,1
16789,02/17/15 14:53,22.125,34.425,459,1339.5,0.005682915,1
16790,02/17/15 14:54,22.1,34.4,459,1342,0.005670025,1
16791,02/17/15 14:55,22.125,34.475,456.5,1361,0.005691244,1
16792,02/17/15 14:55,22.16666667,34.4,454,1364.666667,0.005693317,1
16793,02/17/15 14:57,22.16666667,34.43333333,444,1366.333333,0.005698884,1
16794,02/17/15 14:57,22.18,34.48,444.25,1366.5,0.005711358,1
16795,02/17/15 14:58,22.16666667,34.46666667,449.5,1368.75,0.005704452,1
16796,02/17/15 15:00,22.2,34.43333333,447.6666667,1381.333333,0.005710573,1
16797,02/17/15 15:01,22.175,34.45,449.5,1379.75,0.00570459,1
16798,02/17/15 15:02,22.16666667,34.5,453,1386.666667,0.005710019,1
16799,02/17/15 15:03,22.175,34.425,444,1389.25,0.005700412,1
16800,02/17/15 15:04,22.175,34.45,444,1388.25,0.00570459,1
16801,02/17/15 15:04,22.2,34.46666667,439,1391,0.005716152,1
16802,02/17/15 15:06,22.2,34.5,429,1393.5,0.005721731,1
16803,02/17/15 15:07,22.2,34.5,436.5,1396.25,0.005721731,1
16804,02/17/15 15:08,22.2,34.5,444,1397,0.005721731,1
16805,02/17/15 15:08,22.2,34.5,444,1408.5,0.005721731,1
16806,02/17/15 15:10,22.2,34.47,441.75,1417.25,0.00571671,1
16807,02/17/15 15:10,22.2,34.245,449.5,1425.5,0.005679054,1
16808,02/17/15 15:11,22.2,34.15666667,453,1431.666667,0.005664272,1
16809,02/17/15 15:13,22.2,34.2725,449.5,1409.5,0.005683656,1
16810,02/17/15 15:14,22.2,34.2175,449.5,1409.75,0.005674452,1
16811,02/17/15 15:15,22.2,34.29,444,1401.5,0.005686585,1
16812,02/17/15 15:16,22.2,34.4,444,1410,0.005704995,1
16813,02/17/15 15:16,22.2,34.4,444,1405.75,0.005704995,1
16814,02/17/15 15:17,22.125,34.1725,444,1401.25,0.005640854,1
16815,02/17/15 15:19,22.175,34.0225,452,1393,0.005633159,1
16816,02/17/15 15:20,22.125,34.1175,442.75,1386.5,0.005631693,1
16817,02/17/15 15:21,22.13333333,34.26,444,1391.666667,0.005658327,1
16818,02/17/15 15:22,22.13333333,34.15666667,444,1399,0.005641106,1
16819,02/17/15 15:23,22.15,34.2,448,1405.25,0.005654119,1
16820,02/17/15 15:23,22.125,34.1675,441.5,1407.25,0.005640021,1
16821,02/17/15 15:24,22.16666667,33.99666667,453,1415.666667,0.00562596,1
16822,02/17/15 15:26,22.2,34.125,449.5,1419,0.005658973,1
16823,02/17/15 15:27,22.15,34.2,439,1426,0.005654119,1
16824,02/17/15 15:28,22.175,34.145,454,1446.25,0.005653626,1
16825,02/17/15 15:29,22.2,34.09666667,454,1433.666667,0.005654232,1
16826,02/17/15 15:29,22.15,34.095,454,1433.75,0.005636602,1
16827,02/17/15 15:30,22.15,34.045,454,1434.5,0.005628262,1
16828,02/17/15 15:32,22.15,34.35,465.25,1476,0.005679144,1
16829,02/17/15 15:33,22.16666667,34.09666667,469,1479.333333,0.005642659,1
16830,02/17/15 15:34,22.2,34.1175,465.25,1487.25,0.005657718,1
16831,02/17/15 15:35,22.175,33.9475,471.5,1481.75,0.005620629,1
16832,02/17/15 15:36,22.2,34.03333333,470.6666667,1474,0.005643634,1
16833,02/17/15 15:36,22.175,34.095,467.75,1468.5,0.005645272,1
16834,02/17/15 15:38,22.2,34.045,466.5,1456,0.005645586,1
16835,02/17/15 15:39,22.2,33.9725,470.25,1440.25,0.005633455,1
16836,02/17/15 15:40,22.175,33.975,484,1430.5,0.005625223,1
16837,02/17/15 15:40,22.2,34.145,476.5,1426.25,0.00566232,1
16838,02/17/15 15:42,22.2,34.03333333,472.3333333,1400.333333,0.005643634,1
16839,02/17/15 15:42,22.2,33.95,471.5,1379.75,0.00562969,1
16840,02/17/15 15:43,22.2,34.06,471,1369.333333,0.005648096,1
16841,02/17/15 15:45,22.2,34.0225,464,1352.75,0.005641821,1
16842,02/17/15 15:46,22.2,34.2,474,1347.333333,0.005671523,1
16843,02/17/15 15:47,22.2,34.2725,474,1368.75,0.005683656,1
16844,02/17/15 15:48,22.2,34.16333333,480.6666667,1376.666667,0.005665388,1
16845,02/17/15 15:49,22.2,34.25,471.5,1381,0.005679891,1
16846,02/17/15 15:49,22.2,34.3725,464,1393.25,0.005700392,1
16847,02/17/15 15:51,22.2,34.345,479,1402,0.00569579,1
16848,02/17/15 15:52,22.2,34.3225,474,1418.75,0.005692024,1
16849,02/17/15 15:53,22.2,34.26,465.6666667,1421.333333,0.005681564,1
16850,02/17/15 15:53,22.2,34.23,477,1411.333333,0.005676544,1
16851,02/17/15 15:55,22.2,34.245,471.5,1397,0.005679054,1
16852,02/17/15 15:55,22.2,34.2,464,1397.5,0.005671523,1
16853,02/17/15 15:56,22.2225,34.2725,452.75,1395.75,0.005691521,1
16854,02/17/15 15:58,22.2,34.16333333,449,1398,0.005665388,1
16855,02/17/15 15:59,22.23,34.4,449,1397.333333,0.005715522,1
16856,02/17/15 16:00,22.2,34.245,449,1414.5,0.005679054,1
16857,02/17/15 16:01,22.245,34.4,449,1405.25,0.005720793,1
16858,02/17/15 16:01,22.26,34.36333333,455.6666667,1400.333333,0.005719908,1
16859,02/17/15 16:02,22.2225,34.29,449,1398.75,0.005694454,1
16860,02/17/15 16:04,22.2675,34.345,449,1400,0.005719463,1
16861,02/17/15 16:05,22.245,34.145,459,1404,0.005677999,1
16862,02/17/15 16:06,22.2225,34.5225,454,1430.75,0.00573342,1
16863,02/17/15 16:07,22.2,34.43333333,454,1438.666667,0.005710573,1
16864,02/17/15 16:08,22.2225,34.275,454,1440,0.00569194,1
16865,02/17/15 16:08,22.2,34.4,449,1441.333333,0.005704995,1
16866,02/17/15 16:09,22.2675,34.375,442.75,1454,0.005724505,1
16867,02/17/15 16:11,22.245,34.545,439,1461.5,0.005745129,1
16868,02/17/15 16:12,22.245,34.595,439,1487.25,0.005753522,1
16869,02/17/15 16:13,22.29,34.59,439,1480.666667,0.005768608,1
16870,02/17/15 16:14,22.2225,34.4975,439,1488.5,0.00572923,1
16871,02/17/15 16:14,22.29,34.5,439,1494.5,0.00575346,1
16872,02/17/15 16:15,22.245,34.1225,439,1489.75,0.005674223,1
16873,02/17/15 16:17,22.23,34.33333333,439,1487.333333,0.005704344,1
16874,02/17/15 16:18,22.245,34.3975,439,1501.5,0.005720373,1
16875,02/17/15 16:19,22.23,34.46333333,439,1511,0.005726142,1
16876,02/17/15 16:20,22.2225,34.425,439,1519,0.005717079,1
16877,02/17/15 16:21,22.2,34.4,439,1509.75,0.005704995,1
16878,02/17/15 16:21,22.23,34.4,449.5,1501,0.005715522,1
16879,02/17/15 16:23,22.23,34.32666667,449.5,1505,0.005703226,1
16880,02/17/15 16:24,22.2,34.37,449.5,1507.5,0.005699974,1
16881,02/17/15 16:25,22.2225,34.595,445.5,1516.75,0.005745572,1
16882,02/17/15 16:25,22.2,34.45,441.5,1528,0.005713363,1
16883,02/17/15 16:27,22.2,34.5,444,1531,0.005721731,1
16884,02/17/15 16:27,22.2,34.5225,444,1530,0.005725497,1
16885,02/17/15 16:28,22.2,34.46333333,444,1526,0.005715594,1
16886,02/17/15 16:30,22.2,34.4475,444,1506,0.005712944,1
16887,02/17/15 16:31,22.2,34.36333333,439,1469.333333,0.005698858,1
16888,02/17/15 16:32,22.2,34.295,429,1453.5,0.005687422,1
16889,02/17/15 16:33,22.175,34.245,429,1456,0.005670334,1
16890,02/17/15 16:34,22.2,34.36333333,429,1457.333333,0.005698858,1
16891,02/17/15 16:34,22.15,34.345,429,1454.5,0.00567831,1
16892,02/17/15 16:36,22.2,34.2225,429,1440,0.005675289,1
16893,02/17/15 16:37,22.16666667,34.33333333,429,1449.666667,0.005682183,1
16894,02/17/15 16:38,22.15,34.25,429,1450.5,0.00566246,1
16895,02/17/15 16:38,22.15,34.29,429,1453.5,0.005669134,1
16896,02/17/15 16:40,22.125,34.2975,429,1453,0.005661675,1
16897,02/17/15 16:40,22.125,34.37,429,1458.75,0.005673752,1
16898,02/17/15 16:41,22.1,34.395,429,1456.75,0.005669194,1
16899,02/17/15 16:43,22.16666667,34.29666667,429,1458,0.005676059,1
16900,02/17/15 16:44,22.15,34.425,429,1466,0.005691657,1
16901,02/17/15 16:45,22.16666667,34.46666667,429,1471.666667,0.005704452,1
16902,02/17/15 16:46,22.175,34.45,429,1478.25,0.00570459,1
16903,02/17/15 16:46,22.15,34.395,429,1484.5,0.005686652,1
16904,02/17/15 16:47,22.15,34.595,429,1487,0.005720023,1
16905,02/17/15 16:49,22.15,34.645,429,1507.5,0.005728366,1
16906,02/17/15 16:50,22.15,34.495,429,1500.5,0.005703337,1
16907,02/17/15 16:51,22.125,34.5675,429,1497.5,0.005706654,1
16908,02/17/15 16:52,22.13333333,34.39666667,429,1501,0.005681105,1
16909,02/17/15 16:53,22.1,34.4475,429,1498,0.005677926,1
16910,02/17/15 16:53,22.1,34.545,429,1495,0.005694144,1
16911,02/17/15 16:54,22.125,34.35,429,1481,0.005670421,1
16912,02/17/15 16:56,22.13333333,34.33333333,434,1481,0.005670549,1
16913,02/17/15 16:57,22.1,34.3,429,1488.25,0.005653393,1
16914,02/17/15 16:58,22.13333333,34.46666667,429,1495.333333,0.005692772,1
16915,02/17/15 16:59,22.1,34.425,429,1503.75,0.005674184,1
16916,02/17/15 16:59,22.1,34.32666667,435,1499.666667,0.005657828,1
16917,02/17/15 17:00,22.15,34.245,438,1485.5,0.005661626,1
16918,02/17/15 17:02,22.15,34.3725,438,1477,0.005682898,1
16919,02/17/15 17:03,22.16666667,34.4,441,1483,0.005693317,1
16920,02/17/15 17:04,22.15,34.35,438,1480.666667,0.005679144,1
16921,02/17/15 17:05,22.15,34.245,438,1475,0.005661626,1
16922,02/17/15 17:06,22.125,34.245,447,1482.25,0.00565293,1
16923,02/17/15 17:06,22.125,34.37,447,1484.25,0.005673752,1
16924,02/17/15 17:08,22.1,34.36,447,1488.666667,0.005663372,1
16925,02/17/15 17:09,22.1,34.36333333,447,1495,0.005663927,1
16926,02/17/15 17:10,22.1,34.425,443.5,1501.75,0.005674184,1
16927,02/17/15 17:10,22.125,34.45,439,1504.5,0.005687079,1
16928,02/17/15 17:12,22.125,34.4,443.5,1507.25,0.00567875,1
16929,02/17/15 17:12,22.1,34.4725,440,1508,0.005682084,1
16930,02/17/15 17:13,22.1,34.4975,443.5,1512.75,0.005686243,1
16931,02/17/15 17:15,22.1,34.4,447,1512.5,0.005670025,1
16932,02/17/15 17:16,22.125,34.4,447,1520,0.00567875,1
16933,02/17/15 17:17,22.1,34.425,443.5,1515,0.005674184,1
16934,02/17/15 17:18,22.13333333,34.43333333,447,1519.666667,0.005687216,1
16935,02/17/15 17:19,22.125,34.3,442.5,1518.75,0.005662092,1
16936,02/17/15 17:19,22.125,34.3725,438,1528.5,0.005674169,1
16937,02/17/15 17:21,22.125,34.4,439,1537.5,0.00567875,1
16938,02/17/15 17:22,22.2,34.345,438,1522,0.00569579,1
16939,02/17/15 17:23,22.15,34.345,438,1517.5,0.00567831,1
16940,02/17/15 17:23,22.15,34.3225,438,1523.5,0.005674556,1
16941,02/17/15 17:25,22.15,34.3175,442.5,1526.5,0.005673722,1
16942,02/17/15 17:25,22.15,34.3725,435.5,1534.5,0.005682898,1
16943,02/17/15 17:26,22.15,34.645,434.5,1588.75,0.005728366,1
16944,02/17/15 17:28,22.1,34.6,435.5,1594,0.005703293,1
16945,02/17/15 17:29,22.1,34.73333333,428.3333333,1585.333333,0.005725473,1
16946,02/17/15 17:30,22.13333333,34.66333333,433,1649,0.005725554,1
16947,02/17/15 17:31,22.1,34.53,433,1653,0.005691649,1
16948,02/17/15 17:31,22.15,34.5675,433,1690.5,0.005715434,1
16949,02/17/15 17:32,22.16666667,34.66333333,433,1739.666667,0.005737302,1
16950,02/17/15 17:34,22.15,34.545,433,1757.75,0.00571168,1
16951,02/17/15 17:35,22.16666667,34.49666667,433,1779,0.005709463,1
16952,02/17/15 17:36,22.2,34.45,433,1778,0.005713363,1
16953,02/17/15 17:37,22.175,34.3725,433,1774.5,0.005691639,1
16954,02/17/15 17:38,22.2,34.36333333,433,1776,0.005698858,1
16955,02/17/15 17:38,22.175,34.475,433,1842.75,0.005708767,1
16956,02/17/15 17:39,22.175,34.425,433,1809.25,0.005700412,1
16957,02/17/15 17:41,22.2,34.4,433,1750,0.005704995,1
16958,02/17/15 17:42,22.16666667,34.43333333,433,1740,0.005698884,1
16959,02/17/15 17:43,22.175,34.35,433,1705.25,0.005687879,1
16960,02/17/15 17:44,22.2,34.29,433,1682,0.005686585,1
16961,02/17/15 17:44,22.2,34.345,433,1669.5,0.00569579,1
16962,02/17/15 17:45,22.2,34.23,433,1683.333333,0.005676544,1
16963,02/17/15 17:47,22.2,34.2,433,1699.75,0.005671523,1
16964,02/17/15 17:48,22.2,34.2175,433,1696,0.005674452,1
16965,02/17/15 17:49,22.2,34.1725,433,1682.75,0.005666922,1
16966,02/17/15 17:50,22.2,34.45,433,1684,0.005713363,1
16967,02/17/15 17:51,22.2,34.26,433,1699.666667,0.005681564,1
16968,02/17/15 17:51,22.2,34.245,433,1698,0.005679054,1
16969,02/17/15 17:53,22.2,34.2675,429.5,1695,0.00568282,1
16970,02/17/15 17:54,22.2,34.19333333,423.6666667,1675.333333,0.005670408,1
16971,02/17/15 17:55,22.2,34.09666667,419,1658.666667,0.005654232,1
16972,02/17/15 17:55,22.2,34.2675,426,1645.5,0.00568282,1
16973,02/17/15 17:57,22.2,34.345,429.5,1652,0.00569579,1
16974,02/17/15 17:57,22.2,34.29,426,1641,0.005686585,1
16975,02/17/15 17:58,22.2,34.3175,419,1637.5,0.005691187,1
16976,02/17/15 18:00,22.2,34.33333333,419,1628.333333,0.005693837,1
16977,02/17/15 18:01,22.2,34.345,419,1619.5,0.00569579,1
16978,02/17/15 18:02,22.2,34.345,419,1600.5,0.00569579,1
16979,02/17/15 18:03,22.2,34.245,419,1602,0.005679054,1
16980,02/17/15 18:04,22.2,34.245,419,1603,0.005679054,1
16981,02/17/15 18:04,22.2,34.2175,415.5,1606.75,0.005674452,1
16982,02/17/15 18:06,22.16666667,34.26,279.3333333,1595.666667,0.005669935,0
16983,02/17/15 18:07,22.1,34.32666667,0,1591.333333,0.005657828,0
16984,02/17/15 18:08,22.1,34.345,0,1594.5,0.005660877,0
16985,02/17/15 18:08,22.1,34.29,0,1585.666667,0.00565173,0
16986,02/17/15 18:10,22.1,34.29,0,1576,0.00565173,0
16987,02/17/15 18:10,22.1,34.345,0,1572,0.005660877,0
16988,02/17/15 18:11,22.1,34.29,0,1568.5,0.00565173,0
16989,02/17/15 18:13,22.1,34.4,0,1569,0.005670025,0
16990,02/17/15 18:14,22.1,34.32666667,0,1564.666667,0.005657828,0
16991,02/17/15 18:15,22.05,34.245,0,1550.5,0.005626912,0
16992,02/17/15 18:16,22.1,34.29,0,1549,0.00565173,0
16993,02/17/15 18:16,22.03333333,34.26,0,1551.333333,0.005623629,0
16994,02/17/15 18:17,22.025,34.2225,0,1538.25,0.005614538,0
16995,02/17/15 18:19,22,34.29,0,1536,0.005617064,0
16996,02/17/15 18:20,22,34.245,0,1541,0.005609626,0
16997,02/17/15 18:21,22,34.29,0,1544,0.005617064,0
16998,02/17/15 18:22,22,34.29,0,1533,0.005617064,0
16999,02/17/15 18:23,21.89,34.29,0,1536,0.005579148,0
17000,02/17/15 18:23,21.89,34.29,0,1538,0.005579148,0
17001,02/17/15 18:24,21.89,34.29,0,1531,0.005579148,0
17002,02/17/15 18:26,21.89,34.29,0,1530.333333,0.005579148,0
17003,02/17/15 18:27,21.89,34.29,0,1529,0.005579148,0
17004,02/17/15 18:28,21.89,34.29,0,1523,0.005579148,0
17005,02/17/15 18:29,21.89,34.29,0,1530.666667,0.005579148,0
17006,02/17/15 18:29,21.89,34.29,0,1525,0.005579148,0
17007,02/17/15 18:30,21.89,34.29,0,1519,0.005579148,0
17008,02/17/15 18:32,21.89,34.245,0,1508,0.005571761,0
17009,02/17/15 18:33,21.89,34.2,0,1491.5,0.005564373,0
17010,02/17/15 18:34,21.84,34.145,0,1499,0.005538259,0
17011,02/17/15 18:35,21.79,34.2,0,1499,0.005530193,0
17012,02/17/15 18:36,21.79,34.09,0,1495.5,0.005512248,0
17013,02/17/15 18:36,21.79,34.12666667,0,1491,0.00551823,0
17014,02/17/15 18:38,21.79,34.09,0,1492,0.005512248,0
17015,02/17/15 18:39,21.76,34.12666667,0,1487.333333,0.005508034,0
17016,02/17/15 18:40,21.7,34.145,0,1489.5,0.005490667,0
17017,02/17/15 18:40,21.7,34.2,0,1488,0.005499589,0
17018,02/17/15 18:42,21.7,34.2,0,1475,0.005499589,0
17019,02/17/15 18:42,21.7,34.2,0,1470.5,0.005499589,0
17020,02/17/15 18:43,21.7,34.2,0,1477,0.005499589,0
17021,02/17/15 18:45,21.7,34.29,0,1476,0.00551419,0
17022,02/17/15 18:46,21.7,34.2,0,1477,0.005499589,0
17023,02/17/15 18:47,21.7,34.245,0,1484.75,0.00550689,0
17024,02/17/15 18:48,21.7,34.245,0,1471.5,0.00550689,0
17025,02/17/15 18:49,21.7,34.29,0,1476,0.00551419,0
17026,02/17/15 18:49,21.7,34.245,0,1477.5,0.00550689,0
17027,02/17/15 18:51,21.65,34.145,0,1475.5,0.005473757,0
17028,02/17/15 18:52,21.6,34.1175,0,1478,0.00545246,0
17029,02/17/15 18:53,21.6,34.09,0,1487,0.005448027,0
17030,02/17/15 18:53,21.6,34.09,0,1483.5,0.005448027,0
17031,02/17/15 18:55,21.6,34.09,0,1488,0.005448027,0
17032,02/17/15 18:55,21.6,34.09,0,1490,0.005448027,0
17033,02/17/15 18:56,21.6,34.09,0,1483,0.005448027,0
17034,02/17/15 18:58,21.6,34.09,0,1481,0.005448027,0
17035,02/17/15 18:59,21.53333333,34.12666667,0,1479.333333,0.005431537,0
17036,02/17/15 19:00,21.5,34.1725,0,1472.25,0.00542771,0
17037,02/17/15 19:01,21.5,34.09,0,1473,0.005414493,0
17038,02/17/15 19:01,21.5,34.1725,0,1475.75,0.00542771,0
17039,02/17/15 19:02,21.5,34.09,0,1468,0.005414493,0
17040,02/17/15 19:04,21.5,34.16333333,0,1469.333333,0.005426242,0
17041,02/17/15 19:05,21.5,34.145,0,1474,0.005423305,0
17042,02/17/15 19:06,21.5,34.09,0,1475,0.005414493,0
17043,02/17/15 19:07,21.445,34.09,0,1474,0.005396127,0
17044,02/17/15 19:08,21.5,34.2,0,1477.5,0.005432117,0
17045,02/17/15 19:08,21.445,34.145,0,1480.5,0.005404908,0
17046,02/17/15 19:09,21.39,34.09,0,1465,0.005377816,0
17047,02/17/15 19:11,21.39,34.2,0,1469.5,0.005395319,0
17048,02/17/15 19:12,21.39,34.09,0,1468,0.005377816,0
17049,02/17/15 19:13,21.39,34.2,0,1468,0.005395319,0
17050,02/17/15 19:14,21.34,34.145,0,1466,0.005369942,0
17051,02/17/15 19:14,21.35666667,34.2,0,1465.333333,0.005384212,0
17052,02/17/15 19:15,21.29,34.2,0,1468,0.005362059,0
17053,02/17/15 19:17,21.29,34.2,0,1471,0.005362059,0
17054,02/17/15 19:18,21.29,34.245,0,1471.5,0.005369175,0
17055,02/17/15 19:19,21.29,34.2,0,1466.5,0.005362059,0
17056,02/17/15 19:20,21.29,34.2,0,1472,0.005362059,0
17057,02/17/15 19:21,21.29,34.29,0,1472.666667,0.005376292,0
17058,02/17/15 19:21,21.2675,34.295,0,1470.75,0.005369603,0
17059,02/17/15 19:23,21.29,34.29,0,1469,0.005376292,0
17060,02/17/15 19:24,21.29,34.345,0,1467.5,0.00538499,0
17061,02/17/15 19:25,21.2,34.2,0,1466,0.00533228,0
17062,02/17/15 19:25,21.2,34.29,0,1467,0.005346433,0
17063,02/17/15 19:27,21.2,34.29,0,1468,0.005346433,0
17064,02/17/15 19:27,21.2,34.29,0,1468,0.005346433,0
17065,02/17/15 19:28,21.2,34.245,0,1464.5,0.005339356,0
17066,02/17/15 19:30,21.2,34.29,0,1460.333333,0.005346433,0
17067,02/17/15 19:31,21.2,34.29,0,1458,0.005346433,0
17068,02/17/15 19:32,21.16666667,34.29,0,1468.666667,0.005335411,0
17069,02/17/15 19:33,21.2,34.29,0,1475,0.005346433,0
17070,02/17/15 19:34,21.2,34.29,0,1474,0.005346433,0
17071,02/17/15 19:34,21.2,34.29,0,1475,0.005346433,0
17072,02/17/15 19:36,21.15,34.29,0,1472.5,0.005329908,0
17073,02/17/15 19:37,21.1,34.29,0,1473.5,0.005313428,0
17074,02/17/15 19:38,21.1,34.29,0,1483,0.005313428,0
17075,02/17/15 19:38,21.13333333,34.29,0,1486,0.005324409,0
17076,02/17/15 19:40,21.1,34.29,0,1485.5,0.005313428,0
17077,02/17/15 19:40,21.1,34.29,0,1488,0.005313428,0
17078,02/17/15 19:41,21.1,34.29,0,1494.5,0.005313428,0
17079,02/17/15 19:43,21.1,34.245,0,1487,0.005306395,0
17080,02/17/15 19:44,21.1,34.29,0,1484,0.005313428,0
17081,02/17/15 19:45,21.1,34.29,0,1488.5,0.005313428,0
17082,02/17/15 19:46,21.13333333,34.29,0,1490.5,0.005324409,0
17083,02/17/15 19:46,21.1,34.29,0,1493.5,0.005313428,0
17084,02/17/15 19:47,21.1,34.29,0,1495,0.005313428,0
17085,02/17/15 19:49,21.1,34.29,0,1486.5,0.005313428,0
17086,02/17/15 19:50,21.1,34.29,0,1486.5,0.005313428,0
17087,02/17/15 19:51,21.1,34.29,0,1489,0.005313428,0
17088,02/17/15 19:52,21.1,34.29,0,1493.5,0.005313428,0
17089,02/17/15 19:53,21.1,34.29,0,1491,0.005313428,0
17090,02/17/15 19:53,21.1,34.245,0,1488.5,0.005306395,0
17091,02/17/15 19:54,21.1,34.245,0,1504,0.005306395,0
17092,02/17/15 19:56,21.1,34.2,0,1500.5,0.005299363,0
17093,02/17/15 19:57,21.1,34.245,0,1510.5,0.005306395,0
17094,02/17/15 19:58,21,34.2,0,1511,0.005266626,0
17095,02/17/15 19:59,21.1,34.2,0,1520,0.005299363,0
17096,02/17/15 19:59,21.05,34.145,0,1516,0.005274404,0
17097,02/17/15 20:00,21.1,34.2,0,1515.5,0.005299363,0
17098,02/17/15 20:02,21.05,34.145,0,1515.5,0.005274404,0
17099,02/17/15 20:03,21,34.145,0,1526,0.005258085,0
17100,02/17/15 20:04,21.05,34.145,0,1530.5,0.005274404,0
17101,02/17/15 20:05,21.1,34.2,0,1520.5,0.005299363,0
17102,02/17/15 20:06,21,34.09,0,1518.5,0.005249544,0
17103,02/17/15 20:06,21,34.09,0,1520,0.005249544,0
17104,02/17/15 20:08,21,34.09,0,1517,0.005249544,0
17105,02/17/15 20:09,21,34.09,0,1518,0.005249544,0
17106,02/17/15 20:10,21,34.09,0,1512.5,0.005249544,0
17107,02/17/15 20:10,21,34.09,0,1514.5,0.005249544,0
17108,02/17/15 20:12,21,34.09,0,1506,0.005249544,0
17109,02/17/15 20:12,21,34.09,0,1493,0.005249544,0
17110,02/17/15 20:13,21,34.09,0,1492,0.005249544,0
17111,02/17/15 20:15,21,34.09,0,1472,0.005249544,0
17112,02/17/15 20:16,21,34.09,0,1477,0.005249544,0
17113,02/17/15 20:17,21,34.09,0,1483,0.005249544,0
17114,02/17/15 20:18,21,34.09,0,1486.5,0.005249544,0
17115,02/17/15 20:19,21,34.09,0,1474,0.005249544,0
17116,02/17/15 20:19,20.9175,34.09,0,1477,0.005222759,0
17117,02/17/15 20:21,21,34,0,1481,0.005235568,0
17118,02/17/15 20:22,20.92666667,34.06,0,1492,0.005221092,0
17119,02/17/15 20:23,21,34,0,1507.5,0.005235568,0
17120,02/17/15 20:23,21,34,0,1501.333333,0.005235568,0
17121,02/17/15 20:25,21,34,0,1506,0.005235568,0
17122,02/17/15 20:25,21,34,0,1507,0.005235568,0
17123,02/17/15 20:26,20.945,34,0,1514.5,0.005217746,0
17124,02/17/15 20:28,20.945,33.95,0,1519.5,0.005210008,0
17125,02/17/15 20:29,20.9725,33.95,0,1523.5,0.0052189,0
17126,02/17/15 20:30,21,33.9,0,1527.5,0.00522004,0
17127,02/17/15 20:31,20.96333333,33.9,0,1510,0.005208188,0
17128,02/17/15 20:31,21,33.9,0,1511,0.00522004,0
17129,02/17/15 20:32,20.945,33.9,0,1510.5,0.005202271,0
17130,02/17/15 20:34,21,33.9,0,1503.333333,0.00522004,0
17131,02/17/15 20:35,21,33.86333333,0,1507.333333,0.005214347,0
17132,02/17/15 20:36,20.945,33.79,0,1518.5,0.00518525,0
17133,02/17/15 20:37,21,33.79,0,1532.5,0.00520296,0
17134,02/17/15 20:38,21,33.9,0,1530.5,0.00522004,0
17135,02/17/15 20:38,21,33.79,0,1538,0.00520296,0
17136,02/17/15 20:39,21,33.79,0,1538,0.00520296,0
17137,02/17/15 20:41,21,33.79,0,1528.333333,0.00520296,0
17138,02/17/15 20:42,21,33.79,0,1533,0.00520296,0
17139,02/17/15 20:43,21,33.79,0,1528,0.00520296,0
17140,02/17/15 20:44,21,33.79,0,1522,0.00520296,0
17141,02/17/15 20:44,20.945,33.79,0,1517,0.00518525,0
17142,02/17/15 20:45,21,33.73,0,1511,0.005193644,0
17143,02/17/15 20:47,21,33.7,0,1510.333333,0.005188987,0
17144,02/17/15 20:48,21,33.7,0,1508.5,0.005188987,0
17145,02/17/15 20:49,21,33.7,0,1510,0.005188987,0
17146,02/17/15 20:50,21,33.7,0,1513.666667,0.005188987,0
17147,02/17/15 20:51,21,33.7,0,1516,0.005188987,0
17148,02/17/15 20:51,21,33.7,0,1512,0.005188987,0
17149,02/17/15 20:53,21,33.645,0,1512,0.005180447,0
17150,02/17/15 20:54,21,33.66333333,0,1501.333333,0.005183294,0
17151,02/17/15 20:55,21,33.7,0,1500,0.005188987,0
17152,02/17/15 20:55,21,33.7,0,1501.333333,0.005188987,0
17153,02/17/15 20:57,21,33.7,0,1496,0.005188987,0
17154,02/17/15 20:57,21,33.59,0,1498,0.005171908,0
17155,02/17/15 20:58,21,33.59,0,1503.5,0.005171908,0
17156,02/17/15 21:00,21,33.59,0,1505,0.005171908,0
17157,02/17/15 21:01,21,33.59,0,1507,0.005171908,0
17158,02/17/15 21:02,20.945,33.59,0,1506,0.005154305,0
17159,02/17/15 21:03,21,33.59,0,1510,0.005171908,0
17160,02/17/15 21:04,21,33.59,0,1515,0.005171908,0
17161,02/17/15 21:04,21,33.545,0,1520,0.005164922,0
17162,02/17/15 21:06,20.96333333,33.5,0,1517.666667,0.005146226,0
17163,02/17/15 21:07,21,33.5,0,1518.5,0.005157936,0
17164,02/17/15 21:08,20.96333333,33.5,0,1525,0.005146226,0
17165,02/17/15 21:08,21,33.45,0,1528,0.005150174,0
17166,02/17/15 21:10,20.945,33.4,0,1533,0.005124909,0
17167,02/17/15 21:10,20.89,33.4,0,1542,0.005107459,0
17168,02/17/15 21:11,21,33.4,0,1543.5,0.005142412,0
17169,02/17/15 21:13,20.945,33.4,0,1557.5,0.005124909,0
17170,02/17/15 21:14,20.89,33.245,0,1565.5,0.005083563,0
17171,02/17/15 21:15,20.89,33.29,0,1564,0.005090501,0
17172,02/17/15 21:16,20.89,33.29,0,1542.5,0.005090501,0
17173,02/17/15 21:16,20.89,33.245,0,1537,0.005083563,0
17174,02/17/15 21:17,20.89,33.29,0,1537.5,0.005090501,0
17175,02/17/15 21:19,20.89,33.2,0,1546,0.005076626,0
17176,02/17/15 21:20,20.89,33.2,0,1545,0.005076626,0
17177,02/17/15 21:21,20.89,33.2,0,1567.333333,0.005076626,0
17178,02/17/15 21:22,20.89,33.2,0,1684.333333,0.005076626,0
17179,02/17/15 21:23,20.89,33.2,0,1744,0.005076626,0
17180,02/17/15 21:23,20.89,33.2,0,1735.5,0.005076626,0
17181,02/17/15 21:24,20.945,33.145,0,1741.5,0.005085462,0
17182,02/17/15 21:26,20.89,33.145,0,1739.5,0.005068148,0
17183,02/17/15 21:27,20.89,33.09,0,1741.5,0.005059669,0
17184,02/17/15 21:28,20.89,33.09,0,1737,0.005059669,0
17185,02/17/15 21:29,20.89,33.09,0,1757,0.005059669,0
17186,02/17/15 21:29,20.89,33.09,0,1759.5,0.005059669,0
17187,02/17/15 21:30,20.89,33.045,0,1759,0.005052733,0
17188,02/17/15 21:32,20.89,33,0,1769.5,0.005045796,0
17189,02/17/15 21:33,20.89,33,0,1752,0.005045796,0
17190,02/17/15 21:34,20.89,33,0,1709,0.005045796,0
17191,02/17/15 21:35,20.89,32.9,0,1688,0.005030382,0
17192,02/17/15 21:36,20.89,32.9,0,1666.5,0.005030382,0
17193,02/17/15 21:36,20.89,32.9,0,1649,0.005030382,0
17194,02/17/15 21:38,20.89,32.9,0,1594.5,0.005030382,0
17195,02/17/15 21:39,20.89,32.9,0,1588.5,0.005030382,0
17196,02/17/15 21:40,20.89,32.9,0,1581.5,0.005030382,0
17197,02/17/15 21:40,20.89,32.8725,0,1551,0.005026143,0
17198,02/17/15 21:42,20.89,32.79,0,1541,0.005013428,0
17199,02/17/15 21:42,20.89,32.79,0,1539.5,0.005013428,0
17200,02/17/15 21:43,20.89,32.79,0,1536,0.005013428,0
17201,02/17/15 21:45,20.89,32.745,0,1529,0.005006492,0
17202,02/17/15 21:46,20.89,32.7,0,1528,0.004999556,0
17203,02/17/15 21:47,20.89,32.7,0,1525.5,0.004999556,0
17204,02/17/15 21:48,20.89,32.7,0,1524.5,0.004999556,0
17205,02/17/15 21:49,20.89,32.7,0,1523,0.004999556,0
17206,02/17/15 21:49,20.89,32.59,0,1516,0.004982604,0
17207,02/17/15 21:51,20.89,32.59,0,1518.333333,0.004982604,0
17208,02/17/15 21:52,20.89,32.59,0,1521.5,0.004982604,0
17209,02/17/15 21:53,20.89,32.59,0,1522,0.004982604,0
17210,02/17/15 21:53,20.89,32.59,0,1511,0.004982604,0
17211,02/17/15 21:55,20.79,32.4,0,1507,0.004922692,0
17212,02/17/15 21:55,20.84,32.45,0,1506,0.004945668,0
17213,02/17/15 21:56,20.82333333,32.36333333,0,1513,0.004927257,0
17214,02/17/15 21:58,20.79,32.2,0,1512,0.004892066,0
17215,02/17/15 21:59,20.79,32.245,0,1512.5,0.004898957,0
17216,02/17/15 22:00,20.84,32.345,0,1514,0.004929538,0
17217,02/17/15 22:01,20.79,32.29,0,1511,0.004905847,0
17218,02/17/15 22:01,20.84,32.29,0,1507.5,0.004921089,0
17219,02/17/15 22:02,20.89,32.29,0,1524,0.004936373,0
17220,02/17/15 22:04,20.79,32.2,0,1545,0.004892066,0
17221,02/17/15 22:05,20.84,32.245,0,1533.5,0.004914177,0
17222,02/17/15 22:06,20.89,32.2,0,1554,0.004922506,0
17223,02/17/15 22:07,20.79,32.09,0,1599,0.004875223,0
17224,02/17/15 22:08,20.79,32.09,0,1628.5,0.004875223,0
17225,02/17/15 22:08,20.82333333,32.12666667,0,1619.333333,0.004890942,0
17226,02/17/15 22:09,20.89,32.145,0,1586.5,0.004914031,0
17227,02/17/15 22:11,20.89,32.09,0,1586,0.004905557,0
17228,02/17/15 22:12,20.89,32.09,0,1585,0.004905557,0
17229,02/17/15 22:13,20.89,32.09,0,1570,0.004905557,0
17230,02/17/15 22:14,20.89,32.06,0,1534.666667,0.004900935,0
17231,02/17/15 22:14,20.89,32,0,1514,0.004891691,0
17232,02/17/15 22:15,20.89,32,0,1483,0.004891691,0
17233,02/17/15 22:17,20.84,31.89,0,1455,0.004859652,0
17234,02/17/15 22:18,20.89,31.89,0,1430,0.004874744,0
17235,02/17/15 22:19,20.89,31.89,0,1412,0.004874744,0
17236,02/17/15 22:20,20.89,31.89,0,1405,0.004874744,0
17237,02/17/15 22:21,20.85666667,31.85666667,0,1408.333333,0.004859553,0
17238,02/17/15 22:21,20.85666667,31.85666667,0,1419.666667,0.004859553,0
17239,02/17/15 22:23,20.89,31.89,0,1455,0.004874744,0
17240,02/17/15 22:24,20.84,31.795,0,1597.5,0.004845062,0
17241,02/17/15 22:25,20.79,31.745,0,1494,0.004822403,0
17242,02/17/15 22:25,20.79,31.7,0,1303.5,0.004815514,0
17243,02/17/15 22:27,20.79,31.7,0,1295,0.004815514,0
17244,02/17/15 22:27,20.84,31.745,0,1295,0.004837384,0
17245,02/17/15 22:28,20.85666667,31.63,0,1575.666667,0.004824708,0
17246,02/17/15 22:30,20.79,31.6,0,1661,0.004800206,0
17247,02/17/15 22:31,20.89,31.65,0,1466,0.004837772,0
17248,02/17/15 22:32,20.84,31.6,0,1454.5,0.004815117,0
17249,02/17/15 22:33,20.84,31.55,0,1451.5,0.00480744,0
17250,02/17/15 22:34,20.79,31.5,0,1445,0.004784899,0
17251,02/17/15 22:34,20.79,31.395,0,1434.5,0.004768827,0
17252,02/17/15 22:36,20.79,31.445,0,1482.5,0.00477648,0
17253,02/17/15 22:37,20.79,31.445,0,1525,0.00477648,0
17254,02/17/15 22:38,20.82333333,31.42666667,0,1469.666667,0.004783555,0
17255,02/17/15 22:38,20.82333333,31.42666667,0,1474.666667,0.004783555,0
17256,02/17/15 22:40,20.84,31.445,0,1539.5,0.004791317,0
17257,02/17/15 22:40,20.79,31.29,0,1542,0.004752756,0
17258,02/17/15 22:41,20.84,31.395,0,1597,0.00478364,0
17259,02/17/15 22:43,20.79,31.29,0,1662.666667,0.004752756,0
17260,02/17/15 22:44,20.79,31.29,0,1645.5,0.004752756,0
17261,02/17/15 22:45,20.79,31.2,0,1627,0.004738981,0
17262,02/17/15 22:46,20.79,31.2,0,1582,0.004738981,0
17263,02/17/15 22:46,20.79,31.29,0,1558.5,0.004752756,0
17264,02/17/15 22:47,20.79,31,0,1542.5,0.004708373,0
17265,02/17/15 22:49,20.79,31.1,0,1526,0.004723677,0
17266,02/17/15 22:50,20.79,31.2,0,1513,0.004738981,0
17267,02/17/15 22:51,20.79,31.1,0,1502,0.004723677,0
17268,02/17/15 22:52,20.79,31.1,0,1501.5,0.004723677,0
17269,02/17/15 22:53,20.79,31,0,1727,0.004708373,0
17270,02/17/15 22:53,20.79,31,0,1721,0.004708373,0
17271,02/17/15 22:54,20.79,30.89,0,1655,0.00469154,0
17272,02/17/15 22:56,20.79,30.92666667,0,2072,0.004697151,0
17273,02/17/15 22:57,20.79,30.89,0,1690.666667,0.00469154,0
17274,02/17/15 22:58,20.79,30.89,0,1412,0.00469154,0
17275,02/17/15 22:59,20.82333333,30.89,0,1254.666667,0.00470125,0
17276,02/17/15 22:59,20.79,30.79,0,1247.5,0.004676238,0
17277,02/17/15 23:00,20.79,30.79,0,1231,0.004676238,0
17278,02/17/15 23:02,20.79,30.89,0,1231,0.00469154,0
17279,02/17/15 23:03,20.84,30.84,0,1159.5,0.004698436,0
17280,02/17/15 23:04,20.84,30.745,0,1157,0.004683854,0
17281,02/17/15 23:05,20.85666667,30.79333333,0,1135.333333,0.004696123,0
17282,02/17/15 23:06,20.79,30.7,0,1128,0.004662467,0
17283,02/17/15 23:06,20.84,30.745,0,1119.5,0.004683854,0
17284,02/17/15 23:08,20.89,30.79,0,1116,0.004705324,0
17285,02/17/15 23:09,20.89,30.79,0,1113,0.004705324,0
17286,02/17/15 23:10,20.89,30.7,0,1133,0.004691467,0
17287,02/17/15 23:10,20.84,30.695,0,1149,0.004676179,0
17288,02/17/15 23:12,20.84,30.6,0,1146.5,0.004661598,0
17289,02/17/15 23:12,20.89,30.63333333,0,1145.666667,0.004681202,0
17290,02/17/15 23:13,20.84,30.55,0,1136.5,0.004653924,0
17291,02/17/15 23:15,20.89,30.6,0,1132,0.00467607,0
17292,02/17/15 23:16,20.89,30.6,0,1135.5,0.00467607,0
17293,02/17/15 23:17,20.84,30.495,0,1164.5,0.004645483,0
17294,02/17/15 23:18,20.85666667,30.49666667,0,1180,0.004650542,0
17295,02/17/15 23:19,20.84,30.5,0,1173,0.004646251,0
17296,02/17/15 23:19,20.89,30.5,0,1184.5,0.004660675,0
17297,02/17/15 23:21,20.89,30.445,0,1189.5,0.004652207,0
17298,02/17/15 23:22,20.89,30.39,0,1190,0.00464374,0
17299,02/17/15 23:23,20.89,30.39,0,1198,0.00464374,0
17300,02/17/15 23:23,20.89,30.39,0,1191,0.00464374,0
17301,02/17/15 23:25,20.89,30.29,0,1196,0.004628346,0
17302,02/17/15 23:25,20.89,30.29,0,1195,0.004628346,0
17303,02/17/15 23:26,20.89,30.29,0,1193,0.004628346,0
17304,02/17/15 23:28,20.89,30.245,0,1193.5,0.004621419,0
17305,02/17/15 23:29,20.89,30.2,0,1186,0.004614492,0
17306,02/17/15 23:30,20.84,30.195,0,1198.5,0.004599444,0
17307,02/17/15 23:31,20.89,30.2,0,1202,0.004614492,0
17308,02/17/15 23:31,20.89,30.1,0,1199.333333,0.004599099,0
17309,02/17/15 23:32,20.89,30.1,0,1197,0.004599099,0
17310,02/17/15 23:34,20.89,30.1,0,1198,0.004599099,0
17311,02/17/15 23:35,20.89,30,0,1202,0.004583707,0
17312,02/17/15 23:36,20.89,30,0,1212.5,0.004583707,0
17313,02/17/15 23:37,20.89,30,0,1221.5,0.004583707,0
17314,02/17/15 23:38,20.89,30,0,1219,0.004583707,0
17315,02/17/15 23:38,20.89,30,0,1217.333333,0.004583707,0
17316,02/17/15 23:39,20.89,30,0,1217.666667,0.004583707,0
17317,02/17/15 23:41,20.89,30,0,1221,0.004583707,0
17318,02/17/15 23:42,20.89,30,0,1220.5,0.004583707,0
17319,02/17/15 23:43,20.89,29.89,0,1235,0.004566777,0
17320,02/17/15 23:44,20.89,29.89,0,1252.5,0.004566777,0
17321,02/17/15 23:44,20.89,29.89,0,1250,0.004566777,0
17322,02/17/15 23:45,20.89,29.79,0,1216,0.004551386,0
17323,02/17/15 23:47,20.89,29.79,0,1231.5,0.004551386,0
17324,02/17/15 23:48,20.89,29.7,0,1252.5,0.004537536,0
17325,02/17/15 23:49,20.89,29.6,0,1270.5,0.004522147,0
17326,02/17/15 23:50,20.89,29.65,0,1269.5,0.004529841,0
17327,02/17/15 23:51,20.89,29.7,0,1267,0.004537536,0
17328,02/17/15 23:51,20.89,29.7,0,1255.5,0.004537536,0
17329,02/17/15 23:53,20.89,29.7,0,1245.5,0.004537536,0
17330,02/17/15 23:54,20.89,29.6,0,1221.5,0.004522147,0
17331,02/17/15 23:55,20.89,29.6,0,1201,0.004522147,0
17332,02/17/15 23:55,20.89,29.55,0,1196,0.004514452,0
17333,02/17/15 23:57,20.89,29.525,0,1194,0.004510605,0
17334,02/17/15 23:57,20.89,29.5,0,1203,0.004506758,0
17335,02/17/15 23:58,20.89,29.5,0,1202.5,0.004506758,0
17336,02/18/15 0:00,20.89,29.445,0,1201.5,0.004498295,0
17337,02/18/15 0:01,20.89,29.5,0,1201.5,0.004506758,0
17338,02/18/15 0:02,20.89,29.5,0,1205,0.004506758,0
17339,02/18/15 0:03,20.89,29.46333333,0,1212.666667,0.004501116,0
17340,02/18/15 0:04,20.89,29.5,0,1213.5,0.004506758,0
17341,02/18/15 0:04,20.89,29.42666667,0,1213.666667,0.004495474,0
17342,02/18/15 0:06,20.89,29.29,0,1215,0.004474446,0
17343,02/18/15 0:07,20.89,29.39,0,1233,0.004489832,0
17344,02/18/15 0:08,20.89,29.39,0,1234.5,0.004489832,0
17345,02/18/15 0:08,20.89,29.29,0,1239,0.004474446,0
17346,02/18/15 0:10,20.89,29.29,0,1246.5,0.004474446,0
17347,02/18/15 0:10,20.89,29.29,0,1238.5,0.004474446,0
17348,02/18/15 0:11,20.89,29.2,0,1244,0.004460598,0
17349,02/18/15 0:13,20.84,29.2,0,1255.5,0.004446798,0
17350,02/18/15 0:14,20.89,29.2,0,1327,0.004460598,0
17351,02/18/15 0:15,20.89,29.2,0,1355,0.004460598,0
17352,02/18/15 0:16,20.89,29.1,0,1367.5,0.004445213,0
17353,02/18/15 0:16,20.89,29.15,0,1302.5,0.004452906,0
17354,02/18/15 0:17,20.89,29,0,1255,0.004429829,0
17355,02/18/15 0:19,20.89,29.1,0,1239,0.004445213,0
17356,02/18/15 0:20,20.89,29,0,1052.666667,0.004429829,0
17357,02/18/15 0:21,20.89,29,0,1030.5,0.004429829,0
17358,02/18/15 0:22,20.89,29,0,1043,0.004429829,0
17359,02/18/15 0:23,20.89,29,0,1045,0.004429829,0
17360,02/18/15 0:23,20.89,29,0,1058.5,0.004429829,0
17361,02/18/15 0:24,20.89,28.89,0,1050,0.004412907,0
17362,02/18/15 0:26,20.89,28.89,0,1058.5,0.004412907,0
17363,02/18/15 0:27,20.89,28.89,0,1072,0.004412907,0
17364,02/18/15 0:28,20.89,28.89,0,1086,0.004412907,0
17365,02/18/15 0:29,20.89,28.89,0,1118.5,0.004412907,0
17366,02/18/15 0:29,20.89,28.89,0,1141.5,0.004412907,0
17367,02/18/15 0:30,20.89,28.89,0,1145.333333,0.004412907,0
17368,02/18/15 0:32,20.89,28.89,0,1141,0.004412907,0
17369,02/18/15 0:33,20.89,28.84,0,1154,0.004405215,0
17370,02/18/15 0:34,20.84,28.84,0,1159.5,0.004391587,0
17371,02/18/15 0:35,20.89,28.89,0,1164.5,0.004412907,0
17372,02/18/15 0:36,20.82333333,28.82333333,0,1158,0.0043845,0
17373,02/18/15 0:36,20.84,28.745,0,1185.5,0.004377019,0
17374,02/18/15 0:38,20.82333333,28.73,0,1206.333333,0.004370202,0
17375,02/18/15 0:39,20.89,28.7,0,1656.5,0.00438368,0
17376,02/18/15 0:40,20.89,28.7,0,1489.666667,0.00438368,0
17377,02/18/15 0:40,20.89,28.7,0,1879.5,0.00438368,0
17378,02/18/15 0:42,20.89,28.65,0,1774,0.004375989,0
17379,02/18/15 0:42,20.89,28.6,0,1684,0.004368298,0
17380,02/18/15 0:43,20.85666667,28.46333333,0,1631.666667,0.004338309,0
17381,02/18/15 0:45,20.79,28.5,0,1542,0.004326025,0
17382,02/18/15 0:46,20.89,28.55,0,1512.5,0.004360608,0
17383,02/18/15 0:47,20.85666667,28.56666667,0,1431.666667,0.004354169,0
17384,02/18/15 0:48,20.89,28.5,0,1399,0.004352918,0
17385,02/18/15 0:49,20.89,28.445,0,1366,0.004344459,0
17386,02/18/15 0:49,20.89,28.445,0,1328.5,0.004344459,0
17387,02/18/15 0:51,20.89,28.39,0,1306,0.004336,0
17388,02/18/15 0:52,20.89,28.39,0,1308,0.004336,0
17389,02/18/15 0:53,20.89,28.39,0,1321,0.004336,0
17390,02/18/15 0:53,20.89,28.295,0,1344.5,0.00432139,0
17391,02/18/15 0:55,20.89,28.29,0,1359,0.004320621,0
17392,02/18/15 0:55,20.89,28.29,0,1359,0.004320621,0
17393,02/18/15 0:56,20.89,28.29,0,1357,0.004320621,0
17394,02/18/15 0:58,20.89,28.29,0,1350,0.004320621,0
17395,02/18/15 0:59,20.85666667,28.16666667,0,1337.5,0.00429278,0
17396,02/18/15 1:00,20.89,28.2,0,1340.333333,0.00430678,0
17397,02/18/15 1:01,20.89,28.245,0,1342,0.0043137,0
17398,02/18/15 1:01,20.89,28.2,0,1356,0.00430678,0
17399,02/18/15 1:02,20.89,28.1,0,1357,0.004291403,0
17400,02/18/15 1:04,20.82333333,28.13333333,0,1394.333333,0.004278817,0
17401,02/18/15 1:05,20.89,28.2,0,1427,0.00430678,0
17402,02/18/15 1:06,20.89,28.2,0,1427,0.00430678,0
17403,02/18/15 1:07,20.89,28.15,0,1420,0.004299091,0
17404,02/18/15 1:08,20.79,28,0,1419,0.004249611,0
17405,02/18/15 1:08,20.89,28.1,0,1422,0.004291403,0
17406,02/18/15 1:09,20.84,27.995,0,1366.5,0.004262034,0
17407,02/18/15 1:11,20.89,28.1,0,1322,0.004291403,0
17408,02/18/15 1:12,20.89,27.995,0,1307.5,0.004275257,0
17409,02/18/15 1:13,20.82333333,27.89,0,1311.5,0.004241556,0
17410,02/18/15 1:14,20.79,27.89,0,1341.333333,0.004232802,0
17411,02/18/15 1:14,20.79,27.89,0,1327.666667,0.004232802,0
17412,02/18/15 1:15,20.79,27.89,0,1323.5,0.004232802,0
17413,02/18/15 1:17,20.79,27.89,0,1297.5,0.004232802,0
17414,02/18/15 1:18,20.79,27.89,0,1291.25,0.004232802,0
17415,02/18/15 1:19,20.89,28,0,1299,0.004276026,0
17416,02/18/15 1:20,20.79,27.89,0,1302,0.004232802,0
17417,02/18/15 1:21,20.79,27.89,0,1317,0.004232802,0
17418,02/18/15 1:21,20.79,27.79,0,1321,0.004217523,0
17419,02/18/15 1:23,20.84,27.84,0,1321.5,0.004238275,0
17420,02/18/15 1:24,20.79,27.79,0,1321,0.004217523,0
17421,02/18/15 1:25,20.79,27.79,0,1317.5,0.004217523,0
17422,02/18/15 1:25,20.79,27.66666667,0,1318.666667,0.004198679,0
17423,02/18/15 1:27,20.89,27.7,0,1329,0.0042299,0
17424,02/18/15 1:27,20.85666667,27.76,0,1330.666667,0.00423038,0
17425,02/18/15 1:28,20.89,27.7,0,1329,0.0042299,0
17426,02/18/15 1:30,20.84,27.7225,0,1330.5,0.004220266,0
17427,02/18/15 1:31,20.89,27.79,0,1342,0.004243737,0
17428,02/18/15 1:32,20.89,27.6,0,1342,0.004214526,0
17429,02/18/15 1:33,20.79,27.445,0,1333.5,0.004164814,0
17430,02/18/15 1:34,20.79,27.6,0,1336,0.004188493,0
17431,02/18/15 1:34,20.79,27.6,0,1335.666667,0.004188493,0
17432,02/18/15 1:36,20.79,27.6,0,1322,0.004188493,0
17433,02/18/15 1:37,20.79,27.65,0,1348.5,0.004196132,0
17434,02/18/15 1:38,20.79,27.55,0,1358.5,0.004180855,0
17435,02/18/15 1:38,20.79,27.6,0,1386.5,0.004188493,0
17436,02/18/15 1:40,20.79,27.5,0,1404,0.004173216,0
17437,02/18/15 1:40,20.79,27.5,0,1431.5,0.004173216,0
17438,02/18/15 1:41,20.79,27.445,0,1483,0.004164814,0
17439,02/18/15 1:43,20.79,27.445,0,1472,0.004164814,0
17440,02/18/15 1:44,20.79,27.39,0,1484,0.004156411,0
17441,02/18/15 1:45,20.79,27.5,0,1496.333333,0.004173216,0
17442,02/18/15 1:46,20.79,27.5,0,1497,0.004173216,0
17443,02/18/15 1:46,20.79,27.39,0,1515.5,0.004156411,0
17444,02/18/15 1:47,20.79,27.5,0,1748,0.004173216,0
17445,02/18/15 1:49,20.79,27.39,0,2065.75,0.004156411,0
17446,02/18/15 1:50,20.79,27.39,0,1739,0.004156411,0
17447,02/18/15 1:51,20.79,27.245,0,2076.5,0.004134262,0
17448,02/18/15 1:52,20.79,27.26,0,1978.666667,0.004136553,0
17449,02/18/15 1:53,20.79,27.1,0,1588,0.004112113,0
17450,02/18/15 1:53,20.79,27.195,0,1544.5,0.004126624,0
17451,02/18/15 1:54,20.79,27.1,0,1538.5,0.004112113,0
17452,02/18/15 1:56,20.73,27.1,0,1398.333333,0.004096847,0
17453,02/18/15 1:57,20.7,27.1,0,1415,0.004089233,0
17454,02/18/15 1:58,20.7,27.15,0,1409,0.004096828,0
17455,02/18/15 1:59,20.7,27.15,0,1603.5,0.004096828,0
17456,02/18/15 1:59,20.7,27.2,0,1537,0.004104422,0
17457,02/18/15 2:00,20.7,27.16666667,0,1288.666667,0.004099359,0
17458,02/18/15 2:02,20.7,27.2,0,1283,0.004104422,0
17459,02/18/15 2:03,20.7,27.2,0,1282,0.004104422,0
17460,02/18/15 2:04,20.745,27.2,0,1282.5,0.004115891,0
17461,02/18/15 2:05,20.79,27.06666667,0,1285,0.004107022,0
17462,02/18/15 2:06,20.7,27,0,1282,0.004074045,0
17463,02/18/15 2:06,20.745,27.05,0,1236.5,0.004093044,0
17464,02/18/15 2:08,20.7,27.06666667,0,1241.333333,0.00408417,0
17465,02/18/15 2:09,20.7,27.1,0,1241,0.004089233,0
17466,02/18/15 2:10,20.7,26.945,0,1219.5,0.004065692,0
17467,02/18/15 2:10,20.7,27,0,1214,0.004074045,0
17468,02/18/15 2:12,20.7,26.945,0,1216.5,0.004065692,0
17469,02/18/15 2:12,20.7,27.1,0,1211,0.004089233,0
17470,02/18/15 2:13,20.7,27.1,0,1207.5,0.004089233,0
17471,02/18/15 2:15,20.7,27,0,1209,0.004074045,0
17472,02/18/15 2:16,20.7,26.995,0,1206.5,0.004073286,0
17473,02/18/15 2:17,20.7,27.1,0,1210,0.004089233,0
17474,02/18/15 2:18,20.7,27,0,1215,0.004074045,0
17475,02/18/15 2:19,20.745,27,0,1222.5,0.004085428,0
17476,02/18/15 2:19,20.745,26.89,0,1221,0.004068675,0
17477,02/18/15 2:21,20.73,26.82333333,0,1213.666667,0.00405475,0
17478,02/18/15 2:22,20.7,26.84,0,1212,0.004049745,0
17479,02/18/15 2:23,20.7,26.89,0,1220.5,0.004057339,0
17480,02/18/15 2:23,20.66666667,26.79333333,0,1220.333333,0.00403431,0
17481,02/18/15 2:25,20.7,26.89,0,1224,0.004057339,0
17482,02/18/15 2:25,20.6,26.84,0,1234,0.004024701,0
17483,02/18/15 2:26,20.7,26.89,0,1231.5,0.004057339,0
17484,02/18/15 2:28,20.6,26.84,0,1233.5,0.004024701,0
17485,02/18/15 2:29,20.6,26.84,0,1238,0.004024701,0
17486,02/18/15 2:30,20.6,26.89,0,1233,0.004032247,0
17487,02/18/15 2:31,20.7,27,0,1234,0.004074045,0
17488,02/18/15 2:31,20.7,26.945,0,1239,0.004065692,0
17489,02/18/15 2:32,20.7,26.89,0,1246,0.004057339,0
17490,02/18/15 2:34,20.66666667,26.89,0,1253.666667,0.00404896,0
17491,02/18/15 2:35,20.65,26.79,0,1257.5,0.004029636,0
17492,02/18/15 2:36,20.7,26.89,0,1257,0.004057339,0
17493,02/18/15 2:37,20.7,26.89,0,1254.5,0.004057339,0
17494,02/18/15 2:38,20.7,26.89,0,1262,0.004057339,0
17495,02/18/15 2:38,20.7,26.89,0,1276,0.004057339,0
17496,02/18/15 2:39,20.7,26.89,0,1276,0.004057339,0
17497,02/18/15 2:41,20.7,26.79,0,1272.5,0.004042152,0
17498,02/18/15 2:42,20.7,26.82333333,0,1272,0.004047214,0
17499,02/18/15 2:43,20.7,26.79,0,1277,0.004042152,0
17500,02/18/15 2:44,20.7,26.79,0,1274,0.004042152,0
17501,02/18/15 2:44,20.79,26.745,0,1272.5,0.004057895,0
17502,02/18/15 2:45,20.79,26.79,0,1271,0.004064767,0
17503,02/18/15 2:47,20.745,26.7,0,1264.5,0.00403974,0
17504,02/18/15 2:48,20.79,26.745,0,1262,0.004057895,0
17505,02/18/15 2:49,20.79,26.7,0,1255.333333,0.004051023,0
17506,02/18/15 2:50,20.79,26.7,0,1262,0.004051023,0
17507,02/18/15 2:51,20.79,26.7,0,1261.5,0.004051023,0
17508,02/18/15 2:51,20.79,26.6,0,1253.333333,0.004035752,0
17509,02/18/15 2:53,20.79,26.6,0,1268,0.004035752,0
17510,02/18/15 2:54,20.79,26.6,0,1264.5,0.004035752,0
17511,02/18/15 2:55,20.79,26.6,0,1264,0.004035752,0
17512,02/18/15 2:55,20.79,26.6,0,1264.333333,0.004035752,0
17513,02/18/15 2:57,20.79,26.6,0,1264.5,0.004035752,0
17514,02/18/15 2:57,20.79,26.625,0,1260.75,0.004039569,0
17515,02/18/15 2:58,20.79,26.65,0,1257,0.004043387,0
17516,02/18/15 3:00,20.79,26.6,0,1261,0.004035752,0
17517,02/18/15 3:01,20.79,26.6,0,1259,0.004035752,0
17518,02/18/15 3:02,20.79,26.6,0,1253,0.004035752,0
17519,02/18/15 3:03,20.79,26.6,0,1247,0.004035752,0
17520,02/18/15 3:04,20.79,26.56666667,0,1239.666667,0.004030662,0
17521,02/18/15 3:04,20.79,26.5,0,1236,0.004020482,0
17522,02/18/15 3:06,20.79,26.55,0,1236,0.004028117,0
17523,02/18/15 3:07,20.79,26.5,0,1244.666667,0.004020482,0
17524,02/18/15 3:08,20.79,26.5,0,1259,0.004020482,0
17525,02/18/15 3:08,20.79,26.5,0,1251.5,0.004020482,0
17526,02/18/15 3:10,20.79,26.5,0,1252,0.004020482,0
17527,02/18/15 3:10,20.79,26.5,0,1255,0.004020482,0
17528,02/18/15 3:11,20.79,26.5,0,1261,0.004020482,0
17529,02/18/15 3:13,20.79,26.5,0,1256.5,0.004020482,0
17530,02/18/15 3:14,20.79,26.5,0,1257.5,0.004020482,0
17531,02/18/15 3:15,20.79,26.5,0,1261,0.004020482,0
17532,02/18/15 3:16,20.79,26.445,0,1264,0.004012083,0
17533,02/18/15 3:16,20.79,26.5,0,1263,0.004020482,0
17534,02/18/15 3:17,20.79,26.39,0,1270,0.004003685,0
17535,02/18/15 3:19,20.79,26.39,0,1287.5,0.004003685,0
17536,02/18/15 3:20,20.79,26.39,0,1316,0.004003685,0
17537,02/18/15 3:21,20.79,26.39,0,1363,0.004003685,0
17538,02/18/15 3:22,20.79,26.39,0,1365,0.004003685,0
17539,02/18/15 3:23,20.79,26.445,0,1366.5,0.004012083,0
17540,02/18/15 3:23,20.79,26.39,0,1359.333333,0.004003685,0
17541,02/18/15 3:24,20.79,26.39,0,1356,0.004003685,0
17542,02/18/15 3:26,20.79,26.39,0,1365.5,0.004003685,0
17543,02/18/15 3:27,20.79,26.39,0,1369,0.004003685,0
17544,02/18/15 3:28,20.85666667,26.46333333,0,1371.333333,0.004031499,0
17545,02/18/15 3:29,20.79,26.39,0,1378,0.004003685,0
17546,02/18/15 3:29,20.79,26.32333333,0,1346,0.003993506,0
17547,02/18/15 3:30,20.79,26.35666667,0,1339.333333,0.003998596,0
17548,02/18/15 3:32,20.79,26.29,0,1343,0.003988417,0
17549,02/18/15 3:33,20.79,26.29,0,1354,0.003988417,0
17550,02/18/15 3:34,20.79,26.39,0,1354,0.004003685,0
17551,02/18/15 3:35,20.79,26.35666667,0,1367,0.003998596,0
17552,02/18/15 3:36,20.79,26.35666667,0,1373.75,0.003998596,0
17553,02/18/15 3:36,20.79,26.39,0,1366.5,0.004003685,0
17554,02/18/15 3:38,20.79,26.29,0,1374.5,0.003988417,0
17555,02/18/15 3:39,20.79,26.29,0,1383.75,0.003988417,0
17556,02/18/15 3:40,20.79,26.29,0,1388,0.003988417,0
17557,02/18/15 3:40,20.79,26.29,0,1391.333333,0.003988417,0
17558,02/18/15 3:42,20.79,26.29,0,1391,0.003988417,0
17559,02/18/15 3:42,20.79,26.245,0,1385,0.003981546,0
17560,02/18/15 3:43,20.79,26.29,0,1365,0.003988417,0
17561,02/18/15 3:45,20.79,26.26,0,1349,0.003983837,0
17562,02/18/15 3:46,20.79,26.245,0,1347.5,0.003981546,0
17563,02/18/15 3:47,20.79,26.2,0,1354,0.003974676,0
17564,02/18/15 3:48,20.79,26.2,0,1366,0.003974676,0
17565,02/18/15 3:49,20.79,26.2,0,1366,0.003974676,0
17566,02/18/15 3:49,20.79,26.2,0,1354.5,0.003974676,0
17567,02/18/15 3:51,20.79,26.2,0,1350.5,0.003974676,0
17568,02/18/15 3:52,20.79,26.2,0,1362,0.003974676,0
17569,02/18/15 3:53,20.79,26.2,0,1369,0.003974676,0
17570,02/18/15 3:53,20.79,26.2,0,1391,0.003974676,0
17571,02/18/15 3:55,20.79,26.1,0,1406,0.003959409,0
17572,02/18/15 3:55,20.79,26.2,0,1409.25,0.003974676,0
17573,02/18/15 3:56,20.79,26.1,0,1415,0.003959409,0
17574,02/18/15 3:58,20.79,26.2,0,1432.333333,0.003974676,0
17575,02/18/15 3:59,20.79,26.2,0,1432.5,0.003974676,0
17576,02/18/15 4:00,20.79,26.2,0,1428,0.003974676,0
17577,02/18/15 4:01,20.79,26.1,0,1434,0.003959409,0
17578,02/18/15 4:01,20.79,26.1,0,1434,0.003959409,0
17579,02/18/15 4:02,20.79,26.1,0,1431.5,0.003959409,0
17580,02/18/15 4:04,20.79,26.1,0,1421,0.003959409,0
17581,02/18/15 4:05,20.79,26.1,0,1418.75,0.003959409,0
17582,02/18/15 4:06,20.79,26.1,0,1415,0.003959409,0
17583,02/18/15 4:07,20.79,26.1,0,1409.5,0.003959409,0
17584,02/18/15 4:08,20.79,26.1,0,1399.5,0.003959409,0
17585,02/18/15 4:08,20.79,26.1,0,1403.5,0.003959409,0
17586,02/18/15 4:09,20.79,26.13333333,0,1408.333333,0.003964498,0
17587,02/18/15 4:11,20.79,26.1,0,1414,0.003959409,0
17588,02/18/15 4:12,20.79,26.1,0,1413,0.003959409,0
17589,02/18/15 4:13,20.79,26.1,0,1411,0.003959409,0
17590,02/18/15 4:14,20.79,26.1,0,1401,0.003959409,0
17591,02/18/15 4:14,20.79,26.1,0,1394,0.003959409,0
17592,02/18/15 4:15,20.79,26.1,0,1399.5,0.003959409,0
17593,02/18/15 4:17,20.79,26,0,1416,0.003944142,0
17594,02/18/15 4:18,20.89,26.1,0,1426,0.003984008,0
17595,02/18/15 4:19,20.82333333,26.13333333,0,1424,0.003972693,0
17596,02/18/15 4:20,20.79,26.1,0,1441,0.003959409,0
17597,02/18/15 4:21,20.79,26.1,0,1449,0.003959409,0
17598,02/18/15 4:21,20.82333333,26.06666667,0,1456.5,0.003962494,0
17599,02/18/15 4:23,20.79,26.05,0,1463,0.003951776,0
17600,02/18/15 4:24,20.79,26,0,1467.5,0.003944142,0
17601,02/18/15 4:25,20.79,26.05,0,1468.5,0.003951776,0
17602,02/18/15 4:25,20.79,26.075,0,1464.75,0.003955592,0
17603,02/18/15 4:27,20.79,26.1,0,1452,0.003959409,0
17604,02/18/15 4:27,20.79,26,0,1453,0.003944142,0
17605,02/18/15 4:28,20.79,26,0,1463,0.003944142,0
17606,02/18/15 4:30,20.79,26,0,1466,0.003944142,0
17607,02/18/15 4:31,20.79,26.1,0,1465,0.003959409,0
17608,02/18/15 4:32,20.79,26.025,0,1481.25,0.003947959,0
17609,02/18/15 4:33,20.79,26,0,1482.75,0.003944142,0
17610,02/18/15 4:34,20.79,26,0,1482.5,0.003944142,0
17611,02/18/15 4:34,20.79,26,0,1482.5,0.003944142,0
17612,02/18/15 4:36,20.85666667,26.1,0,1501,0.003975794,0
17613,02/18/15 4:37,20.79,26.05,0,1500.5,0.003951776,0
17614,02/18/15 4:38,20.79,26.1,0,1514,0.003959409,0
17615,02/18/15 4:38,20.79,26.03333333,0,1511.666667,0.003949231,0
17616,02/18/15 4:40,20.79,26.03333333,0,1505,0.003949231,0
17617,02/18/15 4:40,20.84,26.1,0,1503,0.003971692,0
17618,02/18/15 4:41,20.79,26,0,1511,0.003944142,0
17619,02/18/15 4:43,20.79,26.1,0,1510,0.003959409,0
17620,02/18/15 4:44,20.79,26.1,0,1484,0.003959409,0
17621,02/18/15 4:45,20.79,26.1,0,1456.5,0.003959409,0
17622,02/18/15 4:46,20.79,26.1,0,1504.5,0.003959409,0
17623,02/18/15 4:46,20.79,26.1,0,1521.5,0.003959409,0
17624,02/18/15 4:47,20.79,26.1,0,1513,0.003959409,0
17625,02/18/15 4:49,20.79,26.1,0,1510,0.003959409,0
17626,02/18/15 4:50,20.79,26.1,0,1513.75,0.003959409,0
17627,02/18/15 4:51,20.79,26.1,0,1517.5,0.003959409,0
17628,02/18/15 4:52,20.79,26.175,0,1519,0.003970859,0
17629,02/18/15 4:53,20.79,26.1,0,1539.5,0.003959409,0
17630,02/18/15 4:53,20.79,26.1,0,1547,0.003959409,0
17631,02/18/15 4:54,20.79,26.2,0,1565,0.003974676,0
17632,02/18/15 4:56,20.79,26.2,0,1570,0.003974676,0
17633,02/18/15 4:57,20.79,26.2,0,1562,0.003974676,0
17634,02/18/15 4:58,20.79,26.2,0,1573.5,0.003974676,0
17635,02/18/15 4:59,20.745,26.2,0,1555,0.003963607,0
17636,02/18/15 4:59,20.745,26.2,0,1510,0.003963607,0
17637,02/18/15 5:00,20.76,26.26,0,1495.666667,0.003976437,0
17638,02/18/15 5:02,20.7,26.2,0,1493.5,0.003952566,0
17639,02/18/15 5:03,20.7,26.2,0,1493,0.003952566,0
17640,02/18/15 5:04,20.745,26.2,0,1481,0.003963607,0
17641,02/18/15 5:05,20.7675,26.2675,0,1472.5,0.003979429,0
17642,02/18/15 5:06,20.79,26.2,0,1492,0.003974676,0
17643,02/18/15 5:06,20.73,26.29,0,1494,0.003973613,0
17644,02/18/15 5:08,20.7,26.2,0,1506,0.003952566,0
17645,02/18/15 5:09,20.745,26.2,0,1527,0.003963607,0
17646,02/18/15 5:10,20.79,26.2,0,1541,0.003974676,0
17647,02/18/15 5:10,20.7,26.29,0,1535.5,0.00396623,0
17648,02/18/15 5:12,20.745,26.29,0,1528,0.00397731,0
17649,02/18/15 5:12,20.79,26.2,0,1520.5,0.003974676,0
17650,02/18/15 5:13,20.79,26.2,0,1503,0.003974676,0
17651,02/18/15 5:15,20.79,26.2,0,1496,0.003974676,0
17652,02/18/15 5:16,20.79,26.2,0,1498,0.003974676,0
17653,02/18/15 5:17,20.79,26.2,0,1484.5,0.003974676,0
17654,02/18/15 5:18,20.79,26.29,0,1476,0.003988417,0
17655,02/18/15 5:19,20.79,26.29,0,1477,0.003988417,0
17656,02/18/15 5:19,20.745,26.29,0,1487,0.00397731,0
17657,02/18/15 5:21,20.73,26.26,0,1494,0.00396905,0
17658,02/18/15 5:22,20.79,26.245,0,1506.5,0.003981546,0
17659,02/18/15 5:23,20.745,26.29,0,1510.5,0.00397731,0
17660,02/18/15 5:23,20.745,26.245,0,1523.5,0.003970458,0
17661,02/18/15 5:25,20.79,26.245,0,1514,0.003981546,0
17662,02/18/15 5:25,20.79,26.29,0,1527.5,0.003988417,0
17663,02/18/15 5:26,20.79,26.29,0,1532,0.003988417,0
17664,02/18/15 5:28,20.79,26.29,0,1532.5,0.003988417,0
17665,02/18/15 5:29,20.76,26.29,0,1538.666667,0.003981009,0
17666,02/18/15 5:30,20.79,26.29,0,1542,0.003988417,0
17667,02/18/15 5:31,20.79,26.2,0,1551.5,0.003974676,0
17668,02/18/15 5:31,20.79,26.2,0,1555.5,0.003974676,0
17669,02/18/15 5:32,20.79,26.2,0,1555,0.003974676,0
17670,02/18/15 5:34,20.79,26.29,0,1550.5,0.003988417,0
17671,02/18/15 5:35,20.79,26.29,0,1546,0.003988417,0
17672,02/18/15 5:36,20.79,26.29,0,1531,0.003988417,0
17673,02/18/15 5:37,20.79,26.29,0,1518,0.003988417,0
17674,02/18/15 5:38,20.79,26.29,0,1508.5,0.003988417,0
17675,02/18/15 5:38,20.79,26.29,0,1513.5,0.003988417,0
17676,02/18/15 5:39,20.79,26.29,0,1516,0.003988417,0
17677,02/18/15 5:41,20.79,26.29,0,1521,0.003988417,0
17678,02/18/15 5:42,20.79,26.29,0,1536.5,0.003988417,0
17679,02/18/15 5:43,20.79,26.39,0,1534,0.004003685,0
17680,02/18/15 5:44,20.79,26.39,0,1533.5,0.004003685,0
17681,02/18/15 5:44,20.745,26.39,0,1582,0.003992535,0
17682,02/18/15 5:45,20.76,26.39,0,1571.333333,0.003996249,0
17683,02/18/15 5:47,20.79,26.39,0,1571,0.004003685,0
17684,02/18/15 5:48,20.79,26.39,0,1568,0.004003685,0
17685,02/18/15 5:49,20.79,26.39,0,1563.666667,0.004003685,0
17686,02/18/15 5:50,20.79,26.39,0,1556.5,0.004003685,0
17687,02/18/15 5:51,20.79,26.39,0,1572,0.004003685,0
17688,02/18/15 5:51,20.79,26.39,0,1597,0.004003685,0
17689,02/18/15 5:53,20.79,26.39,0,1597,0.004003685,0
17690,02/18/15 5:54,20.79,26.39,0,1601.5,0.004003685,0
17691,02/18/15 5:55,20.79,26.39,0,1577,0.004003685,0
17692,02/18/15 5:55,20.79,26.39,0,1567,0.004003685,0
17693,02/18/15 5:57,20.79,26.39,0,1531,0.004003685,0
17694,02/18/15 5:57,20.79,26.445,0,1495,0.004012083,0
17695,02/18/15 5:58,20.79,26.42666667,0,1487,0.004009284,0
17696,02/18/15 6:00,20.79,26.39,0,1486,0.004003685,0
17697,02/18/15 6:01,20.79,26.445,0,1489,0.004012083,0
17698,02/18/15 6:02,20.79,26.5,0,1492,0.004020482,0
17699,02/18/15 6:03,20.79,26.5,0,1516,0.004020482,0
17700,02/18/15 6:04,20.79,26.5,0,1533,0.004020482,0
17701,02/18/15 6:04,20.79,26.5,0,1552.666667,0.004020482,0
17702,02/18/15 6:06,20.745,26.5,0,1561.5,0.004009284,0
17703,02/18/15 6:07,20.79,26.5,0,1569.5,0.004020482,0
17704,02/18/15 6:08,20.79,26.5,0,1563.5,0.004020482,0
17705,02/18/15 6:08,20.79,26.5,0,1555.5,0.004020482,0
17706,02/18/15 6:10,20.79,26.5,0,1561,0.004020482,0
17707,02/18/15 6:10,20.79,26.5,0,1566,0.004020482,0
17708,02/18/15 6:11,20.79,26.5,0,1564,0.004020482,0
17709,02/18/15 6:13,20.79,26.5,0,1563,0.004020482,0
17710,02/18/15 6:14,20.7,26.5,0,1543,0.003998115,0
17711,02/18/15 6:15,20.7,26.5,0,1538,0.003998115,0
17712,02/18/15 6:16,20.79,26.5,0,1533.5,0.004020482,0
17713,02/18/15 6:16,20.79,26.6,0,1535,0.004035752,0
17714,02/18/15 6:17,20.76,26.6,0,1543.5,0.004028255,0
17715,02/18/15 6:19,20.79,26.6,0,1556.5,0.004035752,0
17716,02/18/15 6:20,20.745,26.6,0,1554,0.004024512,0
17717,02/18/15 6:21,20.7,26.6,0,1559.5,0.004013299,0
17718,02/18/15 6:22,20.7,26.6,0,1549,0.004013299,0
17719,02/18/15 6:23,20.7,26.63333333,0,1538,0.004018361,0
17720,02/18/15 6:23,20.7,26.6,0,1533,0.004013299,0
17721,02/18/15 6:24,20.7,26.65,0,1536,0.004020892,0
17722,02/18/15 6:26,20.7,26.7,0,1529.333333,0.004028485,0
17723,02/18/15 6:27,20.76,26.7,0,1504.666667,0.004043498,0
17724,02/18/15 6:28,20.79,26.6,0,1498.5,0.004035752,0
17725,02/18/15 6:29,20.79,26.6,0,1489,0.004035752,0
17726,02/18/15 6:29,20.79,26.6,0,1484,0.004035752,0
17727,02/18/15 6:30,20.79,26.65,0,1481,0.004043387,0
17728,02/18/15 6:32,20.79,26.6,0,1484.5,0.004035752,0
17729,02/18/15 6:33,20.79,26.6,0,1486,0.004035752,0
17730,02/18/15 6:34,20.79,26.6,0,1480.333333,0.004035752,0
17731,02/18/15 6:35,20.79,26.6,0,1475,0.004035752,0
17732,02/18/15 6:36,20.79,26.63333333,0,1466.666667,0.004040842,0
17733,02/18/15 6:36,20.79,26.65,0,1475.5,0.004043387,0
17734,02/18/15 6:38,20.79,26.65,0,1477,0.004043387,0
17735,02/18/15 6:39,20.79,26.6,0,1477,0.004035752,0
17736,02/18/15 6:40,20.79,26.7,0,1473,0.004051023,0
17737,02/18/15 6:40,20.79,26.7,0,1473,0.004051023,0
17738,02/18/15 6:42,20.79,26.7,0,1473,0.004051023,0
17739,02/18/15 6:42,20.79,26.7,0,1480,0.004051023,0
17740,02/18/15 6:43,20.79,26.7,0,1480,0.004051023,0
17741,02/18/15 6:45,20.79,26.7,0,1473.5,0.004051023,0
17742,02/18/15 6:46,20.79,26.7,0,1479.5,0.004051023,0
17743,02/18/15 6:47,20.79,26.7,0,1483,0.004051023,0
17744,02/18/15 6:48,20.79,26.745,0,1499,0.004057895,0
17745,02/18/15 6:49,20.79,26.79,0,1501,0.004064767,0
17746,02/18/15 6:49,20.79,26.79,0,1502.666667,0.004064767,0
17747,02/18/15 6:51,20.79,26.79,0,1507,0.004064767,0
17748,02/18/15 6:52,20.745,26.84,0,1513,0.00406106,0
17749,02/18/15 6:53,20.79,26.89,0,1508,0.004080039,0
17750,02/18/15 6:53,20.7,26.89,0,1501,0.004057339,0
17751,02/18/15 6:55,20.76,26.89,0,1497.666667,0.00407246,0
17752,02/18/15 6:55,20.745,26.89,0,1494,0.004068675,0
17753,02/18/15 6:56,20.79,26.89,0,1504,0.004080039,0
17754,02/18/15 6:58,20.79,26.89,0,1505.5,0.004080039,0
17755,02/18/15 6:59,20.79,26.89,0,1497.666667,0.004080039,0
17756,02/18/15 7:00,20.79,26.89,0,1506,0.004080039,0
17757,02/18/15 7:01,20.79,26.89,0,1505,0.004080039,0
17758,02/18/15 7:01,20.79,26.89,0,1510,0.004080039,0
17759,02/18/15 7:02,20.79,26.89,0,1516.333333,0.004080039,0
17760,02/18/15 7:04,20.79,26.89,0,1515,0.004080039,0
17761,02/18/15 7:05,20.79,26.89,0,1519.666667,0.004080039,0
17762,02/18/15 7:06,20.745,26.89,0,1520,0.004068675,0
17763,02/18/15 7:07,20.745,26.89,0,1525,0.004068675,0
17764,02/18/15 7:08,20.7,26.89,0,1509.5,0.004057339,0
17765,02/18/15 7:08,20.745,26.89,0,1496,0.004068675,0
17766,02/18/15 7:09,20.73,27,0,1495.333333,0.004081631,0
17767,02/18/15 7:11,20.7675,27,0,1496.75,0.00409113,0
17768,02/18/15 7:12,20.7,27,0,1489,0.004074045,0
17769,02/18/15 7:13,20.79,27,0,1486.666667,0.004096839,0
17770,02/18/15 7:14,20.76,27,0,1494.333333,0.004089229,0
17771,02/18/15 7:14,20.79,27,0,1496,0.004096839,0
17772,02/18/15 7:15,20.79,27,0,1491,0.004096839,0
17773,02/18/15 7:17,20.79,27,0,1520,0.004096839,0
17774,02/18/15 7:18,20.79,27,0,1519,0.004096839,0
17775,02/18/15 7:19,20.745,27,0,1512,0.004085428,0
17776,02/18/15 7:20,20.76,27,0,1498,0.004089229,0
17777,02/18/15 7:21,20.79,27,0,1483,0.004096839,0
17778,02/18/15 7:21,20.79,27.05,0,1486,0.004104476,0
17779,02/18/15 7:23,20.745,27.1,0,1471,0.004100659,0
17780,02/18/15 7:24,20.745,27.1,0,1456,0.004100659,0
17781,02/18/15 7:25,20.745,27.05,0,1446,0.004093044,0
17782,02/18/15 7:25,20.79,27.1,0,1443,0.004112113,0
17783,02/18/15 7:27,20.7,27.1,0,1447.666667,0.004089233,0
17784,02/18/15 7:27,20.79,27.1,0,1451,0.004112113,0
17785,02/18/15 7:28,20.79,27.1,0,1452,0.004112113,0
17786,02/18/15 7:30,20.76,27.1,0,1446.75,0.004104474,0
17787,02/18/15 7:31,20.79,27.1,0,1455.5,0.004112113,0
17788,02/18/15 7:32,20.745,27.1,0,1456,0.004100659,0
17789,02/18/15 7:33,20.7,27.1,0,1464.666667,0.004089233,0
17790,02/18/15 7:34,20.79,27.1,0,1434,0.004112113,0
17791,02/18/15 7:34,20.79,27.1,0,1418,0.004112113,0
17792,02/18/15 7:36,20.745,27.1,0,1417,0.004100659,0
17793,02/18/15 7:37,20.7,27.1,0,1422,0.004089233,0
17794,02/18/15 7:38,20.745,27.1,0,1420,0.004100659,0
17795,02/18/15 7:38,20.76,27.13333333,0,1426.333333,0.004109556,0
17796,02/18/15 7:40,20.7,27.2,0,1427,0.004104422,0
17797,02/18/15 7:40,20.7,27.15,0,1430,0.004096828,0
17798,02/18/15 7:41,20.7,27.1,0,1414.5,0.004089233,0
17799,02/18/15 7:43,20.745,27.15,0,1414,0.004108275,0
17800,02/18/15 7:44,20.7,27.2,0,1413.5,0.004104422,0
17801,02/18/15 7:45,20.7,27.2,0,1411,0.004104422,0
17802,02/18/15 7:46,20.73,27.2,0,1412.333333,0.004112065,0
17803,02/18/15 7:46,20.745,27.2,0,1412.5,0.004115891,0
17804,02/18/15 7:47,20.745,27.2,0,1410.5,0.004115891,0
17805,02/18/15 7:49,20.7,27.2,0,1412,0.004104422,0
17806,02/18/15 7:50,20.7,27.15,0,1405,0.004096828,0
17807,02/18/15 7:51,20.7,27.2,0,1407,0.004104422,0
17808,02/18/15 7:52,20.7,27.2,0,1420.333333,0.004104422,0
17809,02/18/15 7:53,20.7,27.2,0,1437,0.004104422,0
17810,02/18/15 7:53,20.745,27.2,0,1439.666667,0.004115891,0
17811,02/18/15 7:54,20.79,27.2,0,1443,0.004127388,0
17812,02/18/15 7:56,20.7,27.2,0,1437,0.004104422,0
17813,02/18/15 7:57,20.7,27.2,0,1421.5,0.004104422,0
17814,02/18/15 7:58,20.7,27.2,0,1404,0.004104422,0
17815,02/18/15 7:59,20.7,27.2,0,1404.5,0.004104422,0
17816,02/18/15 7:59,20.7,27.16666667,0,1408.666667,0.004099359,0
17817,02/18/15 8:00,20.7,27.2,0,1400,0.004104422,0
17818,02/18/15 8:02,20.7,27.2,0,1401,0.004104422,0
17819,02/18/15 8:03,20.7,27.15,0,1404,0.004096828,0
17820,02/18/15 8:04,20.7,27.2,0,1406.5,0.004104422,0
17821,02/18/15 8:05,20.7,27.2,0,1406,0.004104422,0
17822,02/18/15 8:06,20.7,27.15,0,1413.5,0.004096828,0
17823,02/18/15 8:06,20.7,27.15,0,1428,0.004096828,0
17824,02/18/15 8:08,20.7,27.2,0,1443,0.004104422,0
17825,02/18/15 8:09,20.7,27.2,0,1451.5,0.004104422,0
17826,02/18/15 8:10,20.7,27.2,0,1434.5,0.004104422,0
17827,02/18/15 8:10,20.7,27.2,0,1429.5,0.004104422,0
17828,02/18/15 8:12,20.7,27.2,0,1423,0.004104422,0
17829,02/18/15 8:12,20.7,27.2,0,1432.333333,0.004104422,0
17830,02/18/15 8:13,20.7,27.2,9.333333333,1427.666667,0.004104422,0
17831,02/18/15 8:15,20.7,27.2,14,1430,0.004104422,0
17832,02/18/15 8:16,20.7,27.2,14,1430,0.004104422,0
17833,02/18/15 8:17,20.7,27.13333333,14,1433,0.004094296,0
17834,02/18/15 8:18,20.745,27.1,14,1432.25,0.004100659,0
17835,02/18/15 8:19,20.7,27.1,14,1434,0.004089233,0
17836,02/18/15 8:19,20.79,27.1,14,1426.75,0.004112113,0
17837,02/18/15 8:21,20.79,27.1,14,1415.5,0.004112113,0
17838,02/18/15 8:22,20.79,27.1,14,1405,0.004112113,0
17839,02/18/15 8:23,20.79,27.1,14,1404,0.004112113,0
17840,02/18/15 8:23,20.79,27.1,14,1421,0.004112113,0
17841,02/18/15 8:25,20.79,27.1,14,1437.75,0.004112113,0
17842,02/18/15 8:25,20.79,27,14,1482,0.004096839,0
17843,02/18/15 8:26,20.79,27.025,14,1477.25,0.004100658,0
17844,02/18/15 8:28,20.79,27,14,1477.666667,0.004096839,0
17845,02/18/15 8:29,20.79,27,14,1475.25,0.004096839,0
17846,02/18/15 8:30,20.79,27,14,1471.25,0.004096839,0
17847,02/18/15 8:31,20.82333333,27.03333333,14,1468,0.004110412,0
17848,02/18/15 8:31,20.84,27.025,14,1472.5,0.004113382,0
17849,02/18/15 8:32,20.815,26.9725,14,1461.25,0.004098984,0
17850,02/18/15 8:34,20.84,27,14,1438,0.004109552,0
17851,02/18/15 8:35,20.82333333,27.03333333,14,1444,0.004110412,0
17852,02/18/15 8:36,20.89,27.05,14,1433.25,0.004129983,0
17853,02/18/15 8:37,20.85666667,27.06666667,14,1430,0.004124021,0
17854,02/18/15 8:38,20.84,27.0225,14,1427.5,0.004112999,0
17855,02/18/15 8:38,20.84,27,14,1416.25,0.004109552,0
17856,02/18/15 8:39,20.89,27.03333333,14,1422,0.004127421,0
17857,02/18/15 8:41,20.89,27,14,1427,0.004122298,0
17858,02/18/15 8:42,20.89,27,14,1402,0.004122298,0
17859,02/18/15 8:43,20.865,26.9725,14,1404,0.004111701,0
17860,02/18/15 8:44,20.89,26.945,14,1406.5,0.004113846,0
17861,02/18/15 8:44,20.89,27,14,1410,0.004122298,0
17862,02/18/15 8:45,20.82333333,26.92666667,14,1414,0.004094087,0
17863,02/18/15 8:47,20.79,26.89,14,1412.5,0.004080039,0
17864,02/18/15 8:48,20.815,26.9175,14,1418.5,0.004090571,0
17865,02/18/15 8:49,20.84,26.945,10.5,1428,0.004101125,0
17866,02/18/15 8:50,20.79,26.89,7,1472.4,0.004080039,0
17867,02/18/15 8:51,20.82333333,26.92666667,9.333333333,1482.333333,0.004094087,0
17868,02/18/15 8:51,20.89,27,4.666666667,1492,0.004122298,0
17869,02/18/15 8:53,20.865,26.945,7,1469,0.004107481,0
17870,02/18/15 8:54,20.84,26.895,7,1463.5,0.004093465,0
17871,02/18/15 8:55,20.815,26.815,7,1471.75,0.004074892,0
17872,02/18/15 8:55,20.865,26.865,7,1500.25,0.004095206,0
17873,02/18/15 8:57,20.82333333,26.89333333,9.333333333,1514,0.004088985,0
17874,02/18/15 8:57,20.815,26.8925,13.5,1499.25,0.004086747,0
17875,02/18/15 8:58,20.85666667,26.89,20.66666667,1485.666667,0.004096926,0
17876,02/18/15 9:00,20.865,26.865,17,1476.25,0.004095206,0
17877,02/18/15 9:01,20.865,26.865,12,1462.5,0.004095206,0
17878,02/18/15 9:02,20.84,26.84,7,1452.5,0.004085039,0
17879,02/18/15 9:03,20.815,26.815,7,1448,0.004074892,0
17880,02/18/15 9:04,20.82333333,26.82333333,13.33333333,1448.666667,0.004078272,0
17881,02/18/15 9:04,20.815,26.815,11.5,1443.25,0.004074892,0
17882,02/18/15 9:06,20.79,26.79,10,1450.5,0.004064767,0
17883,02/18/15 9:07,20.84,26.84,12,1446.5,0.004085039,0
17884,02/18/15 9:08,20.79,26.79,14,1444.666667,0.004064767,0
17885,02/18/15 9:08,20.79,26.7675,10,1455,0.004061331,0
17886,02/18/15 9:10,20.79,26.745,50.75,1463.75,0.004057895,0
17887,02/18/15 9:10,20.79,27.1225,296,1467,0.00411555,1
17888,02/18/15 9:11,20.79,27.03,419,1488,0.004101421,1
17889,02/18/15 9:13,20.79,27.29666667,429,1486,0.004142154,1
17890,02/18/15 9:14,20.815,27.4175,430.75,1511.75,0.004167064,1
17891,02/18/15 9:15,20.815,27.7175,429.75,1505.25,0.004212968,1
17892,02/18/15 9:16,20.865,27.745,423.5,1514.5,0.004230262,1
17893,02/18/15 9:16,20.89,27.745,423.5,1521.5,0.004236818,1
17894,02/18/15 9:17,20.89,28.0225,418.75,1632,0.004279485,1
17895,02/18/15 9:19,21,28.1,409,1864,0.004320732,1