id,name,type,lat,lon,address,pkd,regon,competitors_1km,competitors_3km,competitors_5km,population_density,income_level,unemployment_rate,accessibility_score,rental_cost
529094815,Bar Orientalny Son Anh,restaurant,50.0396615,20.0256446,,restaurant,,4,108,310,200,40000,0.05,0.5276992386825876,1236.1503806587061
974054090,Za furtką,restaurant,50.0072473,20.0120853,,restaurant,,30,150,444,200,40000,0.05,0.8590823526381385,1070.4588236809307
1122602714,Pilea,restaurant,50.008091,19.948805,,restaurant,,56,225,789,200,40000,0.05,0.4816958126736779,1259.152093663161
1229057838,Pizza Accanto,restaurant,50.0321212,19.9224354,,restaurant,,68,479,704,200,40000,0.05,0.16047402287959345,1419.7629885602032
1275838430,Karczma Pod Wielką Solą,restaurant,49.9931657,20.0780957,,restaurant,,4,107,173,200,40000,0.05,0.21605829202804827,1391.9708539859757
1358248666,VietHome,restaurant,50.0351346,19.9411989,,restaurant,,68,553,748,200,40000,0.05,0.3150175565483473,1342.4912217258263
1390617288,Pizzeria Kliny,restaurant,50.0000459,19.9123803,,restaurant,,15,137,366,200,40000,0.05,0.12380287977532078,1438.0985601123396
1417604832,Martello,restaurant,50.0123449,19.9456515,,restaurant,,57,312,789,200,40000,0.05,0.44267101203507986,1278.66449398246
1480558716,Gąska,restaurant,50.0450686,19.9503328,,restaurant,,230,454,718,200,40000,0.05,0.3293279891183868,1335.3360054408067
1480577414,Me Thai,restaurant,50.0454063,19.9478084,,restaurant,,226,454,710,200,40000,0.05,0.30821280799292394,1345.893596003538
1481032671,Luktung,restaurant,50.0446373,19.9484281,,restaurant,,233,455,718,200,40000,0.05,0.3179333301722098,1341.033334913895
1499199594,Lokalna,restaurant,50.0458072,19.9491389,,restaurant,,229,453,712,200,40000,0.05,0.3155183665685575,1342.2408167157214
1615655233,Kmita,restaurant,49.984456,20.056697,,restaurant,,64,111,206,200,40000,0.05,0.412108365002535,1293.9458174987326
1739173875,Hoang Hai,restaurant,50.0396261,19.9255297,,restaurant,,64,488,689,200,40000,0.05,0.1564329674945687,1421.7835162527158
1772724850,Między-Nami,restaurant,50.0269095,19.920802,,restaurant,,74,442,705,200,40000,0.05,0.16355248854154758,1418.2237557292262
1892359252,Pizzeria Impero Romano,restaurant,49.9847298,20.0600018,,restaurant,,66,113,197,200,40000,0.05,0.3808558317096159,1309.572084145192
1892359285,Off Meat,restaurant,49.9847453,20.0598757,,restaurant,,66,113,199,200,40000,0.05,0.38211608512764317,1308.9419574361784
1895018303,Va banque,restaurant,49.9833024,20.0612074,,restaurant,,62,114,187,200,40000,0.05,0.3655588553285575,1317.2205723357213
1895018311,Creperie,restaurant,49.9819446,20.059738,,restaurant,,61,114,186,200,40000,0.05,0.3759306037658966,1312.0346981170517
1895018316,Karczma Halit,restaurant,49.982716,20.0568327,,restaurant,,59,111,197,200,40000,0.05,0.40597201704885977,1297.01399147557
1912640488,Hong HA,restaurant,50.0254688,19.9730047,,restaurant,,34,477,795,200,40000,0.05,0.6288657930707676,1185.5671034646161
1913933714,Yatai Sushi,restaurant,50.0450207,19.9494256,,restaurant,,232,454,717,200,40000,0.05,0.3229007928043307,1338.5496035978347
1938966314,Ali Baba,restaurant,50.0486254,19.9448973,,restaurant,,194,437,698,200,40000,0.05,0.26510292744835473,1367.4485362758228
1979218268,Świetlica,restaurant,50.0305571,19.9068674,,restaurant,,59,256,635,200,40000,0.05,0.1,1490.087174469254
1979218270,Bistro4mat,restaurant,50.0301572,19.9081436,,restaurant,,66,267,645,200,40000,0.05,0.1,1483.4008412487526
1979745725,Bac-Bo,restaurant,50.048018,19.9277401,,restaurant,,48,432,647,200,40000,0.05,0.13240438728577397,1433.7978063571131
1980060510,Panda Pizza,restaurant,50.0257891,19.9884075,,restaurant,,36,290,744,200,40000,0.05,0.7172521025613392,1141.3739487193304
2026922527,Marchewka z Groszkiem,restaurant,50.04833,19.9454035,,restaurant,,197,438,700,200,40000,0.05,0.27085209235369323,1364.5739538231533
2060861343,Makaroniarnia,restaurant,50.0454655,19.9479786,,restaurant,,227,454,711,200,40000,0.05,0.3091065387333589,1345.4467306333206
2060861354,Euskadi,restaurant,50.045023,19.9483794,,restaurant,,228,454,713,200,40000,0.05,0.31503599559100837,1342.4820022044958
2060861359,Il Toscano,restaurant,50.0454784,19.9482718,,restaurant,,228,454,712,200,40000,0.05,0.3112263403845952,1344.3868298077023
2132342126,Pokusa,restaurant,50.0430652,19.9484517,,restaurant,,218,461,721,200,40000,0.05,0.3282977829476732,1335.8511085261634
2135606465,Broo,restaurant,50.0498686,19.9419995,,restaurant,,177,431,692,200,40000,0.05,0.2350859351397584,1382.4570324301208
2219296018,Oberża Sąsiadów,restaurant,50.010773,19.9651564,,restaurant,,58,247,814,200,40000,0.05,0.6352899795783087,1182.3550102108456
2392829471,Jadłodajnia U Babuni,restaurant,50.0428751,19.931649,,restaurant,,109,474,707,200,40000,0.05,0.19314602306177686,1403.4269884691116
2766048439,Kuchnia rodzinna,restaurant,50.016785,19.9733026,,restaurant,,48,278,803,200,40000,0.05,0.6846450584246468,1157.6774707876766
2904954500,Wietnam,restaurant,50.0448926,19.9484885,,restaurant,,228,454,717,200,40000,0.05,0.3167152740614084,1341.6423629692958
2960323684,Igła Catering Obiady Domowe,restaurant,49.9818796,19.9612606,,restaurant,,1,40,243,200,40000,0.05,0.5723213813480865,1213.8393093259567
2962280177,Ciao,restaurant,50.04875,19.9448484,,restaurant,,191,437,698,200,40000,0.05,0.26391158937532033,1368.0442053123397
3038956835,Sztolnia,restaurant,49.9830866,20.0599069,,restaurant,,62,114,188,200,40000,0.05,0.3775130710472573,1311.2434644763714
3060588791,Restauracja Magnifica,restaurant,50.0084105,19.9321713,,restaurant,,31,290,717,200,40000,0.05,0.3165185405631029,1341.7407297184486
3207801554,Pizzeria,restaurant,49.9843549,19.9442721,,restaurant,,10,67,262,200,40000,0.05,0.42117636603019526,1289.4118169849023
3300214147,Pod Kominem,restaurant,49.9898437,20.0502163,,restaurant,,58,117,232,200,40000,0.05,0.48766932403184593,1256.165337984077
3467926511,Atom Resto Bar,restaurant,50.0292724,19.9057672,,restaurant,,64,248,634,200,40000,0.05,0.1,1493.3734386243414
3657179195,La Forchetta,restaurant,50.0084171,19.9345757,,restaurant,,34,291,729,200,40000,0.05,0.34036475208642325,1329.8176239567883
3731621468,Wodnik,restaurant,50.014434,19.9642107,,restaurant,,63,269,817,200,40000,0.05,0.614096598811293,1192.9517005943535
3745363415,The Pizza,restaurant,50.0082229,19.9605985,,restaurant,,60,236,814,200,40000,0.05,0.5974960513659497,1201.251974317025
3757479361,Trzej kucharze,restaurant,49.9987176,19.9180082,,restaurant,,8,154,366,200,40000,0.05,0.17998171867938584,1410.0091406603071
3782911771,Tesone,restaurant,50.0191431,19.9069414,,restaurant,,50,190,614,200,40000,0.05,0.1,1475.0358226378792
3977689061,Nolio,restaurant,50.0493534,19.9428403,,restaurant,,187,432,696,200,40000,0.05,0.2448186048603902,1377.590697569805
3990802127,Prosta,restaurant,50.0491751,19.9438468,,restaurant,,189,434,697,200,40000,0.05,0.2535837401121267,1373.2081299439367
3999482920,Krako Slow Wines,restaurant,50.0474644,19.9627719,,restaurant,,118,432,723,200,40000,0.05,0.3967752742990175,1301.6123628504913
4052022989,Akita Ramen,restaurant,50.048566,19.9423334,,restaurant,,197,437,697,200,40000,0.05,0.24607075188979344,1376.9646240551033
4072258658,Nasza,restaurant,50.0414581,19.9264482,,restaurant,,69,478,690,200,40000,0.05,0.15568718244657231,1422.1564087767138
4103560795,restaurant_4103560795,restaurant,50.0279341,19.9197855,,restaurant,,73,444,704,200,40000,0.05,0.15060727851833944,1424.6963607408302
4198315898,Vincenzo Pedone Pizza Napoletana,restaurant,50.0276004,19.9289629,,restaurant,,47,527,730,200,40000,0.05,0.237894255593748,1381.052872203126
4291175494,Qrudo,restaurant,50.0499693,19.9478968,,restaurant,,204,426,697,200,40000,0.05,0.27808072523791105,1360.9596373810446
4319420628,Warzelnia Smaków,restaurant,49.9833285,20.0565925,,restaurant,,63,111,204,200,40000,0.05,0.4100296644321755,1294.9851677839124
4319750132,Nova Sushi,restaurant,50.0229743,19.9020659,,restaurant,,55,194,588,200,40000,0.05,0.1,1502.9638755243766
4381023877,Momento,restaurant,50.0471358,19.9630092,,restaurant,,117,435,725,200,40000,0.05,0.40082532377610647,1299.5873381119468
4397860824,Kopalnia Smaku,restaurant,49.9846281,20.0566202,,restaurant,,64,111,207,200,40000,0.05,0.4133022620079341,1293.348868996033
4719351889,Peperone,restaurant,50.0407553,19.9966029,,restaurant,,29,215,649,200,40000,0.05,0.5910336485112664,1204.4831757443667
4762149722,Sushimy,restaurant,50.0271301,19.918714,,restaurant,,76,386,697,200,40000,0.05,0.1430603217256291,1428.4698391371853
4784285268,Mazi,restaurant,50.0440533,19.9485693,,restaurant,,233,456,719,200,40000,0.05,0.3228138997749408,1338.5930501125297
4784969385,Chinkalnia,restaurant,50.0473383,19.9469416,,restaurant,,221,444,702,200,40000,0.05,0.28893682014534683,1355.5315899273266
4984038064,Aldente Bistro,restaurant,50.0187249,19.9811222,,restaurant,,45,300,753,200,40000,0.05,0.7341065602821257,1132.946719858937
5074188290,Mexicana,restaurant,49.9959869,20.0571647,,restaurant,,16,138,240,200,40000,0.05,0.42694608476163776,1286.526957619181
5101459431,Praska,restaurant,50.0461986,19.9113507,,restaurant,,8,350,571,200,40000,0.05,0.1,1499.825195254544
5106018654,Zajazd Wielicki,restaurant,49.9949361,20.0506628,,restaurant,,27,139,242,200,40000,0.05,0.4908475290200225,1254.5762354899887
5109256312,Pizza1,restaurant,50.0447921,19.9571881,,restaurant,,195,450,737,200,40000,0.05,0.38038794362760986,1309.806028186195
5115887639,Manzana,restaurant,50.0444303,19.9520986,,restaurant,,237,455,723,200,40000,0.05,0.3466550926156817,1326.6724536921593
5126206690,Słowiańska Uczta,restaurant,50.0479704,19.9436652,,restaurant,,201,435,698,200,40000,0.05,0.26008318256715357,1369.9584087164233
5231191425,Pizzeria 00,restaurant,50.0423682,19.9440633,,restaurant,,224,478,715,200,40000,0.05,0.29828932043684175,1350.855339781579
5329001226,Meating Point,restaurant,50.0391955,19.9653318,,restaurant,,54,505,784,200,40000,0.05,0.4767246125136625,1261.6376937431687
5345791846,PePe pizza,restaurant,50.0158207,20.0120094,,restaurant,,67,179,439,200,40000,0.05,0.8013746650474887,1099.3126674762557
5345791892,El Toro,restaurant,50.0168294,20.0159921,,restaurant,,55,167,438,200,40000,0.05,0.767841440655334,1116.079279672333
5368349777,Makarun,restaurant,50.0449326,19.9709409,,restaurant,,80,414,742,200,40000,0.05,0.4648953527046952,1267.5523236476524
5528750091,Nesi's Home Kitchen,restaurant,50.0493185,19.9449388,,restaurant,,186,431,698,200,40000,0.05,0.26080786072294315,1369.5960696385284
5634953523,Bar Na Klinach,restaurant,50.0001303,19.9116591,,restaurant,,15,137,364,200,40000,0.05,0.11659003905888887,1441.7049804705555
5643501426,Orzo,restaurant,50.0475796,19.9600423,,restaurant,,152,430,726,200,40000,0.05,0.378675919873551,1310.6620400632246
5688091512,Ząbek czosnku,restaurant,50.0330304,20.0421168,,restaurant,,3,75,236,200,40000,0.05,0.46475873044018967,1267.6206347799052
5860966486,Zielonym do góry,restaurant,50.0461658,19.95554,,restaurant,,231,441,726,200,40000,0.05,0.3590653161483761,1320.467341925812
5901623418,Carl & Bart Zabłocie,restaurant,50.045231,19.9669924,,restaurant,,94,428,742,200,40000,0.05,0.44005848352169985,1279.97075823915
5901631807,Restauracja Poziomka,restaurant,50.0437249,19.9709995,,restaurant,,75,422,753,200,40000,0.05,0.4753195372171749,1262.3402313914125
5944799781,Tawerna Horn,restaurant,50.0329965,19.9955373,,restaurant,,17,238,672,200,40000,0.05,0.66703082672112,1166.48458663944
5945604780,WellDone,restaurant,50.0484712,19.9451943,,restaurant,,193,437,698,200,40000,0.05,0.2683496749177188,1365.8251625411406
5946255505,Augusta,restaurant,50.0473291,19.9484115,,restaurant,,223,440,705,200,40000,0.05,0.29989879024100996,1350.050604879495
5946255506,Slay Space,restaurant,50.0470283,19.9476805,,restaurant,,221,445,705,200,40000,0.05,0.29650934042163546,1351.7453297891823
5973426628,Husajn,restaurant,50.0236998,19.9970506,,restaurant,,23,230,671,200,40000,0.05,0.7611738120724352,1119.4130939637823
5989488685,Yapito Sushi Kliny,restaurant,50.0059072,19.9043606,,restaurant,,13,152,401,200,40000,0.05,0.1,1479.1082822337753
5992478563,Restauracja Niko,restaurant,49.9727164,19.9009776,,restaurant,,0,10,65,200,40000,0.05,0.1,1513.5618397700428
6049516485,Monkey Business,restaurant,50.0452536,19.9478482,,restaurant,,226,454,711,200,40000,0.05,0.30951476799280575,1345.242616003597
6123472621,Bar Mleczny Zdrowie,restaurant,50.0237175,19.9923475,,restaurant,,34,270,706,200,40000,0.05,0.7507851203278949,1124.6074398360524
6178041805,Pieprz i Wanilia,restaurant,50.0153194,19.9505113,,restaurant,,51,314,816,200,40000,0.05,0.4819444581852048,1259.0277709073976
6192069412,Afrin,restaurant,50.0265596,19.9121526,,restaurant,,82,297,662,200,40000,0.05,0.1,1458.8730227121696
6223298953,Pierogarnia Pycha Micha,restaurant,50.0245421,19.9828566,,restaurant,,35,319,762,200,40000,0.05,0.7006321934526291,1149.6839032736855
6304273053,Yana Sushi & Ramen,restaurant,50.0455028,19.955739,,restaurant,,224,443,726,200,40000,0.05,0.36521334853038945,1317.3933257348053
6310970248,Fabryka Pizzy,restaurant,50.0067771,19.9673799,,restaurant,,43,245,763,200,40000,0.05,0.6668333737572222,1166.583313121389
6358211856,Ogniem i Mieczem,restaurant,50.0427494,19.9434827,,restaurant,,226,475,714,200,40000,0.05,0.2913593012217137,1354.320349389143
6359448277,Przystanek Korona Resto & Bar,restaurant,50.0436813,19.9475247,,restaurant,,217,462,720,200,40000,0.05,0.3172326106366553,1341.3836946816723
6384460486,Beztroski Pomidor Włoski,restaurant,49.9719873,20.0617699,,restaurant,,4,109,124,200,40000,0.05,0.3217499054699602,1339.12504726502
6468738796,Irlandia,restaurant,50.016501,20.012333,,restaurant,,62,180,440,200,40000,0.05,0.7939937161152653,1103.0031419423674
6470912874,Trattoria sotto il forte,restaurant,50.0015514,19.9048753,,restaurant,,14,119,355,200,40000,0.05,0.1,1475.6867507102204
6471802986,Quchnia,restaurant,50.0349663,19.9383183,,restaurant,,70,560,745,200,40000,0.05,0.2909672609406396,1354.51636952968
6673727766,Centuś,restaurant,50.0355773,20.0244616,,restaurant,,4,142,331,200,40000,0.05,0.5682461175797109,1215.8769412101447
6695085920,Tutti Santi Kraków,restaurant,50.0153865,19.9322439,,restaurant,,37,343,750,200,40000,0.05,0.30518826510629493,1347.4058674468524
6814021300,Pierogarnia Dzień Dobry,restaurant,49.9819538,20.0605438,,restaurant,,61,114,185,200,40000,0.05,0.3682392024761123,1315.880398761944
6855035987,restaurant_6855035987,restaurant,50.0182629,19.9397391,,restaurant,,36,413,772,200,40000,0.05,0.37032471977851544,1314.8376401107423
6967360985,Po Krakosku,restaurant,50.0483933,19.9446093,,restaurant,,195,437,698,200,40000,0.05,0.2644701820197839,1367.764908990108
7009938264,Mustachos,restaurant,50.0497841,19.9633496,,restaurant,,100,411,697,200,40000,0.05,0.38180032085339943,1309.0998395733002
7086813188,Hoang Hai,restaurant,50.0391745,19.9416742,,restaurant,,131,517,731,200,40000,0.05,0.29739481955439895,1351.3025902228005
7086813190,Mezzalians,restaurant,50.0396491,19.9419598,,restaurant,,157,515,731,200,40000,0.05,0.29709773461384104,1351.4511326930794
7086813206,Bar Thien Puoc,restaurant,50.0423325,19.9445676,,restaurant,,224,479,717,200,40000,0.05,0.30251942492925743,1348.7402875353714
7108281292,Pierwszy Stopień,restaurant,50.0499923,19.9425293,,restaurant,,180,427,692,200,40000,0.05,0.23828408065868056,1380.8579596706597
7111055305,Bottiglieria 1881,restaurant,50.0486716,19.9462338,,restaurant,,204,434,698,200,40000,0.05,0.27476011492750263,1362.6199425362488
7111055308,The BlueBerry Resto & Bar,restaurant,50.0486841,19.94527,,restaurant,,192,435,698,200,40000,0.05,0.2675032769486144,1366.2483615256929
7760753491,Art&Craft Atelier,restaurant,50.0448232,19.9459839,,restaurant,,217,461,711,200,40000,0.05,0.2980841704698408,1350.9579147650795
8046889608,Bistro Kampus,restaurant,49.9855907,20.076961,,restaurant,,19,110,152,200,40000,0.05,0.2170170214180882,1391.491489290956
8075497582,"Jadłodajnia ""Titum""",restaurant,49.9847624,20.0613885,,restaurant,,64,114,190,200,40000,0.05,0.36748657041846744,1316.2567147907662
8110987548,"Restauracja ""Dobczyckie Przysmaki""",restaurant,49.9692441,20.0110843,,restaurant,,1,7,139,200,40000,0.05,0.6730769063984365,1163.4615468007817
8110987550,Restauracjal Vinnica,restaurant,49.9694432,20.0121348,,restaurant,,1,9,139,200,40000,0.05,0.6712187053252692,1164.3906473373654
8170645833,Just Sos,restaurant,50.0106881,19.9566371,,restaurant,,71,241,821,200,40000,0.05,0.5533931731354506,1223.3034134322747
8177323013,Olio,restaurant,50.0465689,19.9501271,,restaurant,,229,445,712,200,40000,0.05,0.3176534163916582,1341.1732918041707
8444824389,Thai Cooking,restaurant,49.9907852,20.0468956,,restaurant,,39,118,234,200,40000,0.05,0.5220763828392697,1238.9618085803652
8818526009,Ciao Bella,restaurant,50.0445171,19.9588775,,restaurant,,174,455,747,200,40000,0.05,0.39396104096683415,1303.019479516583
8914324968,Połamane Smaki,restaurant,49.9910304,20.0467567,,restaurant,,36,118,234,200,40000,0.05,0.5239072864399243,1238.046356780038
8977959904,Kuchnia u Macieja,restaurant,50.0128146,19.9718677,,restaurant,,45,264,795,200,40000,0.05,0.6908656802537239,1154.567159873138
9048998596,Amici,restaurant,50.0241641,19.9957201,,restaurant,,31,241,673,200,40000,0.05,0.7545980291806913,1122.7009854096543
9075752799,Róża Bar Kraków,restaurant,50.0307662,19.9326701,,restaurant,,65,564,737,200,40000,0.05,0.25973825598979994,1370.1308720051002
9165744417,Salta House,restaurant,50.0464558,19.9498992,,restaurant,,230,446,712,200,40000,0.05,0.3167554234185519,1341.622288290724
9313098982,Ramen People,restaurant,50.0463814,19.9497163,,restaurant,,231,448,712,200,40000,0.05,0.31591778625297795,1342.0411068735111
9333944138,Kazoku Sushi,restaurant,49.9834293,20.0699774,,restaurant,,49,115,166,200,40000,0.05,0.28087382127682503,1359.5630893615876
9358511687,A'Bracciate Pasta & Wine,restaurant,50.0462756,19.9269632,,restaurant,,50,445,666,200,40000,0.05,0.13537260570808862,1432.3136971459558
9460556304,Haldi,restaurant,50.0453955,19.9579419,,restaurant,,187,446,737,200,40000,0.05,0.38115953624058485,1309.4202318797074
9579628145,Wypiekane,restaurant,50.0128184,20.0087395,,restaurant,,71,160,449,200,40000,0.05,0.8448580524777307,1077.5709737611346
9995629771,Los Gorditos,restaurant,50.0487609,19.9421862,,restaurant,,192,437,696,200,40000,0.05,0.2436891618355599,1378.15541908222
10043747718,Calipso,restaurant,50.0456698,19.9307277,,restaurant,,90,453,686,200,40000,0.05,0.1702782286012916,1414.8608856993542
10110253060,Estragon,restaurant,50.0495962,19.9431157,,restaurant,,183,433,696,200,40000,0.05,0.2453075698716496,1377.3462150641753
10114040621,Sushi Friends,restaurant,50.0203705,19.9563135,,restaurant,,52,449,819,200,40000,0.05,0.5179763955468657,1241.0118022265672
10148000877,Paleo,restaurant,50.0472067,19.961556,,restaurant,,134,432,727,200,40000,0.05,0.3911967755596588,1304.4016122201706
10177388835,Toro Sushi,restaurant,50.0420644,19.9449474,,restaurant,,223,479,722,200,40000,0.05,0.3071650619288848,1346.4174690355576
10220627782,Tinctura,restaurant,50.0441475,19.9508273,,restaurant,,232,460,721,200,40000,0.05,0.33917050750287536,1330.4147462485623
10220632301,Primo,restaurant,50.0451253,19.9482967,,restaurant,,228,454,712,200,40000,0.05,0.3137402874290097,1343.1298562854952
10221679207,Ed Red,restaurant,50.0486958,19.9463748,,restaurant,,204,435,698,200,40000,0.05,0.27564214557446587,1362.1789272127671
10222457076,Nat Bistro,restaurant,50.0492839,19.943229,,restaurant,,187,433,696,200,40000,0.05,0.24821218151595226,1375.893909242024
10606209939,MeM Pizza,restaurant,50.0039494,20.0649254,,restaurant,,3,132,232,200,40000,0.05,0.34954590280942854,1325.2270485952859
10653336283,Nóż & Widelec,restaurant,50.0469079,19.9539058,,restaurant,,230,437,717,200,40000,0.05,0.3423506742913843,1328.824662854308
10723917455,Roru Sushi,restaurant,50.0445164,19.9590323,,restaurant,,172,455,747,200,40000,0.05,0.39501551158315795,1302.492244208421
10723917460,chez nicholas,restaurant,50.0458241,19.9555897,,restaurant,,231,442,726,200,40000,0.05,0.3618681259410661,1319.065937029467
10727789050,Da Diego,restaurant,50.0225733,20.0505291,,restaurant,,21,86,279,200,40000,0.05,0.4465793806064189,1276.7103096967905
10748906616,Hello India,restaurant,50.0488216,19.94248,,restaurant,,192,436,696,200,40000,0.05,0.24553999267292548,1377.2300036635372
10784604510,Hala Forum,restaurant,50.0452201,19.9362259,,restaurant,,199,448,701,200,40000,0.05,0.21820761868510585,1390.896190657447
10788325728,Sphinx,restaurant,50.0269669,19.9513768,,restaurant,,31,625,793,200,40000,0.05,0.4439937703721265,1278.0031148139367
10886948337,Industrialna Pizza & More,restaurant,50.0285176,19.9170766,,restaurant,,76,407,682,200,40000,0.05,0.12309956224667129,1438.4502188766644
10899056852,HUBanero Bistro,restaurant,50.0353913,19.9436586,,restaurant,,85,572,754,200,40000,0.05,0.33465065795101745,1332.6746710244913
10945798161,Bacchus Grill,restaurant,50.0454107,19.9562453,,restaurant,,211,445,729,200,40000,0.05,0.36939668201159204,1315.301658994204
11080290905,Baron,restaurant,50.048969,19.9596465,,restaurant,,148,422,709,200,40000,0.05,0.3654633246809269,1317.2683376595367
11085087006,Malborski Ogród,restaurant,50.0253472,19.9724566,,restaurant,,35,479,798,200,40000,0.05,0.6256847009004464,1187.1576495497768
11122101388,Da Grasso,restaurant,49.9819318,20.0595335,,restaurant,,62,114,187,200,40000,0.05,0.37785070332836224,1311.074648335819
11145574202,Salute!,restaurant,50.0479058,19.9641751,,restaurant,,105,420,721,200,40000,0.05,0.40180361638920536,1299.0981918053974
11220168582,Kropka,restaurant,50.0439245,19.9498974,,restaurant,,228,459,718,200,40000,0.05,0.33369434738926795,1333.152826305366
11279053626,Kuchnia domowa,restaurant,49.9727442,20.0615551,,restaurant,,4,110,127,200,40000,0.05,0.3268054538508278,1336.5972730745862
11374398346,Fit & Full,restaurant,50.0175689,19.9864726,,restaurant,,40,282,726,200,40000,0.05,0.7782666470803173,1110.8666764598413
11468916032,Manufaktura Pieroga,restaurant,50.0378339,19.93823,,restaurant,,103,528,728,200,40000,0.05,0.2756425682572109,1362.1787158713946
11472803707,Yapito Sushi Bar,restaurant,50.0200088,20.0590549,,restaurant,,20,73,245,200,40000,0.05,0.3764750773665959,1311.762461316702
11477017741,Ima Sushi,restaurant,50.0454663,19.9333524,,restaurant,,159,454,695,200,40000,0.05,0.19321086884799676,1403.3945655760017
11508221869,Vamos!,restaurant,50.0453334,19.9482591,,restaurant,,228,454,712,200,40000,0.05,0.31208736831123796,1343.9563158443812
11510416769,Biblioteka,restaurant,50.0463218,19.9495869,,restaurant,,231,448,712,200,40000,0.05,0.3153694567980392,1342.3152716009804
11565272663,Viet Flavour,restaurant,50.0483103,19.944132,,restaurant,,196,436,698,200,40000,0.05,0.2614122590991811,1369.2938704504095
11632049722,Dragon Tail,restaurant,50.0494775,19.9431379,,restaurant,,184,433,696,200,40000,0.05,0.24625459055061671,1376.8727047246916
11635681309,Daigo Sushi,restaurant,50.0486424,19.9460593,,restaurant,,202,434,698,200,40000,0.05,0.27366108501267317,1363.1694574936635
11635710272,Charlotte Menora,restaurant,50.0480427,19.9459464,,restaurant,,205,442,700,200,40000,0.05,0.27682002957422225,1361.589985212889
11635710273,BaWietka,restaurant,50.0481262,19.9457985,,restaurant,,204,441,700,200,40000,0.05,0.2751597604513103,1362.4201197743448
11666937229,Hugo Asia,restaurant,50.0486073,19.9424767,,restaurant,,196,437,697,200,40000,0.05,0.24689976389726098,1376.5501180513695
11666937233,Curry up!,restaurant,50.0489686,19.9430446,,restaurant,,192,435,697,200,40000,0.05,0.24887808079379292,1375.5609596031036
11753479811,Wine Garage Wine & Food,restaurant,50.0422309,19.946392,,restaurant,,224,471,721,200,40000,0.05,0.31755831173571725,1341.2208441321413
11966352238,Konfederacka,restaurant,50.0499619,19.9264977,,restaurant,,44,402,619,200,40000,0.05,0.11124921620849526,1444.3753918957523
12009008624,Karczma Górnicza,restaurant,49.983521,20.0544533,,restaurant,,63,111,209,200,40000,0.05,0.4310782723528874,1284.4608638235563
12013273889,Pizzeria Marina,restaurant,50.0200899,20.0174948,,restaurant,,45,170,422,200,40000,0.05,0.7336032828561628,1133.1983585719186
12033029773,Yalta,restaurant,50.0347358,19.9323045,,restaurant,,80,548,730,200,40000,0.05,0.23912836024136785,1380.435819879316
12035555798,Grenier Piekarnia & Restauracja,restaurant,50.0396389,19.9849818,,restaurant,,33,349,716,200,40000,0.05,0.5761145526855167,1211.9427236572417
12068107707,Papapasta,restaurant,50.0480175,19.9605441,,restaurant,,143,429,717,200,40000,0.05,0.37851401053120803,1310.742994734396
12068112855,Del Jero,restaurant,50.0480173,19.9607154,,restaurant,,142,430,719,200,40000,0.05,0.37960166856690536,1310.1991657165472
12068119312,Zeus Table,restaurant,50.047954,19.9606774,,restaurant,,142,430,721,200,40000,0.05,0.37985058358814805,1310.074708205926
12068121781,Doskoi,restaurant,50.0479086,19.9606489,,restaurant,,143,430,721,200,40000,0.05,0.38002072412297205,1309.989637938514
12073393569,Yōko,restaurant,50.0475115,19.9623929,,restaurant,,121,432,724,200,40000,0.05,0.3940596891887944,1302.9701554056028
12095910503,Las Weges,restaurant,50.0239856,19.903506,,restaurant,,60,214,619,200,40000,0.05,0.1,1497.1519144929475
12106969035,Just Joloff,restaurant,50.0437694,19.9591193,,restaurant,,172,457,748,200,40000,0.05,0.4010849802476064,1299.4575098761968
12158301449,Hankki,restaurant,50.0498122,19.9591398,,restaurant,,146,419,702,200,40000,0.05,0.3557321044099837,1322.1339477950082
12178372411,Hai Hoang,restaurant,50.0432868,19.9717914,,restaurant,,69,427,751,200,40000,0.05,0.4833306503962419,1258.334674801879
12247115732,coś na obiad,restaurant,50.0164973,19.9703356,,restaurant,,40,286,817,200,40000,0.05,0.6605684848677122,1169.7157575661438
12261029428,Esencja,restaurant,50.0424713,19.9793929,,restaurant,,38,405,717,200,40000,0.05,0.5279339141497037,1236.033042925148
12311641294,Pizzeria Nocna Od Zmroku Do Świtu,restaurant,50.0093079,19.9539588,,restaurant,,68,233,817,200,40000,0.05,0.5302735796391509,1234.8632101804246
12368252128,Domino's Pizza,restaurant,50.0113132,20.0100733,,restaurant,,69,158,451,200,40000,0.05,0.8485206723246079,1075.739663837696
12537417348,Pizzeria Salumeria,restaurant,50.0454102,19.9958763,,restaurant,,22,165,633,200,40000,0.05,0.5440294783947175,1227.9852608026413
12944748601,Little Saigon,restaurant,50.045299,19.9477208,,restaurant,,226,454,710,200,40000,0.05,0.30825480459636745,1345.8725977018162
13007424710,Pizza Hut,restaurant,50.0288224,19.9531914,,restaurant,,32,616,798,200,40000,0.05,0.45029318944367946,1274.8534052781602
13096200347,Vatti,restaurant,50.0421347,19.9995266,,restaurant,,20,180,627,200,40000,0.05,0.5786264066591431,1210.6867966704285
13196320905,hOla Kurczak,restaurant,50.0095722,19.9535983,,restaurant,,64,235,817,200,40000,0.05,0.5262126240886036,1236.8936879556982
13197889404,Galicja,restaurant,49.9849791,20.0537723,,restaurant,,65,111,214,200,40000,0.05,0.4416911532046137,1279.154423397693
13376291001,Da Pietro,restaurant,50.0072349,19.963376,,restaurant,,57,239,804,200,40000,0.05,0.6266822862480288,1186.6588568759855
13390843114,Fala,restaurant,50.0460455,19.9336837,,restaurant,,156,449,694,200,40000,0.05,0.19265622465148768,1403.6718876742561
13510365801,Klasztorna,restaurant,50.0438072,19.9840101,,restaurant,,35,355,699,200,40000,0.05,0.533658100332993,1233.1709498335035
13544041066,Spiżarnia Gąski,restaurant,50.0450266,19.9478692,,restaurant,,230,454,712,200,40000,0.05,0.3111593060656156,1344.4203469671922
13606185302,MU Restaurant Krakow 무대륙,restaurant,50.0480536,19.9601376,,restaurant,,145,430,718,200,40000,0.05,0.37564758295331946,1312.1762085233404
37669710,Rimini,restaurant,50.0166844,20.010867,,restaurant,,63,186,446,200,40000,0.05,0.8008867426914748,1099.5566286542626
37737535,Teresita,restaurant,50.0074044,20.0116681,,restaurant,,30,150,448,200,40000,0.05,0.8618082140755057,1069.0958929622473
83643826,Artur,restaurant,50.0080384,20.0180192,,restaurant,,37,158,418,200,40000,0.05,0.8026912462154832,1098.6543768922584
107182940,U Muszkieterow,restaurant,50.016846,19.901075,,restaurant,,34,169,544,200,40000,0.05,0.1,1501.7455366268914
151294912,Camaro Pizza,restaurant,50.0215843,19.9984781,,restaurant,,42,224,656,200,40000,0.05,0.7836211225419567,1108.1894387290217
160333684,o!Pizza,restaurant,50.0041274,19.9888885,,restaurant,,2,201,461,200,40000,0.05,0.881466940050475,1059.2665299747625
160712857,Gospoda Piaszczańska,restaurant,50.0075846,19.9748424,,restaurant,,27,234,681,200,40000,0.05,0.7372394635946982,1131.380268202651
161844042,Hotel Kontrast,restaurant,49.9988802,19.9180172,,restaurant,,8,155,369,200,40000,0.05,0.18009552703502218,1409.9522364824888
161881216,Hotel Perła,restaurant,49.9969469,19.9208567,,restaurant,,6,142,369,200,40000,0.05,0.2079783238761861,1396.010838061907
173228348,Baba,restaurant,50.0075313,19.974559,,restaurant,,29,236,683,200,40000,0.05,0.7346766198221527,1132.6616900889237
266430528,Fanaberia,restaurant,50.0169408,20.0499259,,restaurant,,24,118,285,200,40000,0.05,0.47278218965496077,1263.6089051725196
295400269,Magillo,restaurant,50.0143145,20.0370653,,restaurant,,10,149,326,200,40000,0.05,0.602666214079421,1198.6668929602895
301554372,pizzeria pod Lasem,restaurant,50.0128095,20.0871195,,restaurant,,1,31,174,200,40000,0.05,0.1194382150865233,1440.2808924567385
301663370,Trattoria Rialto,restaurant,50.0212063,19.9025389,,restaurant,,50,192,586,200,40000,0.05,0.1,1498.7076591777036
324022174,Sharma Indian Restaurant,restaurant,49.9892274,20.0471472,,restaurant,,45,117,232,200,40000,0.05,0.5163774841262888,1241.8112579368556
337261558,Pizza Chata,restaurant,49.9980217,19.9380736,,restaurant,,11,163,448,200,40000,0.05,0.3804200868451195,1309.7899565774403
337263901,Szyb Swoszowice,restaurant,49.9908883,19.9416673,,restaurant,,13,130,362,200,40000,0.05,0.4095995455472532,1295.2002272263735
338127594,Restauracja PÓŁ na PÓŁ,restaurant,50.00329,19.9944231,,restaurant,,4,179,456,200,40000,0.05,0.9352497771355093,1032.3751114322454
480218995,Bufet u Tomiego,restaurant,50.0316162,20.0563487,,restaurant,,5,43,191,200,40000,0.05,0.3538761655742586,1323.0619172128706
506534188,Pyassek,restaurant,50.0134603,19.9725037,,restaurant,,43,265,797,200,40000,0.05,0.6938584984390525,1153.0707507804739
638036823,Weź kawałek!,restaurant,50.0148208,20.0002926,,restaurant,,51,197,563,200,40000,0.05,0.8517631195012267,1074.1184402493866
703404018,Peron Bagry,restaurant,50.0303567,19.9986933,,restaurant,,15,227,648,200,40000,0.05,0.6961518965371148,1151.9240517314427
717246741,Panda pizza,restaurant,50.0255555,19.996442,,restaurant,,20,238,667,200,40000,0.05,0.7419800503352186,1129.0099748323908
754090783,Igła,restaurant,50.0112668,19.9311347,,restaurant,,35,313,731,200,40000,0.05,0.30219126357361614,1348.904368213192
1248934243,Parkowa | Food & Chill Out,restaurant,50.0401878,19.9510701,,restaurant,,169,485,736,200,40000,0.05,0.3668180054005047,1316.5909972997476
1248934244,restaurant_1248934244,restaurant,50.0400921,19.9509128,,restaurant,,169,485,736,200,40000,0.05,0.3662074719397449,1316.8962640301274
1428322504,Pino River,restaurant,50.0468731,19.9358803,,restaurant,,179,443,696,200,40000,0.05,0.20574415761042064,1397.1279211947897
1483387024,Olimp,restaurant,50.0149057,19.9323611,,restaurant,,38,342,751,200,40000,0.05,0.3073817295436244,1346.3091352281879
1483387025,Tigon Asian Cuisine,restaurant,50.0149409,19.9323145,,restaurant,,38,342,751,200,40000,0.05,0.306850852769772,1346.5745736151139
1481013655,Nad and Greg,cafe,50.0445276,19.9482263,,cafe,,234,455,719,200,40000,0.05,0.3171220333434379,1341.438983328281
1913933739,Emigrant Coffee 2.0 - Kalwaryjska,cafe,50.0442724,19.94826,,cafe,,233,455,719,200,40000,0.05,0.3190394283249868,1340.4802858375065
2055624948,Urban Coffee,cafe,50.0483779,19.9445164,,cafe,,195,438,698,200,40000,0.05,0.2638715412803476,1368.0642293598262
2121666920,Kładka Cafe,cafe,50.0474472,19.9467564,,cafe,,220,444,702,200,40000,0.05,0.28682977285925126,1356.5851135703745
2121835216,Dala,cafe,50.0483756,19.9431263,,cafe,,199,435,698,200,40000,0.05,0.25335306690176096,1373.3234665491195
2140721214,Mostowa,cafe,50.0479673,19.9461091,,cafe,,210,443,700,200,40000,0.05,0.2785368358606093,1360.7315820696954
2926566112,Za Witrażem,cafe,50.0119881,20.0003722,,cafe,,50,175,502,200,40000,0.05,0.8800612346027838,1059.9693826986081
3620464896,Mikroklimat,cafe,50.0218821,19.9115397,,cafe,,75,263,669,200,40000,0.05,0.1,1455.632828506139
4285260192,Przystań Papieska,cafe,50.0132759,19.935852,,cafe,,42,335,757,200,40000,0.05,0.3449263075951049,1327.5368462024476
4397866076,Kawiarnia,cafe,49.9833856,20.0556853,,cafe,,62,111,205,200,40000,0.05,0.41888977607943445,1290.5551119602828
4461263420,McCafé,cafe,50.0325619,19.9704402,,cafe,,21,513,789,200,40000,0.05,0.560220611254926,1219.889694372537
4646118692,MaxiPizza,cafe,50.0332357,19.9244262,,cafe,,64,483,708,200,40000,0.05,0.17440863613225466,1412.7956819338726
4802144831,Karma Coffee Roasters,cafe,50.0494227,19.9458409,,cafe,,192,427,698,200,40000,0.05,0.26680075094828026,1366.5996245258598
4995442921,Urban Coffee,cafe,50.0373897,19.9400908,,cafe,,87,529,737,200,40000,0.05,0.2938058403859548,1353.0970798070225
5115874298,Bonbon Boutique,cafe,50.0468094,19.9508394,,cafe,,232,440,713,200,40000,0.05,0.321185995966486,1339.407002016757
5115877138,String Taste,cafe,50.0499476,19.9627951,,cafe,,102,409,697,200,40000,0.05,0.3771864380273803,1311.40678098631
5115878693,Knitted Coffee,cafe,50.0491733,19.9594407,,cafe,,147,421,707,200,40000,0.05,0.36257782832881424,1318.711085835593
5126205723,PodwaFelskie,cafe,50.0480668,19.9436304,,cafe,,201,435,698,200,40000,0.05,0.25919307060475705,1370.4034646976215
5343606013,Piekarnia Buczek,cafe,50.0125003,20.0194768,,cafe,,52,167,412,200,40000,0.05,0.7685689652769174,1115.7155173615413
5486245423,Cafe Lukier,cafe,50.0437613,19.9498967,,cafe,,234,459,718,200,40000,0.05,0.3347637976943838,1332.618101152808
5726735407,CafeKULTURA,cafe,49.9825856,20.0597126,,cafe,,62,114,187,200,40000,0.05,0.3779987197665817,1311.000640116709
5820872511,Film Cafe,cafe,50.0473901,19.9612885,,cafe,,140,431,726,200,40000,0.05,0.3880848253017224,1305.9575873491387
5938634486,Pan Steskal,cafe,49.9846086,20.0629249,,cafe,,62,114,187,200,40000,0.05,0.3522007846585643,1323.8996076707178
6049380185,Bonjour Cava,cafe,50.0452634,19.9482563,,cafe,,228,454,712,200,40000,0.05,0.3125273918729399,1343.73630406353
6206115604,Fabryka Kwiatów,cafe,50.0278147,19.9290529,,cafe,,47,528,730,200,40000,0.05,0.23795350965310302,1381.0232451734485
6304273489,Ciacho bez Cukru,cafe,50.04409,19.957758,,cafe,,185,457,745,200,40000,0.05,0.3894007317397209,1305.2996341301396
6325207086,Costa,cafe,50.0274177,19.9509576,,cafe,,32,628,793,200,40000,0.05,0.43813816012740625,1280.930919936297
6540804466,AfterTaste,cafe,50.0462881,19.9545354,,cafe,,234,439,721,200,40000,0.05,0.3511843054634285,1324.4078472682859
6636952801,nadziana kawiarnia,cafe,50.0352515,19.9997678,,cafe,,17,208,634,200,40000,0.05,0.6474773526296392,1176.2613236851803
6780544785,Lajkonik,cafe,50.0441335,19.9474436,,cafe,,214,459,719,200,40000,0.05,0.3137099007555104,1343.1450496222446
7673171871,"Kawiarnia ""Słodko czy Słono""",cafe,49.9845546,20.0616437,,cafe,,62,114,188,200,40000,0.05,0.3645075821970759,1317.746208901462
8170645831,Pół Serio,cafe,50.0106846,19.9562857,,cafe,,71,242,821,200,40000,0.05,0.5499888110668731,1225.0055944665635
9416654157,GoodFord,cafe,50.0401313,19.9650924,,cafe,,73,488,779,200,40000,0.05,0.46811074672917796,1265.944626635411
10221679199,Gwar,cafe,50.0480028,19.9460467,,cafe,,207,443,700,200,40000,0.05,0.2778346872959149,1361.0826563520427
10222457077,Słodkohole,cafe,50.0491924,19.9432722,,cafe,,189,433,697,200,40000,0.05,0.2491381278423872,1375.4309360788066
10592543611,Nutetes Cafe & Pizza,cafe,49.9702902,20.0430371,,cafe,,3,106,131,200,40000,0.05,0.4770407097631887,1261.4796451184056
10653359166,Tworzywo,cafe,50.0464727,19.9539274,,cafe,,233,438,719,200,40000,0.05,0.3455997924778669,1327.2001037610667
10712154179,kawa | Romanowicza,cafe,50.0480826,19.964238,,cafe,,105,417,721,200,40000,0.05,0.400762395475722,1299.618802262139
10776077053,Bar Vietnam,cafe,50.0425148,19.971672,,cafe,,61,431,756,200,40000,0.05,0.48911999422175,1255.440002889125
10784615953,Wild Bean Cafe,cafe,50.0400581,19.9843902,,cafe,,31,353,716,200,40000,0.05,0.5700793989990421,1214.960300500479
10895808666,TuTa,cafe,50.040293,19.9858733,,cafe,,36,327,709,200,40000,0.05,0.5730234781759277,1213.4882609120361
11257437648,Bistro FuliBeli,cafe,50.0284772,19.9372069,,cafe,,35,604,757,200,40000,0.05,0.3105129205380345,1344.7435397309828
11565272657,Green Times Cafe,cafe,50.0489934,19.9447417,,cafe,,189,434,698,200,40000,0.05,0.26149929164218955,1369.2503541789051
11635769618,Lokator,cafe,50.0480823,19.9453272,,cafe,,200,439,700,200,40000,0.05,0.27191877972786593,1364.040610136067
11638687726,Zakręcona Kawiarenka,cafe,50.0477693,19.9449093,,cafe,,202,441,700,200,40000,0.05,0.27082983817355855,1364.5850809132207
11663751269,Coffee Things,cafe,50.0490629,19.9429954,,cafe,,191,434,696,200,40000,0.05,0.24789012919852205,1376.054935400739
11738437955,Crush,cafe,50.045636,19.947992,,cafe,,227,454,708,200,40000,0.05,0.3080840686904053,1345.9579656547974
11898117462,Wild Bean Cafe,cafe,50.0382644,20.0243898,,cafe,,4,122,329,200,40000,0.05,0.5462350111125488,1226.8824944437256
11981903044,Boby Specialty Coffee,cafe,50.0481514,19.9285834,,cafe,,55,430,653,200,40000,0.05,0.13867032574512683,1430.6648371274366
12035555799,Jeszcze 2 minutki,cafe,50.0396365,19.9852291,,cafe,,34,343,715,200,40000,0.05,0.5770069008766244,1211.4965495616877
12097792513,cafe_12097792513,cafe,49.9846594,20.0524983,,cafe,,64,111,214,200,40000,0.05,0.4530625711061599,1273.46871444692
12158301446,iove,cafe,50.0496064,19.9593251,,cafe,,145,421,706,200,40000,0.05,0.3584984480946204,1320.7507759526898
12260881003,Rękoczyny cafe & bakery,cafe,50.0192725,19.9070489,,cafe,,50,192,621,200,40000,0.05,0.1,1474.6402913644206
12270792379,Społeczna Kaffka,cafe,50.0188648,19.9822713,,cafe,,41,302,752,200,40000,0.05,0.7411202049734118,1129.439897513294
12304589259,Café Zakrzówek,cafe,50.0350478,19.9130438,,cafe,,56,407,647,200,40000,0.05,0.1,1468.7677730838582
12329854329,Optymista,cafe,50.0198758,20.0584838,,cafe,,20,74,246,200,40000,0.05,0.38231057253016,1308.8447137349199
12382457090,Equipo Cycling Spot,cafe,50.048915,19.9268371,,cafe,,46,418,633,200,40000,0.05,0.11991550624897018,1440.0422468755148
12438101341,Pod Masztem,cafe,49.9589443,20.0835133,,cafe,,1,16,109,200,40000,0.05,0.1,1465.2967273520221
12441220749,Zielna,cafe,50.0465941,19.9259988,,cafe,,49,444,658,200,40000,0.05,0.12551799582551615,1437.241002087242
12488314885,Baker House,cafe,50.019429,19.9184704,,cafe,,49,302,694,200,40000,0.05,0.1618734154580207,1419.0632922709897
12572830696,Bawialnia Chwilka,cafe,50.0126385,20.0187844,,cafe,,53,167,421,200,40000,0.05,0.7735965182224265,1113.2017408887868
12577107700,cafe_12577107700,cafe,50.0146945,20.0220754,,cafe,,50,162,399,200,40000,0.05,0.7348110832991208,1132.5944583504395
12996029190,Pod Kominem,cafe,49.9898252,20.0501836,,cafe,,58,117,232,200,40000,0.05,0.48795310136667425,1256.023449316663
13005350514,Nakielny,cafe,50.0280095,19.9505337,,cafe,,34,631,793,200,40000,0.05,0.43154182863291857,1284.2290856835407
13007424719,Starbucks,cafe,50.0284985,19.953276,,cafe,,31,617,800,200,40000,0.05,0.45270696347843276,1273.6465182607835
13014456347,Alicja Słodka Przygoda,cafe,50.0270443,19.9508564,,cafe,,32,626,793,200,40000,0.05,0.43906439019705,1280.4678049014751
13046178702,cafe_13046178702,cafe,49.9847861,20.059794,,cafe,,66,113,200,200,40000,0.05,0.38300849363950007,1308.49575318025
13197851100,Fit Cafe,cafe,49.9863813,20.0518357,,cafe,,76,111,224,200,40000,0.05,0.46405142185278425,1267.974289073608
13258218757,Rozkwit,cafe,50.0421763,19.9436764,,cafe,,221,479,714,200,40000,0.05,0.29635319949210426,1351.823400253948
13533748575,Parter,cafe,49.9939689,19.9453398,,cafe,,11,150,420,200,40000,0.05,0.4500807667256861,1274.959616637157
13609275272,Cake Factory,cafe,50.0448949,19.9979353,,cafe,,14,154,619,200,40000,0.05,0.5505764767949681,1224.711761602516
340461839,Cafe Royal,cafe,50.0193187,20.0503178,,cafe,,22,101,279,200,40000,0.05,0.46101083809321175,1269.4945809533942
340730246,cafe_340730246,cafe,50.0189492,19.9942559,,cafe,,49,234,691,200,40000,0.05,0.8019932159116583,1099.0033920441708
710495484,Coffeece,cafe,50.0486854,19.9599633,,cafe,,146,424,713,200,40000,0.05,0.36966631693603746,1315.1668415319812
1047522197,Per Piacere,cafe,50.0148964,20.0281106,,cafe,,29,151,364,200,40000,0.05,0.681863462437899,1159.0682687810506
1248934245,cafe_1248934245,cafe,50.0403107,19.9510913,,cafe,,173,483,736,200,40000,0.05,0.3662008622457924,1316.8995688771038
1306246241,cafe_1306246241,cafe,49.9846476,20.0524735,,cafe,,64,111,214,200,40000,0.05,0.4532674888018755,1273.3662555990622
1415010103,Mech Cafe,cafe,50.0416799,19.9483735,,cafe,,217,471,726,200,40000,0.05,0.3364859032198354,1331.7570483900822
1483387055,Cukiernia Sowa,cafe,50.014098,19.9316951,,cafe,,37,334,740,200,40000,0.05,0.30255373196137403,1348.723134019313
1418989397,butcher_1418989397,butcher,50.0444726,19.983122,,butcher,,37,364,701,200,40000,0.05,0.52432374089515,1237.838129552425
1480570892,Wytwórnia mięsa i wędlin KOB,butcher,50.0118328,19.9002869,,butcher,,15,154,434,200,40000,0.05,0.1,1502.0636779196886
1480570900,Hurtownia drobiu mięsa i wędlin,butcher,50.0119096,19.9004866,,butcher,,16,155,436,200,40000,0.05,0.1,1501.1176346857073
1913933744,Markam,butcher,50.043893,19.9474863,,butcher,,216,461,720,200,40000,0.05,0.3155816968629781,1342.209151568511
2058250991,M-Eats,butcher,50.046034,19.9549468,,butcher,,234,440,723,200,40000,0.05,0.35587889444297505,1322.0605527785124
2392829473,Kabanosik,butcher,50.0429242,19.9318993,,butcher,,114,475,708,200,40000,0.05,0.19500358472040635,1402.4982076397969
3865221066,Masarnia Na Ruczaju,butcher,50.0270759,19.9122151,,butcher,,81,297,661,200,40000,0.05,0.1,1459.328124242894
5053527401,Kabanosik,butcher,50.0236403,19.9109483,,butcher,,77,267,667,200,40000,0.05,0.1,1460.6807206998042
5420844159,butcher_5420844159,butcher,50.0179615,19.9862734,,butcher,,41,283,733,200,40000,0.05,0.7739391608858591,1113.0304195570704
5420844160,Laskopol,butcher,50.0186009,19.9863307,,butcher,,41,286,741,200,40000,0.05,0.7691660243161542,1115.416987841923
6321572308,Szubryt,butcher,50.0145263,19.9491095,,butcher,,49,319,804,200,40000,0.05,0.4707688234863586,1264.6155882568207
6605286392,Kabanosik,butcher,50.0002062,19.9117038,,butcher,,15,137,365,200,40000,0.05,0.11703559228699745,1441.4822038565012
6736341582,Szubryt,butcher,50.0189381,19.9815357,,butcher,,45,302,753,200,40000,0.05,0.7355038741115388,1132.2480629442307
7086813220,Szubryt,butcher,50.0404868,19.9427611,,butcher,,192,507,726,200,40000,0.05,0.2988956819809272,1350.5521590095364
7256310661,Markam,butcher,50.0164008,20.0064584,,butcher,,63,175,471,200,40000,0.05,0.8237339592547729,1088.1330203726136
8553744149,Kuźnia Smaków Biernat,butcher,50.0225862,20.050192,,butcher,,21,86,280,200,40000,0.05,0.449602571368663,1275.1987143156684
9403262631,Szubryt,butcher,50.0079381,19.9595896,,butcher,,56,233,814,200,40000,0.05,0.5881731116391418,1205.913444180429
10110253056,Nik-Pol,butcher,50.0492693,19.944238,,butcher,,188,432,697,200,40000,0.05,0.25589889353058726,1372.0505532347065
11307720237,Markam,butcher,50.028564,19.9173324,,butcher,,76,415,683,200,40000,0.05,0.12536669479373996,1437.31665260313
11999599134,Salon Mięsny,butcher,50.0079899,19.9509751,,butcher,,59,225,801,200,40000,0.05,0.5032828448684413,1248.3585775657793
12546101990,Wiejskie Smakołyki,butcher,50.0272395,19.9217092,,butcher,,67,455,705,200,40000,0.05,0.1710585228805218,1414.4707385597392
12572830726,Konik,butcher,50.0146086,20.0196324,,butcher,,55,166,417,200,40000,0.05,0.7552874495004324,1122.3562752497837
12577107703,Madej Wróbel,butcher,50.0148083,20.0220627,,butcher,,49,162,399,200,40000,0.05,0.7342842721666767,1132.8578639166617
12580314833,u Zbyszka,butcher,50.0169721,20.0113094,,butcher,,63,186,446,200,40000,0.05,0.7960503231750908,1101.9748384124546
12580314836,butcher_12580314836,butcher,50.0169073,20.0111228,,butcher,,63,187,446,200,40000,0.05,0.7976207833966223,1101.1896083016888
12659066619,Embi,butcher,50.0145593,19.9489711,,butcher,,49,323,804,200,40000,0.05,0.46934739690642113,1265.3263015467894
12662900645,Specjały Lisieckie,butcher,50.0145773,19.9492802,,butcher,,49,320,803,200,40000,0.05,0.4722694070522415,1263.8652964738792
12674566072,Wędliny z Mnikowa,butcher,50.0145631,19.9493907,,butcher,,49,318,803,200,40000,0.05,0.4733706115207732,1263.3146942396133
12846867710,Wędliny tradycyjne z Podhala,butcher,50.0146727,19.9486761,,butcher,,49,327,802,200,40000,0.05,0.46619939710600367,1266.9003014469981
12995629903,"Drób, Mięso, Wędliny",butcher,49.9848994,20.0715446,,butcher,,43,115,168,200,40000,0.05,0.2687915543759223,1365.6042228120389
13160076074,butcher_13160076074,butcher,49.9844045,20.0623816,,butcher,,62,114,187,200,40000,0.05,0.35698494272607406,1321.507528636963
13464560596,Szubryt,butcher,50.0126879,19.9719124,,butcher,,44,263,794,200,40000,0.05,0.6917961583350989,1154.1019208324506
13533881207,Wędliny ze Swoszowic,butcher,49.9909074,19.9462358,,butcher,,13,136,369,200,40000,0.05,0.45472350349570123,1272.6382482521494
266521785,Rolniczy handel detaliczny,butcher,50.0218065,20.0515365,,butcher,,21,88,274,200,40000,0.05,0.4403988675404633,1279.8005662297683
297607988,Szubryt,butcher,50.031252,19.9212142,,butcher,,67,469,702,200,40000,0.05,0.15242169767980118,1423.7891511600994
340961611,butcher_340961611,butcher,50.0329646,19.9699215,,butcher,,22,519,796,200,40000,0.05,0.5537510767060744,1223.1244616469628
394758137,Szubryt,butcher,49.9872512,20.0632932,,butcher,,68,115,201,200,40000,0.05,0.35435605263582204,1322.821973682089
632660114,Szubryt Delikatesy Mięsno-Spożywcze,butcher,50.0236249,19.9963425,,butcher,,29,236,670,200,40000,0.05,0.7609365761434708,1119.5317119282645
635866767,J.W.,hairdresser,50.0155358,20.0196734,,hairdresser,,52,161,418,200,40000,0.05,0.7493201744854592,1125.3399127572704
635866783,AN,hairdresser,50.0161391,20.0200405,,hairdresser,,50,162,415,200,40000,0.05,0.742688478870474,1128.655760564763
1417926777,"Studio urody ""Warsztat""",hairdresser,50.0443028,19.9729869,,hairdresser,,67,408,736,200,40000,0.05,0.48111218366107256,1259.4439081694636
1480530141,hairdresser_1480530141,hairdresser,50.0447002,19.9508253,,hairdresser,,233,456,718,200,40000,0.05,0.335450603782538,1332.274698108731
1480534374,hairdresser_1480534374,hairdresser,50.0451252,19.9516833,,hairdresser,,236,455,718,200,40000,0.05,0.33888070865159414,1330.5596456742028
1774017063,Ela,hairdresser,50.0284196,19.934495,,hairdresser,,41,581,748,200,40000,0.05,0.2859566757429778,1357.0216621285113
1784524533,Paradise,hairdresser,50.0285364,19.9171629,,hairdresser,,76,410,683,200,40000,0.05,0.12385439216019345,1438.0728039199032
1848347898,hairdresser_1848347898,hairdresser,50.0112684,20.0091034,,hairdresser,,67,157,454,200,40000,0.05,0.8551384350077684,1072.4307824961159
1848347949,Salon Fryzjerski Teresa,hairdresser,50.0130044,20.0121262,,hairdresser,,72,171,448,200,40000,0.05,0.8221913540347332,1088.9043229826334
1882980761,Vena Salon Fryzjerski,hairdresser,49.9877521,20.0426457,,hairdresser,,31,116,233,200,40000,0.05,0.5563033938714342,1221.8483030642828
1885872968,Salon fryzur Alicja,hairdresser,49.9913847,20.0408347,,hairdresser,,27,132,251,200,40000,0.05,0.5826636706228235,1208.6681646885881
1888774852,"""Monari"" - salon fryzur i urody",hairdresser,50.0284926,19.9240831,,hairdresser,,63,487,709,200,40000,0.05,0.18912368635100185,1405.438156824499
1892972089,"""KLEON"" - salon fryzjerski",hairdresser,50.0295083,19.9232348,,hairdresser,,65,479,707,200,40000,0.05,0.1775867401403184,1411.2066299298408
1913933720,Viking,hairdresser,50.0440764,19.947045,,hairdresser,,216,460,716,200,40000,0.05,0.3110180654066308,1344.4909672966846
1913933741,Studio Nova Hair,hairdresser,50.0441252,19.9469818,,hairdresser,,216,460,715,200,40000,0.05,0.3102201216126743,1344.889939193663
2135606462,hairdresser_2135606462,hairdresser,50.0490967,19.9377488,,hairdresser,,169,431,692,200,40000,0.05,0.2071760692102057,1396.4119653948972
2360466454,Paweł & Renata Strama,hairdresser,50.0476069,19.9536399,,hairdresser,,227,432,716,200,40000,0.05,0.33549448462635567,1332.2527576868222
2765974749,Atelier Magdalena Woźniak,hairdresser,50.0184173,20.0050344,,hairdresser,,54,198,515,200,40000,0.05,0.8090701378384971,1095.4649310807515
3009547184,Stara Fryzjernia,hairdresser,50.0184002,19.9053429,,hairdresser,,44,185,604,200,40000,0.05,0.1,1482.1445307283366
3024425363,Barry Men,hairdresser,50.0455692,19.9824923,,hairdresser,,35,352,694,200,40000,0.05,0.5118328618259693,1244.0835690870153
3024702719,Studio Effect,hairdresser,50.040145,19.9255005,,hairdresser,,63,484,688,200,40000,0.05,0.15372601805027342,1423.1369909748632
3024717341,Natalia,hairdresser,50.0413539,19.9263425,,hairdresser,,68,482,688,200,40000,0.05,0.15527682928312603,1422.361585358437
3038956833,Diego,hairdresser,49.9829852,20.0599001,,hairdresser,,62,114,187,200,40000,0.05,0.37730220820610283,1311.3488958969485
3038956867,hairdresser_3038956867,hairdresser,49.9821303,20.0586483,,hairdresser,,62,113,187,200,40000,0.05,0.3868972948208327,1306.5513525895835
3041577321,hairdresser_3041577321,hairdresser,50.0222869,19.9102422,,hairdresser,,75,255,665,200,40000,0.05,0.1,1462.416710674746
3073149481,Salon fryzjerski PIERRE,hairdresser,50.0485572,19.9259422,,hairdresser,,48,425,633,200,40000,0.05,0.11442903092527079,1442.7854845373645
3092742474,SalOn i Ona,hairdresser,50.0452909,19.9289178,,hairdresser,,50,453,676,200,40000,0.05,0.15715097558046054,1421.4245122097698
3207801315,Fryzjer/kosmetyka,hairdresser,49.9844167,19.9442557,,hairdresser,,10,67,263,200,40000,0.05,0.4211851572929247,1289.4074213535378
3745363410,Salon fryzjerski Trendy,hairdresser,50.0082643,19.9601345,,hairdresser,,59,236,817,200,40000,0.05,0.5928689713691544,1203.565514315423
3745363413,Juli Hair,hairdresser,50.0082057,19.9607272,,hairdresser,,61,236,813,200,40000,0.05,0.5987910354528587,1200.6044822735707
3745363414,Wyczesani,hairdresser,50.008197,19.960805,,hairdresser,,61,236,812,200,40000,0.05,0.5995703764704716,1200.2148117647641
3805912176,Dżentelmen,hairdresser,50.0085445,19.9493462,,hairdresser,,56,228,792,200,40000,0.05,0.4863059339752983,1256.847033012351
4401364689,Irus Studio,hairdresser,50.0123125,19.9268281,,hairdresser,,35,305,711,200,40000,0.05,0.25799429881841396,1371.002850590793
4401374592,Fryzjerstwo AN,hairdresser,50.0122083,19.9265684,,hairdresser,,35,304,710,200,40000,0.05,0.2556047778599173,1372.1976110700414
4450181505,Fryzjer,hairdresser,50.0204214,19.9679344,,hairdresser,,42,384,822,200,40000,0.05,0.6198373662075916,1190.0813168962043
4721172695,Salonik Matrix,hairdresser,50.0137098,20.04241,,hairdresser,,12,137,305,200,40000,0.05,0.5542908217189096,1222.8545891405452
4728020761,hairdresser_4728020761,hairdresser,50.0159688,20.050602,,hairdresser,,23,118,280,200,40000,0.05,0.4693810239503078,1265.3094880248461
4787805122,Studio Fryzur Haka,hairdresser,50.0430664,19.9454051,,hairdresser,,226,467,714,200,40000,0.05,0.30463549738498874,1347.6822513075056
4802462719,Salon Fryzjerski Margaret,hairdresser,49.9936504,19.9461053,,hairdresser,,11,150,413,200,40000,0.05,0.4573255019581185,1271.3372490209408
4940259944,Kreator,hairdresser,50.008887,19.9487969,,hairdresser,,56,237,791,200,40000,0.05,0.48031391988914274,1259.8430400554287
5115872537,Kajetan Mardosz,hairdresser,50.0485837,19.963111,,hairdresser,,111,416,718,200,40000,0.05,0.3899857192909274,1305.0071403545362
5115878692,hairdresser_5115878692,hairdresser,50.0490958,19.9595232,,hairdresser,,146,421,708,200,40000,0.05,0.3637006273867328,1318.1496863066336
5115897408,Salon de Paris,hairdresser,50.0476122,19.952702,,hairdresser,,227,433,716,200,40000,0.05,0.32887986225710397,1335.560068871448
5115897410,Kesner,hairdresser,50.0469606,19.9513286,,hairdresser,,231,438,715,200,40000,0.05,0.3236714459436266,1338.1642770281867
5167137792,Fryzjer i solarium,hairdresser,50.0297416,19.9177377,,hairdresser,,79,429,688,200,40000,0.05,0.12526296683802873,1437.3685165809857
5289943222,Golden Eagle,hairdresser,50.0397703,19.9420271,,hairdresser,,160,514,729,200,40000,0.05,0.2969684291228467,1351.5157854385766
5420844152,hairdresser_5420844152,hairdresser,50.0169633,19.9881979,,hairdresser,,50,272,704,200,40000,0.05,0.7933497855553908,1103.3251072223045
5420844154,Salon Fryzur,hairdresser,50.0180912,19.9862686,,hairdresser,,41,284,735,200,40000,0.05,0.7728782565670886,1113.5608717164557
5589365522,Timberwolf,hairdresser,50.0167602,20.0018287,,hairdresser,,53,202,593,200,40000,0.05,0.8314033073485692,1084.2983463257153
5589365587,Basia,hairdresser,50.0171484,20.0065421,,hairdresser,,63,180,477,200,40000,0.05,0.81646071402282,1091.76964298859
5800607656,Studio 3 przez 3,hairdresser,50.0126324,19.9103156,,hairdresser,,18,202,611,200,40000,0.05,0.1,1452.8484606664774
5871876298,hairdresser_5871876298,hairdresser,50.0414133,19.9266968,,hairdresser,,71,482,695,200,40000,0.05,0.15807241718005205,1420.963791409974
5902697047,hairdresser_5902697047,hairdresser,50.0153618,20.0097145,,hairdresser,,67,171,441,200,40000,0.05,0.8182429067436294,1090.8785466281852
5970601031,hairdresser_5970601031,hairdresser,50.0162619,20.0010381,,hairdresser,,54,208,605,200,40000,0.05,0.837049994409294,1081.475002795353
6014098810,Merry,hairdresser,50.0146194,19.9998952,,hairdresser,,51,197,570,200,40000,0.05,0.8538022437244592,1073.0988781377705
6199006616,Studio Fryzjerskie 17.,hairdresser,50.0214996,19.9793243,,hairdresser,,39,313,779,200,40000,0.05,0.7017186947443725,1149.1406526278138
6304273539,Caprice,hairdresser,50.0460329,19.9555533,,hairdresser,,230,442,726,200,40000,0.05,0.3601143052622471,1319.9428473688765
6319484693,hairdresser_6319484693,hairdresser,50.0325012,19.971619,,hairdresser,,20,506,785,200,40000,0.05,0.5685131331732229,1215.7434334133886
6358211852,HAKA,hairdresser,50.0431348,19.9451798,,hairdresser,,226,468,714,200,40000,0.05,0.30244245405271786,1348.778772973641
6386901618,EG,hairdresser,50.0205412,19.9876488,,hairdresser,,41,298,743,200,40000,0.05,0.7603141558456372,1119.8429220771814
6402863797,Bonnie & Clyde,hairdresser,50.0449086,19.952346,,hairdresser,,240,450,722,200,40000,0.05,0.3451957491005361,1327.402125449732
6420640257,Fryzoteka z Kazimierza,hairdresser,50.0376155,19.9664377,,hairdresser,,38,511,785,200,40000,0.05,0.4958815792355854,1252.0592103822073
6435972968,Barber Hairstyle Avenue Automobileclub Barber,hairdresser,50.0227533,19.9012926,,hairdresser,,53,191,578,200,40000,0.05,0.1,1506.4796016536507
6456284360,Studio fryzur J&J,hairdresser,50.0039335,19.9051776,,hairdresser,,14,144,383,200,40000,0.05,0.1,1474.5197562802405
6468738799,hairdresser_6468738799,hairdresser,50.0165484,20.0120062,,hairdresser,,63,184,442,200,40000,0.05,0.7955499129371948,1102.2250435314027
6517951390,Metamorfozy,hairdresser,50.0201842,20.050861,,hairdresser,,22,97,279,200,40000,0.05,0.45280321175648075,1273.5983941217596
6555719085,Biostyl2,hairdresser,50.0344701,19.9329827,,hairdresser,,80,551,733,200,40000,0.05,0.24637500749378127,1376.8124962531094
6605286409,hairdresser_6605286409,hairdresser,49.9999428,19.9123275,,hairdresser,,14,136,364,200,40000,0.05,0.12327481340559132,1438.3625932972043
6649642677,Zakład Fryzjerski Manicure Pedicure,hairdresser,49.9928617,20.0425439,,hairdresser,,29,140,251,200,40000,0.05,0.5686140064744949,1215.6929967627525
7086750582,Barberwizja,hairdresser,50.0402788,19.9423072,,hairdresser,,185,507,725,200,40000,0.05,0.2963778783124831,1351.8110608437585
7086813224,Janina,hairdresser,50.0400772,19.9425291,,hairdresser,,175,512,729,200,40000,0.05,0.2993512786959692,1350.3243606520155
7086813232,Studio Fryzur EFEKT,hairdresser,50.0384191,19.9416936,,hairdresser,,113,522,736,200,40000,0.05,0.3017404833609627,1349.1297583195187
7108281291,Salon Fryzjersko-Kosmetyczny A&S,hairdresser,50.0497865,19.9426515,,hairdresser,,181,430,694,200,40000,0.05,0.24055638560191284,1379.7218071990437
7246248392,Kreator,hairdresser,50.0212345,19.9094027,,hairdresser,,62,231,656,200,40000,0.05,0.1,1465.2626881004894
7256310663,Stara Fryzjernia,hairdresser,50.0164777,20.0059648,,hairdresser,,60,181,478,200,40000,0.05,0.8247591838839741,1087.620408058013
8050465605,Strefa Piękna,hairdresser,49.9967283,20.0681439,,hairdresser,,5,126,214,200,40000,0.05,0.31777605376974183,1341.111973115129
8071650800,"Salon fryzjerski ""Marcin""",hairdresser,49.988122,20.055363,,hairdresser,,72,112,224,200,40000,0.05,0.43377136658412874,1283.1143167079356
8341188108,Margaret,hairdresser,49.9811146,19.9440116,,hairdresser,,4,34,197,200,40000,0.05,0.40912274813459604,1295.438625932702
8343173224,Róża,hairdresser,49.9918392,19.9457958,,hairdresser,,13,141,382,200,40000,0.05,0.451849112535601,1274.0754437321993
8484248771,hairdresser_8484248771,hairdresser,50.0186521,20.0345436,,hairdresser,,11,136,340,200,40000,0.05,0.6074237481240317,1196.2881259379842
8979602817,hairdresser_8979602817,hairdresser,50.0414082,19.9266531,,hairdresser,,70,482,695,200,40000,0.05,0.15771698539920442,1421.1415073003977
9003380583,Galiński Hair Stylist,hairdresser,50.0395498,19.9413898,,hairdresser,,147,513,726,200,40000,0.05,0.2929397321246019,1353.530133937699
9034074723,Piłatowski,hairdresser,50.0498118,19.9373532,,hairdresser,,155,424,683,200,40000,0.05,0.1996352725488213,1400.1823637255893
9038757721,"Fryzjer ""Pod Jedynką""",hairdresser,50.0456383,19.9305302,,hairdresser,,87,453,685,200,40000,0.05,0.16880161580221675,1415.5991920988918
9068020018,Milbon,hairdresser,50.0454065,19.9330306,,hairdresser,,150,453,694,200,40000,0.05,0.19088623923393455,1404.5568803830329
9609603343,Fryzjer ANNA,hairdresser,50.0207733,19.9049677,,hairdresser,,52,195,610,200,40000,0.05,0.1,1486.3812300084169
9692146451,Bart's Barbershop,hairdresser,50.0232849,20.0507818,,hairdresser,,21,85,277,200,40000,0.05,0.4413428798225213,1279.3285600887393
10090036617,Renée Blanche,hairdresser,50.0460242,19.9565229,,hairdresser,,209,438,729,200,40000,0.05,0.36687400858519037,1316.5629957074048
10110253058,Ania Sroka,hairdresser,50.0491517,19.943294,,hairdresser,,189,433,697,200,40000,0.05,0.24956945365409644,1375.2152731729518
10588825172,Agnieszka Kubacka,hairdresser,50.0211999,19.9600643,,hairdresser,,40,462,820,200,40000,0.05,0.5478610949608476,1226.0694525195763
10653352478,Precise Empire,hairdresser,50.0467198,19.9539084,,hairdresser,,232,437,718,200,40000,0.05,0.3437092639233833,1328.1453680383083
10723917459,hairdresser_10723917459,hairdresser,50.0447073,19.9568293,,hairdresser,,200,449,737,200,40000,0.05,0.37851371601780404,1310.7431419910981
10895808668,Barber Neroo,hairdresser,50.0402864,19.9862493,,hairdresser,,37,320,711,200,40000,0.05,0.5743151664141734,1212.8424167929134
11133474007,Fryzjer Kosmetyka,hairdresser,50.0117371,19.9700514,,hairdresser,,47,252,805,200,40000,0.05,0.6783358648574573,1160.8320675712714
11158563405,Fryzjer Męski,hairdresser,50.0263951,19.9121067,,hairdresser,,82,295,663,200,40000,0.05,0.1,1458.8554644139126
11220656173,ASH,hairdresser,50.0378347,19.9395172,,hairdresser,,92,527,729,200,40000,0.05,0.2865833181141816,1356.7083409429092
11237676953,Stara Fryzjernia,hairdresser,49.9966693,19.9033092,,hairdresser,,9,89,289,200,40000,0.05,0.1,1483.7407458321607
11240465545,Mister Madame,hairdresser,49.9966352,19.9044965,,hairdresser,,11,93,301,200,40000,0.05,0.1,1477.8137814904962
11253803819,Rup Coiffeur,hairdresser,50.0419006,19.9456486,,hairdresser,,226,480,723,200,40000,0.05,0.3137249121292526,1343.1375439353737
11253888986,Kruczek Hair Concept,hairdresser,50.0492388,19.9618869,,hairdresser,,113,420,705,200,40000,0.05,0.37733895119015193,1311.330524404924
11278972560,Studio fryzur,hairdresser,49.972774,20.0615875,,hairdresser,,4,110,127,200,40000,0.05,0.3266297279913417,1336.6851360043293
11307736920,Studio Fryz,hairdresser,50.0285938,19.9176896,,hairdresser,,74,417,687,200,40000,0.05,0.12864431220079253,1435.6778438996039
11443322368,Barber Familia,hairdresser,50.0378796,19.9409737,,hairdresser,,103,523,736,200,40000,0.05,0.2986464381034585,1350.6767809482708
11472803700,Craftman Barbershop,hairdresser,50.0199147,20.0574951,,hairdresser,,20,76,249,200,40000,0.05,0.3915362130660438,1304.2318934669781
11553957506,Fryzjerstwo,hairdresser,50.020235,20.0526482,,hairdresser,,21,92,272,200,40000,0.05,0.4359709060482786,1282.0145469758606
11555188818,Studio Urody,hairdresser,50.0198145,20.052178,,hairdresser,,22,96,274,200,40000,0.05,0.4418639866259977,1279.0680066870011
11592826667,Stara Fryzjernia,hairdresser,50.0294642,19.9192756,,hairdresser,,77,438,701,200,40000,0.05,0.14066491768343592,1429.6675411582821
11642873158,Avant Après,hairdresser,50.0476084,19.9465802,,hairdresser,,216,444,701,200,40000,0.05,0.28444184145520535,1357.7790792723972
11652522869,Zakątek Piękna,hairdresser,50.0450852,19.9791093,,hairdresser,,35,386,708,200,40000,0.05,0.5030999491315995,1248.4500254342001
11666197660,Holistic Hair,hairdresser,50.0468439,19.9437062,,hairdresser,,212,447,704,200,40000,0.05,0.2676515251842351,1366.1742374078824
11666937226,PS Hair Studio,hairdresser,50.0479718,19.9425108,,hairdresser,,203,443,698,200,40000,0.05,0.2512475901955429,1374.3762049022284
11673405826,MG Beauty Concept,hairdresser,50.0497053,19.9615111,,hairdresser,,112,419,700,200,40000,0.05,0.37134967817553743,1314.3251609122312
11703396860,Merry,hairdresser,49.9883456,20.0549209,,hairdresser,,74,112,224,200,40000,0.05,0.43856164219303284,1280.7191789034837
11737267291,Sztukateria,hairdresser,50.0197699,20.0574741,,hairdresser,,20,76,249,200,40000,0.05,0.3922071802974276,1303.896409851286
11779052645,Atelier,hairdresser,50.0177863,20.0351221,,hairdresser,,11,144,339,200,40000,0.05,0.6063104806957869,1196.8447596521066
11822405646,U Luby,hairdresser,50.0175619,20.0010756,,hairdresser,,57,207,612,200,40000,0.05,0.8240519261344723,1087.9740369327637
11920353549,Barber Garage,hairdresser,50.0353396,19.9413011,,hairdresser,,68,549,748,200,40000,0.05,0.31483956700857474,1342.5802164957126
11952195241,Panowie Przodem,hairdresser,50.0386389,19.9833621,,hairdresser,,31,378,724,200,40000,0.05,0.5793119552898909,1210.3440223550547
12106856253,Friends&Family Barbershop,hairdresser,50.0457354,19.9561697,,hairdresser,,216,442,726,200,40000,0.05,0.3665316100033241,1316.734194998338
12106969034,Cut Game,hairdresser,50.0437955,19.9590576,,hairdresser,,172,457,748,200,40000,0.05,0.40047302495967374,1299.7634875201632
12118074679,Małgorzata,hairdresser,50.0458246,19.9315967,,hairdresser,,106,450,689,200,40000,0.05,0.17665891539105882,1411.6705423044705
12118097601,Brixton Barbershop,hairdresser,50.0468059,19.9324614,,hairdresser,,121,439,687,200,40000,0.05,0.17827895458555487,1410.8605227072226
12139306721,Tus Barber Shop,hairdresser,50.0489978,19.9309772,,hairdresser,,91,427,663,200,40000,0.05,0.15354082646118816,1423.229586769406
12158301438,Barber King,hairdresser,50.0489796,19.9599864,,hairdresser,,143,423,711,200,40000,0.05,0.36753740022666936,1316.2312998866653
12168393235,The Doll Factory,hairdresser,50.0285084,19.9368052,,hairdresser,,34,600,754,200,40000,0.05,0.30672432484615597,1346.637837576922
12173105658,Culture by Yellow Barbershop | Barber Kraków,hairdresser,50.0496565,19.9624033,,hairdresser,,107,418,702,200,40000,0.05,0.37716134969481185,1311.419325152594
12173105659,Barbershops.Zone,hairdresser,50.0495496,19.9620378,,hairdresser,,110,418,702,200,40000,0.05,0.37579718928862427,1312.1014053556878
12173105660,Valkos,hairdresser,50.0493737,19.9622747,,hairdresser,,110,419,703,200,40000,0.05,0.378633722207279,1310.6831388963606
12224703374,Siódemka,hairdresser,50.020348,19.9558102,,hairdresser,,52,447,819,200,40000,0.05,0.5135044164599147,1243.2477917700426
12444978822,Fryzjer Męski,hairdresser,50.0131288,20.012243,,hairdresser,,72,172,448,200,40000,0.05,0.8204849759936629,1089.7575120031686
12548773788,AnKaro,hairdresser,50.0229305,19.9018968,,hairdresser,,55,192,585,200,40000,0.05,0.1,1503.7371755313025
12557747036,Luźny Barber,hairdresser,50.0167761,20.0119769,,hairdresser,,62,184,442,200,40000,0.05,0.7938729360758137,1103.063531962093
12572830721,Ma Cherie,hairdresser,50.0145654,20.0202139,,hairdresser,,51,165,409,200,40000,0.05,0.7508509220626873,1124.5745389686563
12577107705,hairdresser_12577107705,hairdresser,50.0174876,20.0181283,,hairdresser,,52,165,430,200,40000,0.05,0.7481168098800322,1125.941595059984
12588846088,hairdresser_12588846088,hairdresser,50.0094206,20.0214648,,hairdresser,,38,163,396,200,40000,0.05,0.7655889628451787,1117.2055185774107
12850436961,Fryzjer Damsko-Męski,hairdresser,49.9848212,20.0593564,,hairdresser,,67,113,201,200,40000,0.05,0.3873354759413705,1306.3322620293147
12902702366,Urban Jungle,hairdresser,50.0449255,19.9970629,,hairdresser,,19,162,621,200,40000,0.05,0.5497859279565089,1225.1070360217454
13005404387,Jean Louis David,hairdresser,50.0278037,19.9494121,,hairdresser,,36,633,790,200,40000,0.05,0.4227495032397124,1288.6252483801438
13046178701,hairdresser_13046178701,hairdresser,49.9851575,20.0615969,,hairdresser,,64,114,191,200,40000,0.05,0.36640092362281795,1316.799538188591
13049140651,Margaret,hairdresser,50.0140021,20.0008799,,hairdresser,,50,183,530,200,40000,0.05,0.8597028052953395,1070.1485973523304
13049140654,hairdresser_13049140654,hairdresser,50.0139857,20.0038082,,hairdresser,,52,172,473,200,40000,0.05,0.8550509773299624,1072.4745113350189
13066164429,La Cristal Magique,hairdresser,50.0473412,19.9557447,,hairdresser,,225,434,719,200,40000,0.05,0.35194747160976225,1324.026264195119
13098421265,Salon fryzjerski Alicja,hairdresser,49.9854607,20.0651181,,hairdresser,,64,114,186,200,40000,0.05,0.33278502773843566,1333.607486130782
13102725936,hairdresser_13102725936,hairdresser,50.0172462,20.0104594,,hairdresser,,63,184,451,200,40000,0.05,0.7982996125933192,1100.8501937033404
13108381694,Salon Fryzjerski A. K. Kowal,hairdresser,50.0049679,20.009127,,hairdresser,,17,150,445,200,40000,0.05,0.896085535458263,1051.9572322708684
13130573976,Dragon Barber,hairdresser,50.0411009,19.9953276,,hairdresser,,32,213,661,200,40000,0.05,0.5863437051645054,1206.8281474177472
13160076055,hairdresser_13160076055,hairdresser,49.9839665,20.0643804,,hairdresser,,64,114,185,200,40000,0.05,0.3365311592538731,1331.7344203730634
13245474133,MV Studio,hairdresser,50.0120768,19.9268885,,hairdresser,,34,301,711,200,40000,0.05,0.2589776973336093,1370.5111513331954
13260047546,Matt Haircurt,hairdresser,50.0423487,19.9435225,,hairdresser,,224,477,714,200,40000,0.05,0.294087795973196,1352.956102013402
13330136401,Luźny Barber,hairdresser,50.0094052,19.9539953,,hairdresser,,67,233,818,200,40000,0.05,0.5304374153395359,1234.781292330232
13330165701,Freestyle,hairdresser,50.0083277,19.9544029,,hairdresser,,65,230,813,200,40000,0.05,0.5364866651648637,1231.7566674175682
13426507793,Cameleon Salon Fryzur,hairdresser,50.0280836,19.9102597,,hairdresser,,76,273,655,200,40000,0.05,0.1,1470.159814133714
13444828178,hairdresser_13444828178,hairdresser,50.0204022,19.9570464,,hairdresser,,53,451,817,200,40000,0.05,0.5244727644182692,1237.7636177908655
13447733131,Angels,hairdresser,50.0230819,19.909981,,hairdresser,,77,259,665,200,40000,0.05,0.1,1464.655637774103
13447789572,Nord,hairdresser,50.017422,19.9051975,,hairdresser,,45,179,603,200,40000,0.05,0.1,1481.9502072374837
13514207282,Pacura Studio,hairdresser,50.039428,19.9783834,,hairdresser,,47,420,737,200,40000,0.05,0.5503507389575584,1224.8246305212208
13529803324,hairdresser_13529803324,hairdresser,50.0427608,19.9448061,,hairdresser,,224,476,716,200,40000,0.05,0.3017985524327387,1349.1007237836307
13531621753,Tomasz Pietrzyk,hairdresser,50.0204192,19.9769554,,hairdresser,,40,302,789,200,40000,0.05,0.6921043492025416,1153.9478253987293
13533784789,Barber House,hairdresser,49.9928021,19.9461473,,hairdresser,,13,147,398,200,40000,0.05,0.456683972102788,1271.658013948606
13533891376,Avangarda,hairdresser,49.9910817,19.9393939,,hairdresser,,13,133,361,200,40000,0.05,0.38741241996755327,1306.2937900162233
13541565716,M.K,hairdresser,50.0467525,19.952573,,hairdresser,,230,437,717,200,40000,0.05,0.3340332902276878,1332.9833548861561
13541565718,Sly Dog,hairdresser,50.047123,19.9536002,,hairdresser,,229,435,717,200,40000,0.05,0.33867416736982914,1330.6629163150856
13541580127,Krótkie Boki,hairdresser,50.0468245,19.9509056,,hairdresser,,232,439,713,200,40000,0.05,0.32156106305651266,1339.2194684717438
13598328828,hairdresser_13598328828,hairdresser,50.0072337,19.9548764,,hairdresser,,62,220,808,200,40000,0.05,0.5430026594552196,1228.4986702723902
13602259987,Mayart,hairdresser,50.009245,19.950039,,hairdresser,,59,242,798,200,40000,0.05,0.4919083206743129,1254.0458396628435
13602369156,Rena,hairdresser,50.0094674,19.9505403,,hairdresser,,59,242,804,200,40000,0.05,0.4964234331454692,1251.7882834272655
13602956670,Humans,hairdresser,50.0088006,19.9615259,,hairdresser,,65,243,817,200,40000,0.05,0.6053220387239884,1197.3389806380058
13612379965,BarberCut,hairdresser,50.0100949,19.9604418,,hairdresser,,73,243,819,200,40000,0.05,0.5917405000186966,1204.1297499906516
151300997,BARBER,hairdresser,50.017503,19.986627,,hairdresser,,40,282,726,200,40000,0.05,0.7797292261783326,1110.1353869108336
166562675,hairdresser_166562675,hairdresser,50.0311926,19.9205885,,hairdresser,,65,460,701,200,40000,0.05,0.14681979470866324,1426.5901026456684
301663363,Instytut Włosa,hairdresser,50.020824,19.9026196,,hairdresser,,50,190,585,200,40000,0.05,0.1,1497.9101645919584
336068377,hairdresser_336068377,hairdresser,49.9763188,20.0980858,,hairdresser,,2,56,116,200,40000,0.05,0.1,1504.520153093013
406832257,hairdresser_406832257,hairdresser,50.0142518,20.023093,,hairdresser,,46,158,394,200,40000,0.05,0.7286330063843658,1135.6834968078172
1201692102,Beauty Room,hairdresser,50.0072466,19.9760995,,hairdresser,,20,233,656,200,40000,0.05,0.7502507033423271,1124.8746483288364
1353323699,Metamorfoza,hairdresser,49.9794696,20.0985162,,hairdresser,,2,57,118,200,40000,0.05,0.1,1503.1634671406428
1483387002,Jean Louis David,hairdresser,50.013535,19.9319802,,hairdresser,,37,330,738,200,40000,0.05,0.3064663370073736,1346.7668314963132
1483387045,TOTO Hair Company,hairdresser,50.0142953,19.9324527,,hairdresser,,38,335,750,200,40000,0.05,0.3095658366375428,1345.2170816812286
1497915909,Drukarnia,pub,50.0461728,19.949222,,pub,,230,449,712,200,40000,0.05,0.3136813608942137,1343.159319552893
1893520719,pub_1893520719,pub,49.9849057,20.0540602,,pub,,64,111,214,200,40000,0.05,0.438720825566289,1280.6395872168555
5001698507,Hospůdka u nás,pub,50.0482476,19.945572,,pub,,201,439,700,200,40000,0.05,0.2726597708252012,1363.6701145873994
5115874296,Cricoteka,pub,50.047118,19.950985,,pub,,232,437,712,200,40000,0.05,0.32010470298730287,1339.9476485063485
5115902601,Jazz Club,pub,50.0480409,19.9530714,,pub,,226,431,713,200,40000,0.05,0.3284181679966487,1335.7909160016757
6579845397,BarBakan,pub,50.0417276,20.0000787,,pub,,18,177,623,200,40000,0.05,0.5827232578431758,1208.638371078412
7602723420,Mauretania,pub,50.0466102,19.9466161,,pub,,219,450,704,200,40000,0.05,0.2913144898299155,1354.3427550850422
7969448546,Bar po schodkach,pub,50.0378692,19.9394617,,pub,,94,527,729,200,40000,0.05,0.28592983009158357,1357.0350849542083
8518684417,Pan Twardowski Bistro,pub,50.0450619,19.9258241,,pub,,58,450,665,200,40000,0.05,0.13209222999099401,1433.953885004503
10165758144,Ewa,pub,50.0102186,19.9616698,,pub,,69,244,819,200,40000,0.05,0.603310698656985,1198.3446506715075
301663362,"Winiarnia ""Jeszcze ranek nie tak bliski""",pub,50.0207886,19.9025898,,pub,,51,190,585,200,40000,0.05,0.1,1498.0188990891784
306938356,Pub Spoko,pub,50.0431607,19.9468143,,pub,,221,465,720,200,40000,0.05,0.3150500230688271,1342.4749884655864
654588613,Zajazd Wielicki,pub,49.9951356,20.0507556,,pub,,25,142,241,200,40000,0.05,0.4901183158104334,1254.9408420947834
1242015975,Pizzeria u Teściowej,fast_food,50.029467,19.9193759,,fast_food,,76,439,701,200,40000,0.05,0.14159743768963262,1429.2012811551836
1416935184,Jadłodajnia Mała Chatka,fast_food,50.0403206,19.9998223,,fast_food,,22,190,630,200,40000,0.05,0.5967900842426996,1201.60495787865
1417621361,5 Peron,fast_food,50.0344214,19.9744727,,fast_food,,26,483,772,200,40000,0.05,0.5714587740660217,1214.2706129669891
1436524894,Pizza Polska,fast_food,50.0289636,19.9290639,,fast_food,,56,522,725,200,40000,0.05,0.23378720917946272,1383.1063954102688
1481026190,Bar Mleczny Krakus,fast_food,50.0449312,19.9529387,,fast_food,,237,445,723,200,40000,0.05,0.3493404353173627,1325.3297823413186
1505755350,zapiekanki z pieca,fast_food,50.0432686,19.9465609,,fast_food,,223,465,719,200,40000,0.05,0.3124020684462737,1343.798965776863
1670816853,Mateo,fast_food,50.0460877,19.9662117,,fast_food,,100,430,737,200,40000,0.05,0.4285347509970374,1285.7326245014813
1740941253,Trattoria,fast_food,49.985252,20.0707154,,fast_food,,44,115,174,200,40000,0.05,0.277630890668762,1361.184554665619
1883513858,fast_food_1883513858,fast_food,49.9928674,20.0430913,,fast_food,,30,139,250,200,40000,0.05,0.5632238424032269,1218.3880787983865
1892359274,Bistro Posolone,fast_food,49.9836573,20.0549066,,fast_food,,64,111,208,200,40000,0.05,0.4271284116968298,1286.435794151585
1895018291,"Bistro ""Palce Lizać""",fast_food,49.985005,20.0612015,,fast_food,,65,114,193,200,40000,0.05,0.3698830563101897,1315.0584718449052
1973283399,fast_food_1973283399,fast_food,50.0120281,19.9268213,,fast_food,,34,301,710,200,40000,0.05,0.2583938158766471,1370.8030920616766
2121835210,Burgers Kracowska,fast_food,50.048517,19.9430652,,fast_food,,195,435,698,200,40000,0.05,0.2519712077707338,1374.0143961146332
2121835227,Mr. Broda,fast_food,50.0486147,19.9430226,,fast_food,,195,435,698,200,40000,0.05,0.2510131398448787,1374.4934300775606
2454258951,Bar Mleczny Mieszczański,fast_food,50.019001,19.9866161,,fast_food,,41,293,741,200,40000,0.05,0.7675851166103739,1116.207441694813
2895825356,Domino's Pizza,fast_food,50.0050713,19.950149,,fast_food,,43,216,761,200,40000,0.05,0.4989171441078827,1250.5414279460588
3024425364,Bar Kormoran,fast_food,50.0456052,19.9827048,,fast_food,,35,350,690,200,40000,0.05,0.512254348037861,1243.8728259810696
3092747527,Lucky Food Burger,fast_food,50.0452952,19.9291562,,fast_food,,51,454,676,200,40000,0.05,0.15913739876959387,1420.431300615203
3092749329,TATA Sushi,fast_food,50.0452007,19.9292075,,fast_food,,52,455,677,200,40000,0.05,0.16007849552829334,1419.9607522358533
3120752615,"Jadłodajnia ""Wczoraj i Dziś""",fast_food,50.047133,19.9553724,,fast_food,,230,435,719,200,40000,0.05,0.35091276620472134,1324.5436168976394
3199275831,Obiadkownia,fast_food,50.0167833,19.9504585,,fast_food,,45,352,817,200,40000,0.05,0.4769283623498577,1261.5358188250711
3781839711,Workshop Bistro,fast_food,50.0453541,19.9621593,,fast_food,,135,444,740,200,40000,0.05,0.4093297905514639,1295.3351047242681
4198297489,Mezzo good food,fast_food,50.0279018,19.9198166,,fast_food,,73,444,704,200,40000,0.05,0.15100718031304883,1424.4964098434757
4294920348,fast_food_4294920348,fast_food,49.986427,20.0730691,,fast_food,,36,114,169,200,40000,0.05,0.25680960018241383,1371.5951999087931
4511680075,Lion Kebab,fast_food,50.0398747,19.9255956,,fast_food,,62,488,688,200,40000,0.05,0.15584323497055885,1422.0783825147205
5111037120,U wiśni,fast_food,50.0460268,19.9661453,,fast_food,,100,430,737,200,40000,0.05,0.4286326024063034,1285.6836987968484
5111037225,Olimp,fast_food,50.0447038,19.9675031,,fast_food,,92,430,747,200,40000,0.05,0.44732665669039473,1276.3366716548026
5115887902,Chili Chili,fast_food,50.0452709,19.9523518,,fast_food,,238,446,720,200,40000,0.05,0.3427477386839991,1328.6261306580004
5126212160,Jadłodajnia August,fast_food,50.0483939,19.9423238,,fast_food,,198,439,698,200,40000,0.05,0.24710468166882538,1376.4476591655873
5137990644,Placek Wolnica,fast_food,50.0490685,19.9433571,,fast_food,,191,434,697,200,40000,0.05,0.25059117881761583,1374.704410591192
5254344121,Jamra - Syrian Grill,fast_food,50.0439761,19.9464326,,fast_food,,219,461,714,200,40000,0.05,0.3069369643409041,1346.531517829548
5350028934,Nogor Kebab,fast_food,50.0166387,20.0079432,,fast_food,,66,175,462,200,40000,0.05,0.8156251741885451,1092.1874129057276
5368347841,Food truck,fast_food,50.0443379,19.9677578,,fast_food,,89,429,750,200,40000,0.05,0.4517839078200896,1274.1080460899552
5373660363,Szama,fast_food,50.0158937,20.0244763,,fast_food,,40,157,383,200,40000,0.05,0.7081611812352617,1145.9194093823692
5402579558,Jadłodajnia Avocado,fast_food,50.0168708,20.0177024,,fast_food,,54,164,431,200,40000,0.05,0.7554598482048358,1122.270075897582
5420844158,Gusto,fast_food,50.0178605,19.986276,,fast_food,,40,283,732,200,40000,0.05,0.7747566568686411,1112.6216715656794
5486376222,Alebriche,fast_food,50.038013,19.9413603,,fast_food,,105,523,736,200,40000,0.05,0.3011722254310426,1349.4138872844787
5836938854,McDonald's,fast_food,50.0286187,19.9531096,,fast_food,,31,617,799,200,40000,0.05,0.4506604327148792,1274.6697836425603
5836938856,KFC,fast_food,50.0284586,19.9527548,,fast_food,,31,615,798,200,40000,0.05,0.44845663479650755,1275.7716826017463
5849692185,Sevi Kebab,fast_food,50.0285618,19.9530101,,fast_food,,31,615,797,200,40000,0.05,0.45010663567834375,1274.9466821608282
5849725714,Olimp,fast_food,50.0284889,19.952863,,fast_food,,31,615,797,200,40000,0.05,0.44922652640038174,1275.3867367998091
5857257683,New York Pizza,fast_food,50.0124831,19.9675236,,fast_food,,50,252,820,200,40000,0.05,0.6520712224362661,1173.964388781867
5901727506,Stołówka Ciotki Klotki,fast_food,50.0421972,19.962705,,fast_food,,117,472,761,200,40000,0.05,0.43683743795953955,1281.58128102023
5932943432,Bogdanka,fast_food,50.0277134,19.9607514,,fast_food,,42,599,817,200,40000,0.05,0.5195330249101173,1240.2334875449415
5954765859,H.O.G.,fast_food,50.044402,19.9691225,,fast_food,,85,420,749,200,40000,0.05,0.4591712276283957,1270.4143861858022
6209938366,"Bar ""Smaczek""",fast_food,50.0167266,19.97909,,fast_food,,43,279,763,200,40000,0.05,0.732230089898067,1133.8849550509665
6231218228,Ancymon kebab,fast_food,50.0157382,19.9518391,,fast_food,,53,309,817,200,40000,0.05,0.49332819024047136,1253.3359048797643
6346221208,Bar Mleczny Smakosz,fast_food,50.0373531,19.9402959,,fast_food,,87,529,737,200,40000,0.05,0.2957391366531912,1352.1304316734045
6359448271,Pizzicletta,fast_food,50.0441322,19.947968,,fast_food,,223,456,720,200,40000,0.05,0.3177258541583119,1341.137072920844
6359448281,Mazaya Falafel,fast_food,50.0439429,19.9464866,,fast_food,,219,461,714,200,40000,0.05,0.307564989333311,1346.2175053333444
6442695375,Miso Place,fast_food,50.0438881,19.9466284,,fast_food,,219,461,715,200,40000,0.05,0.3090084654520334,1345.4957672739833
6442698993,Curry Up!,fast_food,50.0490254,19.9430123,,fast_food,,192,435,696,200,40000,0.05,0.2482628254203565,1375.8685872898218
6482519997,Zapiekanki,fast_food,50.01857,20.0043526,,fast_food,,55,202,545,200,40000,0.05,0.8092671955955426,1095.3664022022288
6540804465,Madras Bistro,fast_food,50.0463732,19.9539034,,fast_food,,233,438,719,200,40000,0.05,0.3461368484308306,1326.9315757845848
6608929962,Zaczątek,fast_food,50.0228424,19.9606826,,fast_food,,37,510,819,200,40000,0.05,0.5452876535082636,1227.3561732458681
6875778385,Kebab u Pajdy,fast_food,50.0237542,19.9106093,,fast_food,,77,263,665,200,40000,0.05,0.1,1462.465113931035
7018162829,Habibi,fast_food,50.0105591,19.9291239,,fast_food,,34,300,711,200,40000,0.05,0.2834167079801556,1358.2916460099223
7086813185,Bush Burger,fast_food,50.0379191,19.9409892,,fast_food,,105,523,736,200,40000,0.05,0.2985634268552726,1350.7182865723637
7086813194,Garam Masala,fast_food,50.0401194,19.9422173,,fast_food,,177,509,725,200,40000,0.05,0.29655087777080724,1351.7245611145963
7086813211,Bar Krakowski,fast_food,50.0421034,19.9441063,,fast_food,,224,480,717,200,40000,0.05,0.30022846647995083,1349.8857667600246
7086813233,British Kebab,fast_food,50.0383709,19.9416782,,fast_food,,112,521,736,200,40000,0.05,0.3018769218791042,1349.061539060448
7089851135,Frytki Belgijskie,fast_food,50.0143789,19.9946736,,fast_food,,40,228,642,200,40000,0.05,0.846662691372932,1076.668654313534
7110978872,Kebab pod 13,fast_food,50.0482908,19.9440097,,fast_food,,197,435,698,200,40000,0.05,0.2606141021949486,1369.6929489025256
7873187342,Snap Pizza Krk,fast_food,50.0450949,19.9290179,,fast_food,,57,454,677,200,40000,0.05,0.1590476513844572,1420.4761743077713
8063149677,Pizzeria Gonzales,fast_food,49.9726903,20.0602279,,fast_food,,4,109,128,200,40000,0.05,0.33869676754908307,1330.6516162254584
8072437459,Kebab u Daniela,fast_food,49.984841,20.0583495,,fast_food,,69,113,204,200,40000,0.05,0.39713521986686473,1301.4323900665677
8167426937,Amamamusi,fast_food,50.0488632,19.9448039,,fast_food,,192,435,698,200,40000,0.05,0.2628282581752106,1368.5858709123947
8170645832,Frytki Belgijskie,fast_food,50.0107002,19.9565003,,fast_food,,71,242,821,200,40000,0.05,0.5520359188360973,1223.9820405819514
8269844261,Kebab u Mazura,fast_food,50.0402042,19.9909472,,fast_food,,39,257,695,200,40000,0.05,0.5878918970124676,1206.054051493766
8792819031,Frytki Belgijskie,fast_food,50.0339347,19.9954056,,fast_food,,23,248,671,200,40000,0.05,0.657556957224971,1171.2215213875145
8792826054,fast_food_8792826054,fast_food,50.0338633,19.9954409,,fast_food,,23,248,671,200,40000,0.05,0.6583117678789588,1170.8441160605205
8792826055,fast_food_8792826055,fast_food,50.0338006,19.9954634,,fast_food,,23,247,670,200,40000,0.05,0.6589631544950068,1170.5184227524967
8939441038,Kebab Raffi,fast_food,49.9851184,20.0615664,,fast_food,,64,114,191,200,40000,0.05,0.3666056814653209,1316.6971592673394
9660586009,Kebab u Pajdy,fast_food,49.9940039,20.0543139,,fast_food,,25,132,239,200,40000,0.05,0.45356126158369714,1273.2193692081514
9709595655,Ocean Sushi,fast_food,50.0238774,19.9104122,,fast_food,,77,264,663,200,40000,0.05,0.1,1463.5758875200538
9709595656,Homie Burger,fast_food,50.023859,19.9104692,,fast_food,,77,264,663,200,40000,0.05,0.1,1463.2768079032185
9709595657,Obi-Wan Pierogi,fast_food,50.0238287,19.9105534,,fast_food,,77,264,663,200,40000,0.05,0.1,1462.8309949444263
9711800174,Yummy Indian Foodies,fast_food,50.036556,19.9247596,,fast_food,,55,497,698,200,40000,0.05,0.1634918453380403,1418.25407733098
9711800175,ParmeWan,fast_food,50.0365322,19.9246722,,fast_food,,54,497,698,200,40000,0.05,0.16280951452609793,1418.5952427369511
9711800176,Daruma,fast_food,50.0365803,19.9247226,,fast_food,,55,497,698,200,40000,0.05,0.16305285119967516,1418.4735744001623
9711800177,Frytki Belgijskie,fast_food,50.0366875,19.9247355,,fast_food,,56,496,698,200,40000,0.05,0.16269971835070662,1418.6501408246468
9711800179,RexMex Bar,fast_food,50.0366413,19.9246458,,fast_food,,55,494,697,200,40000,0.05,0.16209545153819005,1418.952274230905
9711800180,Gyros Humi,fast_food,50.0366215,19.9246709,,fast_food,,55,495,698,200,40000,0.05,0.1624077621503195,1418.7961189248404
9711800181,Dratewka Burger,fast_food,50.0365972,19.9245955,,fast_food,,55,495,697,200,40000,0.05,0.16183571609794867,1419.0821419510257
9711800182,Beach Bar,fast_food,50.0365723,19.9250642,,fast_food,,55,501,698,200,40000,0.05,0.16615905300051215,1416.9204734997438
9715680246,Street Pizza Truck,fast_food,50.023894,19.9100599,,fast_food,,77,262,663,200,40000,0.05,0.1,1465.2994955942324
9715680247,Mała Gruzja,fast_food,50.0239552,19.9100949,,fast_food,,77,263,663,200,40000,0.05,0.1,1465.2090555075756
9715680256,fast_food_9715680256,fast_food,50.0241224,19.9082721,,fast_food,,76,245,656,200,40000,0.05,0.1,1474.2335347740052
9715680257,Homie Burger,fast_food,50.0240559,19.9081808,,fast_food,,75,243,655,200,40000,0.05,0.1,1474.5906608186149
9715680258,Homie Burger,fast_food,50.0240274,19.9082681,,fast_food,,76,243,656,200,40000,0.05,0.1,1474.1322976862555
9721421272,"Bar Mleczny ""Promyk""",fast_food,50.007918,19.9530744,,fast_food,,61,219,810,200,40000,0.05,0.524110657887772,1237.944671056114
9839569644,Mc-Queen Hot Dog,fast_food,50.0240206,19.9099485,,fast_food,,77,261,662,200,40000,0.05,0.1,1466.0005868185747
9874259944,fast_food_9874259944,fast_food,50.0338149,19.9952284,,fast_food,,23,250,673,200,40000,0.05,0.6585010060673361,1170.749496966332
9899790570,Moza Kebab,fast_food,50.0107583,19.9556774,,fast_food,,70,245,821,200,40000,0.05,0.543904188831988,1228.047905584006
9902023667,fast_food_9902023667,fast_food,50.0391867,19.9813947,,fast_food,,32,417,728,200,40000,0.05,0.5662080400721816,1216.8959799639092
9902023668,fast_food_9902023668,fast_food,50.0391845,19.9813129,,fast_food,,33,417,729,200,40000,0.05,0.5658764292669833,1217.0617853665083
9902023669,fast_food_9902023669,fast_food,50.0391833,19.9812385,,fast_food,,34,420,729,200,40000,0.05,0.5655664744590004,1217.2167627704998
9993199117,Kebab u Rudego,fast_food,50.0499423,19.9267584,,fast_food,,44,404,620,200,40000,0.05,0.1135145066133516,1443.242746693324
10110253057,Crêpe Me,fast_food,50.0492039,19.9439714,,fast_food,,189,434,697,200,40000,0.05,0.2543306501424154,1372.8346749287923
10110253059,Jerusalem Kebab,fast_food,50.0492502,19.9432459,,fast_food,,188,433,696,200,40000,0.05,0.24856070991395451,1375.7196450430229
10155819050,Pizza Hut,fast_food,50.0450903,19.9507608,,fast_food,,231,452,718,200,40000,0.05,0.3323448516839157,1333.8275741580421
10911721653,Kebab u Pajdy,fast_food,50.0223851,20.050479,,fast_food,,21,86,278,200,40000,0.05,0.4478023774942549,1276.0988112528726
10965799445,Smil'y,fast_food,50.0092911,20.0004971,,fast_food,,40,179,466,200,40000,0.05,0.9069561137849587,1046.5219431075207
11030835305,Bar Mleczny Południowy,fast_food,50.0446342,19.9477555,,fast_food,,229,455,714,200,40000,0.05,0.3128537572037662,1343.5731213981169
11140555677,Plackarnia,fast_food,49.9944308,20.0537382,,fast_food,,24,134,240,200,40000,0.05,0.4597398656313679,1270.130067184316
11165103711,Sztuka Mięsa i Nie Tylko,fast_food,50.0129642,20.0122502,,fast_food,,72,172,448,200,40000,0.05,0.8216357990851347,1089.1821004574326
11307763871,Pizza Toni,fast_food,50.0288239,19.9182885,,fast_food,,81,429,694,200,40000,0.05,0.1335367034051541,1433.231648297423
11362666147,Fat Cow Burgers,fast_food,50.0278819,19.9198539,,fast_food,,73,445,704,200,40000,0.05,0.1514248593777987,1424.2875703111006
11462340420,Obwarzanki,fast_food,49.98341,20.0551043,,fast_food,,62,111,206,200,40000,0.05,0.42452524134502434,1287.7373793274878
11471895804,Mr. Burger,fast_food,50.0439354,19.9465795,,fast_food,,219,461,715,200,40000,0.05,0.30833033943866295,1345.8348302806685
11606168269,Mr Meat,fast_food,50.0449598,19.9832679,,fast_food,,36,355,693,200,40000,0.05,0.520276456023885,1239.8617719880576
11663751270,Oke Poke,fast_food,50.0491371,19.9429654,,fast_food,,189,434,696,200,40000,0.05,0.24717862719165185,1376.4106864041742
11666937231,Filthy,fast_food,50.0486546,19.9426618,,fast_food,,194,434,698,200,40000,0.05,0.24800669681173826,1375.996651594131
11883604905,Gastrospecial Pizza Pasta Burger,fast_food,49.9874509,19.9119288,,fast_food,,7,55,251,200,40000,0.05,0.11039243594434722,1444.8037820278264
11886468578,Turlaj Klopsa,fast_food,50.0302836,19.9117385,,fast_food,,73,314,651,200,40000,0.05,0.1,1466.5615932331468
11895550334,Hindus,fast_food,50.047178,19.9623978,,fast_food,,121,433,725,200,40000,0.05,0.3967016385866683,1301.649180706666
11948039680,Pizza Boyz,fast_food,50.0488785,19.964424,,fast_food,,101,413,717,200,40000,0.05,0.39545392745879204,1302.273036270604
12068100759,Huta Mięsa,fast_food,50.047865,19.960632,,fast_food,,143,430,721,200,40000,0.05,0.3802502400968497,1309.8748799515752
12068121223,Inna,fast_food,50.0480656,19.9607287,,fast_food,,140,430,717,200,40000,0.05,0.3793119215700974,1310.3440392149514
12073596669,Matt's Cheesesteaks,fast_food,50.0473705,19.9558861,,fast_food,,225,434,721,200,40000,0.05,0.3526978724382337,1323.651063780883
12101877939,Shawarma 31,fast_food,50.0493884,19.9431539,,fast_food,,187,433,696,200,40000,0.05,0.24695995194346032,1376.5200240282697
12144132358,Panda Sushi,fast_food,50.0347065,19.9337951,,fast_food,,81,553,735,200,40000,0.05,0.25249548989589643,1373.7522550520519
12158142244,My Viet Nam,fast_food,50.0494241,19.9640147,,fast_food,,99,411,706,200,40000,0.05,0.3886340312954677,1305.6829843522662
12158301435,Piatto,fast_food,50.0488363,19.9601646,,fast_food,,140,424,711,200,40000,0.05,0.3697743823954882,1315.1128088022558
12158301444,Banda Burger's Zabłocie,fast_food,50.0494951,19.959447,,fast_food,,144,421,707,200,40000,0.05,0.36013198759352905,1319.9340062032354
12158301447,Krowa Mać,fast_food,50.0496612,19.9592717,,fast_food,,145,421,704,200,40000,0.05,0.3577360973610315,1321.1319513194842
12255043050,Hozat Kebab,fast_food,50.0146929,20.0000593,,fast_food,,51,197,566,200,40000,0.05,0.8530698033418589,1073.4650983290705
12339989602,Burger King,fast_food,50.0287412,19.9532634,,fast_food,,31,616,800,200,40000,0.05,0.4513319439770659,1274.3340280114671
12376925095,Gronostajowa 7,fast_food,50.0251664,19.901598,,fast_food,,60,202,604,200,40000,0.05,0.1,1507.8459730311984
12386326511,fast_food_12386326511,fast_food,50.0089253,20.0016214,,fast_food,,40,178,454,200,40000,0.05,0.9092862094000983,1045.3568952999508
12386326512,fast_food_12386326512,fast_food,50.0093297,20.0005084,,fast_food,,40,179,466,200,40000,0.05,0.9065645823843869,1046.7177088078065
12572142298,One More Burger,fast_food,50.0459962,19.9549574,,fast_food,,234,440,724,200,40000,0.05,0.3562231575149932,1321.8884212425035
12572830727,Showarma Royal,fast_food,50.0146725,20.0196261,,fast_food,,55,165,417,200,40000,0.05,0.7549559106078881,1122.522044696056
12615567338,Zielony Zakątek,fast_food,50.020845,20.0502145,,fast_food,,22,97,278,200,40000,0.05,0.4563079883564619,1271.846005821769
12779747492,Kebab u Pajdy,fast_food,50.0410552,19.9930179,,fast_food,,38,229,681,200,40000,0.05,0.5835532245952463,1208.2233877023768
12811473335,Sportowe Caffe,fast_food,50.0140446,20.0384958,,fast_food,,8,147,324,200,40000,0.05,0.590222327743454,1204.888836128273
12846808471,Grube Rollo,fast_food,50.0359653,19.939929,,fast_food,,71,543,742,200,40000,0.05,0.29985516890502284,1350.0724155474886
12846832730,Wyśmienita,fast_food,50.0123558,19.9536438,,fast_food,,71,260,822,200,40000,0.05,0.5202539138168814,1239.8730430915593
12923163565,kebab 360,fast_food,49.9913065,20.0406093,,fast_food,,25,133,252,200,40000,0.05,0.5847058646284561,1207.647067685772
12947254920,Pizza Hut Express,fast_food,50.0243326,19.9026282,,fast_food,,60,203,613,200,40000,0.05,0.1,1501.8302217383955
12947254923,Hanzo Sushi,fast_food,50.0240611,19.9057755,,fast_food,,65,227,642,200,40000,0.05,0.1,1486.240499481988
12947309553,Smoczne Zapiekanki,fast_food,50.0239356,19.9101674,,fast_food,,77,263,663,200,40000,0.05,0.1,1464.8335446727215
12983915733,Bałkańska Robota,fast_food,50.008115,19.9063448,,fast_food,,12,157,442,200,40000,0.05,0.1,1470.0305764532786
13005220586,Juicy Fruit,fast_food,50.0278988,19.9495542,,fast_food,,36,633,790,200,40000,0.05,0.42353475568079546,1288.2326221596022
13007424713,Pasibus,fast_food,50.0286719,19.9531784,,fast_food,,31,617,800,200,40000,0.05,0.4509699392410227,1274.5150303794887
13007424714,North Fish,fast_food,50.028534,19.9529247,,fast_food,,31,615,797,200,40000,0.05,0.4495208427115537,1275.2395786442232
13007452384,Koi No Sushi,fast_food,50.0280037,19.9496701,,fast_food,,37,632,790,200,40000,0.05,0.4240394069295984,1287.9802965352008
13082430458,Route 66,fast_food,50.013862,19.995716,,fast_food,,44,212,631,200,40000,0.05,0.8549111651435323,1072.5444174282338
13082430459,Grande Bistro,fast_food,50.013887,19.9954263,,fast_food,,41,216,634,200,40000,0.05,0.8537920998406965,1073.1039500796517
13159518143,Piekarnia pizzy,fast_food,49.9842704,20.0721686,,fast_food,,43,115,161,200,40000,0.05,0.2613710578294277,1369.3144710852862
13160076052,Kebab Sahib Style,fast_food,49.9840623,20.0645684,,fast_food,,64,114,185,200,40000,0.05,0.3349369533758533,1332.5315233120732
13160076077,Nogor Kebab,fast_food,49.9843139,20.062286,,fast_food,,62,114,187,200,40000,0.05,0.3576916994767898,1321.154150261605
13196320906,Byczek Kebab,fast_food,50.0095647,19.953736,,fast_food,,66,235,818,200,40000,0.05,0.5275763361039117,1236.2118319480442
13196320907,Gohan Burger,fast_food,50.0095138,19.9536091,,fast_food,,64,235,817,200,40000,0.05,0.5264360662751134,1236.7819668624434
13205547944,Pan KimBap,fast_food,50.0427017,19.9452533,,fast_food,,227,475,716,200,40000,0.05,0.30569197442489027,1347.1540127875548
13260047540,Van Groch,fast_food,50.0424843,19.9433871,,fast_food,,224,475,714,200,40000,0.05,0.2921909725851214,1353.9045137074393
13364109366,W.PUNKT,fast_food,49.973492,20.0408049,,fast_food,,3,108,167,200,40000,0.05,0.5134083921798395,1243.2958039100804
13364194980,Pizzeria Da Vinci,fast_food,49.9700963,20.0368838,,fast_food,,3,101,140,200,40000,0.05,0.5251688746375427,1237.4155626812287
13390885379,Obrigado - Dziękuję,fast_food,50.037948,19.9393042,,fast_food,,96,524,729,200,40000,0.05,0.28417663899254,1357.9116805037302
13392682713,King Bar,fast_food,50.0181691,19.9855191,,fast_food,,39,288,744,200,40000,0.05,0.7676613119560112,1116.1693440219944
13426507792,Kebab Byczek,fast_food,50.0281748,19.9102755,,fast_food,,76,275,655,200,40000,0.05,0.1,1470.2208325693887
13426507794,Smak Kebab,fast_food,50.0280708,19.9100302,,fast_food,,75,273,654,200,40000,0.05,0.1,1471.2360004466939
13428823301,Grill & Go Kebab,fast_food,50.037809,19.9395496,,fast_food,,91,527,729,200,40000,0.05,0.2869942958741293,1356.5028520629353
13438233101,Pizza Hut Express,fast_food,50.0329625,19.9240472,,fast_food,,65,482,708,200,40000,0.05,0.17202933420985822,1413.9853328950708
13444828180,Lam Kieu,fast_food,50.0229871,19.9606748,,fast_food,,35,514,820,200,40000,0.05,0.5444916991480716,1227.754150425964
13529803323,Keblab,fast_food,50.0427903,19.9448647,,fast_food,,224,476,715,200,40000,0.05,0.302080872867064,1348.959563566468
13541588785,Kreska Mąki,fast_food,50.0465432,19.9500532,,fast_food,,230,444,712,200,40000,0.05,0.3172883261229328,1341.3558369385337
13592194265,Kebab Kingdom,fast_food,49.9823558,20.0676118,,fast_food,,56,115,168,200,40000,0.05,0.30123871795296187,1349.380641023519
13598331061,Goat Bite,fast_food,50.0072312,19.9549592,,fast_food,,62,220,808,200,40000,0.05,0.543824165690477,1228.0879171547615
69416690,McDonald's,fast_food,50.0325621,19.9703853,,fast_food,,21,513,791,200,40000,0.05,0.5598499332613962,1220.075033369302
107903401,McDonald's,fast_food,50.0347429,19.9402312,,fast_food,,64,565,750,200,40000,0.05,0.3086695035043008,1345.6652482478496
148627746,Mustafa,fast_food,50.0328423,19.9695797,,fast_food,,22,519,796,200,40000,0.05,0.5523381497849214,1223.8309251075393
162591710,Czarna Krowa,fast_food,50.0329404,19.9937543,,fast_food,,22,272,700,200,40000,0.05,0.6647271677200666,1167.6364161399667
166562677,Kebaber,fast_food,50.0312143,19.9213738,,fast_food,,67,469,702,200,40000,0.05,0.15404421800368828,1422.977890998156
191316602,Pizzeria Rewolucja,fast_food,50.0191795,19.9254531,,fast_food,,42,356,717,200,40000,0.05,0.23025370933922606,1384.873145330387
199965735,fast_food_199965735,fast_food,49.9531449,19.9937877,,fast_food,,0,2,13,200,40000,0.05,0.5273486414596698,1236.325679270165
233372329,Nova Sushi,fast_food,50.047292,19.926124,,fast_food,,48,436,649,200,40000,0.05,0.12283430071624069,1438.5828496418796
294930018,KFC,fast_food,49.9808446,19.9099892,,fast_food,,7,38,182,200,40000,0.05,0.1,1460.132412078317
337428984,Pierogarnia Przy Studni,fast_food,49.9906588,19.9463825,,fast_food,,12,136,363,200,40000,0.05,0.45574874150901756,1272.1256292454912
337561613,Metro Drive,fast_food,49.9841909,19.9125591,,fast_food,,7,39,218,200,40000,0.05,0.11141468414000477,1444.2926579299976
338332090,Pierogarnia Pycha Micha,fast_food,50.0122755,19.956162,,fast_food,,69,250,823,200,40000,0.05,0.5447574114551548,1227.6212942724226
630060216,Piekarnia Pizzy,fast_food,50.0361669,19.9398617,,fast_food,,76,541,739,200,40000,0.05,0.2982407975309729,1350.8796012345135
632327578,Quang Vinh,fast_food,50.0163713,20.0012071,,fast_food,,54,208,603,200,40000,0.05,0.8358425895367213,1082.0787052316393
637290296,Moza Kebab,fast_food,50.0418795,19.9622354,,fast_food,,119,473,761,200,40000,0.05,0.43608001157877363,1281.959994210613
639688076,KFC,fast_food,49.9803729,19.9116886,,fast_food,,7,38,182,200,40000,0.05,0.1,1452.3308088216459
682016253,Mera Kebab,fast_food,50.0233255,19.9814432,,fast_food,,34,316,765,200,40000,0.05,0.701933937441732,1149.0330312791339
682542752,Puri Chveni,fast_food,50.0156038,20.0196047,,fast_food,,52,161,419,200,40000,0.05,0.7494360687309576,1125.2819656345212
700439013,fast_food_700439013,fast_food,50.0362556,20.0718334,,fast_food,,1,31,95,200,40000,0.05,0.19535685630711686,1402.3215718464417
702493663,KFC,fast_food,50.0353032,19.9406155,,fast_food,,67,549,748,200,40000,0.05,0.30914294021917144,1345.4285298904142
703091445,Kebab Kordiana,fast_food,50.0133561,19.9655533,,fast_food,,57,257,820,200,40000,0.05,0.6305462751439515,1184.7268624280243
727148985,Krakowski Kebab,fast_food,50.0148889,19.970908,,fast_food,,42,273,812,200,40000,0.05,0.6731936648089588,1163.4031675955207
742128204,McDonald's,fast_food,49.9942863,20.0545665,,fast_food,,22,132,239,200,40000,0.05,0.4513517256073788,1274.3241371963106
767377907,McDonald's,fast_food,50.0376487,20.0516716,,fast_food,,6,41,182,200,40000,0.05,0.3606738814775553,1319.6630592612223
802631208,Burger King,fast_food,50.0377511,20.0511314,,fast_food,,6,41,187,200,40000,0.05,0.3644242281859692,1317.7878859070154
866068263,Camro BAR,fast_food,49.9844167,20.0554479,,fast_food,,65,111,210,200,40000,0.05,0.4240391633713123,1287.9804183143438
929029637,McDonald's,fast_food,50.0053974,19.9460586,,fast_food,,35,214,755,200,40000,0.05,0.45789239437913,1271.053802810435
1196303441,Krowa na Salonach Burgery,fast_food,50.0129634,19.9793659,,fast_food,,42,260,729,200,40000,0.05,0.7563166352887698,1121.8416823556151
1241443462,fast_food_1241443462,fast_food,50.0221717,20.0511759,,fast_food,,21,86,277,200,40000,0.05,0.4422763209527405,1278.8618395236297
1244220038,fast_food_1244220038,fast_food,50.0333778,20.08805,,fast_food,,0,23,55,200,40000,0.05,0.1,1470.8205611705912
1254211960,Pycha Kebs,fast_food,50.0012065,19.9006569,,fast_food,,12,110,327,200,40000,0.05,0.1,1496.7521303391597
1299372562,Max,fast_food,50.0110255,19.927552,,fast_food,,34,296,707,200,40000,0.05,0.2671784423032948,1366.4107788483525
1331108483,fast_food_1331108483,fast_food,50.0040266,20.0649243,,fast_food,,3,132,232,200,40000,0.05,0.3495095513345189,1325.2452243327407
1367181510,Kebab King Bar,fast_food,50.0107425,20.008719,,fast_food,,63,158,458,200,40000,0.05,0.8616445638039582,1069.177718098021
1409263933,KFC,fast_food,49.995004,20.0348445,,fast_food,,14,163,284,200,40000,0.05,0.6479915915422088,1176.0042042288956
1483387021,Berlin Doner Kebap,fast_food,50.0147644,19.9326588,,fast_food,,38,340,751,200,40000,0.05,0.31059266577732925,1344.7036671113353
1483387022,KFC,fast_food,50.0147815,19.9325083,,fast_food,,38,342,751,200,40000,0.05,0.3090859452044603,1345.45702739777
1483387023,North Fish,fast_food,50.0148403,19.9324238,,fast_food,,38,342,751,200,40000,0.05,0.30813460047995855,1345.9326997600208
1483387053,Burger King,fast_food,50.0147189,19.932749,,fast_food,,38,340,751,200,40000,0.05,0.3115711352499958,1344.2144323750022
392667581,Shell,fuel,50.0334724,19.9693655,,fuel,,22,512,793,200,40000,0.05,0.5462518152091245,1226.8740923954379
544444405,Orlen,fuel,50.039886,19.9625541,,fuel,,88,503,772,200,40000,0.05,0.4529087441011017,1273.5456279494492
1231020786,"Stacja Paliw ""Wygoda""",fuel,49.9956127,20.0645817,,fuel,,13,126,222,200,40000,0.05,0.35269447892203365,1323.652760538983
1235277074,fuel_1235277074,fuel,49.9904993,20.0485515,,fuel,,47,119,233,200,40000,0.05,0.5052766982706602,1247.3616508646699
1291618701,Stacja Paliw BAZA,fuel,49.9736154,20.0402069,,fuel,,3,107,168,200,40000,0.05,0.5190902449762431,1240.4548775118783
1583076676,Carrefour,fuel,50.0150077,20.0209442,,fuel,,50,163,403,200,40000,0.05,0.7423392593098634,1128.8303703450683
1879243308,fuel_1879243308,fuel,50.0300248,19.953057,,fuel,,28,618,789,200,40000,0.05,0.44276271983652515,1278.6186400817373
1910801960,Polpetrol,fuel,50.0280462,19.9412018,,fuel,,46,620,764,200,40000,0.05,0.3485540960540381,1325.722951972981
1980060497,Orlen,fuel,50.0132593,19.9663781,,fuel,,55,254,822,200,40000,0.05,0.6385804105890169,1180.7097947054915
4265620749,Shell,fuel,50.0189994,19.9067517,,fuel,,50,188,608,200,40000,0.05,0.1,1475.8209393577001
4719351890,Krak tar,fuel,50.0449498,19.9956746,,fuel,,26,170,639,200,40000,0.05,0.5484256866029926,1225.7871566985036
8780886419,fuel_8780886419,fuel,50.0372888,20.0251567,,fuel,,4,124,322,200,40000,0.05,0.5501873545208044,1224.9063227395977
10905614024,BP Rybitwy,fuel,50.0402166,19.9841023,,fuel,,31,356,716,200,40000,0.05,0.5675521093992866,1216.2239453003567
13363550686,Shell,fuel,50.0062236,19.9455537,,fuel,,41,217,771,200,40000,0.05,0.45199153467762654,1274.0042326611867
37638741,BP Sezam,fuel,50.026202,19.9761893,,fuel,,28,475,780,200,40000,0.05,0.6459527943211787,1177.0236028394106
55983055,Shell,fuel,50.0217588,19.9333275,,fuel,,33,454,758,200,40000,0.05,0.29866786515304133,1350.6660674234793
93949136,Shell,fuel,50.0131214,19.9602035,,fuel,,76,263,819,200,40000,0.05,0.5809615112892157,1209.5192443553922
107903416,BP Mateczny,fuel,50.0343541,19.9400948,,fuel,,62,571,751,200,40000,0.05,0.3094323223716571,1345.2838388141713
150648436,Auchan,fuel,50.0288585,19.9547362,,fuel,,31,610,803,200,40000,0.05,0.4631923423897558,1268.403828805122
151169387,BP,fuel,50.0276857,19.9615715,,fuel,,42,585,818,200,40000,0.05,0.5263706515913696,1236.8146742043152
155022949,BP,fuel,50.0131751,19.9275271,,fuel,,35,314,712,200,40000,0.05,0.26339260834416667,1368.3036958279167
156119139,MOL,fuel,49.9964173,20.0355975,,fuel,,12,173,289,200,40000,0.05,0.6422266435940029,1178.8866782029986
156119187,BP,fuel,49.9959304,20.0343075,,fuel,,11,171,290,200,40000,0.05,0.6545197255399304,1172.7401372300349
156875624,Orlen,fuel,50.0179129,19.9323076,,fuel,,35,362,753,200,40000,0.05,0.2997762497479992,1350.1118751260003
156886675,fuel_156886675,fuel,49.9812663,19.9106239,,fuel,,7,38,184,200,40000,0.05,0.1,1456.59168758585
161776400,Stag-Gaz,fuel,50.0143923,19.9649807,,fuel,,58,273,819,200,40000,0.05,0.6213854635939341,1189.307268203033
169072003,Orlen,fuel,50.0291779,19.9123584,,fuel,,73,304,658,200,40000,0.05,0.1,1461.854952852361
169075338,Moya,fuel,50.033862,19.9245353,,fuel,,62,486,706,200,40000,0.05,0.1728630107358191,1413.5684946320903
194713439,MOL,fuel,50.040108,19.9243003,,fuel,,62,478,678,200,40000,0.05,0.1433147460070351,1428.3426269964825
225030049,Orlen,fuel,49.9842201,19.9121459,,fuel,,7,39,217,200,40000,0.05,0.1073999702655074,1446.3000148672463
229419616,Orlen,fuel,50.0462069,19.977739,,fuel,,38,382,700,200,40000,0.05,0.48710335070209887,1256.4483246489506
233371608,Krak-Tar stacja paliw,fuel,50.0379131,19.9251542,,fuel,,59,495,694,200,40000,0.05,0.16099481948860594,1419.502590255697
324022172,Artus,fuel,49.9892281,20.0468463,,fuel,,45,117,233,200,40000,0.05,0.5193119875324639,1240.3440062337681
324855124,fuel_324855124,fuel,49.9808267,20.0761239,,fuel,,17,110,142,200,40000,0.05,0.2149863960350893,1392.5068019824553
370682716,Orlen,fuel,50.0105966,20.0096518,,fuel,,67,157,452,200,40000,0.05,0.8566664118917008,1071.6667940541497
394689322,fuel_394689322,fuel,49.9728862,20.0615914,,fuel,,4,110,128,200,40000,0.05,0.32704690323914465,1336.4765483804276
440458976,Circle K Express,fuel,50.0156618,19.9701914,,fuel,,41,279,818,200,40000,0.05,0.6632739075747413,1168.3630462126293
559869388,Circle K,fuel,50.0442589,19.96978,,fuel,,84,421,752,200,40000,0.05,0.4640803577764452,1267.9598211117773
559869407,BP,fuel,50.0437115,19.9674897,,fuel,,89,434,751,200,40000,0.05,0.45524181159527777,1272.379094202361
564322978,ON TIR,fuel,50.0178111,19.9329552,,fuel,,35,364,753,200,40000,0.05,0.3062968581410128,1346.8515709294936
564781716,Valdi,fuel,50.0408428,19.9632748,,fuel,,101,485,770,200,40000,0.05,0.4507391669816645,1274.6304165091678
623047725,BP,fuel,50.0383132,20.0243587,,fuel,,4,122,329,200,40000,0.05,0.545990356938332,1227.004821530834
635505270,fuel_635505270,fuel,49.981566,19.91219,,fuel,,7,39,190,200,40000,0.05,0.1027593156794463,1448.6203421602768
645959813,fuel_645959813,fuel,50.0290832,19.91193,,fuel,,73,298,658,200,40000,0.05,0.1,1463.7390813334541
718787988,Orlen,fuel,50.0479792,19.902411,,fuel,,4,218,531,200,40000,0.05,0.1,1543.728253671811
754636387,Moya,fuel,50.0373337,20.0575647,,fuel,,5,41,159,200,40000,0.05,0.3138877758136154,1343.0561120931923
762682130,BP,fuel,50.044387,19.9215467,,fuel,,54,442,651,200,40000,0.05,0.1,1450.6974054143748
802631209,Orlen,fuel,50.0375555,20.0510747,,fuel,,6,41,187,200,40000,0.05,0.3660409665963935,1316.9795167018033
863636655,Slovnaft Partner,fuel,49.9797961,20.0810256,,fuel,,11,104,132,200,40000,0.05,0.16493440793133018,1417.5327960343348
1094376468,Shell,fuel,50.0402517,19.9373475,,fuel,,152,504,718,200,40000,0.05,0.2553165028591178,1372.341748570441
1147648263,fuel_1147648263,fuel,50.0287079,19.9844797,,fuel,,22,354,755,200,40000,0.05,0.6736530627537637,1163.1734686231182
1248109263,Shell,fuel,50.0368215,20.0607497,,fuel,,6,40,152,200,40000,0.05,0.2896234159025225,1355.1882920487387
17252695,Circle K,fuel,50.021664,19.9827001,,fuel,,38,307,756,200,40000,0.05,0.7227608548544968,1138.6195725727516
441918969,atm_441918969,atm,50.0146416,20.0000214,,atm,,51,197,565,200,40000,0.05,0.8535838436100978,1073.2080781949512
656382757,atm_656382757,atm,50.0152562,20.0203747,,atm,,50,162,410,200,40000,0.05,0.7454651225214599,1127.2674387392701
749780023,Euronet,atm,50.0129814,19.9718352,,atm,,46,267,796,200,40000,0.05,0.6898753952038037,1155.0623023980982
749934305,atm_749934305,atm,50.0183178,19.9829076,,atm,,44,295,751,200,40000,0.05,0.7494621915558622,1125.2689042220688
935789939,Bankomat BZ WBK,atm,49.9835115,20.0624219,,atm,,62,114,186,200,40000,0.05,0.3543712961879649,1322.8143519060175
935792653,Bankomat Cash4You,atm,50.0492958,19.9257947,,atm,,44,402,623,200,40000,0.05,0.10912950179444314,1445.4352491027785
935793634,Bankomat Cash4You,atm,50.0146642,19.9318923,,atm,,36,340,744,200,40000,0.05,0.3033151673152492,1348.3424163423754
935794427,Bankomat Millennium,atm,50.0440258,19.9472531,,atm,,216,460,719,200,40000,0.05,0.31294057569596734,1343.5297121520164
935800091,Bankomat Planet Cash,atm,50.0300793,19.9116663,,atm,,73,310,652,200,40000,0.05,0.1,1466.5727929321365
935801004,Santander,atm,50.0333484,19.9706373,,atm,,23,509,785,200,40000,0.05,0.5556708501740979,1222.1645749129511
935801305,Bankomat Cash4You,atm,50.0083298,19.953478,,atm,,62,225,812,200,40000,0.05,0.5273815437332214,1236.3092281333893
935801763,Santander,atm,50.0133296,19.9502042,,atm,,63,292,814,200,40000,0.05,0.48450994832103744,1257.7450258394813
935802318,Bankomat BZ WBK,atm,50.0146631,19.9319462,,atm,,37,340,747,200,40000,0.05,0.3038443998609095,1348.0778000695452
935803400,Bankomat Cash4You,atm,50.0115,19.9631,,atm,,66,248,817,200,40000,0.05,0.6134951488014799,1193.25242559926
972545713,atm_972545713,atm,50.0117535,19.9628779,,atm,,66,252,819,200,40000,0.05,0.6106165038602642,1194.6917480698678
972545716,atm_972545716,atm,50.0220253,19.9820201,,atm,,35,313,758,200,40000,0.05,0.7156778861748293,1142.1610569125853
1036414500,Euronet,atm,50.0129784,19.9506351,,atm,,64,285,816,200,40000,0.05,0.48957544939823994,1255.21227530088
1052682988,atm_1052682988,atm,50.0159324,19.9515727,,atm,,52,319,817,200,40000,0.05,0.4901917267197481,1254.904136640126
1194199088,atm_1194199088,atm,50.0451954,19.9223724,,atm,,57,439,647,200,40000,0.05,0.10174232745165579,1449.128836274172
1235277593,atm_1235277593,atm,49.9848104,20.071113,,atm,,43,115,169,200,40000,0.05,0.2728285816150334,1363.5857091924834
1272564213,atm_1272564213,atm,50.0081201,19.9613922,,atm,,63,238,811,200,40000,0.05,0.605475191546833,1197.2624042265834
1272564219,atm_1272564219,atm,50.0079959,19.9589779,,atm,,60,231,817,200,40000,0.05,0.5820589628643893,1208.9705185678054
1480526381,atm_1480526381,atm,50.044904,19.9487066,,atm,,228,454,717,200,40000,0.05,0.31828289594876,1340.85855202562
1772724811,atm_1772724811,atm,50.0268416,19.9209475,,atm,,74,443,705,200,40000,0.05,0.1651485613110688,1417.4257193444655
1772892095,Euronet,atm,50.0333135,19.924224,,atm,,65,482,707,200,40000,0.05,0.17224451326191292,1413.8777433690434
1883008022,atm_1883008022,atm,49.9892763,20.0467118,,atm,,45,117,234,200,40000,0.05,0.5207307645039112,1239.6346177480443
1887204895,atm_1887204895,atm,49.9834927,20.0554726,,atm,,62,111,206,200,40000,0.05,0.4212340452263795,1289.3829773868101
1900981402,atm_1900981402,atm,49.9839597,20.0622679,,atm,,62,114,187,200,40000,0.05,0.3569927998459267,1321.5036000770367
2043540456,Euronet,atm,50.0323805,19.9388158,,atm,,53,587,751,200,40000,0.05,0.3077570433807154,1346.1214783096423
2121835254,Euronet,atm,50.0480053,19.9433106,,atm,,202,436,698,200,40000,0.05,0.25715432959126994,1371.4228352043651
2164245148,PKO BP,atm,50.0227606,19.9098255,,atm,,75,253,664,200,40000,0.05,0.1,1465.0130471989437
2348609754,atm_2348609754,atm,50.0117406,19.9267457,,atm,,34,297,710,200,40000,0.05,0.25810821834651243,1370.9458908267438
2356465708,atm_2356465708,atm,50.0432943,19.9466169,,atm,,223,464,719,200,40000,0.05,0.31267534759037663,1343.6623262048117
2392697200,atm_2392697200,atm,50.0454704,19.9301533,,atm,,68,454,682,200,40000,0.05,0.16656621276493455,1416.7168936175326
2422162012,atm_2422162012,atm,50.015518,20.0199947,,atm,,51,162,413,200,40000,0.05,0.7468999501995174,1126.5500249002414
2422162059,atm_2422162059,atm,50.0161296,20.0199324,,atm,,51,162,415,200,40000,0.05,0.743589281440906,1128.205359279547
2425114382,atm_2425114382,atm,49.987283,20.0636512,,atm,,65,115,199,200,40000,0.05,0.3509085310651576,1324.5457344674212
2453097254,Euronet,atm,50.0211155,19.9790544,,atm,,40,313,780,200,40000,0.05,0.7025806832752681,1148.7096583623659
2636368118,24 h,atm,50.0295812,19.917695,,atm,,80,430,688,200,40000,0.05,0.1254052127733425,1437.2973936133287
2766629109,atm_2766629109,atm,50.0181898,19.9233985,,atm,,37,318,708,200,40000,0.05,0.21268439452212717,1393.6578027389364
2895825364,atm_2895825364,atm,50.0051533,19.9498636,,atm,,43,214,763,200,40000,0.05,0.49599453317945164,1252.0027334102742
2895825365,atm_2895825365,atm,50.0051481,19.9494155,,atm,,42,211,762,200,40000,0.05,0.49154207904095637,1254.228960479522
2895858778,atm_2895858778,atm,50.006174,19.945624,,atm,,41,217,771,200,40000,0.05,0.45274616017791514,1273.6269199110425
3024431567,atm_3024431567,atm,50.0450519,19.9831571,,atm,,36,354,693,200,40000,0.05,0.5190263027961141,1240.486848601943
3025788337,atm_3025788337,atm,50.0147054,20.021888,,atm,,49,163,399,200,40000,0.05,0.736308260811998,1131.845869594001
3060457705,Wpłatomat Euronet,atm,50.0212279,19.9026863,,atm,,50,192,587,200,40000,0.05,0.1,1498.010540704214
3060457708,atm_3060457708,atm,50.0212122,19.9026764,,atm,,50,192,587,200,40000,0.05,0.1,1498.0421805881479
3192289258,atm_3192289258,atm,50.0485384,19.9601448,,atm,,144,426,713,200,40000,0.05,0.3719543614035715,1314.0228192982142
3208155466,atm_3208155466,atm,50.0188255,19.9064034,,atm,,49,188,607,200,40000,0.05,0.1,1477.3552917327463
3246423495,atm_3246423495,atm,50.0478506,19.9529269,,atm,,227,432,716,200,40000,0.05,0.32876556524791123,1335.6172173760444
3313136361,Euronet,atm,50.0292841,19.912518,,atm,,74,309,658,200,40000,0.05,0.1,1461.2661606060576
3685993401,atm_3685993401,atm,50.0436169,19.9470644,,atm,,218,463,720,200,40000,0.05,0.314098278689253,1342.9508606553736
3745362777,atm_3745362777,atm,50.0120668,19.9549471,,atm,,71,253,823,200,40000,0.05,0.5335912242838753,1233.2043878580623
3745384901,atm_3745384901,atm,50.0086011,19.9485315,,atm,,57,233,791,200,40000,0.05,0.4781776726260314,1260.9111636869843
3763430802,Euronet,atm,50.0305848,19.9186889,,atm,,74,436,691,200,40000,0.05,0.1312696060197912,1434.3651969901043
3786184010,Bank Pekao SA,atm,50.012167,19.9999056,,atm,,48,175,508,200,40000,0.05,0.8783263379527221,1060.836831023639
4117020608,atm_4117020608,atm,50.0193269,20.0506393,,atm,,22,101,279,200,40000,0.05,0.4579789885899126,1271.0105057050437
4117020609,atm_4117020609,atm,50.0209268,20.0522443,,atm,,21,92,272,200,40000,0.05,0.43720360335818653,1281.3981983209067
4195512315,atm_4195512315,atm,50.0106611,20.0098874,,atm,,68,157,452,200,40000,0.05,0.854597203613546,1072.701398193227
4198267794,Euronet,atm,50.0276563,19.9289859,,atm,,47,529,730,200,40000,0.05,0.2379059553769154,1381.0470223115424
4227789514,Bankomat Euronet,atm,50.035869,19.9411988,,atm,,75,541,745,200,40000,0.05,0.31122091477455394,1344.389542612723
4256879091,atm_4256879091,atm,50.0400686,19.9843178,,atm,,31,354,716,200,40000,0.05,0.5697182199070185,1215.1408900464908
4297980556,atm_4297980556,atm,50.0181367,20.0344897,,atm,,12,137,342,200,40000,0.05,0.6103233015716619,1194.838349214169
4319339747,atm_4319339747,atm,49.985781,20.0470134,,atm,,50,110,230,200,40000,0.05,0.5088340666780726,1245.5829666609636
4319378383,atm_4319378383,atm,49.9840404,20.0566674,,atm,,63,111,205,200,40000,0.05,0.411280792319471,1294.3596038402645
4319405707,atm_4319405707,atm,49.9831327,20.0552415,,atm,,62,111,206,200,40000,0.05,0.4224076583315739,1288.7961708342132
4344459705,atm_4344459705,atm,50.0414864,19.9265551,,atm,,69,478,692,200,40000,0.05,0.15647912171840828,1421.7604391407958
4354881295,atm_4354881295,atm,50.0132534,19.9275061,,atm,,35,316,712,200,40000,0.05,0.26304558154725144,1368.4772092263743
4354881396,atm_4354881396,atm,50.0120782,19.9265174,,atm,,35,300,710,200,40000,0.05,0.25531379642162644,1372.3431017891867
4381990669,atm_4381990669,atm,50.0168602,19.975022,,atm,,49,262,796,200,40000,0.05,0.6986419358901838,1150.679032054908
4517455642,atm_4517455642,atm,50.0234019,20.0425244,,atm,,19,102,307,200,40000,0.05,0.5146162838567548,1242.6918580716226
4538116264,atm_4538116264,atm,50.0187293,19.975122,,atm,,49,286,800,200,40000,0.05,0.6885996848925913,1155.7001575537045
4538116266,atm_4538116266,atm,50.01138,19.975364,,atm,,36,240,765,200,40000,0.05,0.7286262916198203,1135.68685419009
4581894648,atm_4581894648,atm,50.0133148,19.9663683,,atm,,55,255,822,200,40000,0.05,0.6382853135508395,1180.8573432245803
4581895686,atm_4581895686,atm,50.0129482,19.9670688,,atm,,52,253,819,200,40000,0.05,0.6461469490480651,1176.9265254759675
4906797514,Euronet,atm,50.0442669,19.9215846,,atm,,54,442,654,200,40000,0.05,0.1,1450.2369762905373
4906797515,ING,atm,50.0350393,19.9251717,,atm,,63,502,704,200,40000,0.05,0.17374174585786506,1413.1291270710676
4950929875,Bankomat Euronet,atm,50.0301434,19.9116354,,atm,,72,310,651,200,40000,0.05,0.1,1466.822426001572
5109256311,Euronet,atm,50.0447122,19.9574325,,atm,,190,450,740,200,40000,0.05,0.38265302421652825,1308.673487891736
5115869220,Euronet,atm,50.0471554,19.9573448,,atm,,196,436,728,200,40000,0.05,0.3641464133780483,1317.9267933109759
5115874299,atm_5115874299,atm,50.0471342,19.9519661,,atm,,228,436,717,200,40000,0.05,0.32702984027148674,1336.4850798642567
5115875615,Euronet,atm,50.048857,19.9639136,,atm,,102,416,719,200,40000,0.05,0.3926092926328464,1303.6953536835767
5160318065,atm_5160318065,atm,50.0273738,19.9035725,,atm,,60,233,626,200,40000,0.05,0.1,1501.1882800577573
5230883021,atm_5230883021,atm,50.0393829,19.941806,,atm,,139,515,731,200,40000,0.05,0.29732265950793546,1351.3386702460323
5230923221,atm_5230923221,atm,50.0415034,19.9433335,,atm,,212,481,718,200,40000,0.05,0.2976023609229508,1351.1988195385247
5234931021,atm_5234931021,atm,50.0450157,19.9494973,,atm,,231,454,717,200,40000,0.05,0.32346944239155384,1338.265278804223
5252952521,atm_5252952521,atm,50.0412,19.9427293,,atm,,202,488,716,200,40000,0.05,0.2944949979985756,1352.7525010007123
5295072021,atm_5295072021,atm,50.0430065,19.945323,,atm,,226,469,714,200,40000,0.05,0.30436120211348705,1347.8193989432566
5350017515,atm_5350017515,atm,50.0165756,20.010369,,atm,,62,184,449,200,40000,0.05,0.8044835872976094,1097.7582063511954
5402579550,atm_5402579550,atm,50.015069,20.0194435,,atm,,53,164,421,200,40000,0.05,0.7540072250552964,1122.996387472352
5434923714,atm_5434923714,atm,50.045877,19.9301617,,atm,,76,451,678,200,40000,0.05,0.16441114919538058,1417.7944254023096
5452395112,atm_5452395112,atm,50.0141581,19.9948524,,atm,,41,228,641,200,40000,0.05,0.8493515412059934,1075.3242293970034
5531774646,atm_5531774646,atm,50.0188692,19.9864163,,atm,,41,291,742,200,40000,0.05,0.7674997603592741,1116.250119820363
5742056722,atm_5742056722,atm,50.0056696,19.9054953,,atm,,13,155,405,200,40000,0.05,0.1,1473.3730739662503
5932943425,atm_5932943425,atm,50.0277821,19.961494,,atm,,42,586,818,200,40000,0.05,0.5251782317110656,1237.4108841444672
5932943434,atm_5932943434,atm,50.0278117,19.960458,,atm,,42,603,817,200,40000,0.05,0.5165684721814147,1241.7157639092927
5950125719,atm_5950125719,atm,50.0343151,19.9399783,,atm,,59,567,751,200,40000,0.05,0.30861511739841685,1345.6924413007914
5981805047,atm_5981805047,atm,50.0169155,19.9873619,,atm,,45,278,718,200,40000,0.05,0.7888470431511523,1105.5764784244238
6229731432,atm_6229731432,atm,50.015734,19.9509027,,atm,,51,321,817,200,40000,0.05,0.48443200028608946,1257.7839998569552
6280708299,atm_6280708299,atm,50.0145055,19.9499736,,atm,,52,304,809,200,40000,0.05,0.47913051277599583,1260.434743612002
6304273520,Euronet,atm,50.0457506,19.9555996,,atm,,231,443,726,200,40000,0.05,0.36246467387917347,1318.7676630604133
6314518833,atm_6314518833,atm,50.0329871,19.9700633,,atm,,22,518,792,200,40000,0.05,0.554539028275203,1222.7304858623984
6387387259,atm_6387387259,atm,50.0063228,20.0192625,,atm,,27,157,404,200,40000,0.05,0.7972632973312448,1101.3683513343776
6392044976,atm_6392044976,atm,50.0121333,20.0201467,,atm,,51,163,407,200,40000,0.05,0.7648178387334378,1117.591080633281
6540804467,atm_6540804467,atm,50.0463056,19.954531,,atm,,234,439,721,200,40000,0.05,0.35102861755238035,1324.48569122381
6593661267,atm_6593661267,atm,50.0225594,20.0496573,,atm,,21,87,281,200,40000,0.05,0.4545851146466646,1272.7074426766676
6636906313,atm_6636906313,atm,50.0407641,20.0037777,,atm,,18,158,604,200,40000,0.05,0.5906123028106782,1204.693848594661
6660426001,atm_6660426001,atm,49.983134,20.0552478,,atm,,62,111,206,200,40000,0.05,0.4223512000497174,1288.8243999751412
6774011005,atm_6774011005,atm,49.9939045,19.9453641,,atm,,11,149,420,200,40000,0.05,0.45025126748121436,1274.874366259393
6815054985,atm_6815054985,atm,50.033512,19.9710575,,atm,,25,505,784,200,40000,0.05,0.5571995426549239,1221.400228672538
7110978873,Euronet,atm,50.0482739,19.943791,,atm,,198,435,698,200,40000,0.05,0.25906673025098204,1370.466634874509
7804925971,atm_7804925971,atm,50.0277535,19.950622,,atm,,35,630,793,200,40000,0.05,0.43356874677943136,1283.2156266102843
7822358206,atm_7822358206,atm,49.9885251,20.0411404,,atm,,29,118,236,200,40000,0.05,0.5728927719916166,1213.5536140041918
7952740189,atm_7952740189,atm,50.0436435,19.9301995,,atm,,80,465,694,200,40000,0.05,0.17678284198517358,1411.6085790074133
8047078424,Bankomat Banku Pekao S.A.,atm,49.9852958,20.0710418,,atm,,44,115,172,200,40000,0.05,0.2745242357680119,1362.7378821159941
8064359702,atm_8064359702,atm,50.0275958,19.9488933,,atm,,36,632,789,200,40000,0.05,0.41918824370284646,1290.4058781485767
8073655143,Bankomat Euronet,atm,49.9938066,20.054213,,atm,,30,130,238,200,40000,0.05,0.4543437370871577,1272.828131456421
8204622217,atm_8204622217,atm,50.0420437,19.9925796,,atm,,36,218,681,200,40000,0.05,0.5730649878669974,1213.4675060665013
8460259368,atm_8460259368,atm,50.0398966,19.9912299,,atm,,39,260,694,200,40000,0.05,0.5915084645222266,1204.2457677388868
8977942413,Euronet,atm,50.0125837,19.9648007,,atm,,59,250,818,200,40000,0.05,0.6261898575239147,1186.9050712380426
9249331014,Euronet,atm,50.0474967,19.9005825,,atm,,4,167,520,200,40000,0.05,0.1,1550.903254145875
9643160964,atm_9643160964,atm,49.9936435,19.9463044,,atm,,11,149,415,200,40000,0.05,0.4592946688250479,1270.3526655874762
10118844156,Bitomat FlyingAtom,atm,50.0132306,19.9316362,,atm,,36,325,738,200,40000,0.05,0.303676948047817,1348.1615259760915
10784907766,atm_10784907766,atm,50.0450126,19.9356821,,atm,,193,456,701,200,40000,0.05,0.21495691715869258,1392.5215414206536
11173723276,atm_11173723276,atm,50.0437547,19.9708003,,atm,,75,424,753,200,40000,0.05,0.47396803783609776,1263.0159810819512
11739121168,atm_11739121168,atm,50.0142175,19.9953487,,atm,,42,222,637,200,40000,0.05,0.8504099274884807,1074.7950362557597
11895246597,Bitomat Cashify,atm,50.0443289,19.9696599,,atm,,82,421,752,200,40000,0.05,0.4628246987044461,1268.5876506477769
11954250675,Euronet,atm,50.0474877,19.9005673,,atm,,4,167,520,200,40000,0.05,0.1,1550.952436254257
11960325372,atm_11960325372,atm,49.9960007,20.0343784,,atm,,11,173,290,200,40000,0.05,0.6538975892817175,1173.0512053591412
11969039174,atm_11969039174,atm,49.981687,19.9122926,,atm,,7,39,191,200,40000,0.05,0.10401149651572816,1447.994251742136
12150268156,atm_12150268156,atm,50.0132418,19.9317164,,atm,,36,326,738,200,40000,0.05,0.3044430076406247,1347.7784961796876
12155153381,Euronet,atm,49.9870452,20.0677014,,atm,,58,115,186,200,40000,0.05,0.31070279233119136,1344.6486038344042
12251205863,atm_12251205863,atm,49.9845837,20.0611069,,atm,,64,114,190,200,40000,0.05,0.3697845183352142,1315.107740832393
12251205865,atm_12251205865,atm,49.984809,20.0597091,,atm,,66,113,201,200,40000,0.05,0.38388774530853975,1308.0561273457301
12260881002,atm_12260881002,atm,50.0190725,19.9061134,,atm,,49,188,605,200,40000,0.05,0.1,1479.0212395032765
12291591205,atm_12291591205,atm,49.989993,20.0496022,,atm,,53,118,232,200,40000,0.05,0.4939843585579664,1253.0078207210167
12526237979,atm_12526237979,atm,50.0155584,20.0093446,,atm,,68,172,445,200,40000,0.05,0.8185102317704724,1090.7448841147639
12533687060,atm_12533687060,atm,50.0113804,20.0094805,,atm,,68,157,454,200,40000,0.05,0.8518806614887918,1074.0596692556041
12556103137,atm_12556103137,atm,50.0263897,19.9121798,,atm,,82,295,664,200,40000,0.05,0.1,1458.4976497794196
12603360343,atm_12603360343,atm,50.0490059,19.9308124,,atm,,88,426,662,200,40000,0.05,0.15214964595338798,1423.9251770233059
12768311696,atm_12768311696,atm,49.985113,20.0571097,,atm,,68,111,207,200,40000,0.05,0.4098186208384551,1295.0906895807725
12821164024,atm_12821164024,atm,50.0211522,19.938406,,atm,,29,480,772,200,40000,0.05,0.3487522437013648,1325.6238781493175
12923163564,atm_12923163564,atm,49.9913125,20.0410479,,atm,,28,130,249,200,40000,0.05,0.5804284625168299,1209.7857687415851
12953751832,atm_12953751832,atm,50.0481386,19.9435892,,atm,,200,435,698,200,40000,0.05,0.2584136485479286,1370.7931757260358
13098421267,atm_13098421267,atm,49.9849661,20.0713201,,atm,,43,115,170,200,40000,0.05,0.2711258810178442,1364.437059491078
13138305146,atm_13138305146,atm,49.98513,20.0536805,,atm,,66,111,214,200,40000,0.05,0.44297998417921136,1278.5100079103943
13324613880,atm_13324613880,atm,50.0333117,19.9241771,,atm,,65,482,707,200,40000,0.05,0.17182239095108964,1414.088804524455
13324613881,atm_13324613881,atm,50.0333456,19.9243143,,atm,,64,482,707,200,40000,0.05,0.17294170557028088,1413.5291472148597
13324613882,atm_13324613882,atm,50.0333345,19.9242503,,atm,,65,482,707,200,40000,0.05,0.1724007044263477,1413.7996477868262
13411362685,atm_13411362685,atm,50.04507,19.921247,,atm,,54,437,644,200,40000,0.05,0.1,1453.6887674662023
13533731558,atm_13533731558,atm,50.0190444,19.9441578,,atm,,34,436,798,200,40000,0.05,0.40999657016250957,1295.0017149187452
155027702,Bankomat Cash4You,atm,50.012109,19.9253209,,atm,,35,294,703,200,40000,0.05,0.2434554964967236,1378.2722517516381
1426848045,Biblioteka Wydziału Zarządzania i Komunikacji Społecznej Uniwersytetu Jagiellońskiego,library,50.0302947,19.9090056,,library,,66,274,647,200,40000,0.05,0.1,1479.52449571033
1506803140,Biblioteka Kraków Filia 32,library,50.014117,19.9179187,,library,,28,259,673,200,40000,0.05,0.1671356954047225,1416.4321522976388
1506803144,Biblioteka Kraków Filia 46,library,50.0448486,19.950364,,library,,230,457,718,200,40000,0.05,0.33103591890445205,1334.482040547774
1506803158,Biblioteka Kraków Filia 44,library,50.0185195,19.9815103,,library,,45,297,752,200,40000,0.05,0.7383053523016057,1130.8473238491972
1506803162,Biblioteka Kraków Filia 45,library,50.0153105,20.0086561,,library,,70,169,449,200,40000,0.05,0.824119507204483,1087.9402463977585
1506803171,Biblioteka Kraków Filia 40,library,50.0128756,19.9723572,,library,,45,266,794,200,40000,0.05,0.6950564860174983,1152.471756991251
1506803178,Biblioteka Kraków Filia 37,library,49.994718,19.9879869,,library,,0,143,376,200,40000,0.05,0.868769631712004,1065.615184143998
1506803184,Biblioteka Kraków Filia 43,library,50.023787,19.9917499,,library,,34,274,710,200,40000,0.05,0.7482291678907262,1125.8854160546368
1506803188,Biblioteka Kraków Filia 34,library,50.0276061,19.9297904,,library,,47,531,734,200,40000,0.05,0.2455807074729759,1377.209646263512
1506803195,Punkt biblioteczny dla młodzieży filii 31,library,50.0229976,19.908306,,library,,73,237,653,200,40000,0.05,0.1,1472.6700551589847
1506803196,Biblioteka Kraków Filia 41,library,50.0146222,19.953758,,library,,65,297,822,200,40000,0.05,0.5150122375935768,1242.4938812032117
1506803204,Biblioteka Kraków Filia 28,library,50.0456516,19.930903,,library,,92,453,686,200,40000,0.05,0.17184156156204966,1414.0792192189751
1506803208,Biblioteka Kraków Filia 38,library,50.02423,19.9595673,,library,,33,561,821,200,40000,0.05,0.5286300678564493,1235.6849660717753
1506803212,Biblioteka Kraków Filia 35,library,49.9895289,19.9418217,,library,,14,124,336,200,40000,0.05,0.40886900554106353,1295.5654972294683
1506803219,Biblioteka Kraków Filia 29,library,50.046269,19.9107036,,library,,8,346,569,200,40000,0.05,0.1,1502.858514245308
1506803224,Biblioteka Kraków Filia 36,library,49.9800362,19.9550676,,library,,4,24,215,200,40000,0.05,0.5083218654241364,1245.8390672879318
1506803234,Biblioteka Kraków Filia 39,library,50.0125073,19.9532246,,library,,71,263,822,200,40000,0.05,0.5158129908340994,1242.0935045829503
1706047671,Filia MBM w Chorągwicy,library,49.9577773,20.0897714,,library,,1,12,102,200,40000,0.05,0.1,1496.0257214411947
1979218275,library_1979218275,library,50.0308605,19.9064436,,library,,55,255,629,200,40000,0.05,0.1,1492.5741172963287
3752682717,Biblioteka Kraków Filia 2,library,50.0492788,19.9429023,,library,,187,433,696,200,40000,0.05,0.2457753998489366,1377.1123000755317
5160264851,Biblioteka Kraków Filia 33,library,50.0149454,19.9286829,,library,,38,333,724,200,40000,0.05,0.27133727050367806,1364.331364748161
5160322255,Biblioteka Nauk Przyrodniczych UJ,library,50.0256133,19.9009569,,library,,60,200,597,200,40000,0.05,0.1,1511.5070086152305
5691423174,Biblioteka Kraków Filia 42,library,50.0199039,20.016057,,library,,45,172,427,200,40000,0.05,0.7442672324065395,1127.8663837967304
7538198725,Biblioteka Kraków,library,50.0225216,20.0481276,,library,,21,89,288,200,40000,0.05,0.46863493261976985,1265.6825336901152
8085716373,Mediateka Biblioteka Miejska w Wieliczce,library,49.9848159,20.0646625,,library,,64,114,186,200,40000,0.05,0.33578649523966575,1332.106752380167
8085747071,Filia Miejska MBM Nr 2 w Wieliczce,library,49.9896155,20.0321166,,library,,12,140,262,200,40000,0.05,0.6624627671189576,1168.7686164405213
8087441090,Filia MBM w Zabawie,library,49.991864,20.0902895,,library,,1,91,147,200,40000,0.05,0.1,1453.2766348007074
8087455541,Filia MBM w Śledziejowicach,library,50.0095659,20.084772,,library,,1,47,176,200,40000,0.05,0.14689986362619,1426.550068186905
8791138270,Biblioteka Kraków Filia 31,library,50.0215452,19.9108267,,library,,73,252,666,200,40000,0.05,0.1,1458.6957890565848
13019742620,Biblioteka Kraków Filia 58,library,50.0040095,19.9048889,,library,,14,143,382,200,40000,0.05,0.1,1475.977873263561
867475275,Filia Miejska MBM Nr 1 w Wieliczce,library,49.9916927,20.0437074,,library,,31,129,239,200,40000,0.05,0.5551013544581336,1222.4493227709331
11215192,Biblioteka Kraków,library,50.046081,19.931744,,library,,108,448,687,200,40000,0.05,0.17645035990534796,1411.774820047326
11663805754,Teatr Nowy Proxima,theatre,50.0476721,19.943395,,theatre,,207,440,700,200,40000,0.05,0.2599489785555251,1370.0255107222374
11984980238,Scena Berlin,theatre,50.0476633,19.9432155,,theatre,,204,441,700,200,40000,0.05,0.2586316969858884,1370.6841515070557
336068373,theatre_336068373,theatre,49.976356,20.0999005,,theatre,,2,49,113,200,40000,0.05,0.1,1513.3017785925242
703110911,theatre_703110911,theatre,50.0041976,19.9651248,,theatre,,33,227,696,200,40000,0.05,0.6487309548508631,1175.6345225745686
837457641,theatre_837457641,theatre,50.0281937,19.9096418,,theatre,,74,272,653,200,40000,0.05,0.1,1473.2728871098122
1010068965,Teatr KTO,theatre,50.0404702,19.9439962,,theatre,,195,499,725,200,40000,0.05,0.3090396029814716,1345.4801985092643
1306507290,theatre_1306507290,theatre,49.9749269,20.081444,,theatre,,2,96,119,200,40000,0.05,0.1478388955361667,1426.0805522319167
