lat,lon,population_density,competitors_1km,competitors_3km,accessibility_score,rental_cost,income_level,business_category
51.9745795,20.5123902,-0.4804568507993158,-0.4616997832860695,-0.5284185650492988,-0.3284541804179847,1.746351172663592,-1.746351172663592,gastronomia
51.9564795,20.1445688,-0.47759867454868393,0.024279704797180595,-0.18651200901969364,-0.3284541804179847,1.660953683733207,-1.6609536837332066,gastronomia
51.9603304,20.1473071,-0.47784478267369335,0.024279704797180595,-0.18651200901969364,-0.3284541804179847,1.6681448758030426,-1.6681448758030424,gastronomia
51.9707207,20.1466363,-0.4784830255471888,-0.23740155801687712,-0.2292503285233943,-0.3284541804179847,1.6869340513059328,-1.6869340513059325,gastronomia
51.2268419,20.8622058,-0.4234812172209087,-0.20001852047201174,-0.4643110857937479,-0.3284541804179847,0.5769943876545052,-0.5769943876545048,gastronomia
52.0447719,21.096617,-0.4895009248929266,-0.4616997832860695,-0.6138952040567002,-0.3284541804179847,2.0466786445663145,-2.0466786445663145,gastronomia
50.4376116,20.9367574,-0.29259499165485303,-0.4616997832860695,-0.6138952040567002,-0.3284541804179847,-0.4478205108799376,0.44782051087993796,gastronomia
50.8024847,20.4623398,-0.31949750437336105,-0.05048637029255018,-0.35746528703449626,-0.3284541804179847,-0.31629927227446697,0.3162992722744674,gastronomia
50.0396615,20.0256446,2.8043464740689226,-0.4243167457412041,-0.29335780777894527,3.039926107988582,-1.6803329345197113,1.6803329345197118,gastronomia
50.2606061,20.7280459,-0.18322971393576465,-0.49908282083093486,-0.6138952040567002,-0.3284541804179847,-0.8061192984515583,0.8061192984515585,gastronomia
50.1319805,20.8855568,-0.22919875698062103,-0.49908282083093486,-0.6352643638085506,-0.3284541804179847,-0.6815229111758316,0.6815229111758317,gastronomia
50.1755785,20.9868527,-0.2666922911869587,-0.23740155801687712,-0.48568024554559824,-0.3284541804179847,-0.5541684019227541,0.5541684019227542,gastronomia
50.2066,20.99028,-0.2703516599368927,-0.49908282083093486,-0.6352643638085506,-0.3284541804179847,-0.5401694230302744,0.5401694230302745,gastronomia
50.02465,20.9722,-0.2586801378213155,-0.4616997832860695,-0.3788344467863466,-0.3284541804179847,-0.5837595433005331,0.5837595433005335,gastronomia
50.0307855,20.9946818,-0.2656081158981882,-0.16263548292714636,-0.3788344467863466,-0.3284541804179847,-0.5582564457684986,0.5582564457684988,gastronomia
51.5215345,20.0011193,-0.44207605568583913,-0.3121676331066079,0.005810428746959311,-0.3284541804179847,0.8636755075611929,-0.8636755075611925,gastronomia
51.522983,20.0160458,-0.44225552689328024,-0.05048637029255018,0.005810428746959311,-0.3284541804179847,0.8667796122158257,-0.8667796122158252,gastronomia
51.5307116,20.0046473,-0.4430410069298359,0.21119489252150753,0.005810428746959311,-0.3284541804179847,0.8804506657922517,-0.8804506657922517,gastronomia
51.5310696,20.017347,-0.4431018696339768,0.3981100802458345,0.005810428746959311,-0.3284541804179847,0.8815158144603188,-0.8815158144603189,gastronomia
50.0746969,20.0378777,2.660882632762661,0.24857793006637294,0.7751001798135712,2.9453747700693858,-1.6750087553114783,1.6750087553114785,gastronomia
51.5410976,20.1337215,-0.4445541461784216,-0.12525244538228095,-0.42157276629004725,-0.3284541804179847,0.9071852622130917,-0.9071852622130916,gastronomia
51.777538,20.0994628,-0.4651829197902921,-0.49908282083093486,-0.6352643638085506,-0.3284541804179847,1.3331948026261335,-1.3331948026261333,gastronomia
51.7540156,20.2359561,-0.463927053863014,-0.4616997832860695,-0.42157276629004725,-0.3284541804179847,1.3034649190502516,-1.3034649190502516,gastronomia
50.0344068,20.2175674,0.6156636153354158,0.09904577988691136,-0.2292503285233943,-0.3284541804179847,-1.4620407049390678,1.4620407049390678,gastronomia
51.5095587,20.0242003,-0.44085232345427733,-0.49908282083093486,-0.079666210260442,-0.3284541804179847,0.8427010527680753,-0.8427010527680749,gastronomia
50.8532823,20.6102297,-0.3461590068011612,-0.2747845955617425,2.142726403931992,-0.3284541804179847,-0.15804887233435558,0.1580488723343558,gastronomia
50.3266561,20.3987676,-0.031093308029597293,-0.49908282083093486,-0.6352643638085506,-0.3284541804179847,-1.0739529538008628,1.073952953800863,gastronomia
50.0737306,20.0418943,2.5521312350296066,0.21119489252150753,0.6468852213024692,2.8679594323889837,-1.6706495030751047,1.670649503075105,gastronomia
51.6089723,20.571729,-0.45524900314186323,-0.49908282083093486,-0.5711568845529995,-0.3284541804179847,1.1124959561059178,-1.1124959561059178,gastronomia
51.9739737,20.1498612,-0.47869026997414454,-0.34955067065147327,-0.2292503285233943,-0.3284541804179847,1.6930789495491698,-1.6930789495491698,gastronomia
51.5404083,20.1385961,-0.44450975688608557,-0.12525244538228095,-0.42157276629004725,-0.3284541804179847,0.9063933916850317,-0.9063933916850317,gastronomia
51.773182,20.2028127,-0.4652277668872946,-0.4616997832860695,-0.5925260443048499,-0.3284541804179847,1.3342669926125927,-1.3342669926125923,gastronomia
51.5408547,20.1371999,-0.44454768074944534,-0.12525244538228095,-0.42157276629004725,-0.3284541804179847,0.9070698951598969,-0.9070698951598971,gastronomia
50.0737576,20.0291852,2.9497886535699496,0.21119489252150753,0.7964693395654214,3.1279718730174233,-1.6852907853746637,1.6852907853746637,gastronomia
50.0857518,20.0183042,3.140088617125999,0.024279704797180595,0.8178384993172718,3.2328214349095226,-1.6911948568526933,1.6911948568526938,gastronomia
50.0741343,20.0423584,2.53671188306105,0.24857793006637294,0.6468852213024692,2.856548051961164,-1.6700069290433872,1.6700069290433872,gastronomia
50.0803954,20.0298989,2.8463765278705555,0.09904577988691136,0.8605768188209725,3.0661339519537645,-1.681808696375681,1.6818086963756815,gastronomia
50.0440276,20.2373463,0.5469601004756564,-0.4616997832860695,-0.2292503285233943,-0.3284541804179847,-1.4416588993238875,1.4416588993238875,gastronomia
50.8699587,20.631388,-0.3518475574208966,3.874732571918315,2.805170356239352,-0.3284541804179847,-0.11981654726051413,0.11981654726051419,gastronomia
50.0821399,20.0482923,2.3205231353326448,-0.20001852047201174,0.4545627835358162,2.68384941539133,-1.6602822809278721,1.6602822809278721,gastronomia
50.7820657,21.0392716,-0.37223710078215133,-0.4616997832860695,-0.6138952040567002,-0.3284541804179847,0.033167077787738745,-0.033167077787738565,gastronomia
51.9791886,20.8328884,-0.48342548073233366,-0.3121676331066079,-0.5070494052974486,-0.3284541804179847,1.8396262647732395,-1.839626264773239,gastronomia
51.1148183,20.8610087,-0.40930845002428257,-0.08786940783741558,-0.1651428492678433,-0.3284541804179847,0.396772653548429,-0.3967726535484287,gastronomia
51.1199976,20.8818881,-0.41098962110774284,-0.23740155801687712,-0.18651200901969364,-0.3284541804179847,0.4167097134637745,-0.41670971346377433,gastronomia
50.0882081,20.0281009,2.7656509361136905,-0.08786940783741558,0.6468852213024692,3.0152181424831066,-1.6789416307146354,1.6789416307146356,gastronomia
50.5912362,21.0011942,-0.33469424449733837,-0.4243167457412041,-0.5925260443048499,-0.3284541804179847,-0.23005094577199903,0.23005094577199897,gastronomia
51.8669013,20.8656944,-0.47742398228042054,-0.08786940783741558,-0.35746528703449626,-0.3284541804179847,1.6558673015730183,-1.6558673015730185,gastronomia
50.8011534,20.4602924,-0.3189048965713309,-0.05048637029255018,-0.35746528703449626,-0.3284541804179847,-0.3194711699884923,0.31947116998849256,gastronomia
50.1437358,20.1295255,0.8984753298206578,-0.49908282083093486,-0.6138952040567002,0.30289427949089226,-1.526210864179323,1.5262108641793233,gastronomia
50.160962,20.0001804,1.4312203314737808,-0.49908282083093486,-0.6352643638085506,1.58610848617948,-1.598468566178206,1.5984685661782063,gastronomia
52.043251,20.8623599,-0.4870570812245869,-0.4243167457412041,-0.5711568845529995,-0.3284541804179847,1.960624045726275,-1.960624045726275,gastronomia
51.0538928,21.0823705,-0.413033672737236,-0.16263548292714636,-0.18651200901969364,-0.3284541804179847,0.4414428296525446,-0.4414428296525447,gastronomia
51.0488356,21.0809102,-0.41234693429598823,-0.08786940783741558,-0.18651200901969364,-0.3284541804179847,0.4330719617598771,-0.43307196175987733,gastronomia
51.865,20.86657,-0.4773215539440043,-0.08786940783741558,-0.35746528703449626,-0.3284541804179847,1.6528919179037003,-1.6528919179037,gastronomia
51.8651,20.87213,-0.4773948889025319,-0.05048637029255018,-0.35746528703449626,-0.3284541804179847,1.6550216631645802,-1.6550216631645798,gastronomia
50.7691384,20.7640797,-0.3409626855795675,-0.4616997832860695,-0.6138952040567002,-0.3284541804179847,-0.19148435711503856,0.1914843571150386,gastronomia
50.8034977,20.8087622,-0.35316343957095103,-0.4243167457412041,-0.5925260443048499,-0.3284541804179847,-0.11071785329113683,0.11071785329113695,gastronomia
50.8024852,20.8084884,-0.3529246301650266,-0.4243167457412041,-0.5925260443048499,-0.3284541804179847,-0.11237641254609307,0.11237641254609312,gastronomia
50.0568466,20.0505473,2.3332498385933005,-0.49908282083093486,0.04854874825065997,2.694721994596768,-1.6608945151005385,1.6608945151005385,gastronomia
50.8753861,20.61213,-0.3515860420181983,0.5102591928804306,2.8906469952467533,-0.3284541804179847,-0.12161314660082828,0.12161314660082835,gastronomia
50.0320717,20.207171,0.6569051649639724,0.024279704797180595,-0.2506194882752446,-0.3284541804179847,-1.4732022065542756,1.4732022065542758,gastronomia
50.8719219,20.6224805,-0.3515927675040656,3.0149227083864116,2.847908675743053,-0.3284541804179847,-0.1215669909092117,0.12156699090921189,gastronomia
50.518917,20.5211441,-0.21531844390251553,-0.4616997832860695,-0.6138952040567002,-0.3284541804179847,-0.7223131624647837,0.7223131624647839,gastronomia
52.0460388,20.5918725,-0.48500151366253513,-0.49908282083093486,-0.6352643638085506,-0.3284541804179847,1.8911670517004058,-1.8911670517004056,gastronomia
50.8524999,20.5594134,-0.34178283682631394,-0.49908282083093486,-0.5925260443048499,-0.3284541804179847,-0.1862978575249956,0.18629785752499578,gastronomia
51.9596313,20.8382186,-0.48241421665588996,-0.49908282083093486,-0.5070494052974486,-0.3284541804179847,1.8073061453556545,-1.807306145355654,gastronomia
51.5298159,20.0060181,-0.442950270452268,0.3233440051561037,0.005810428746959311,-0.3284541804179847,0.8788642703924664,-0.8788642703924664,gastronomia
51.9835014,20.8425837,-0.48375396557872025,-0.3121676331066079,-0.48568024554559824,-0.3284541804179847,1.8502496164956932,-1.8502496164956928,gastronomia
50.8736212,20.6237293,-0.35208689627156886,3.164454858565873,2.8692778354949033,-0.3284541804179847,-0.11816892813645365,0.11816892813645394,gastronomia
50.8670319,20.6352301,-0.35147888323196824,3.164454858565873,2.783801196487502,-0.3284541804179847,-0.12234821430471501,0.12234821430471507,gastronomia
50.8889005,20.6455375,-0.35724923936577674,-0.08786940783741558,2.5060021197134477,-0.3284541804179847,-0.08182821571097981,0.0818282157109801,gastronomia
50.2418664,20.082537,0.49702831130249386,-0.4616997832860695,-0.6138952040567002,-0.3284541804179847,-1.4252386951112952,1.4252386951112954,gastronomia
50.8582398,20.5008804,-0.3386815686497995,-0.49908282083093486,-0.5925260443048499,-0.3284541804179847,-0.20573612547484776,0.20573612547484801,gastronomia
51.523815,20.0165526,-0.442343797582535,-0.08786940783741558,0.005810428746959311,-0.3284541804179847,0.8683089821405036,-0.8683089821405029,gastronomia
50.8264,20.52436,-0.331898157684874,-0.49908282083093486,-0.5925260443048499,-0.3284541804179847,-0.24666417392229303,0.24666417392229328,gastronomia
51.53188,20.0075952,-0.4431673423331557,0.21119489252150753,0.005810428746959311,-0.3284541804179847,0.8826625870453313,-0.8826625870453316,gastronomia
51.520066,20.0032804,-0.4419250316208478,-0.3121676331066079,0.005810428746959311,-0.3284541804179847,0.861069010970596,-0.8610690109705956,gastronomia
51.0382844,20.8348068,-0.3970216632660151,-0.38693370819633865,-0.5497877248011492,-0.3284541804179847,0.2612747719158846,-0.2612747719158844,gastronomia
51.0445149,20.8367923,-0.39807067032095006,-0.34955067065147327,-0.5284185650492988,-0.3284541804179847,0.27218743966840814,-0.27218743966840786,gastronomia
51.3738029,20.3225106,-0.42750756235881526,-0.49908282083093486,-0.4002036065381969,-0.3284541804179847,0.6337128417820069,-0.6337128417820065,gastronomia
50.1702583,20.9848148,-0.26567801679466835,-0.34955067065147327,-0.4643110857937479,-0.3284541804179847,-0.5579936825630276,0.5579936825630278,gastronomia
50.6427551,20.2979266,-0.23695072262016273,-0.23740155801687712,-0.3788344467863466,-0.3284541804179847,-0.6573708662662798,0.6573708662662799,gastronomia
50.6428656,20.2976932,-0.23697860989988775,-0.23740155801687712,-0.3788344467863466,-0.3284541804179847,-0.6572820995458984,0.6572820995458987,gastronomia
50.6263254,20.2870865,-0.22648715156485233,-0.49908282083093486,-0.4002036065381969,-0.3284541804179847,-0.6897321794865773,0.6897321794865773,gastronomia
50.0982131,20.1279535,1.1291291493619735,-0.4616997832860695,-0.5711568845529995,0.955735092315577,-1.562972284571891,1.562972284571891,gastronomia
51.2241785,20.8573828,-0.4229855014391089,-0.20001852047201174,-0.4643110857937479,-0.3284541804179847,0.5701934875049184,-0.570193487504918,gastronomia
51.2304119,20.8635886,-0.4239521938267666,-0.20001852047201174,-0.4643110857937479,-0.3284541804179847,0.5834921177603506,-0.5834921177603507,gastronomia
51.2262693,20.8581306,-0.4232609780820244,-0.20001852047201174,-0.4643110857937479,-0.3284541804179847,0.5739680396454858,-0.5739680396454856,gastronomia
51.8206218,20.8043958,-0.4738399576085134,-0.4616997832860695,-0.5925260443048499,-0.3284541804179847,1.5547160877302948,-1.5547160877302946,gastronomia
50.0335596,20.2175487,0.6147800601673648,0.09904577988691136,-0.2292503285233943,-0.3284541804179847,-1.461793264741359,1.461793264741359,gastronomia
50.0328806,20.2179626,0.6123018705403964,0.09904577988691136,-0.2292503285233943,-0.3284541804179847,-1.4610973157577778,1.461097315757778,gastronomia
50.0368671,20.21924,0.6114355481106768,0.06166274234204598,-0.20788116877154397,-0.3284541804179847,-1.460853353074727,1.460853353074727,gastronomia
50.0384485,20.1471321,1.003129250802538,-0.49908282083093486,-0.5925260443048499,0.6224404400199331,-1.5442044860719446,1.5442044860719448,gastronomia
51.0505248,21.0613235,-0.4114517233472407,-0.2747845955617425,-0.1651428492678433,-0.3284541804179847,0.42225332740143195,-0.4222533274014317,gastronomia
50.8869969,20.6134138,-0.35437495235833494,-0.34955067065147327,2.6555862379764,-0.3284541804179847,-0.10225332017309877,0.102253320173099,gastronomia
50.1910723,20.2957235,0.2510569579733108,-0.3121676331066079,-0.5070494052974486,-0.3284541804179847,-1.3161046379956902,1.3161046379956904,gastronomia
50.1910799,20.2954641,0.251505608017912,-0.3121676331066079,-0.5070494052974486,-0.3284541804179847,-1.3163613428392342,1.3163613428392344,gastronomia
51.1250612,20.8868443,-0.4118873999235136,-0.4243167457412041,-0.2292503285233943,-0.3284541804179847,0.42750536587432625,-0.42750536587432614,gastronomia
51.1944419,20.3810779,-0.40336288402142917,-0.49908282083093486,-0.27198864802709494,-0.3284541804179847,0.3290507162311438,-0.32905071623114374,gastronomia
51.8850352,20.7252823,-0.47694075980330697,-0.49908282083093486,-0.6352643638085506,-0.3284541804179847,1.641875211003366,-1.6418752110033663,gastronomia
50.6534825,20.0521046,-0.22044803518471454,-0.49908282083093486,-0.6352643638085506,-0.3284541804179847,-0.7075897050377792,0.7075897050377793,gastronomia
51.5436794,20.0097126,-0.4443847484838954,-0.38693370819633865,-0.015558731004891017,-0.3284541804179847,0.9041658249566875,-0.9041658249566872,gastronomia
51.0519244,21.080994,-0.4127217597390156,-0.08786940783741558,-0.18651200901969364,-0.3284541804179847,0.43763306389357604,-0.43763306389357587,gastronomia
51.2645289,20.1653394,-0.410470149837112,-0.49908282083093486,-0.6138952040567002,-0.3284541804179847,0.4105107829189188,-0.4105107829189187,gastronomia
50.5147529,20.7265433,-0.26430434790184576,-0.49908282083093486,-0.5925260443048499,-0.3284541804179847,-0.5631371403149141,0.5631371403149142,gastronomia
50.8977931,20.7816128,-0.3696176794216803,-0.49908282083093486,-0.6352643638085506,-0.3284541804179847,0.01197297545525709,-0.011972975455256852,gastronomia
50.1920018,20.2929761,0.2544881059664129,-0.3121676331066079,-0.5070494052974486,-0.3284541804179847,-1.3180609617656738,1.318060961765674,gastronomia
51.5197225,20.003222,-0.44188872825533687,-0.3121676331066079,0.005810428746959311,-0.3284541804179847,0.8604432178121706,-0.8604432178121701,gastronomia
50.8060921,20.6201985,-0.3351799813982307,-0.4243167457412041,-0.5284185650492988,-0.3284541804179847,-0.227128623452393,0.22712862345239318,gastronomia
50.5607681,20.0574961,-0.1530476097906856,-0.4616997832860695,-0.5925260443048499,-0.3284541804179847,-0.873872662203601,0.8738726622036012,gastronomia
50.86532,21.09174,-0.38928396569985607,-0.49908282083093486,-0.5497877248011492,-0.3284541804179847,0.18419663326625652,-0.18419663326625646,gastronomia
50.8536687,20.6089253,-0.34614439470529496,-0.3121676331066079,2.142726403931992,-0.3284541804179847,-0.15814484046871277,0.15814484046871283,gastronomia
50.8419965,20.60494,-0.3429333464916301,-0.49908282083093486,-0.29335780777894527,-0.3284541804179847,-0.17896564453818598,0.17896564453818622,gastronomia
51.9712135,20.6179097,-0.4810470254031493,-0.49908282083093486,-0.6352643638085506,-0.3284541804179847,1.7645120358662105,-1.7645120358662103,gastronomia
51.9543836,20.1566396,-0.4775005707754088,-0.2747845955617425,-0.18651200901969364,-0.3284541804179847,1.65809542964981,-1.65809542964981,gastronomia
51.1145628,20.8614241,-0.4092937657177804,-0.08786940783741558,-0.1651428492678433,-0.3284541804179847,0.396600090822825,-0.3966000908228246,gastronomia
50.3082819,21.0620848,-0.3005107616505042,-0.4616997832860695,-0.5711568845529995,-0.3284541804179847,-0.411605625896237,0.4116056258962371,gastronomia
50.030495,20.9669396,-0.25678339636183983,-0.4616997832860695,-0.3788344467863466,-0.3284541804179847,-0.5905603149104518,0.5905603149104521,gastronomia
50.0328156,20.525673,-0.006129245157709931,-0.49908282083093486,-0.6352643638085506,-0.3284541804179847,-1.104714188844362,1.104714188844362,gastronomia
50.1794637,20.9872019,-0.26709579165907854,-0.2747845955617425,-0.48568024554559824,-0.3284541804179847,-0.5526400687006195,0.5526400687006197,gastronomia
50.1780233,20.983024,-0.26571302811402536,-0.23740155801687712,-0.48568024554559824,-0.3284541804179847,-0.5578620303781237,0.5578620303781238,gastronomia
51.8206994,20.9413402,-0.47562547015242873,-0.49908282083093486,-0.6352643638085506,-0.3284541804179847,1.6043574181187448,-1.6043574181187448,gastronomia
51.3686285,20.0254646,-0.42419068126729104,-0.49908282083093486,-0.6138952040567002,-0.3284541804179847,0.5867959201715931,-0.5867959201715927,gastronomia
50.0969071,20.0191027,2.8086651687399256,-0.12525244538228095,0.41182446403211553,3.042648855368768,-1.680486252233769,1.6804862522337694,gastronomia
51.3876574,20.4171563,-0.4306675174148375,-0.49908282083093486,-0.6352643638085506,-0.3284541804179847,0.6801575443450576,-0.6801575443450574,gastronomia
50.6773325,21.0439192,-0.35568525374415055,-0.4616997832860695,-0.6138952040567002,-0.3284541804179847,-0.09300264081431127,0.0930026408143114,gastronomia
52.02578,20.69018,-0.4846512777665352,-0.49908282083093486,-0.6138952040567002,-0.3284541804179847,1.8795876212259757,-1.8795876212259752,gastronomia
50.1041221,20.0117764,2.7685830267185376,-0.2747845955617425,-0.015558731004891017,3.0171102462668933,-1.6790481749460253,1.6790481749460253,gastronomia
51.8830983,20.94843,-0.4793822786211574,-0.49908282083093486,-0.6352643638085506,-0.3284541804179847,1.7137551131444402,-1.7137551131444404,gastronomia
50.7552806,20.6192174,-0.32128267165965085,-0.4243167457412041,-0.5711568845529995,-0.3284541804179847,-0.30666166951904744,0.3066616695190476,gastronomia
51.6511494,20.9527544,-0.46469383881995435,-0.23740155801687712,-0.4643110857937479,-0.3284541804179847,1.321549438050209,-1.3215494380502089,gastronomia
50.8666983,20.6407191,-0.3518472602608107,1.8560485444955848,2.719693717231951,-0.3284541804179847,-0.11981859091846274,0.11981859091846292,gastronomia
50.880176,20.4954922,-0.3440519755796772,-0.4616997832860695,-0.5497877248011492,-0.3284541804179847,-0.1717724846933325,0.17177248469333264,gastronomia
51.9810879,20.8343245,-0.4835421942865212,-0.3121676331066079,-0.5070494052974486,-0.3284541804179847,1.843393748037727,-1.8433937480377267,gastronomia
51.9810301,20.8343005,-0.4835388411949265,-0.3121676331066079,-0.5070494052974486,-0.3284541804179847,1.8432854023296397,-1.8432854023296397,gastronomia
50.0756356,20.0108991,3.6970314661053583,0.024279704797180595,0.7964693395654214,3.4862726677260687,-1.7054666780004404,1.7054666780004406,gastronomia
52.0122402,20.8488713,-0.4853362659854957,-0.4616997832860695,-0.5925260443048499,-0.3284541804179847,1.9023028680353191,-1.902302868035319,gastronomia
50.0232456,20.9879618,-0.2637437745746141,-0.4616997832860695,-0.3788344467863466,-0.3284541804179847,-0.565223899987241,0.5652238999872412,gastronomia
51.1947346,20.4132442,-0.4042319653251674,0.06166274234204598,-0.27198864802709494,-0.3284541804179847,0.33868823986028634,-0.33868823986028623,gastronomia
50.0328236,20.2179948,0.6121040420598037,0.09904577988691136,-0.2292503285233943,-0.3284541804179847,-1.4610416366401473,1.4610416366401475,gastronomia
51.1372732,20.5756766,-0.40030540493955213,-0.49908282083093486,-0.6138952040567002,-0.3284541804179847,0.2958244906098459,-0.2958244906098457,gastronomia
51.9777115,20.1495127,-0.478917103195666,-0.34955067065147327,-0.2292503285233943,-0.3284541804179847,1.6998295296747061,-1.6998295296747057,gastronomia
51.1170324,20.8578455,-0.4094569282524504,-0.05048637029255018,-0.1651428492678433,-0.3284541804179847,0.3985190198716615,-0.3985190198716616,gastronomia
50.0702498,20.034565,2.7920845810080337,-0.013103332747684795,0.6468852213024692,3.0321576945859703,-1.6798954957057364,1.6798954957057364,gastronomia
51.5321594,20.0062622,-0.4431939770381231,0.21119489252150753,0.005810428746959311,-0.3284541804179847,0.8831293819226205,-0.8831293819226201,gastronomia
50.7963784,20.4565222,-0.31707845952338876,-0.05048637029255018,-0.35746528703449626,-0.3284541804179847,-0.3291623807900778,0.32916238079007815,gastronomia
50.514405,20.5272483,-0.21466945885640729,-0.4616997832860695,-0.6138952040567002,-0.3284541804179847,-0.7241477397056552,0.7241477397056553,gastronomia
50.7818882,21.0376507,-0.3720491394806131,-0.4616997832860695,-0.6138952040567002,-0.3284541804179847,0.0316297695166322,-0.03162976951663196,gastronomia
51.5424991,20.1382858,-0.4447201416768661,-0.16263548292714636,-0.42157276629004725,-0.3284541804179847,0.9101506022404261,-0.9101506022404255,gastronomia
51.5430169,20.1363031,-0.44476213882851906,-0.16263548292714636,-0.42157276629004725,-0.3284541804179847,0.9109018679708288,-0.9109018679708286,gastronomia
51.5415593,20.1401721,-0.444634950766638,-0.16263548292714636,-0.42157276629004725,-0.3284541804179847,0.908627943003579,-0.9086279430035785,gastronomia
50.5991625,20.8660503,-0.31485398323341335,-0.49908282083093486,-0.6352643638085506,-0.3284541804179847,-0.3407957504530813,0.34079575045308147,gastronomia
50.129946,20.3956239,0.1444314263493702,-0.49908282083093486,-0.6138952040567002,-0.3284541804179847,-1.2462780743066166,1.2462780743066169,gastronomia
50.8707998,20.6328979,-0.35216316993964747,3.83734953437345,2.8265395159912026,-0.3284541804179847,-0.11764317816118032,0.1176431781611805,gastronomia
50.8677377,20.6370098,-0.35178644329100167,3.0149227083864116,2.805170356239352,-0.3284541804179847,-0.12023674271204317,0.12023674271204335,gastronomia
50.0366501,20.2188637,0.612754018387792,0.09904577988691136,-0.2292503285233943,-0.3284541804179847,-1.4612245050255555,1.4612245050255555,gastronomia
51.1171717,20.3578146,-0.3895108884256998,0.13642881743177676,-0.27198864802709494,-0.3284541804179847,0.18637500728583586,-0.18637500728583567,gastronomia
51.0371749,20.8394813,-0.397116389031088,-0.4243167457412041,-0.5497877248011492,-0.3284541804179847,0.262255469932453,-0.26225546993245297,gastronomia
51.7471906,20.9090128,-0.4705297796234799,-0.49908282083093486,-0.6352643638085506,-0.3284541804179847,1.46641330812038,-1.46641330812038,gastronomia
51.3589673,21.0562973,-0.44372993406986533,-0.4616997832860695,-0.6138952040567002,-0.3284541804179847,0.8925570940060304,-0.8925570940060302,gastronomia
51.5273272,20.0052847,-0.44268979645680784,0.4354931177906999,0.005810428746959311,-0.3284541804179847,0.87432067122534,-0.8743206712253396,gastronomia
50.9468464,20.4325222,-0.356745136192799,-0.4243167457412041,-0.5925260443048499,-0.3284541804179847,-0.08544588490605858,0.08544588490605863,gastronomia
51.9820515,20.9491146,-0.48478403854894375,-0.49908282083093486,-0.6138952040567002,-0.3284541804179847,1.883968374750665,-1.883968374750665,gastronomia
51.8081651,20.4774547,-0.46958125756979396,-0.4616997832860695,-0.6138952040567002,-0.3284541804179847,1.4419605485447202,-1.44196054854472,gastronomia
50.8722778,20.6255487,-0.35191927121692257,3.5009021964696614,2.847908675743053,-0.3284541804179847,-0.119323204929215,0.11932320492921505,gastronomia
50.8707788,20.6288496,-0.35183444095108446,3.83734953437345,2.8265395159912026,-0.3284541804179847,-0.11990674837978522,0.1199067483797854,gastronomia
50.8712498,20.6233414,-0.3515045925834503,3.3887530838350655,2.847908675743053,-0.3284541804179847,-0.12217191679711802,0.12217191679711813,gastronomia
50.8708986,20.6315114,-0.35207503882990204,3.874732571918315,2.8265395159912026,-0.3284541804179847,-0.11825063130476116,0.11825063130476123,gastronomia
50.8708121,20.6320971,-0.35210190220034365,3.83734953437345,2.8265395159912026,-0.3284541804179847,-0.11806551908648535,0.11806551908648547,gastronomia
50.8711322,20.6318788,-0.35215844010477293,3.874732571918315,2.8265395159912026,-0.3284541804179847,-0.117675790191595,0.11767579019159513,gastronomia
50.8713197,20.6310986,-0.35213943437059575,3.874732571918315,2.847908675743053,-0.3284541804179847,-0.11780682126379488,0.11780682126379494,gastronomia
50.8719683,20.6317501,-0.3523413090244658,3.83734953437345,2.8692778354949033,-0.3284541804179847,-0.11641399541978557,0.11641399541978552,gastronomia
50.8719497,20.631903,-0.35234921173896666,3.83734953437345,2.847908675743053,-0.3284541804179847,-0.11635942408693681,0.11635942408693686,gastronomia
50.869333,20.632052,-0.351755874898007,3.83734953437345,2.805170356239352,-0.3284541804179847,-0.12044683953786434,0.1204468395378644,gastronomia
50.8699218,20.6315803,-0.3518544344788436,3.874732571918315,2.805170356239352,-0.3284541804179847,-0.11976925030768039,0.1197692503076805,gastronomia
50.8723796,20.6322597,-0.3524768386918982,3.83734953437345,2.847908675743053,-0.3284541804179847,-0.11547762027150843,0.1154776202715085,gastronomia
50.8716552,20.6278687,-0.35195941858027824,3.650434346649123,2.847908675743053,-0.3284541804179847,-0.11904689184497727,0.11904689184497727,gastronomia
50.948404,20.2915932,-0.3504236232879403,-0.49908282083093486,-0.6352643638085506,-0.3284541804179847,-0.12955267071838555,0.1295526707183856,gastronomia
50.4579405,20.722708,-0.24451168044389093,0.17381185497664214,0.02717958849880964,-0.3284541804179847,-0.6327886150078617,0.6327886150078615,gastronomia
50.9322622,20.2375876,-0.34398178934037327,-0.49908282083093486,-0.6352643638085506,-0.3284541804179847,-0.1722256808350967,0.17222568083509682,gastronomia
50.885092,20.6261944,-0.3549132501787574,-0.2747845955617425,2.7624320367356514,-0.3284541804179847,-0.09846511014913069,0.09846511014913076,gastronomia
51.3873852,21.0958068,-0.44742996064630763,-0.49908282083093486,-0.6138952040567002,-0.3284541804179847,0.9594936766159973,-0.9594936766159974,gastronomia
51.3976511,21.0716572,-0.4475957308947259,-0.49908282083093486,-0.5925260443048499,-0.3284541804179847,0.9625705440000504,-0.9625705440000504,gastronomia
51.9771059,20.5274309,-0.4807079359246605,-0.4616997832860695,-0.5497877248011492,-0.3284541804179847,1.754054909485754,-1.7540549094857543,gastronomia
51.5707572,21.0205589,-0.4601784945395253,-0.4616997832860695,-0.5497877248011492,-0.3284541804179847,1.217987619357735,-1.2179876193577348,gastronomia
50.8815847,20.4775512,-0.34316368674621045,-0.4616997832860695,-0.5711568845529995,-0.3284541804179847,-0.17748967646141597,0.17748967646141614,gastronomia
51.0559066,21.0698741,-0.4125808073852027,-0.16263548292714636,-0.18651200901969364,-0.3284541804179847,0.43591568756964766,-0.4359156875696475,gastronomia
50.8726978,20.9344053,-0.37746307791694306,-0.49908282083093486,-0.6352643638085506,-0.3284541804179847,0.07696686411705422,-0.0769668641170541,gastronomia
51.4419609,20.4615786,-0.43755282394836187,-0.4243167457412041,-0.5925260443048499,-0.3284541804179847,0.7877595227834601,-0.7877595227834597,gastronomia
50.1663857,20.6531591,-0.11949983520102438,-0.49908282083093486,-0.6352643638085506,-0.3284541804179847,-0.9391161517410996,0.9391161517410999,gastronomia
51.3849399,20.9923458,-0.44415862425839203,-0.4616997832860695,-0.6138952040567002,-0.3284541804179847,0.9001457389711419,-0.900145738971142,gastronomia
51.3936954,21.0456487,-0.446493658858644,-0.49908282083093486,-0.6138952040567002,-0.3284541804179847,0.9422427678255718,-0.9422427678255713,gastronomia
51.3848897,20.9939344,-0.4442002615983869,-0.4616997832860695,-0.6138952040567002,-0.3284541804179847,0.9008850790492774,-0.9008850790492776,gastronomia
51.1176537,20.3575999,-0.38959302653259437,0.13642881743177676,-0.27198864802709494,-0.3284541804179847,0.1871646813981367,-0.18716468139813655,gastronomia
50.2988064,20.8106412,-0.22597906756796401,-0.4616997832860695,-0.6138952040567002,-0.3284541804179847,-0.6912570093931713,0.6912570093931714,gastronomia
51.1130018,20.8626447,-0.40914141331842296,-0.08786940783741558,-0.1651428492678433,-0.3284541804179847,0.3948113181938818,-0.3948113181938819,gastronomia
52.003193,20.5503719,-0.4823588880684317,-0.49908282083093486,-0.6352643638085506,-0.3284541804179847,1.8055543854258882,-1.8055543854258886,gastronomia
51.4460449,20.4742946,-0.4382015375123777,-0.4243167457412041,-0.5925260443048499,-0.3284541804179847,0.798380482659863,-0.7983804826598633,gastronomia
51.4466374,20.9808773,-0.4493095204945992,-0.49908282083093486,-0.6352643638085506,-0.3284541804179847,0.9947869121588806,-0.9947869121588804,gastronomia
50.4403018,20.1376623,-0.03686967809666273,-0.4616997832860695,-0.6138952040567002,-0.3284541804179847,-1.0664440959916497,1.06644409599165,gastronomia
50.2692299,20.0709602,0.39194729441605264,-0.49908282083093486,-0.6138952040567002,-0.3284541804179847,-1.3852623419670314,1.3852623419670314,gastronomia
50.0324149,20.211013,0.6407422765612435,0.09904577988691136,-0.2506194882752446,-0.3284541804179847,-1.4689166039135757,1.468916603913576,gastronomia
50.8812154,20.6544467,-0.3562329125918294,-0.12525244538228095,2.4846329599615973,-0.3284541804179847,-0.08910626986106993,0.08910626986107023,gastronomia
50.8811612,20.6543716,-0.3562149596709808,-0.12525244538228095,2.4846329599615973,-0.3284541804179847,-0.08923427939478502,0.08923427939478502,gastronomia
50.0984739,20.000202,3.30758532749997,-0.34955067065147327,0.04854874825065997,3.316649047520428,-1.6959151838407711,1.6959151838407713,gastronomia
50.0937396,20.0021163,3.4602758286875175,-0.3121676331066079,0.19813286651361225,3.3870349325502445,-1.6998786080912993,1.6998786080912995,gastronomia
50.0957134,20.0530808,2.0655971938226076,-0.49908282083093486,0.17676370676176195,2.4441649854762275,-1.6467856674861687,1.646785667486169,gastronomia
50.0330304,20.0421168,2.2690281018379586,-0.49908282083093486,-0.4643110857937479,2.638870556748336,-1.6577495245516296,1.6577495245516296,gastronomia
50.4005447,21.0411684,-0.30873677370803326,-0.4616997832860695,-0.6138952040567002,-0.3284541804179847,-0.37185908959173947,0.37185908959173974,gastronomia
51.7337621,20.2316305,-0.46232474672489016,-0.4616997832860695,-0.5925260443048499,-0.3284541804179847,1.2663428074105767,-1.2663428074105767,gastronomia
50.4699902,20.7180929,-0.24734111423955654,0.13642881743177676,0.04854874825065997,-0.3284541804179847,-0.6233156546128794,0.6233156546128795,gastronomia
51.8646018,20.8672016,-0.4773055112866147,-0.08786940783741558,-0.35746528703449626,-0.3284541804179847,1.6524263675261268,-1.6524263675261266,gastronomia
50.0824131,20.0740388,1.8179566590496155,-0.4616997832860695,-0.015558731004891017,2.162862754338328,-1.6309455585758752,1.6309455585758752,gastronomia
51.957268,20.1412776,-0.47763922548317533,-0.013103332747684795,-0.20788116877154397,-0.3284541804179847,1.6621365156229113,-1.662136515622911,gastronomia
51.9545347,20.143265,-0.47747422589220045,-0.05048637029255018,-0.18651200901969364,-0.3284541804179847,1.6573286749633669,-1.6573286749633664,gastronomia
51.5343643,20.0077734,-0.4434248005703632,0.24857793006637294,0.005810428746959311,-0.3284541804179847,0.8871815635391049,-0.8871815635391046,gastronomia
50.4679722,20.7193619,-0.24699559787673586,0.3233440051561037,0.04854874825065997,-0.3284541804179847,-0.6244806705761368,0.6244806705761372,gastronomia
51.533519,20.3968115,-0.4460773232931376,-0.49908282083093486,-0.6352643638085506,-0.3284541804179847,0.9346410403232474,-0.9346410403232475,gastronomia
51.5764866,21.0073537,-0.4603263088825395,-0.49908282083093486,-0.5284185650492988,-0.3284541804179847,1.22126895116577,-1.2212689511657702,gastronomia
51.5889833,20.9952584,-0.46100418162180123,-0.49908282083093486,-0.5497877248011492,-0.3284541804179847,1.2364088676074807,-1.2364088676074803,gastronomia
51.5278666,21.0883145,-0.45848878122301473,-0.49908282083093486,-0.6352643638085506,-0.3284541804179847,1.1809776869207003,-1.1809776869206998,gastronomia
50.0864617,20.0193196,3.086198293033648,-0.013103332747684795,0.7751001798135712,3.204229345560512,-1.6895848383063452,1.6895848383063452,gastronomia
51.958101,20.1453708,-0.47770150624840296,0.024279704797180595,-0.18651200901969364,-0.3284541804179847,1.6639547605730627,-1.663954760573062,gastronomia
51.824265,20.7892041,-0.47388532150527646,-0.49908282083093486,-0.5925260443048499,-0.3284541804179847,1.5559593840213515,-1.555959384021351,gastronomia
50.6133872,20.7455124,-0.29822400433927837,-0.49908282083093486,-0.6138952040567002,-0.3284541804179847,-0.4222651568377274,0.4222651568377277,gastronomia
50.468821,20.7222816,-0.2480605286384573,0.24857793006637294,0.04854874825065997,-0.3284541804179847,-0.6208825077500028,0.6208825077500029,gastronomia
50.4686717,20.7199346,-0.2473851913472746,0.24857793006637294,0.04854874825065997,-0.3284541804179847,-0.6231668689934219,0.6231668689934219,gastronomia
50.4703391,20.7242126,-0.2490814803102713,0.06166274234204598,0.04854874825065997,-0.3284541804179847,-0.6174122194170606,0.617412219417061,gastronomia
50.4720285,20.7127156,-0.2466061136498983,-0.013103332747684795,0.04854874825065997,-0.3284541804179847,-0.6257911778567447,0.6257911778567448,gastronomia
50.4692717,20.7165138,-0.2466757991272806,0.21119489252150753,0.04854874825065997,-0.3284541804179847,-0.6255569198454216,0.6255569198454219,gastronomia
50.4695958,20.7144414,-0.2462325682163416,0.17381185497664214,0.04854874825065997,-0.3284541804179847,-0.6270453161644474,0.6270453161644475,gastronomia
50.8692213,20.6352191,-0.3519848256712156,3.7252004217388537,2.8265395159912026,-0.3284541804179847,-0.1188719813525848,0.11887198135258474,gastronomia
50.4613192,20.7166352,-0.24399522786500935,0.47287615533556526,0.02717958849880964,-0.3284541804179847,-0.6345012813161889,0.6345012813161891,gastronomia
50.4612326,20.7104333,-0.2422639094018038,0.3233440051561037,0.02717958849880964,-0.3284541804179847,-0.640206251745248,0.6402062517452485,gastronomia
52.029895,20.0034319,-0.481783800134463,-0.49908282083093486,-0.6352643638085506,-0.3284541804179847,1.7874467172628146,-1.7874467172628141,gastronomia
50.4588304,20.7228413,-0.24484822760710884,0.17381185497664214,0.02717958849880964,-0.3284541804179847,-0.6316698447063365,0.6316698447063365,gastronomia
50.0982237,20.0203936,2.7370568146577665,-0.16263548292714636,0.3690861445284149,2.9965915911919145,-1.6778927709175335,1.677892770917534,gastronomia
50.0972279,20.0194475,2.7901520176389685,-0.12525244538228095,0.41182446403211553,3.0309282043336943,-1.6798262631958432,1.6798262631958434,gastronomia
50.0831492,20.2089006,0.6646636554107702,-0.49908282083093486,-0.6352643638085506,-0.3284541804179847,-1.4752203514570406,1.4752203514570408,gastronomia
50.9058635,20.8816098,-0.3788202996557065,-0.4243167457412041,-0.5497877248011492,-0.3284541804179847,0.08868624356796984,-0.08868624356796984,gastronomia
50.8592361,20.6196077,-0.34836963325217696,-0.08786940783741558,2.463263800209747,-0.3284541804179847,-0.14339980713515454,0.1433998071351548,gastronomia
50.8650235,20.6496791,-0.35219371167151675,-0.013103332747684795,2.5701095989689984,-0.3284541804179847,-0.1174325636651877,0.11743256366518781,gastronomia
51.3742871,20.9235097,-0.44116897806529665,-0.49908282083093486,-0.6352643638085506,-0.3284541804179847,0.8480967029461408,-0.8480967029461407,gastronomia
50.8703861,20.6246071,-0.35140418993382955,3.5009021964696614,2.8265395159912026,-0.3284541804179847,-0.122860200936894,0.12286020093689434,gastronomia
50.8714881,20.6308423,-0.35215790911103,3.874732571918315,2.847908675743053,-0.3284541804179847,-0.11767945129424592,0.11767945129424598,gastronomia
51.3755176,20.2829531,-0.4271822361249929,0.21119489252150753,-0.1651428492678433,-0.3284541804179847,0.6290297528837663,-0.6290297528837662,gastronomia
51.3798148,20.2763882,-0.4276337430523217,0.17381185497664214,-0.18651200901969364,-0.3284541804179847,0.6355340811270755,-0.6355340811270753,gastronomia
52.0084963,20.84836,-0.4851355967955967,-0.4616997832860695,-0.5711568845529995,-0.3284541804179847,1.8956193900480738,-1.8956193900480736,gastronomia
50.0355773,20.0244616,2.7424581959080774,-0.4243167457412041,-0.4643110857937479,3.0001345565218727,-1.6780922750468286,1.6780922750468288,gastronomia
51.1376227,20.5562108,-0.3996350092030101,-0.49908282083093486,-0.6138952040567002,-0.3284541804179847,0.2886772423242209,-0.2886772423242205,gastronomia
50.1044701,20.0140932,2.703090796199784,-0.2747845955617425,0.005810428746959311,2.9740461951113044,-1.6766232412451312,1.6766232412451312,gastronomia
50.7066401,20.4440675,-0.28456291922824767,-0.49908282083093486,-0.6352643638085506,-0.3284541804179847,-0.4826877773370206,0.48268777733702073,gastronomia
51.3789105,20.2861694,-0.4276459838603602,0.13642881743177676,-0.1651428492678433,-0.3284541804179847,0.6357109048094385,-0.6357109048094388,gastronomia
51.3770764,20.2750992,-0.4272766870597962,0.17381185497664214,-0.18651200901969364,-0.3284541804179847,0.6303875224387198,-0.6303875224387196,gastronomia
51.3754259,20.277614,-0.427102411643463,0.17381185497664214,-0.18651200901969364,-0.3284541804179847,0.6278834261013014,-0.6278834261013011,gastronomia
51.380157,20.2853275,-0.42778969871683503,0.17381185497664214,-0.1651428492678433,-0.3284541804179847,0.6377888480640397,-0.6377888480640393,gastronomia
51.3805678,20.2814313,-0.42779082982055755,0.17381185497664214,-0.1651428492678433,-0.3284541804179847,0.6378052165128817,-0.6378052165128812,gastronomia
51.3746354,20.2757401,-0.42697976215074757,0.17381185497664214,-0.18651200901969364,-0.3284541804179847,0.6261242126118897,-0.6261242126118897,gastronomia
51.3764489,20.2777063,-0.4272313325322706,0.17381185497664214,-0.18651200901969364,-0.3284541804179847,0.6297353438651564,-0.6297353438651562,gastronomia
51.380491,20.2710573,-0.42765141103305004,0.024279704797180595,-0.18651200901969364,-0.3284541804179847,0.6357893108405385,-0.635789310840538,gastronomia
51.3204638,20.3549626,-0.42117904861115824,-0.49908282083093486,-0.6352643638085506,-0.3284541804179847,0.545735868027248,-0.5457358680272478,gastronomia
50.0729803,20.0369067,2.7025122997446656,0.24857793006637294,0.7323618603098705,2.973658189429386,-1.6766013926723895,1.6766013926723897,gastronomia
51.3754271,20.2750241,-0.4270697547898028,0.17381185497664214,-0.18651200901969364,-0.3284541804179847,0.6274147660106286,-0.6274147660106284,gastronomia
50.8420604,20.641909,-0.34615311048687847,-0.49908282083093486,0.11265622750621096,-0.3284541804179847,-0.1580875990166827,0.1580875990166829,gastronomia
50.8681425,20.6260554,-0.3509966941141455,3.4635191589247962,2.8265395159912026,-0.3284541804179847,-0.12564789897781622,0.12564789897781634,gastronomia
51.3702662,20.1234572,-0.4249111187295239,-0.49908282083093486,-0.6352643638085506,-0.3284541804179847,0.5968320783892287,-0.5968320783892287,gastronomia
51.3798162,20.2766549,-0.42763726414905634,0.17381185497664214,-0.18651200901969364,-0.3284541804179847,0.6355849422390437,-0.6355849422390435,gastronomia
51.3754992,20.2883315,-0.4272498260547004,0.13642881743177676,-0.1651428492678433,-0.3284541804179847,0.6300012305070134,-0.6300012305070133,gastronomia
50.8673033,20.6233137,-0.35057961284386835,3.3139870087453347,2.8265395159912026,-0.3284541804179847,-0.12849159792040682,0.12849159792040676,gastronomia
50.3197881,20.0731592,0.2203426387574172,-0.49908282083093486,-0.6138952040567002,-0.3284541804179847,-1.2978601852611409,1.2978601852611409,gastronomia
50.8686505,20.7286144,-0.3595179803897664,-0.4243167457412041,-0.5925260443048499,-0.3284541804179847,-0.06535607934950306,0.06535607934950306,gastronomia
51.9707872,20.4976258,-0.48013466917038244,-0.4616997832860695,-0.5284185650492988,-0.3284541804179847,1.736514837645856,-1.736514837645856,gastronomia
50.145117,20.9865305,-0.2646083773323337,-0.49908282083093486,-0.6138952040567002,-0.3284541804179847,-0.5620024271322869,0.5620024271322869,gastronomia
50.0319694,20.2185917,0.608671688527382,0.09904577988691136,-0.2506194882752446,-0.3284541804179847,-1.4600726853919836,1.4600726853919839,gastronomia
50.9118232,20.6937027,-0.3657365191422771,-0.49908282083093486,-0.5497877248011492,-0.3284541804179847,-0.0185447698168524,0.01854476981685246,gastronomia
50.6469063,20.2830313,-0.23723695529396444,-0.34955067065147327,-0.3788344467863466,-0.3284541804179847,-0.6564591167053524,0.6564591167053524,gastronomia
50.0840135,20.0336405,2.6782627694374117,-0.08786940783741558,0.7109927005580201,2.9572703718516133,-1.6756785958137088,1.675678595813709,gastronomia
51.1123639,20.7478244,-0.40368287435033856,-0.49908282083093486,-0.6352643638085506,-0.3284541804179847,0.3325890785811317,-0.33258907858113135,gastronomia
51.1211063,20.8589609,-0.41005695295687733,-0.08786940783741558,-0.18651200901969364,-0.3284541804179847,0.4056047288903797,-0.4056047288903798,gastronomia
50.4696832,20.7141096,-0.24617375797536664,0.17381185497664214,0.04854874825065997,-0.3284541804179847,-0.6272425213759592,0.6272425213759594,gastronomia
50.4636073,20.719517,-0.24555824744012325,0.6224083055150269,0.02717958849880964,-0.3284541804179847,-0.6293025119719928,0.6293025119719928,gastronomia
50.4616264,20.7192543,-0.2448147172769461,0.47287615533556526,0.02717958849880964,-0.3284541804179847,-0.6317813377926531,0.6317813377926532,gastronomia
51.9876603,21.037213,-0.48604995317780125,-0.49908282083093486,-0.6352643638085506,-0.3284541804179847,1.9262699761588131,-1.9262699761588127,gastronomia
51.2246958,20.8580088,-0.423070308140043,-0.20001852047201174,-0.4643110857937479,-0.3284541804179847,0.5713542212874907,-0.5713542212874905,gastronomia
51.642585,20.9483584,-0.4640038084182242,-0.2747845955617425,-0.4429419260418976,-0.3284541804179847,1.3052657252393012,-1.3052657252393007,gastronomia
50.8713176,20.6324934,-0.35225041335164,3.83734953437345,2.847908675743053,-0.3284541804179847,-0.11704141150692993,0.11704141150693018,gastronomia
50.0792285,20.045278,2.4204630475411797,0.13642881743177676,0.5186702627913672,2.7667610458626357,-1.6649510290258978,1.6649510290258982,gastronomia
50.8723695,20.6226598,-0.3517112464497495,3.052305745931277,2.847908675743053,-0.3284541804179847,-0.12075347695376364,0.12075347695376394,gastronomia
52.049497,20.9975422,-0.4886832894977824,-0.49908282083093486,-0.6352643638085506,-0.3284541804179847,2.01745246949986,-2.01745246949986,gastronomia
50.089531,20.0234302,2.877051094403639,-0.05048637029255018,0.6468852213024692,3.0848607130561727,-1.682863198980226,1.6828631989802263,gastronomia
50.0296948,21.0016244,-0.2677774466924698,-0.20001852047201174,-0.3788344467863466,-0.3284541804179847,-0.5500496457329429,0.550049645732943,gastronomia
50.9323204,20.5655511,-0.36126169905966005,-0.4616997832860695,-0.5925260443048499,-0.3284541804179847,-0.05247975501801978,0.0524797550180199,gastronomia
51.9639359,20.1502216,-0.4780752703702993,-0.08786940783741558,-0.18651200901969364,-0.3284541804179847,1.6749067867233702,-1.67490678672337,gastronomia
51.0761232,20.5393434,-0.3885522756723486,-0.49908282083093486,-0.6352643638085506,-0.3284541804179847,0.1772050859791594,-0.1772050859791591,gastronomia
50.131251,20.4212595,0.10681755352444039,-0.49908282083093486,-0.5925260443048499,-0.3284541804179847,-1.2165926977999622,1.2165926977999624,gastronomia
50.0946716,20.0098882,3.1546908047083377,-0.12525244538228095,0.3263478250247142,3.240427317982394,-1.6916231435951978,1.691623143595198,gastronomia
50.9358605,20.9378133,-0.38786089609836777,-0.4616997832860695,-0.5284185650492988,-0.3284541804179847,0.17064381521811875,-0.1706438152181187,gastronomia
50.5627771,20.0510383,-0.15427442124298174,-0.4243167457412041,-0.5925260443048499,-0.3284541804179847,-0.871299080517142,0.8712990805171421,gastronomia
51.6936641,20.9331381,-0.46731921882421384,-0.4243167457412041,-0.5711568845529995,-0.3284541804179847,1.3850967207696228,-1.3850967207696225,gastronomia
51.0364133,21.0619673,-0.40975540747665845,-0.49908282083093486,-0.1651428492678433,-0.3284541804179847,0.40203807293365634,-0.402038072933656,gastronomia
50.0809995,20.0117969,3.526650461568209,0.09904577988691136,0.8392076590691221,3.416006021163116,-1.70150996805962,1.7015099680596202,gastronomia
50.8839407,20.4954736,-0.34501906949024563,-0.4616997832860695,-0.5497877248011492,-0.3284541804179847,-0.1655021356923037,0.16550213569230404,gastronomia
51.0551757,21.0582332,-0.4118462577763175,-0.2747845955617425,-0.20788116877154397,-0.3284541804179847,0.42700834066876103,-0.42700834066876087,gastronomia
50.8727537,20.623325,-0.35185337452016746,3.2018378961107383,2.8692778354949033,-0.3284541804179847,-0.1197765403448955,0.11977654034489574,gastronomia
50.9745125,20.5572262,-0.36982905453838555,-0.4616997832860695,-0.5711568845529995,-0.3284541804179847,0.013665058403749463,-0.013665058403749403,gastronomia
50.8712201,20.6250624,-0.35163473918716043,3.575668271559392,2.8265395159912026,-0.3284541804179847,-0.12127889014929956,0.12127889014929974,gastronomia
50.8741081,20.6254403,-0.35233502175468673,3.276603971200469,2.847908675743053,-0.3284541804179847,-0.11645740895042679,0.11645740895042685,gastronomia
50.8696751,20.6323723,-0.35186086734491223,3.83734953437345,2.805170356239352,-0.3284541804179847,-0.11972500587494082,0.11972500587494118,gastronomia
50.8689626,20.6345696,-0.3518726989917367,3.7252004217388537,2.8265395159912026,-0.3284541804179847,-0.11964362323646519,0.11964362323646524,gastronomia
50.8711931,20.6314013,-0.3521343464726117,3.874732571918315,2.847908675743053,-0.3284541804179847,-0.11784189525489076,0.11784189525489082,gastronomia
50.8718035,20.63314,-0.352414208888098,3.7999664968285845,2.847908675743053,-0.3284541804179847,-0.11591045922231172,0.11591045922231172,gastronomia
50.8851485,20.5805437,-0.35147346190336864,-0.2747845955617425,-0.2292503285233943,-0.3284541804179847,-0.12238538541761326,0.12238538541761337,gastronomia
50.8932006,20.6574969,-0.3591059553196329,-0.34955067065147327,0.5614085822950678,-0.3284541804179847,-0.06837099061470002,0.06837099061470009,gastronomia
50.9426644,20.9443498,-0.3893720420750951,-0.34955067065147327,-0.5284185650492988,-0.3284541804179847,0.1850415665751588,-0.1850415665751585,gastronomia
51.2985497,20.2937822,-0.4171764252996666,-0.49908282083093486,-0.6352643638085506,-0.3284541804179847,0.4933013763981284,-0.4933013763981285,gastronomia
50.8692387,20.6316675,-0.35170310442691083,3.874732571918315,2.805170356239352,-0.3284541804179847,-0.1208094078761612,0.12080940787616144,gastronomia
50.8676934,20.635107,-0.35162224651685714,3.538285234014527,2.783801196487502,-0.3284541804179847,-0.12136465228971503,0.12136465228971509,gastronomia
50.8675985,20.635061,-0.35159653715577793,3.5009021964696614,2.783801196487502,-0.3284541804179847,-0.12154111941877822,0.12154111941877851,gastronomia
50.8682157,20.6343747,-0.35168407744356256,3.7252004217388537,2.8265395159912026,-0.3284541804179847,-0.12094009757915714,0.12094009757915726,gastronomia
50.8726262,20.6309902,-0.35243263052363827,3.7625834592837193,2.8692778354949033,-0.3284541804179847,-0.11578316908795164,0.11578316908795182,gastronomia
50.8667171,20.6365495,-0.351512905921448,2.7906244831172193,2.783801196487502,-0.3284541804179847,-0.12211490157260448,0.1221149015726046,gastronomia
50.8516736,20.6288035,-0.3473295205842392,-0.38693370819633865,2.3136796819467946,-0.3284541804179847,-0.15032467809679895,0.15032467809679906,gastronomia
51.3249429,21.0700865,-0.44106958245282435,-0.49908282083093486,-0.6352643638085506,-0.3284541804179847,0.8464006771044771,-0.8464006771044771,gastronomia
50.9577348,21.0012804,-0.3955383579048489,-0.49908282083093486,-0.6352643638085506,-0.3284541804179847,0.2460387650509084,-0.2460387650509082,gastronomia
50.0809304,20.0041173,3.9037607102171887,-0.08786940783741558,0.7964693395654214,3.5643850710056046,-1.7098651819518225,1.7098651819518225,gastronomia
51.867035,20.8662405,-0.4774385038734096,-0.08786940783741558,-0.35746528703449626,-0.3284541804179847,1.6562895461684506,-1.6562895461684506,gastronomia
51.8643572,20.8700339,-0.47732530544872664,-0.12525244538228095,-0.35746528703449626,-0.3284541804179847,1.6530008029151404,-1.6530008029151402,gastronomia
50.0733674,20.0351069,2.7556997901384914,0.24857793006637294,0.7751001798135712,3.008771900007482,-1.6785786432528478,1.678578643252848,gastronomia
50.8899469,20.6365193,-0.3567945658430645,-0.20001852047201174,2.5914787587208488,-0.3284541804179847,-0.08509182901197188,0.08509182901197211,gastronomia
50.7871558,20.6040874,-0.3285364391400358,-0.4616997832860695,-0.5497877248011492,-0.3284541804179847,-0.2661788697302049,0.2661788697302052,gastronomia
50.9077625,20.5911104,-0.35747806119381315,-0.49908282083093486,-0.3788344467863466,-0.3284541804179847,-0.08018104934978405,0.08018104934978434,gastronomia
50.8763481,20.6325614,-0.3534128410106523,3.0896887834761424,2.783801196487502,-0.3284541804179847,-0.1089822499675246,0.10898224996752497,gastronomia
50.8696515,20.6230676,-0.3511097036610532,3.3513700462902,2.8265395159912026,-0.3284541804179847,-0.12487572377455812,0.12487572377455854,gastronomia
50.8702591,20.6244599,-0.35136282475298375,3.5009021964696614,2.8265395159912026,-0.3284541804179847,-0.12314360502434693,0.12314360502434711,gastronomia
50.7638032,20.4421275,-0.3050572501900613,-0.4616997832860695,-0.6138952040567002,-0.3284541804179847,-0.38991535926609044,0.38991535926609044,gastronomia
50.6561812,20.2662849,-0.24013215993718479,-0.49908282083093486,-0.48568024554559824,-0.3284541804179847,-0.6471545244751233,0.6471545244751234,gastronomia
50.033527,21.0565872,-0.28369234451685454,-0.4616997832860695,-0.5925260443048499,-0.3284541804179847,-0.48635933199330617,0.48635933199330633,gastronomia
50.8906564,20.8645034,-0.37484892870323905,-0.4616997832860695,-0.5497877248011492,-0.3284541804179847,0.054798875797756774,-0.054798875797756656,gastronomia
50.0348303,20.2170054,0.6184510725404077,0.09904577988691136,-0.2292503285233943,-0.3284541804179847,-1.4628189751160126,1.4628189751160128,gastronomia
50.6257147,20.7437704,-0.30144044850157575,-0.49908282083093486,-0.6138952040567002,-0.3284541804179847,-0.4072246991227319,0.40722469912273224,gastronomia
50.9839545,20.5931908,-0.3737972591221235,-0.49908282083093486,-0.5925260443048499,-0.3284541804179847,0.046027625257196746,-0.04602762525719651,gastronomia
50.867279,20.6431154,-0.35217580730703835,1.6691333567712578,2.6555862379764,-0.3284541804179847,-0.11755603779876969,0.11755603779876969,gastronomia
50.9817019,20.5184805,-0.3692010759512933,-0.49908282083093486,-0.5925260443048499,-0.3284541804179847,0.00864723571077012,-0.00864723571076994,gastronomia
50.9013041,20.6891093,-0.36322409325948607,-0.49908282083093486,-0.4643110857937479,-0.3284541804179847,-0.03775825264006643,0.037758252640066665,gastronomia
51.1202575,20.3558406,-0.39001861768353785,0.13642881743177676,-0.27198864802709494,-0.3284541804179847,0.191266375496601,-0.19126637549660058,gastronomia
51.1173357,20.357403,-0.3895290308471063,0.13642881743177676,-0.27198864802709494,-0.3284541804179847,0.18654937418651546,-0.1865493741865154,gastronomia
51.1172835,20.3572749,-0.38951574748468404,0.13642881743177676,-0.27198864802709494,-0.3284541804179847,0.1864217047259854,-0.1864217047259851,gastronomia
51.1151567,20.3596018,-0.38919293717372494,0.13642881743177676,-0.27198864802709494,-0.3284541804179847,0.18332413448230928,-0.18332413448230914,gastronomia
51.1157787,20.3594402,-0.38930253038576373,0.13642881743177676,-0.27198864802709494,-0.3284541804179847,0.18437466800935368,-0.1843746680093535,gastronomia
51.1177696,20.3580062,-0.3896260296580888,0.13642881743177676,-0.27198864802709494,-0.3284541804179847,0.18748214952486916,-0.1874821495248689,gastronomia
51.1176899,20.3582078,-0.3896172718397472,0.13642881743177676,-0.27198864802709494,-0.3284541804179847,0.18739789525373649,-0.1873978952537362,gastronomia
51.1171442,20.3579017,-0.3895083720263755,0.13642881743177676,-0.27198864802709494,-0.3284541804179847,0.186350824575404,-0.18635082457540375,gastronomia
51.11769,20.3577475,-0.38960395262849595,0.13642881743177676,-0.27198864802709494,-0.3284541804179847,0.18726977195295616,-0.1872697719529559,gastronomia
51.1165756,20.3576461,-0.3893966202645273,0.13642881743177676,-0.27198864802709494,-0.3284541804179847,0.1852774781491157,-0.18527747814911552,gastronomia
51.1170682,20.3580922,-0.38949996281697924,0.13642881743177676,-0.27198864802709494,-0.3284541804179847,0.18627001596455184,-0.18627001596455148,gastronomia
51.116885,20.3572543,-0.38944204229819396,0.13642881743177676,-0.27198864802709494,-0.3284541804179847,0.18571360502667505,-0.1857136050266749,gastronomia
51.117064,20.3574109,-0.3894794270604655,0.13642881743177676,-0.27198864802709494,-0.3284541804179847,0.18607270446126645,-0.1860727044612664,gastronomia
51.116069,20.3572251,-0.38929133483221684,0.13642881743177676,-0.27198864802709494,-0.3284541804179847,0.18426729918811147,-0.18426729918811105,gastronomia
51.1177883,20.3565031,-0.3895859762376201,0.13642881743177676,-0.27198864802709494,-0.3284541804179847,0.18709687538627492,-0.18709687538627462,gastronomia
51.3722619,20.0395742,-0.4247142801243217,-0.49908282083093486,-0.6138952040567002,-0.3284541804179847,0.5940816237611254,-0.5940816237611253,gastronomia
51.7723808,20.2113686,-0.46520662060419404,-0.4616997832860695,-0.48568024554559824,-0.3284541804179847,1.3337613426911767,-1.333761342691176,gastronomia
50.8714485,20.6227856,-0.3515066829081391,3.239220933655604,2.847908675743053,-0.3284541804179847,-0.12215758112327309,0.12215758112327327,gastronomia
50.8558232,20.6120958,-0.3469300712454081,-0.2747845955617425,2.335048841698645,-0.3284541804179847,-0.15296878479010867,0.15296878479010878,gastronomia
50.8725836,20.6257197,-0.3520038276116222,3.4635191589247962,2.847908675743053,-0.3284541804179847,-0.1187411421760782,0.11874114217607862,gastronomia
51.9574983,20.1349112,-0.4776375657333733,-0.08786940783741558,-0.20788116877154397,-0.3284541804179847,1.6620880864491583,-1.6620880864491583,gastronomia
50.8765386,20.6354698,-0.35368568629379316,2.7532414455723537,2.719693717231951,-0.3284541804179847,-0.10707941251255416,0.10707941251255447,gastronomia
50.8679811,20.6362926,-0.35178471653733673,3.276603971200469,2.805170356239352,-0.3284541804179847,-0.12024861210440818,0.12024861210440829,gastronomia
50.0810947,20.0028583,3.965079507449877,-0.12525244538228095,0.7323618603098705,3.5861927836523035,-1.7110931727217882,1.7110931727217884,gastronomia
51.5333808,20.1324405,-0.44376004586192097,-0.2747845955617425,-0.42157276629004725,-0.3284541804179847,0.8930887384297552,-0.8930887384297548,gastronomia
50.8638531,20.6314234,-0.35042881655934033,2.641092332937758,2.719693717231951,-0.3284541804179847,-0.1295173666892297,0.12951736668922992,gastronomia
50.1025431,20.1229808,1.1528704081799792,-0.4616997832860695,-0.5497877248011492,1.013159372407206,-1.5662058417572255,1.5662058417572258,gastronomia
50.0674853,20.0076343,3.9919826767904403,0.09904577988691136,0.5827777420469181,3.595576788003531,-1.7116215853487937,1.7116215853487942,gastronomia
51.5275997,20.0243468,-0.442756103083257,-0.20001852047201174,0.005810428746959311,-0.3284541804179847,0.8754758338894789,-0.875475833889479,gastronomia
51.5294155,20.0195166,-0.44293456956317967,0.24857793006637294,0.005810428746959311,-0.3284541804179847,0.8785899536432004,-0.8785899536432001,gastronomia
51.5180736,20.2527397,-0.44302389738007436,-0.49908282083093486,-0.5925260443048499,-0.3284541804179847,0.8801513865272681,-0.8801513865272682,gastronomia
50.8703336,20.6364175,-0.35233785681956475,3.538285234014527,2.847908675743053,-0.3284541804179847,-0.11643783313471445,0.11643783313471474,gastronomia
50.8716576,20.6371428,-0.35270062677189146,3.3513700462902,2.805170356239352,-0.3284541804179847,-0.11392918698362775,0.11392918698362786,gastronomia
50.8719504,20.6364029,-0.35270872365390776,3.538285234014527,2.8265395159912026,-0.3284541804179847,-0.1138731097563746,0.11387310975637478,gastronomia
50.8757528,20.6367565,-0.35360787518676295,2.86539055820695,2.719693717231951,-0.3284541804179847,-0.10762250733147766,0.10762250733147777,gastronomia
50.864988,20.6297339,-0.350556696326678,3.239220933655604,2.783801196487502,-0.3284541804179847,-0.1286475651490951,0.1286475651490951,gastronomia
50.8727578,20.622502,-0.35178911185161316,3.0149227083864116,2.847908675743053,-0.3284541804179847,-0.1202183991793848,0.12021839917938486,gastronomia
50.8468187,20.6267417,-0.34598679812825817,-0.38693370819633865,1.8649273271579376,-0.3284541804179847,-0.159179178451006,0.15917917845100618,gastronomia
50.8713222,20.6321137,-0.3522211253236051,3.83734953437345,2.8265395159912026,-0.3284541804179847,-0.11724347539404992,0.11724347539405015,gastronomia
51.7676032,20.2597301,-0.4650929291256467,-0.34955067065147327,-0.48568024554559824,-0.3284541804179847,1.3310455451840646,-1.3310455451840641,gastronomia
51.1939644,20.4125264,-0.4040915523966366,0.06166274234204598,-0.27198864802709494,-0.3284541804179847,0.3371252535270588,-0.3371252535270586,gastronomia
51.1772736,20.4125949,-0.40142260254009837,-0.49908282083093486,-0.27198864802709494,-0.3284541804179847,0.3078444374740121,-0.30784443747401197,gastronomia
51.1915519,20.4128993,-0.4037197585648226,0.06166274234204598,-0.27198864802709494,-0.3284541804179847,0.3329976894472366,-0.3329976894472364,gastronomia
50.3252137,20.321599,0.025133741526995098,-0.49908282083093486,-0.6352643638085506,-0.3284541804179847,-1.1397517352677897,1.13975173526779,gastronomia
50.1454626,20.4464191,0.0677710357672703,-0.49908282083093486,-0.6138952040567002,-0.3284541804179847,-1.1822194273485467,1.182219427348547,gastronomia
50.8529721,21.0864002,-0.387113239476654,-0.4616997832860695,-0.5497877248011492,-0.3284541804179847,0.16359727156842835,-0.16359727156842815,gastronomia
50.0340378,21.056991,-0.28379306661303094,-0.4616997832860695,-0.5925260443048499,-0.3284541804179847,-0.48593559378693124,0.4859355937869317,gastronomia
50.0873248,20.0473535,2.28612002071763,-0.4243167457412041,0.43319362378396586,2.6539778507663816,-1.6586002152184531,1.6586002152184534,gastronomia
51.5410513,20.1343192,-0.4445525482413265,-0.12525244538228095,-0.42157276629004725,-0.3284541804179847,0.9071567482186609,-0.9071567482186605,gastronomia
51.1169416,20.8773085,-0.4103679428351184,-0.20001852047201174,-0.1651428492678433,-0.3284541804179847,0.4092952083384936,-0.4092952083384935,gastronomia
51.1159418,20.8687505,-0.4098275520390015,-0.013103332747684795,-0.1651428492678433,-0.3284541804179847,0.40289034349569963,-0.4028903434956993,gastronomia
51.1904172,20.4080682,-0.4034119206952477,0.06166274234204598,-0.27198864802709494,-0.3284541804179847,0.3295921883117697,-0.32959218831176945,gastronomia
50.8842383,20.5772863,-0.3510139927244996,-0.3121676331066079,-0.2292503285233943,-0.3284541804179847,-0.1255297466014606,0.12552974660146074,gastronomia
50.0841928,20.0227276,3.0195739489400037,0.09904577988691136,0.8605768188209725,3.1677029619653,-1.687528040207351,1.687528040207351,gastronomia
50.0827127,21.0256929,-0.27451089219459696,-0.49908282083093486,-0.6138952040567002,-0.3284541804179847,-0.523871647244937,0.5238716472449373,gastronomia
50.8705368,20.624683,-0.3514453723877895,3.5009021964696614,2.8265395159912026,-0.3284541804179847,-0.1225779536518332,0.12257795365183337,gastronomia
50.0754498,20.0055979,3.987201180522505,-0.05048637029255018,0.7537310200617208,3.593917019760508,-1.711528123915413,1.7115281239154134,gastronomia
51.6489898,20.954431,-0.4645708183269023,-0.23740155801687712,-0.4643110857937479,-0.3284541804179847,1.3186338405968678,-1.3186338405968676,gastronomia
51.1158338,20.8775375,-0.4102316648167345,-0.20001852047201174,-0.1651428492678433,-0.3284541804179847,0.40767649527302285,-0.4076764952730225,gastronomia
50.4622294,20.7219734,-0.2457578859461669,0.5102591928804306,0.02717958849880964,-0.3284541804179847,-0.6286351544392518,0.6286351544392519,gastronomia
50.8735836,20.6210843,-0.351869127197196,2.7532414455723537,2.8265395159912026,-0.3284541804179847,-0.11966819224952016,0.1196681922495204,gastronomia
51.1156521,20.8567048,-0.40921664361350224,-0.08786940783741558,-0.1651428492678433,-0.3284541804179847,0.39569423456812747,-0.3956942345681273,gastronomia
51.8657949,20.8630098,-0.47732586446249226,-0.12525244538228095,-0.35746528703449626,-0.3284541804179847,1.6530170285177908,-1.6530170285177905,gastronomia
51.6513314,20.9526361,-0.46470461616364983,-0.2747845955617425,-0.4643110857937479,-0.3284541804179847,1.3218051217617368,-1.321805121761737,gastronomia
50.8809661,20.5915794,-0.3513139039845563,-0.2747845955617425,1.159745055346877,-0.3284541804179847,-0.12347865098885502,0.12347865098885526,gastronomia
51.1910366,20.40904,-0.40353600276666307,0.06166274234204598,-0.27198864802709494,-0.3284541804179847,0.3309635559374034,-0.330963555937403,gastronomia
51.191777,20.4058999,-0.4035711806282336,0.06166274234204598,-0.27198864802709494,-0.3284541804179847,0.33135266644668887,-0.3313526664466888,gastronomia
51.1929396,20.4069085,-0.40378206715654663,0.06166274234204598,-0.27198864802709494,-0.3284541804179847,0.3336883123533406,-0.3336883123533404,gastronomia
50.4641786,20.7178193,-0.2452926024532621,0.6224083055150269,0.04854874825065997,-0.3284541804179847,-0.6301893409292235,0.6301893409292237,gastronomia
51.1948955,20.4134366,-0.4042623900568416,0.06166274234204598,-0.27198864802709494,-0.3284541804179847,0.33902720961856114,-0.33902720961856114,gastronomia
50.8731342,20.6328358,-0.3526965601054056,3.7252004217388537,2.847908675743053,-0.3284541804179847,-0.1139573504167788,0.11395735041677904,gastronomia
51.19363,20.411655,-0.4040157962413053,0.06166274234204598,-0.27198864802709494,-0.3284541804179847,0.33628293262875764,-0.33628293262875736,gastronomia
51.1928588,20.409821,-0.40384557888446393,0.06166274234204598,-0.27198864802709494,-0.3284541804179847,0.3343927308614143,-0.3343927308614141,gastronomia
50.8017892,20.8059827,-0.35252869588658414,-0.4243167457412041,-0.5925260443048499,-0.3284541804179847,-0.11511906328054222,0.11511906328054239,gastronomia
50.8682434,20.5946287,-0.3485136828668166,-0.4243167457412041,2.1640955636838424,-0.3284541804179847,-0.14243616969665135,0.1424361696966513,gastronomia
50.2196309,20.0332099,0.7041806452903315,-0.4616997832860695,-0.5497877248011492,-0.3284541804179847,-1.485125880212146,1.4851258802121463,gastronomia
50.8758532,20.6257295,-0.3527612065173045,3.052305745931277,2.847908675743053,-0.3284541804179847,-0.11350953456257966,0.11350953456257973,gastronomia
51.1339703,21.0589883,-0.42111853731359633,-0.49908282083093486,-0.6352643638085506,-0.3284541804179847,0.5449253332808789,-0.5449253332808788,gastronomia
51.0436701,21.0825998,-0.4118214883027705,-0.08786940783741558,-0.18651200901969364,-0.3284541804179847,0.42670921542312845,-0.4267092154231285,gastronomia
50.8718869,20.6424223,-0.3531760684166868,2.3046449950339696,2.6769553977282503,-0.3284541804179847,-0.11063005378428573,0.1106300537842859,gastronomia
51.6981932,20.9291188,-0.46756288266905205,-0.4243167457412041,-0.5711568845529995,-0.3284541804179847,1.3911260078171954,-1.3911260078171954,gastronomia
50.3578316,20.0301724,0.1400515364699341,-0.4243167457412041,-0.5711568845529995,-0.3284541804179847,-1.2429774100632516,1.2429774100632518,gastronomia
51.9431306,20.950446,-0.48273484353350543,-0.49908282083093486,-0.6352643638085506,-0.3284541804179847,1.8174911181071391,-1.817491118107139,gastronomia
50.0807787,20.0865947,1.636833528965157,-0.3121676331066079,-0.35746528703449626,1.9176173214216228,-1.6171358054450926,1.6171358054450926,gastronomia
50.0816663,20.0970098,1.4975637731554252,-0.34955067065147327,-0.4429419260418976,1.7001880804307248,-1.604892380131164,1.6048923801311643,gastronomia
50.0871709,20.0933092,1.5216463471378343,-0.38693370819633865,-0.4429419260418976,1.7398307994090947,-1.607124658857065,1.607124658857065,gastronomia
50.088356,20.0880338,1.582952199947398,-0.38693370819633865,-0.4002036065381969,1.8367932677055765,-1.612584608647773,1.6125846086477733,gastronomia
50.0768395,20.0971543,1.5095535717752422,-0.4243167457412041,-0.48568024554559824,1.7200380189381408,-1.6060101287766269,1.6060101287766273,gastronomia
50.0664791,20.0841939,1.7031571059589836,-0.4616997832860695,-0.4643110857937479,2.011904532159279,-1.6224451116702543,1.6224451116702543,gastronomia
50.0694237,20.0798972,1.7668172422878732,-0.4616997832860695,-0.3147269675307956,2.097427385532589,-1.6272608975467913,1.6272608975467915,gastronomia
50.8833503,20.6449883,-0.3559705935158469,0.06166274234204598,2.5914787587208488,-0.3284541804179847,-0.09097477939921471,0.09097477939921494,gastronomia
50.0225733,20.0505291,1.9510130010139677,-0.4616997832860695,-0.48568024554559824,2.3208040699469525,-1.639839222982857,1.6398392229828571,gastronomia
50.8721639,20.6253946,-0.3518805766865637,3.538285234014527,2.847908675743053,-0.3284541804179847,-0.11958943303876701,0.11958943303876707,gastronomia
50.8890055,20.6081036,-0.3544359272614749,-0.38693370819633865,2.1854647234356928,-0.3284541804179847,-0.101825062919717,0.10182506291971707,gastronomia
50.1337048,20.1119636,1.0618928756048531,-0.49908282083093486,-0.6138952040567002,0.7841845527765446,-1.553312285719675,1.553312285719675,gastronomia
52.0259921,20.8753285,-0.48630119154722945,-0.49908282083093486,-0.5284185650492988,-0.3284541804179847,1.9347810756395447,-1.934781075639545,gastronomia
50.8745483,20.6412971,-0.35369330172992464,2.3794110701237003,2.6983245574801007,-0.3284541804179847,-0.10702624066855422,0.10702624066855446,gastronomia
51.8627278,20.8672817,-0.4771949022360487,-0.12525244538228095,-0.35746528703449626,-0.3284541804179847,1.6492199571344444,-1.6492199571344437,gastronomia
50.0962231,20.0099021,3.097829584582176,-0.08786940783741558,0.19813286651361225,3.2104710458362287,-1.689936308011199,1.689936308011199,gastronomia
51.9787885,20.887784,-0.48396162318029357,-0.49908282083093486,-0.6138952040567002,-0.3284541804179847,1.8569974013689001,-1.8569974013689,gastronomia
50.8059542,20.6201845,-0.3351427550849432,-0.4243167457412041,-0.5284185650492988,-0.3284541804179847,-0.22735297143525904,0.22735297143525934,gastronomia
50.8016987,20.6196991,-0.33398419806594015,-0.4243167457412041,-0.5284185650492988,-0.3284541804179847,-0.23430330286219692,0.23430330286219703,gastronomia
50.4600686,20.7220536,-0.24505059949819719,0.3233440051561037,0.02717958849880964,-0.3284541804179847,-0.6309960758271891,0.6309960758271892,gastronomia
50.8793885,20.6478184,-0.35530373183178554,0.13642881743177676,2.612847918472699,-0.3284541804179847,-0.09570655066039138,0.09570655066039156,gastronomia
50.880453,20.6478764,-0.35554712419770956,0.06166274234204598,2.5914787587208488,-0.3284541804179847,-0.09398257764693604,0.09398257764693622,gastronomia
50.8804668,20.6482772,-0.3555816566076103,0.06166274234204598,2.5914787587208488,-0.3284541804179847,-0.09373769869243667,0.0937376986924368,gastronomia
51.7642226,20.2412859,-0.4647366431524918,-0.3121676331066079,-0.4429419260418976,-0.3284541804179847,1.322565183162987,-1.3225651831629865,gastronomia
50.0860948,20.010626,3.425847776631343,0.024279704797180595,0.8392076590691221,3.3716312293638167,-1.6990112266449888,1.6990112266449888,gastronomia
50.079874,20.0113306,3.5775785406626457,0.024279704797180595,0.8392076590691221,3.437610304651961,-1.7027265037479717,1.7027265037479717,gastronomia
50.0797635,20.0118713,3.5553318721893996,0.024279704797180595,0.8392076590691221,3.4282382058704703,-1.702198761522763,1.7021987615227632,gastronomia
51.5311898,20.0042906,-0.4430900554370244,0.21119489252150753,0.005810428746959311,-0.3284541804179847,0.8813089898693828,-0.8813089898693828,gastronomia
50.8761674,20.6253438,-0.35280339886576084,2.977539670841546,2.847908675743053,-0.3284541804179847,-0.11321713331116745,0.11321713331116763,gastronomia
51.0483879,20.8429289,-0.3989863450168952,-0.4616997832860695,-0.5284185650492988,-0.3284541804179847,0.28180790283862733,-0.2818079028386273,gastronomia
50.8747612,20.6325725,-0.35304974738935135,3.5009021964696614,2.8265395159912026,-0.3284541804179847,-0.11150786487378941,0.11150786487378941,gastronomia
51.1884187,20.406216,-0.4030445001755098,0.06166274234204598,-0.27198864802709494,-0.3284541804179847,0.3255417454330498,-0.3255417454330496,gastronomia
51.9586924,20.1408716,-0.4777266532072046,-0.013103332747684795,-0.20788116877154397,-0.3284541804179847,1.6646894502427136,-1.6646894502427132,gastronomia
51.5425359,20.1473502,-0.44477290911396544,-0.16263548292714636,-0.42157276629004725,-0.3284541804179847,0.9110945992193132,-0.911094599219313,gastronomia
50.8588447,20.5904967,-0.3458961097537384,-0.4616997832860695,0.8605768188209725,-0.3284541804179847,-0.15977379437135678,0.15977379437135703,gastronomia
51.613412,20.5538857,-0.45538481023608185,-0.49908282083093486,-0.5711568845529995,-0.3284541804179847,1.1153033990398502,-1.11530339903985,gastronomia
50.6474467,20.2854869,-0.2378356287496074,-0.34955067065147327,-0.3788344467863466,-0.3284541804179847,-0.654547428588497,0.6545474285884971,gastronomia
51.0458851,21.0837237,-0.4121514481836811,-0.16263548292714636,-0.18651200901969364,-0.3284541804179847,0.4307005346723251,-0.43070053467232483,gastronomia
51.0461217,21.0843531,-0.4122154129718287,-0.16263548292714636,-0.18651200901969364,-0.3284541804179847,0.4314759323385487,-0.43147593233854875,gastronomia
52.0301768,21.0458352,-0.48825145428968364,-0.34955067065147327,-0.5284185650492988,-0.3284541804179847,2.0021950728597044,-2.002195072859704,gastronomia
50.3256929,20.2341195,0.09124325344939083,-0.4616997832860695,-0.5925260443048499,-0.3284541804179847,-1.203350431347648,1.2033504313476482,gastronomia
50.8903687,20.6555368,-0.35833803257183433,-0.34955067065147327,1.7580815283986861,-0.3284541804179847,-0.07396225321326953,0.0739622532132699,gastronomia
52.0386809,20.8601105,-0.48680440824919535,-0.4243167457412041,-0.5711568845529995,-0.3284541804179847,1.951945767646922,-1.9519457676469218,gastronomia
51.0388726,21.0933514,-0.41185884231107184,-0.2747845955617425,-0.20788116877154397,-0.3284541804179847,0.42716034689872984,-0.42716034689873006,gastronomia
50.869725,20.735432,-0.36030944447204427,-0.4243167457412041,-0.5925260443048499,-0.3284541804179847,-0.059535168355075184,0.05953516835507548,gastronomia
50.271322,20.4827815,-0.045585317377911584,-0.4616997832860695,-0.5925260443048499,-0.3284541804179847,-1.0548162812681063,1.0548162812681066,gastronomia
51.2239206,20.8568291,-0.4229341008359639,-0.20001852047201174,-0.4643110857937479,-0.3284541804179847,0.5694905294835733,-0.569490529483573,gastronomia
51.2240533,20.8580173,-0.4229945352698219,-0.20001852047201174,-0.4643110857937479,-0.3284541804179847,0.570317077841396,-0.5703170778413956,gastronomia
51.0419168,21.0827068,-0.41161631458490866,-0.12525244538228095,-0.18651200901969364,-0.3284541804179847,0.4242345467899347,-0.4242345467899344,gastronomia
51.3623094,20.7920879,-0.43626911424996584,-0.49908282083093486,-0.6352643638085506,-0.3284541804179847,0.766995928946348,-0.7669959289463474,gastronomia
51.8059015,20.4703353,-0.4693632171864704,-0.4616997832860695,-0.6138952040567002,-0.3284541804179847,1.4363911442454762,-1.436391144245476,gastronomia
50.87095,20.6261007,-0.3516546936908972,3.650434346649123,2.847908675743053,-0.3284541804179847,-0.12114188438079945,0.12114188438079951,gastronomia
50.8715477,20.6341997,-0.3524399099327544,3.7252004217388537,2.847908675743053,-0.3284541804179847,-0.11573286440105843,0.11573286440105868,gastronomia
50.8700567,20.633557,-0.35204428024228535,3.7625834592837193,2.8265395159912026,-0.3284541804179847,-0.11846253499580837,0.11846253499580843,gastronomia
50.8702467,20.6322673,-0.3519847575735023,3.83734953437345,2.8265395159912026,-0.3284541804179847,-0.1188724502075108,0.11887245020751099,gastronomia
51.7603656,20.2439659,-0.46445680082127294,-0.2747845955617425,-0.4429419260418976,-0.3284541804179847,1.3159364718841964,-1.315936471884196,gastronomia
50.5872372,20.4689836,-0.2369930589310341,-0.49908282083093486,-0.6352643638085506,-0.3284541804179847,-0.657236102079256,0.6572361020792559,gastronomia
50.4388502,20.9377356,-0.29306750746934096,-0.4616997832860695,-0.6138952040567002,-0.3284541804179847,-0.4457117948755092,0.4457117948755095,gastronomia
50.8692848,20.6226386,-0.3509896311051467,3.239220933655604,2.8265395159912026,-0.3284541804179847,-0.12569613570992974,0.12569613570992996,gastronomia
51.7646012,20.2509254,-0.46481702537103425,-0.2747845955617425,-0.4643110857937479,-0.3284541804179847,1.324474436686815,-1.324474436686815,gastronomia
51.3704489,20.293389,-0.42668539926018634,-0.3121676331066079,-0.1651428492678433,-0.3284541804179847,0.6219124199077747,-0.621912419907775,gastronomia
50.8616811,20.6404542,-0.3506630918995036,0.3981100802458345,2.5487404392171484,-0.3284541804179847,-0.12792320283615707,0.12792320283615702,gastronomia
51.8619093,20.8850436,-0.47736356558661214,-0.4243167457412041,-0.35746528703449626,-0.3284541804179847,1.6541116709506194,-1.654111670950619,gastronomia
50.8726538,20.6245981,-0.3519311111794882,3.4635191589247962,2.8692778354949033,-0.3284541804179847,-0.11924172616249748,0.11924172616249754,gastronomia
51.5232142,20.0029985,-0.4422555921845922,-0.013103332747684795,0.005810428746959311,-0.3284541804179847,0.8667807427995503,-0.8667807427995501,gastronomia
51.5304106,20.0058186,-0.44301173708063896,0.24857793006637294,0.005810428746959311,-0.3284541804179847,0.8799387198727696,-0.8799387198727694,gastronomia
51.5358745,20.0096005,-0.4435839529040418,0.2859609676112383,-0.015558731004891017,-0.3284541804179847,0.8899826673011962,-0.8899826673011962,gastronomia
50.8679646,20.6385922,-0.35196692900929205,2.5663262578480266,2.783801196487502,-0.3284541804179847,-0.11899519145032035,0.11899519145032066,gastronomia
50.8899844,20.6094293,-0.35475986028279693,-0.38693370819633865,2.142726403931992,-0.3284541804179847,-0.09954629414816027,0.09954629414816027,gastronomia
50.8736845,20.6195652,-0.35177270687871925,2.491560182758296,2.847908675743053,-0.3284541804179847,-0.12033115968870298,0.12033115968870321,gastronomia
51.2458256,20.7559606,-0.4219652683013509,-0.49908282083093486,-0.6352643638085506,-0.3284541804179847,0.5563182376727255,-0.5563182376727253,gastronomia
50.8906842,20.6369157,-0.3569891484699128,-0.20001852047201174,2.5701095989689984,-0.3284541804179847,-0.08369664691761627,0.08369664691761634,gastronomia
51.4655936,20.9068991,-0.4491049970639097,-0.4616997832860695,-0.6138952040567002,-0.3284541804179847,0.9909028019462005,-0.9909028019462003,gastronomia
50.8865038,20.6301503,-0.3555359148045698,-0.34955067065147327,2.6769553977282503,-0.3284541804179847,-0.09406205148179912,0.09406205148179948,gastronomia
50.0200088,20.0590549,1.7895554096851156,-0.4616997832860695,-0.5497877248011492,2.1268683132675497,-1.6289187141231316,1.6289187141231316,gastronomia
51.1225255,20.8809663,-0.4112790034354806,-0.23740155801687712,-0.20788116877154397,-0.3284541804179847,0.4201780511247514,-0.4201780511247512,gastronomia
50.20095,20.3032076,0.22319267591052386,-0.49908282083093486,-0.5070494052974486,-0.3284541804179847,-1.2996106816806974,1.2996106816806978,gastronomia
52.0119276,20.2099525,-0.4811303351629605,-0.49908282083093486,-0.6352643638085506,-0.3284541804179847,1.7670906323950524,-1.7670906323950524,gastronomia
50.3349838,21.0694823,-0.3055571421998969,-0.49908282083093486,-0.6138952040567002,-0.3284541804179847,-0.3874890985156465,0.38748909851564667,gastronomia
50.8708385,20.6248644,-0.3515301271524156,3.575668271559392,2.8265395159912026,-0.3284541804179847,-0.1219967811778435,0.12199678117784381,gastronomia
50.8672883,20.6352308,-0.35153838628824563,3.3139870087453347,2.783801196487502,-0.3284541804179847,-0.12194012588224898,0.12194012588224916,gastronomia
50.0774402,20.0455919,2.427389929379382,0.13642881743177676,0.5186702627913672,2.772304587127273,-1.665263185445793,1.6652631854457933,gastronomia
50.0775976,20.0454919,2.4286997933382617,0.13642881743177676,0.5186702627913672,2.773350008948858,-1.665322053075261,1.6653220530752613,gastronomia
50.9313051,20.5670853,-0.3611352289313837,-0.4616997832860695,-0.5925260443048499,-0.3284541804179847,-0.0534200832979784,0.0534200832979784,gastronomia
50.9016888,20.652139,-0.36054438114414045,-0.4616997832860695,-0.12240452976414266,-0.3284541804179847,-0.05779977883743926,0.05779977883743938,gastronomia
50.8777285,20.6450972,-0.3547155196859797,0.3233440051561037,2.612847918472699,-0.3284541804179847,-0.09985857750198592,0.09985857750198604,gastronomia
50.8713031,20.6502459,-0.3536719759129334,0.06166274234204598,2.5487404392171484,-0.3284541804179847,-0.1071751315432373,0.1071751315432373,gastronomia
50.8756939,20.6348008,-0.3534397937160562,3.1270718210210076,2.741062876983801,-0.3284541804179847,-0.10879447066375834,0.10879447066375858,gastronomia
50.898444,20.8581944,-0.37572082819793273,-0.4616997832860695,-0.5284185650492988,-0.3284541804179847,0.06213419371558781,-0.06213419371558763,gastronomia
50.8898221,20.6451913,-0.3574270085577099,-0.23740155801687712,2.4846329599615973,-0.3284541804179847,-0.08054882351904757,0.08054882351904769,gastronomia
50.9581167,20.4767695,-0.36176946567576035,-0.49908282083093486,-0.6352643638085506,-0.3284541804179847,-0.04869421021754981,0.04869421021754993,gastronomia
50.6362295,21.0617376,-0.3511347080598957,-0.49908282083093486,-0.6352643638085506,-0.3284541804179847,-0.12470477676153115,0.12470477676153133,gastronomia
50.7438176,20.6188404,-0.3179616206823711,-0.4616997832860695,-0.5711568845529995,-0.3284541804179847,-0.32449214119234365,0.3244921411923439,gastronomia
51.9599964,20.1474544,-0.4778244812196821,0.024279704797180595,-0.18651200901969364,-0.3284541804179847,1.6675505442279683,-1.6675505442279683,gastronomia
50.070567,20.0395,2.637847750111846,0.09904577988691136,0.6896235408061698,2.929411838807076,-1.6741098837714279,1.674109883771428,gastronomia
51.4673262,20.0107509,-0.43617511580061263,-0.20001852047201174,-0.4643110857937479,-0.3284541804179847,0.7654886128566009,-0.7654886128566009,gastronomia
51.6446626,20.949765,-0.46417803852065626,-0.23740155801687712,-0.4643110857937479,-0.3284541804179847,1.3093612544450186,-1.3093612544450186,gastronomia
50.8621406,20.6246281,-0.34947096170641134,0.9962386809636807,2.6983245574801007,-0.3284541804179847,-0.13600376676772383,0.136003766767724,gastronomia
50.7497781,20.6196384,-0.319765562693472,-0.38693370819633865,-0.5711568845529995,-0.3284541804179847,-0.31486004125479344,0.3148600412547935,gastronomia
50.0200899,20.0174948,2.4820648964710044,-0.49908282083093486,-0.5070494052974486,2.8151850269096084,-1.6676777800031342,1.6676777800031344,gastronomia
50.0679316,20.0142992,3.6239422771546232,0.024279704797180595,0.6682543810543194,3.4568249251876035,-1.7038084776829931,1.7038084776829931,gastronomia
51.3769312,20.2726192,-0.42722747898648333,0.06166274234204598,-0.18651200901969364,-0.3284541804179847,0.6296799476608004,-0.6296799476607999,gastronomia
50.304128,21.0726243,-0.3024721195764535,-0.38693370819633865,-0.5711568845529995,-0.3284541804179847,-0.40233074821286163,0.4023307482128618,gastronomia
51.9750241,20.1551241,-0.478768140778361,-0.34955067065147327,-0.2292503285233943,-0.3284541804179847,1.695393456366835,-1.6953934563668347,gastronomia
50.0750224,20.0166062,3.435482119991069,-0.08786940783741558,0.7964693395654214,3.3759683083695236,-1.6992554472596815,1.6992554472596817,gastronomia
50.8724742,20.7247836,-0.36000345485686486,-0.4243167457412041,-0.5925260443048499,-0.3284541804179847,-0.06179022607124121,0.06179022607124127,gastronomia
51.7659427,20.254665,-0.4649392453763989,-0.2747845955617425,-0.48568024554559824,-0.3284541804179847,1.327381905446548,-1.3273819054465477,gastronomia
50.4832324,20.0280782,-0.07140714846702563,-0.49908282083093486,-0.6352643638085506,-0.3284541804179847,-1.0180999247288378,1.018099924728838,gastronomia
50.8706055,20.6328963,-0.3521181438232998,3.83734953437345,2.8265395159912026,-0.3284541804179847,-0.11795358028394247,0.11795358028394283,gastronomia
50.8654627,20.6286569,-0.35058028456403817,3.3887530838350655,2.805170356239352,-0.3284541804179847,-0.12848702582996457,0.1284870258299648,gastronomia
50.328642,20.2129085,0.10227056733528894,-0.49908282083093486,-0.5925260443048499,-0.3284541804179847,-1.212787585454194,1.2127875854541943,gastronomia
50.516708,20.9926334,-0.31936727094852424,-0.49908282083093486,-0.6352643638085506,-0.3284541804179847,-0.3169975025740656,0.3169975025740659,gastronomia
50.8667948,20.6408413,-0.35187945864941333,1.8934315820404501,2.719693717231951,-0.3284541804179847,-0.11959712416299711,0.1195971241629974,gastronomia
50.0987755,20.0116271,2.9562941646515073,-0.16263548292714636,0.15539454700991162,3.13174164934694,-1.6855030612154398,1.68550306121544,gastronomia
51.11578,20.8618358,-0.4094772883147282,-0.08786940783741558,-0.1651428492678433,-0.3284541804179847,0.3987587065603497,-0.3987587065603492,gastronomia
50.8714241,20.6230621,-0.3515229896249799,3.3139870087453347,2.847908675743053,-0.3284541804179847,-0.12204573948324551,0.12204573948324568,gastronomia
50.9260854,20.5973656,-0.36197948619597625,-0.49908282083093486,-0.5497877248011492,-0.3284541804179847,-0.04712365170710279,0.04712365170710279,gastronomia
50.9414822,20.955346,-0.389969993217307,-0.38693370819633865,-0.5284185650492988,-0.3284541804179847,0.19079689437146113,-0.19079689437146094,gastronomia
50.9411315,20.9575375,-0.3900722309516468,-0.38693370819633865,-0.5284185650492988,-0.3284541804179847,0.19178428131021874,-0.1917842813102185,gastronomia
50.9406881,20.957557,-0.39000672935436326,-0.38693370819633865,-0.5284185650492988,-0.3284541804179847,0.19115157033072228,-0.19115157033072208,gastronomia
50.8803698,20.4646352,-0.34195595197402295,-0.4616997832860695,-0.5711568845529995,-0.3284541804179847,-0.18519883153986552,0.18519883153986588,gastronomia
50.8723743,20.6312044,-0.3523915406815221,3.7999664968285845,2.8692778354949033,-0.3284541804179847,-0.11606706600274112,0.1160670660027413,gastronomia
50.8011588,20.4595113,-0.3188376816012887,-0.05048637029255018,-0.35746528703449626,-0.3284541804179847,-0.3198300786423494,0.31983007864234947,gastronomia
50.2460156,20.087722,0.47023905634232727,-0.4616997832860695,-0.5925260443048499,-0.3284541804179847,-1.4157952717915658,1.415795271791566,gastronomia
50.3554088,20.0266334,0.14680274945479554,-0.4243167457412041,-0.5925260443048499,-0.3284541804179847,-1.2480488575059818,1.2480488575059818,gastronomia
50.8015166,20.4640956,-0.3193533449534366,-0.05048637029255018,-0.35746528703449626,-0.3284541804179847,-0.31707212620401,0.3170721262040101,gastronomia
50.7995891,20.4625151,-0.31861605388646186,-0.05048637029255018,-0.35746528703449626,-0.3284541804179847,-0.32101227620656597,0.3210122762065663,gastronomia
50.0894503,20.015071,3.1531484674488834,-0.013103332747684795,0.6682543810543194,3.239626754573239,-1.6915780639257643,1.6915780639257645,gastronomia
51.3642646,20.700685,-0.4340598395686112,-0.49908282083093486,-0.6352643638085506,-0.3284541804179847,0.7320308132514151,-0.7320308132514146,gastronomia
50.8594799,21.0528748,-0.38525405330415624,-0.4616997832860695,-0.5284185650492988,-0.3284541804179847,0.14629114563482856,-0.14629114563482856,gastronomia
50.8685126,20.65482,-0.3534093129656424,-0.3121676331066079,2.5060021197134477,-0.3284541804179847,-0.10900682674745646,0.1090068267474567,gastronomia
51.531109,20.0166186,-0.44310447595224206,0.3981100802458345,0.005810428746959311,-0.3284541804179847,0.8815614461221343,-0.8815614461221339,gastronomia
50.144544,20.5039243,0.004788599498965323,-0.49908282083093486,-0.6138952040567002,-0.3284541804179847,-1.1173643396561836,1.1173643396561836,gastronomia
50.0449917,20.9989979,-0.2666232579712399,-0.49908282083093486,-0.33609612728264593,-0.3284541804179847,-0.5544295033469286,0.5544295033469289,gastronomia
50.0587599,20.9883642,-0.2631339288007843,-0.49908282083093486,-0.5711568845529995,-0.3284541804179847,-0.567486104173427,0.567486104173427,gastronomia
51.8623341,20.8672528,-0.4771710847951529,-0.12525244538228095,-0.35746528703449626,-0.3284541804179847,1.6485302998419982,-1.6485302998419982,gastronomia
51.0443824,21.0767426,-0.4115750000465946,-0.20001852047201174,-0.1651428492678433,-0.3284541804179847,0.42373690316793716,-0.4237369031679368,gastronomia
51.9838754,20.2168183,-0.47948981643071786,-0.4616997832860695,-0.6138952040567002,-0.3284541804179847,1.7169901657827114,-1.7169901657827111,gastronomia
51.1162317,20.8811548,-0.41045703559112245,-0.23740155801687712,-0.1651428492678433,-0.3284541804179847,0.41035473700551767,-0.41035473700551767,gastronomia
50.3104552,21.0765138,-0.30411512129286816,-0.4243167457412041,-0.5497877248011492,-0.3284541804179847,-0.39446548250972013,0.3944654825097203,gastronomia
51.9470197,20.0497312,-0.47681646135839767,-0.49908282083093486,-0.6352643638085506,-0.3284541804179847,1.6382943459910917,-1.6382943459910915,gastronomia
51.1204105,20.868733,-0.41042318542802847,0.09904577988691136,-0.1651428492678433,-0.3284541804179847,0.40995205695526105,-0.4099520569552606,gastronomia
50.8081886,20.2626864,-0.3061806959857424,-0.49908282083093486,-0.6352643638085506,-0.3284541804179847,-0.38445091847337726,0.3844509184733774,gastronomia
50.8759896,20.6368617,-0.3536702509081613,2.7158584080274886,2.719693717231951,-0.3284541804179847,-0.10718717389885322,0.10718717389885339,gastronomia
50.8869067,20.6657832,-0.3583711956774477,-0.4243167457412041,0.9887917773320745,-0.3284541804179847,-0.0737215374709415,0.07372153747094155,gastronomia
50.8543843,20.6085082,-0.3462838144352614,-0.3121676331066079,2.1640955636838424,-0.3284541804179847,-0.15722871386842738,0.15722871386842754,gastronomia
51.0523554,21.078371,-0.41262687763180095,-0.08786940783741558,-0.18651200901969364,-0.3284541804179847,0.43647672173426577,-0.43647672173426555,gastronomia
51.3637362,21.0620408,-0.44433594954956934,-0.4616997832860695,-0.6138952040567002,-0.3284541804179847,0.903297254690223,-0.9032972546902227,gastronomia
50.7999552,20.4613703,-0.3186281534677875,-0.05048637029255018,-0.35746528703449626,-0.3284541804179847,-0.3209477838070962,0.3209477838070964,gastronomia
50.8001128,20.4614816,-0.3186869866495293,-0.05048637029255018,-0.35746528703449626,-0.3284541804179847,-0.3206341149022397,0.32063411490223986,gastronomia
50.034948,21.0057173,-0.26888956047800866,-0.20001852047201174,-0.35746528703449626,-0.3284541804179847,-0.5458002431121562,0.5458002431121567,gastronomia
50.878401,20.648849,-0.35516313023315754,0.13642881743177676,2.5701095989689984,-0.3284541804179847,-0.09670086047713418,0.09670086047713441,gastronomia
50.8698319,20.6215174,-0.351028018761033,3.1270718210210076,2.847908675743053,-0.3284541804179847,-0.12543393421340793,0.12543393421340823,gastronomia
50.9913802,20.6178148,-0.37665604470096936,-0.49908282083093486,-0.6138952040567002,-0.3284541804179847,0.07006692391291064,-0.07006692391291051,gastronomia
51.0435795,20.8292413,-0.3975125937716409,-0.4243167457412041,-0.5284185650492988,-0.3284541804179847,0.26636751523763263,-0.26636751523763247,gastronomia
50.8630602,20.6272235,-0.34989986238646914,2.1177298073096424,2.6983245574801007,-0.3284541804179847,-0.13310557197540268,0.1331055719754028,gastronomia
51.2869003,20.1335935,-0.41349015484177903,-0.49908282083093486,-0.6352643638085506,-0.3284541804179847,0.44704182177724977,-0.44704182177724955,gastronomia
50.8553408,20.6014846,-0.34593596578852814,-0.3121676331066079,2.01451144542089,-0.3284541804179847,-0.15951252359818233,0.15951252359818244,gastronomia
50.8921195,20.1193187,-0.32828807816668487,-0.4616997832860695,-0.5925260443048499,-0.3284541804179847,-0.26760118171917685,0.2676011817191773,gastronomia
50.8885792,20.1180838,-0.3271355377575671,-0.4616997832860695,-0.6138952040567002,-0.3284541804179847,-0.2741671942597185,0.27416719425971864,gastronomia
50.9146473,20.1041962,-0.33483870486981243,-0.49908282083093486,-0.6138952040567002,-0.3284541804179847,-0.22918296805076613,0.22918296805076627,gastronomia
51.5315416,20.0055355,-0.4431286669130206,0.24857793006637294,0.005810428746959311,-0.3284541804179847,0.8819850577882234,-0.8819850577882228,gastronomia
50.8644912,20.6373048,-0.35105792870707875,1.8186655069507194,2.6983245574801007,-0.3284541804179847,-0.12522958163736364,0.12522958163736386,gastronomia
50.5607702,20.0397922,-0.1517467483065472,-0.4616997832860695,-0.5925260443048499,-0.3284541804179847,-0.8765860694638984,0.8765860694638985,gastronomia
51.3355342,20.6293864,-0.4290032444032512,-0.4243167457412041,-0.5925260443048499,-0.3284541804179847,0.6554775775395236,-0.6554775775395238,gastronomia
50.0309611,20.2195728,0.6035068704289833,0.06166274234204598,-0.2506194882752446,-0.3284541804179847,-1.458604213343131,1.4586042133431314,gastronomia
50.8735851,20.6282063,-0.3524329741028351,3.575668271559392,2.847908675743053,-0.3284541804179847,-0.11578079483584637,0.11578079483584666,gastronomia
50.0296295,21.0015441,-0.26775469526088397,-0.20001852047201174,-0.3788344467863466,-0.3284541804179847,-0.5501362790199428,0.5501362790199429,gastronomia
50.0296703,21.0020581,-0.2679108183220844,-0.20001852047201174,-0.3788344467863466,-0.3284541804179847,-0.5495415495591581,0.5495415495591586,gastronomia
50.0299946,21.0082771,-0.2697928773908269,-0.20001852047201174,-0.3788344467863466,-0.3284541804179847,-0.5423273528218429,0.5423273528218431,gastronomia
50.6742547,21.0429544,-0.3550512708160445,-0.4616997832860695,-0.6138952040567002,-0.3284541804179847,-0.09749108292940199,0.0974910829294023,gastronomia
50.0328633,21.0065914,-0.2692066688733666,-0.20001852047201174,-0.3788344467863466,-0.3284541804179847,-0.5445832735680546,0.5445832735680547,gastronomia
51.9767326,20.1457349,-0.47884790625960166,-0.34955067065147327,-0.2292503285233943,-0.3284541804179847,1.6977674586016462,-1.6977674586016458,gastronomia
50.4865135,20.1825319,-0.1017243283955769,-0.49908282083093486,-0.6352643638085506,-0.3284541804179847,-0.9700986969057096,0.9700986969057099,gastronomia
50.8722336,20.6307845,-0.352325602050071,3.7999664968285845,2.8692778354949033,-0.3284541804179847,-0.1165224477232596,0.1165224477232599,gastronomia
51.5252882,20.2265284,-0.4435473110919658,-0.4616997832860695,-0.5925260443048499,-0.3284541804179847,0.8893372490718863,-0.8893372490718865,gastronomia
51.5373962,20.136187,-0.444190442954828,-0.12525244538228095,-0.42157276629004725,-0.3284541804179847,0.9007106962741765,-0.9007106962741764,gastronomia
50.6394134,20.30347,-0.2359138554487002,-0.3121676331066079,-0.4002036065381969,-0.3284541804179847,-0.6606615204710394,0.6606615204710394,gastronomia
50.6389926,20.3030935,-0.2356382986588235,-0.3121676331066079,-0.4002036065381969,-0.3284541804179847,-0.6615328594272855,0.6615328594272857,gastronomia
50.8340021,20.7395887,-0.35306392482546306,-0.49908282083093486,-0.6352643638085506,-0.3284541804179847,-0.11140939058277592,0.11140939058277616,gastronomia
50.2045883,20.0132191,0.8576713770065623,-0.49908282083093486,-0.5497877248011492,0.1658412524439273,-1.518493417836549,1.5184934178365492,gastronomia
50.0628467,20.007692,3.9933540218792167,0.024279704797180595,0.4759319432876665,3.596052175536465,-1.7116483543874388,1.711648354387439,gastronomia
50.8670803,20.635051,-0.35147559637693365,3.3513700462902,2.783801196487502,-0.3284541804179847,-0.12237075068530173,0.12237075068530202,gastronomia
50.0679883,20.0130338,3.6883716712779138,0.06166274234204598,0.6682543810543194,3.4828360885574035,-1.705273164468428,1.705273164468428,gastronomia
50.0650115,20.010835,3.8164881645492694,0.024279704797180595,0.5827777420469181,3.532301909614073,-1.7080585813835558,1.708058581383556,gastronomia
51.1891059,20.4125103,-0.40332098514607784,0.06166274234204598,-0.27198864802709494,-0.3284541804179847,0.32858827902559795,-0.32858827902559773,gastronomia
51.6741839,20.9432527,-0.4661447411088772,-0.49908282083093486,-0.48568024554559824,-0.3284541804179847,1.3563516818788806,-1.3563516818788803,gastronomia
51.1150308,20.8645597,-0.40950599001252685,-0.013103332747684795,-0.1651428492678433,-0.3284541804179847,0.3990966830059703,-0.3990966830059702,gastronomia
51.1249616,20.8625241,-0.41073810938051475,-0.38693370819633865,-0.20788116877154397,-0.3284541804179847,0.41370405205853833,-0.4137040520585381,gastronomia
50.8631289,21.0211806,-0.38315874469534766,-0.49908282083093486,-0.5925260443048499,-0.3284541804179847,0.12714889929568615,-0.12714889929568599,gastronomia
51.1129979,20.8519837,-0.4086324744656804,-0.16263548292714636,-0.1651428492678433,-0.3284541804179847,0.38885690906486026,-0.3888569090648601,gastronomia
50.2181606,20.0318385,0.716880315387207,-0.4616997832860695,-0.5497877248011492,-0.3284541804179847,-1.4881826652290786,1.4881826652290788,gastronomia
51.1071224,20.8502588,-0.4077469945928219,-0.4616997832860695,-0.18651200901969364,-0.3284541804179847,0.37857370122286904,-0.37857370122286904,gastronomia
51.9620498,20.1455006,-0.4779464731181123,0.024279704797180595,-0.18651200901969364,-0.3284541804179847,1.671124963864443,-1.6711249638644425,gastronomia
51.9848196,20.9125789,-0.48453951792865574,-0.49908282083093486,-0.5497877248011492,-0.3284541804179847,1.8759079092864752,-1.875907909286475,gastronomia
51.1140553,20.8831583,-0.41026434639050724,-0.3121676331066079,-0.1651428492678433,-0.3284541804179847,0.40806447153648273,-0.4080644715364826,gastronomia
50.8706078,20.6217123,-0.35122501443557697,3.0896887834761424,2.847908675743053,-0.3284541804179847,-0.12408709073364925,0.12408709073364949,gastronomia
51.094021,20.8681978,-0.4068271590420014,-0.4616997832860695,-0.27198864802709494,-0.3284541804179847,0.367993279312001,-0.3679932793120008,gastronomia
50.8741538,20.6203791,-0.35194615617148634,2.603709295392892,2.8265395159912026,-0.3284541804179847,-0.11913818003707255,0.11913818003707279,gastronomia
50.8993782,20.5979821,-0.35606415501533484,-0.49908282083093486,-0.1651428492678433,-0.3284541804179847,-0.09030880509071336,0.09030880509071341,gastronomia
52.0045442,20.9094718,-0.48553557950035553,-0.4616997832860695,-0.5925260443048499,-0.3284541804179847,1.9089651586965508,-1.9089651586965513,gastronomia
50.085941,20.850445,-0.2132846106102869,-0.49908282083093486,-0.6138952040567002,-0.3284541804179847,-0.7280416991182437,0.728041699118244,gastronomia
51.1456094,20.2241448,-0.39151921576019405,-0.4616997832860695,-0.6138952040567002,-0.3284541804179847,0.2058646104569271,-0.205864610456927,gastronomia
51.1916785,20.8608193,-0.4191967218385949,-0.49908282083093486,-0.6352643638085506,-0.3284541804179847,0.519471144206956,-0.5194711442069555,gastronomia
50.0294691,20.2129416,0.6287527191018492,0.06166274234204598,-0.2506194882752446,-0.3284541804179847,-1.4656645089472602,1.4656645089472604,gastronomia
50.3543609,20.0284469,0.1488176663718096,-0.4243167457412041,-0.5925260443048499,-0.3284541804179847,-1.2495446378610295,1.2495446378610295,gastronomia
50.4448448,20.1402093,-0.0434645321741388,-0.4616997832860695,-0.6138952040567002,-0.3284541804179847,-1.057679439461539,1.0576794394615392,gastronomia
51.6445126,20.9571524,-0.46430175284545133,-0.23740155801687712,-0.4429419260418976,-0.3284541804179847,1.312275900093452,-1.3122759000934519,gastronomia
51.0972722,20.8624028,-0.40698644021006536,-0.4616997832860695,-0.2292503285233943,-0.3284541804179847,0.36981805407022195,-0.36981805407022195,gastronomia
51.5999578,20.9877049,-0.46166099226489565,-0.49908282083093486,-0.5497877248011492,-0.3284541804179847,1.2512237582031152,-1.251223758203115,gastronomia
51.9753307,20.5035337,-0.4804404103557848,-0.4243167457412041,-0.5284185650492988,-0.3284541804179847,1.7458479151164223,-1.7458479151164217,gastronomia
50.641328,20.2855941,-0.2345669483801176,-0.2747845955617425,-0.3788344467863466,-0.3284541804179847,-0.6649079663859128,0.6649079663859128,gastronomia
51.6231621,20.9740703,-0.4630854762212143,-0.4616997832860695,-0.5070494052974486,-0.3284541804179847,1.2838560067602574,-1.2838560067602574,gastronomia
51.8251906,20.8082549,-0.4741756653924078,-0.4616997832860695,-0.5925260443048499,-0.3284541804179847,1.5639387585549849,-1.5639387585549844,gastronomia
51.2312429,20.8531029,-0.42366071907960057,-0.20001852047201174,-0.4643110857937479,-0.3284541804179847,0.5794666671205604,-0.5794666671205604,gastronomia
51.4710232,20.0131781,-0.43659830996185267,-0.20001852047201174,-0.4643110857937479,-0.3284541804179847,0.7722887461927795,-0.7722887461927791,gastronomia
51.4719556,20.0128297,-0.4367026143562708,-0.20001852047201174,-0.4643110857937479,-0.3284541804179847,0.7739703091515109,-0.7739703091515104,gastronomia
50.9730628,20.7419947,-0.38074446701300885,-0.49908282083093486,-0.6138952040567002,-0.3284541804179847,0.10555399120082812,-0.10555399120082806,gastronomia
51.4719463,20.0123551,-0.43670054055104446,-0.20001852047201174,-0.4643110857937479,-0.3284541804179847,0.7739368544984538,-0.7739368544984536,gastronomia
51.2915342,20.9617644,-0.4341600887364221,-0.49908282083093486,-0.6138952040567002,-0.3284541804179847,0.7335967746525136,-0.7335967746525137,gastronomia
51.5048987,20.7156213,-0.44843942504173595,-0.49908282083093486,-0.6352643638085506,-0.3284541804179847,0.9783372689980648,-0.9783372689980644,gastronomia
50.2783954,20.4785034,-0.04737166676099801,-0.4616997832860695,-0.5925260443048499,-0.3284541804179847,-1.0523874623749576,1.0523874623749576,gastronomia
50.1910925,20.2956131,0.2512215569373573,-0.3121676331066079,-0.5070494052974486,-0.3284541804179847,-1.3161988484225058,1.316198848422506,gastronomia
51.2467865,20.1729613,-0.4078303497913247,-0.49908282083093486,-0.5925260443048499,-0.3284541804179847,0.3795375982313329,-0.37953759823133293,gastronomia
50.4608472,20.7189599,-0.24446968969627397,0.3607270427009691,0.02717958849880964,-0.3284541804179847,-0.6329280530035959,0.6329280530035961,gastronomia
50.4590251,20.7207141,-0.24433143344282937,0.24857793006637294,0.02717958849880964,-0.3284541804179847,-0.6333869232146427,0.6333869232146426,gastronomia
51.5384181,20.0177417,-0.44386135472167937,-0.08786940783741558,-0.015558731004891017,-0.3284541804179847,0.8948789578397156,-0.8948789578397157,gastronomia
51.6166045,20.5835631,-0.45605824416759905,-0.4616997832860695,-0.5711568845529995,-0.3284541804179847,1.1293051296695504,-1.1293051296695502,gastronomia
50.8027462,20.4623926,-0.31958290201979445,-0.05048637029255018,-0.35746528703449626,-0.3284541804179847,-0.315841066685229,0.3158410666852291,gastronomia
50.8514723,20.6235687,-0.3468394210778027,-0.2747845955617425,2.335048841698645,-0.3284541804179847,-0.15356765391203334,0.1535676539120334,gastronomia
50.8218941,20.6208234,-0.33929508023417926,-0.49908282083093486,-0.5070494052974486,-0.3284541804179847,-0.20192794798149866,0.20192794798149888,gastronomia
50.8600086,21.0775809,-0.38737787005590574,-0.4616997832860695,-0.5497877248011492,-0.3284541804179847,0.16608560685795473,-0.16608560685795462,gastronomia
50.4579861,20.7227149,-0.24452895163969213,0.17381185497664214,0.02717958849880964,-0.3284541804179847,-0.6327312531665245,0.6327312531665246,gastronomia
50.4609332,20.7223235,-0.24541583042149864,0.3233440051561037,0.02717958849880964,-0.3284541804179847,-0.6297781237612081,0.6297781237612082,gastronomia
50.4718495,20.7194711,-0.24833626066917985,0.024279704797180595,0.04854874825065997,-0.3284541804179847,-0.6199472817464519,0.6199472817464519,gastronomia
50.4702672,20.7119101,-0.24578588744786936,0.024279704797180595,0.04854874825065997,-0.3284541804179847,-0.6285414894016612,0.6285414894016612,gastronomia
50.4719638,20.7195724,-0.24840165196519795,0.024279704797180595,0.04854874825065997,-0.3284541804179847,-0.6197252705445685,0.6197252705445689,gastronomia
50.2477725,20.7251549,-0.17848967357358705,-0.49908282083093486,-0.6138952040567002,-0.3284541804179847,-0.8174077239047712,0.8174077239047713,gastronomia
50.3672829,20.8878351,-0.26562526745161746,-0.34955067065147327,-0.5497877248011492,-0.3284541804179847,-0.5581919819557364,0.5581919819557366,gastronomia
50.3678021,20.8880488,-0.2657954682649694,-0.34955067065147327,-0.5497877248011492,-0.3284541804179847,-0.5575519225958142,0.5575519225958145,gastronomia
50.4508805,21.06394,-0.32115374701957605,-0.49908282083093486,-0.6138952040567002,-0.3284541804179847,-0.3073618856665107,0.30736188566651085,gastronomia
50.3262098,20.2359363,0.08896311852277725,-0.4616997832860695,-0.5925260443048499,-0.3284541804179847,-1.2013612041376263,1.2013612041376265,gastronomia
50.3231655,20.0348877,0.22978319718242976,-0.49908282083093486,-0.6138952040567002,-0.3284541804179847,-1.3036123301216926,1.3036123301216929,gastronomia
50.3797743,20.0464379,0.08764678895173612,-0.49908282083093486,-0.6138952040567002,-0.3284541804179847,-1.2002067781783303,1.2002067781783303,gastronomia
50.9171535,20.6811248,-0.36591473214385534,-0.49908282083093486,-0.5284185650492988,-0.3284541804179847,-0.017165992293988384,0.017165992293988443,gastronomia
50.9812729,20.7614383,-0.3834215764222903,-0.49908282083093486,-0.5925260443048499,-0.3284541804179847,0.12952940176714986,-0.1295294017671495,gastronomia
50.3656546,20.3526357,-0.04095967830690149,-0.4616997832860695,-0.6138952040567002,-0.3284541804179847,-1.0610329425795997,1.0610329425796,gastronomia
50.1740459,20.986532,-0.26647998890642843,-0.2747845955617425,-0.48568024554559824,-0.3284541804179847,-0.5549710351268475,0.5549710351268478,gastronomia
51.6948608,20.7251675,-0.4642045625963014,-0.49908282083093486,-0.6352643638085506,-0.3284541804179847,1.3099856883218413,-1.309985688321841,gastronomia
50.3049973,20.8120936,-0.22794303493635912,-0.4616997832860695,-0.6138952040567002,-0.3284541804179847,-0.6853395796288756,0.6853395796288758,gastronomia
51.9635173,20.1491744,-0.47804668840613446,-0.08786940783741558,-0.18651200901969364,-0.3284541804179847,1.6740668347650443,-1.6740668347650438,gastronomia
51.9425186,20.2318041,-0.4770052968312842,-0.49908282083093486,-0.6352643638085506,-0.3284541804179847,1.6437373750825002,-1.6437373750825002,gastronomia
51.9502404,20.1847895,-0.4773253259048472,-0.49908282083093486,-0.4002036065381969,-0.3284541804179847,1.6530013966597004,-1.6530013966597004,gastronomia
51.3782728,20.2701201,-0.4273637784034442,-0.05048637029255018,-0.18651200901969364,-0.3284541804179847,0.6316408400958721,-0.6316408400958722,gastronomia
51.8332852,20.8761702,-0.4755288911658423,-0.49908282083093486,-0.6352643638085506,-0.3284541804179847,1.601634761360491,-1.6016347613604909,gastronomia
50.1630923,20.0557711,1.138878321088098,-0.49908282083093486,-0.6352643638085506,0.9795060938757597,-1.5643108280029079,1.564310828002908,gastronomia
51.570212,21.0184268,-0.46009247755574384,-0.4616997832860695,-0.5497877248011492,-0.3284541804179847,1.216081404930373,-1.216081404930373,gastronomia
51.8659557,20.8775714,-0.4775118159828092,-0.12525244538228095,-0.35746528703449626,-0.3284541804179847,1.6584228193429702,-1.6584228193429698,gastronomia
50.0399447,20.2146572,0.6335914204760906,-0.013103332747684795,-0.2292503285233943,-0.3284541804179847,-1.4669846082138074,1.4669846082138078,gastronomia
50.0513848,20.2545607,0.49013023752010476,-0.4616997832860695,-0.5711568845529995,-0.3284541804179847,-1.4228515884800805,1.4228515884800808,gastronomia
50.8019236,20.4145347,-0.3152133724780444,-0.49908282083093486,-0.6352643638085506,-0.3284541804179847,-0.3389287178926791,0.33892871789267914,gastronomia
50.8123368,20.5543216,-0.3306585518216641,-0.49908282083093486,-0.6138952040567002,-0.3284541804179847,-0.25391753459408734,0.25391753459408767,gastronomia
50.9016005,20.7152327,-0.3652601386915743,-0.49908282083093486,-0.5711568845529995,-0.3284541804179847,-0.022219933643678736,0.022219933643678795,gastronomia
50.9092948,20.8271211,-0.37524843917211237,-0.49908282083093486,-0.6138952040567002,-0.3284541804179847,0.058152788326511815,-0.058152788326511516,gastronomia
50.2544896,20.4696651,-0.023724162889756456,-0.49908282083093486,-0.5925260443048499,-0.3284541804179847,-1.0833123869223307,1.083312386922331,gastronomia
50.6251076,20.6017623,-0.27722415853661336,-0.49908282083093486,-0.6352643638085506,-0.3284541804179847,-0.5130108548261397,0.51301085482614,gastronomia
50.3638635,20.3526319,-0.03911243048072989,-0.4616997832860695,-0.6138952040567002,-0.3284541804179847,-1.0634867256303615,1.0634867256303617,gastronomia
50.4575145,20.7215615,-0.24405283538394854,0.17381185497664214,0.02717958849880964,-0.3284541804179847,-0.6343104913913697,0.6343104913913697,gastronomia
50.4413095,20.8406078,-0.2706024912344,-0.4616997832860695,-0.6138952040567002,-0.3284541804179847,-0.539198344574568,0.5391983445745681,gastronomia
50.443614,20.8333397,-0.26937204041730817,-0.4616997832860695,-0.6138952040567002,-0.3284541804179847,-0.5439476892895935,0.5439476892895935,gastronomia
51.1927668,20.4063694,-0.40374058205618885,0.06166274234204598,-0.27198864802709494,-0.3284541804179847,0.33322844546270247,-0.33322844546270236,gastronomia
51.1462864,20.2234795,-0.39163038290327146,-0.4616997832860695,-0.6138952040567002,-0.3284541804179847,0.20695459045114578,-0.20695459045114545,gastronomia
51.1354337,20.1086526,-0.3878242460889863,-0.49908282083093486,-0.6352643638085506,-0.3284541804179847,0.17029721688928623,-0.17029721688928617,gastronomia
51.8150587,21.032678,-0.47657814987346875,-0.49908282083093486,-0.6352643638085506,-0.3284541804179847,1.6314497123009977,-1.6314497123009972,gastronomia
51.996444,20.495594,-0.4816082964113485,-0.49908282083093486,-0.5711568845529995,-0.3284541804179847,1.7819568244643762,-1.781956824464376,gastronomia
51.2538545,21.0752319,-0.4344606261556134,-0.49908282083093486,-0.6352643638085506,-0.3284541804179847,0.7383030007978694,-0.7383030007978689,gastronomia
51.053962,21.07147,-0.41243524375940227,-0.12525244538228095,-0.18651200901969364,-0.3284541804179847,0.43414489033486325,-0.43414489033486314,gastronomia
50.1764122,20.9963841,-0.2696251173253234,-0.34955067065147327,-0.48568024554559824,-0.3284541804179847,-0.5429737749156655,0.5429737749156657,gastronomia
51.9763707,20.8364953,-0.4833090847121608,-0.3121676331066079,-0.5070494052974486,-0.3284541804179847,1.8358767806819138,-1.8358767806819132,gastronomia
50.0316162,20.0563487,1.9803923358273627,-0.49908282083093486,-0.48568024554559824,2.353479654859131,-1.64167918287803,1.6416791828780302,gastronomia
51.0516289,21.060207,-0.4115239070494949,-0.2747845955617425,-0.1651428492678433,-0.3284541804179847,0.4231217833657917,-0.4231217833657916,gastronomia
50.0347412,20.6057213,-0.07555542983336526,-0.49908282083093486,-0.6352643638085506,-0.3284541804179847,-1.0118619848991803,1.0118619848991803,gastronomia
50.4417677,21.0569711,-0.31839191309174375,-0.49908282083093486,-0.6138952040567002,-0.3284541804179847,-0.3222059613996651,0.32220596139966545,gastronomia
50.3075345,21.0762923,-0.3037194433815792,-0.4243167457412041,-0.5711568845529995,-0.3284541804179847,-0.3963677190678503,0.39636771906785045,gastronomia
50.762089,20.436957,-0.3039595490715318,-0.4616997832860695,-0.6138952040567002,-0.3284541804179847,-0.3952140160759083,0.39521401607590834,gastronomia
51.2298973,20.1768964,-0.4052101810061023,-0.49908282083093486,-0.6138952040567002,-0.3284541804179847,0.3496408390921796,-0.3496408390921794,gastronomia
51.6975757,20.9288988,-0.4675170447451861,-0.4243167457412041,-0.5711568845529995,-0.3284541804179847,1.3899900394051008,-1.3899900394051004,gastronomia
51.735591,20.2305579,-0.46246317516945473,-0.4616997832860695,-0.5711568845529995,-0.3284541804179847,1.269514835451129,-1.2695148354511285,gastronomia
51.5329592,20.0076177,-0.4432791938189228,0.24857793006637294,0.005810428746959311,-0.3284541804179847,0.8846239667939807,-0.8846239667939805,gastronomia
51.9084402,20.856233,-0.4797366605404401,-0.49908282083093486,-0.6352643638085506,-0.3284541804179847,1.7244385304150582,-1.7244385304150582,gastronomia
51.3805953,20.2964921,-0.4279894526155277,-0.2747845955617425,-0.1651428492678433,-0.3284541804179847,0.6406829409586301,-0.6406829409586297,gastronomia
50.7290156,20.7627479,-0.3313010088141974,-0.49908282083093486,-0.6352643638085506,-0.3284541804179847,-0.250166767578467,0.25016676757846706,gastronomia
52.0467564,20.8637748,-0.4872472280120715,-0.4243167457412041,-0.5711568845529995,-0.3284541804179847,1.9671813171933556,-1.9671813171933554,gastronomia
50.0688747,21.0164556,-0.27171635914173553,-0.49908282083093486,-0.5711568845529995,-0.3284541804179847,-0.534867942220967,0.5348679422209669,gastronomia
50.576797,20.7497982,-0.28837157941488617,-0.49908282083093486,-0.6352643638085506,-0.3284541804179847,-0.4663811056863309,0.46638110568633123,gastronomia
50.5307717,20.731118,-0.270477696080013,-0.49908282083093486,-0.6138952040567002,-0.3284541804179847,-0.539681668466141,0.5396816684661414,gastronomia
50.785581,20.6044473,-0.3281419904462706,-0.4616997832860695,-0.5497877248011492,-0.3284541804179847,-0.26843656544175976,0.2684365654417599,gastronomia
50.9071784,20.8815968,-0.3790425529887732,-0.4243167457412041,-0.5497877248011492,-0.3284541804179847,0.09061931342893702,-0.09061931342893689,gastronomia
50.0213915,21.0756115,-0.28917674819203315,-0.49908282083093486,-0.5925260443048499,-0.3284541804179847,-0.46288201568157117,0.46288201568157145,gastronomia
50.101207,21.0605897,-0.28468946320339894,-0.49908282083093486,-0.6352643638085506,-0.3284541804179847,-0.4821523842569071,0.4821523842569073,gastronomia
51.8800572,20.8548228,-0.47807256873322274,-0.49908282083093486,-0.35746528703449626,-0.3284541804179847,1.6748273750374498,-1.6748273750374496,gastronomia
52.0400437,21.0887211,-0.48919075886812713,-0.4616997832860695,-0.5925260443048499,-0.3284541804179847,2.0355393247666624,-2.035539324766663,gastronomia
51.3751457,20.2831497,-0.42713834876842915,0.17381185497664214,-0.1651428492678433,-0.3284541804179847,0.6283993706119283,-0.6283993706119281,gastronomia
51.3757077,20.2884813,-0.4272777713028301,0.13642881743177676,-0.1651428492678433,-0.3284541804179847,0.6304031176693934,-0.6304031176693933,gastronomia
50.7973685,20.3713073,-0.310161196591623,-0.4616997832860695,-0.6138952040567002,-0.3284541804179847,-0.3647444501628427,0.36474445016284296,gastronomia
50.7965474,20.3674467,-0.30957302775930406,-0.4616997832860695,-0.6138952040567002,-0.3284541804179847,-0.3676907749251118,0.36769077492511204,gastronomia
50.0520995,20.3241735,0.2985409879473633,-0.49908282083093486,-0.6352643638085506,-0.3284541804179847,-1.3418456257517233,1.3418456257517235,gastronomia
52.0276565,21.034553,-0.4880072755974351,-0.38693370819633865,-0.5284185650492988,-0.3284541804179847,1.9936217061142845,-1.9936217061142847,gastronomia
52.0237302,21.045408,-0.48793274935297093,-0.34955067065147327,-0.5284185650492988,-0.3284541804179847,1.9910127058121718,-1.9910127058121718,gastronomia
52.0146125,21.0468585,-0.4875015547223299,-0.49908282083093486,-0.5284185650492988,-0.3284541804179847,1.9759876729087873,-1.9759876729087866,gastronomia
52.0480812,20.7820021,-0.48658569680166314,-0.49908282083093486,-0.5711568845529995,-0.3284541804179847,1.9444661933157976,-1.9444661933157974,gastronomia
50.0339109,20.2198048,0.6059913210170885,0.09904577988691136,-0.2292503285233943,-0.3284541804179847,-1.4593121723682911,1.4593121723682916,gastronomia
50.1802619,20.9760696,-0.2637545801487671,-0.34955067065147327,-0.48568024554559824,-0.3284541804179847,-0.5651837422393301,0.5651837422393304,gastronomia
51.3884754,20.2670996,-0.4285899301119225,-0.4616997832860695,-0.18651200901969364,-0.3284541804179847,0.64942433817263,-0.6494243381726297,gastronomia
51.053506,21.0657001,-0.41205880600230466,-0.23740155801687712,-0.18651200901969364,-0.3284541804179847,0.42957845666743333,-0.42957845666743294,gastronomia
50.9445947,20.4292496,-0.35602955869485964,-0.4243167457412041,-0.5925260443048499,-0.3284541804179847,-0.09055512344086487,0.09055512344086498,gastronomia
52.0459131,20.7558815,-0.4862522705990144,-0.4243167457412041,-0.5711568845529995,-0.3284541804179847,1.93312075476436,-1.9331207547643598,gastronomia
52.0234082,21.0395214,-0.4878531088980098,-0.38693370819633865,-0.5284185650492988,-0.3284541804179847,1.988228630474618,-1.9882286304746177,gastronomia
51.9423081,20.1502385,-0.47672608811821726,-0.49908282083093486,-0.29335780777894527,-0.3284541804179847,1.6356954917175024,-1.6356954917175024,gastronomia
51.9542105,20.1397398,-0.47744497365051025,-0.08786940783741558,-0.20788116877154397,-0.3284541804179847,1.656477701198129,-1.6564777011981286,gastronomia
51.4646724,20.8977418,-0.44880334722881526,-0.4616997832860695,-0.6138952040567002,-0.3284541804179847,0.9851938164640156,-0.9851938164640153,gastronomia
51.3374721,20.6283054,-0.42920241576780566,-0.4243167457412041,-0.5711568845529995,-0.3284541804179847,0.6584052533547955,-0.6584052533547948,gastronomia
50.7545298,20.6156025,-0.3206621112933431,-0.4243167457412041,-0.5711568845529995,-0.3284541804179847,-0.31002604925320854,0.3100260492532088,gastronomia
50.3981699,21.0427503,-0.30870271058519905,-0.4616997832860695,-0.6138952040567002,-0.3284541804179847,-0.37202836373765386,0.372028363737654,gastronomia
51.7626289,20.3203477,-0.4650864719409924,-0.49908282083093486,-0.6352643638085506,-0.3284541804179847,1.3308914408257688,-1.3308914408257684,gastronomia
51.5607935,20.9973923,-0.4589341719253886,-0.49908282083093486,-0.5711568845529995,-0.3284541804179847,1.1906447685248835,-1.190644768524883,gastronomia
51.0278852,21.0449046,-0.4076956093920926,-0.49908282083093486,-0.5497877248011492,-0.3284541804179847,0.37797992106757106,-0.3779799210675706,gastronomia
50.8025176,20.4635679,-0.31961580696886727,-0.05048637029255018,-0.35746528703449626,-0.3284541804179847,-0.3156644379599068,0.315664437959907,gastronomia
51.0673229,20.8374021,-0.40147376513859717,-0.49908282083093486,-0.5711568845529995,-0.3284541804179847,0.30839819720850425,-0.3083981972085041,gastronomia
51.3626358,20.6345887,-0.4322426506056226,-0.49908282083093486,-0.6138952040567002,-0.3284541804179847,0.7039767596119069,-0.7039767596119068,gastronomia
50.5914854,21.0043245,-0.33521604747561057,-0.4243167457412041,-0.5925260443048499,-0.3284541804179847,-0.22691120673434048,0.2269112067343409,gastronomia
50.0645715,20.0013361,4.412425016041054,-0.013103332747684795,0.34771698477656454,3.7291318928893737,-1.7191420639399513,1.7191420639399515,gastronomia
51.6471311,20.9043634,-0.46354446666439736,-0.49908282083093486,-0.6352643638085506,-0.3284541804179847,1.2945197546125045,-1.2945197546125042,gastronomia
51.0451171,21.0839346,-0.41207117814086386,-0.08786940783741558,-0.18651200901969364,-0.3284541804179847,0.42972824218290434,-0.42972824218290395,gastronomia
50.8828808,20.5850961,-0.3512767369570776,-0.2747845955617425,0.24087118601731292,-0.3284541804179847,-0.12373310913338345,0.12373310913338376,gastronomia
52.0187653,20.7302853,-0.48460779690299527,-0.49908282083093486,-0.6138952040567002,-0.3284541804179847,1.878155131382229,-1.878155131382229,gastronomia
51.3148629,20.9911404,-0.43749027499400694,-0.4616997832860695,-0.6138952040567002,-0.3284541804179847,0.7867400355421591,-0.7867400355421592,gastronomia
50.8526634,20.8196297,-0.36407365497827876,-0.49908282083093486,-0.6138952040567002,-0.3284541804179847,-0.031307843782101254,0.03130784378210137,gastronomia
50.1887393,20.298566,0.24957733856479825,-0.3121676331066079,-0.5070494052974486,-0.3284541804179847,-1.31525611185903,1.31525611185903,gastronomia
51.4674179,20.0106306,-0.4361852544615213,-0.20001852047201174,-0.4643110857937479,-0.3284541804179847,0.7656511066470522,-0.7656511066470522,gastronomia
50.0608754,20.006972,4.023409165195318,0.024279704797180595,0.3904553042802652,3.606400150937826,-1.7122310481566834,1.7122310481566834,gastronomia
50.0608906,20.0067549,4.036675093711562,0.024279704797180595,0.3904553042802652,3.6109248973998067,-1.7124858363126794,1.7124858363126796,gastronomia
50.0608862,20.006644,4.043369724801377,0.024279704797180595,0.3904553042802652,3.6131984804792046,-1.7126138616164555,1.7126138616164555,gastronomia
50.0607399,20.0065751,4.046193288246074,-0.013103332747684795,0.3690861445284149,3.6141554330561374,-1.7126677475489602,1.7126677475489605,gastronomia
50.0365086,20.1655557,0.8781798250450685,-0.49908282083093486,-0.5925260443048499,0.23567352078899176,-1.522425667970379,1.5224256679703791,gastronomia
51.3350869,20.6280193,-0.4289162998978777,-0.4243167457412041,-0.5925260443048499,-0.3284541804179847,0.6542017399928485,-0.6542017399928488,gastronomia
50.8005701,20.4581148,-0.3185314649987702,-0.05048637029255018,-0.35746528703449626,-0.3284541804179847,-0.321462989455303,0.3214629894553033,gastronomia
51.1914474,20.4075608,-0.403562349964452,0.06166274234204598,-0.27198864802709494,-0.3284541804179847,0.33125497507024754,-0.33125497507024754,gastronomia
51.5231775,20.0171504,-0.44227820053282074,-0.12525244538228095,0.005810428746959311,-0.3284541804179847,0.8671722863561914,-0.8671722863561907,gastronomia
51.5301677,20.0165016,-0.44300651213432024,0.3981100802458345,0.005810428746959311,-0.3284541804179847,0.8798473532196355,-0.8798473532196353,gastronomia
51.5299829,20.0184418,-0.4429912937198903,0.3981100802458345,0.005810428746959311,-0.3284541804179847,0.8795812700614835,-0.8795812700614833,gastronomia
50.033002,20.216145,0.6199075768407213,0.09904577988691136,-0.2292503285233943,-0.3284541804179847,-1.4632242184402837,1.4632242184402837,gastronomia
51.6172877,20.5838314,-0.45611938348074915,-0.4616997832860695,-0.5711568845529995,-0.3284541804179847,1.130582970024407,-1.130582970024407,gastronomia
52.0019271,20.9139156,-0.48544561412599163,-0.4616997832860695,-0.5925260443048499,-0.3284541804179847,1.9059549938699196,-1.905954993869919,gastronomia
50.7691393,20.7641197,-0.34096726769849395,-0.4616997832860695,-0.6138952040567002,-0.3284541804179847,-0.1914554731032546,0.19145547310325464,gastronomia
50.8741147,20.6084242,-0.35099757435623546,-0.16263548292714636,2.8265395159912026,-0.3284541804179847,-0.12564188718077135,0.12564188718077166,gastronomia
51.5408683,20.1366939,-0.4445463941917204,-0.12525244538228095,-0.42157276629004725,-0.3284541804179847,0.9070469394065166,-0.9070469394065163,gastronomia
50.6404026,20.3049513,-0.23664057516600098,-0.3121676331066079,-0.4002036065381969,-0.3284541804179847,-0.6583571546197332,0.6583571546197332,gastronomia
50.6385064,20.3023556,-0.23527825151370035,-0.3121676331066079,-0.4002036065381969,-0.3284541804179847,-0.6626693613513251,0.6626693613513256,gastronomia
50.6434222,20.2866303,-0.23583036203471186,-0.2747845955617425,-0.3788344467863466,-0.3284541804179847,-0.6609256759053863,0.6609256759053864,gastronomia
51.4690766,20.6388921,-0.44354208595695294,-0.49908282083093486,-0.6352643638085506,-0.3284541804179847,0.8892452374297961,-0.889245237429796,gastronomia
50.1935545,20.2886359,0.25975496803499853,-0.3121676331066079,-0.5070494052974486,-0.3284541804179847,-1.321033436303029,1.3210334363030292,gastronomia
51.5318694,20.0065708,-0.4431644483190756,0.24857793006637294,0.005810428746959311,-0.3284541804179847,0.8826118768718317,-0.8826118768718312,gastronomia
51.5352647,20.0085373,-0.44351913763213796,0.2859609676112383,-0.015558731004891017,-0.3284541804179847,0.8888412050450547,-0.8888412050450547,gastronomia
50.8705122,20.630615,-0.3519138521920055,3.874732571918315,2.8265395159912026,-0.3284541804179847,-0.11936049426072402,0.1193604942607242,gastronomia
51.8658788,20.86573,-0.47736365854271423,-0.08786940783741558,-0.35746528703449626,-0.3284541804179847,1.6541143707645167,-1.6541143707645163,gastronomia
50.030432,21.0010967,-0.2675954072239735,-0.20001852047201174,-0.3788344467863466,-0.3284541804179847,-0.5507424828341984,0.5507424828341985,gastronomia
50.177023,20.9755817,-0.26334502142608607,-0.2747845955617425,-0.48568024554559824,-0.3284541804179847,-0.566704000250827,0.5667040002508271,gastronomia
50.8703388,20.6330128,-0.35206583444457995,3.7999664968285845,2.8265395159912026,-0.3284541804179847,-0.11831404823911251,0.11831404823911251,gastronomia
50.8707355,20.6248057,-0.35150145619923695,3.538285234014527,2.8265395159912026,-0.3284541804179847,-0.12219342600165067,0.12219342600165085,gastronomia
50.9782901,20.5498645,-0.37020111946022244,-0.4616997832860695,-0.5925260443048499,-0.3284541804179847,0.01665116696699634,-0.01665116696699604,gastronomia
50.8731444,20.6246845,-0.35205185212481144,3.4261361213799306,2.8692778354949033,-0.3284541804179847,-0.118410375333016,0.11841037533301618,gastronomia
50.825348,20.4991088,-0.32945280953759876,-0.49908282083093486,-0.6138952040567002,-0.3284541804179847,-0.2609081027347299,0.26090810273473014,gastronomia
50.9447332,20.4304306,-0.3561262656921333,-0.4243167457412041,-0.5925260443048499,-0.3284541804179847,-0.0898664124142009,0.0898664124142012,gastronomia
50.8713334,20.6263695,-0.35176524689151256,3.6130513091042578,2.847908675743053,-0.3284541804179847,-0.12038243132923168,0.12038243132923197,gastronomia
50.8696982,20.6333244,-0.351942695419455,3.7625834592837193,2.8265395159912026,-0.3284541804179847,-0.11916199955454765,0.11916199955454772,gastronomia
50.8699961,20.6288074,-0.351649377007558,3.83734953437345,2.847908675743053,-0.3284541804179847,-0.12117839041837626,0.12117839041837633,gastronomia
50.4578236,20.7222253,-0.2443397294362056,0.17381185497664214,0.02717958849880964,-0.3284541804179847,-0.6333593991162917,0.633359399116292,gastronomia
51.9767737,20.5274812,-0.4806890145056059,-0.4616997832860695,-0.5497877248011492,-0.3284541804179847,1.7534732013139815,-1.7534732013139813,gastronomia
50.3383007,20.877646,-0.2565570752213282,-0.49908282083093486,-0.6138952040567002,-0.3284541804179847,-0.5913667195239485,0.5913667195239486,gastronomia
51.1142676,20.8613298,-0.40924946948352686,-0.08786940783741558,-0.1651428492678433,-0.3284541804179847,0.3960797074410684,-0.3960797074410684,gastronomia
51.9840031,20.2171864,-0.47949873221311695,-0.4616997832860695,-0.6138952040567002,-0.3284541804179847,1.717258646000752,-1.717258646000752,gastronomia
50.3655121,20.8903631,-0.26594704269167047,-0.34955067065147327,-0.5497877248011492,-0.3284541804179847,-0.5569813547065781,0.5569813547065783,gastronomia
50.3672587,20.8868498,-0.2653473725393004,-0.34955067065147327,-0.5497877248011492,-0.3284541804179847,-0.559235622302992,0.5592356223029921,gastronomia
51.5342823,20.0081147,-0.443416930064587,0.24857793006637294,0.005810428746959311,-0.3284541804179847,0.8870431928168693,-0.8870431928168692,gastronomia
51.960867,20.146679,-0.4778763644914583,0.024279704797180595,-0.18651200901969364,-0.3284541804179847,1.6690698486005362,-1.6690698486005364,gastronomia
50.8702664,20.625622,-0.3514573755725317,3.6130513091042578,2.8265395159912026,-0.3284541804179847,-0.12249567098513055,0.12249567098513073,gastronomia
50.4678685,20.7194206,-0.2469761823099296,0.3233440051561037,0.04854874825065997,-0.3284541804179847,-0.6245460678186049,0.624546067818605,gastronomia
51.9571363,20.1422896,-0.4776336279822501,-0.013103332747684795,-0.20788116877154397,-0.3284541804179847,1.6619731938068274,-1.6619731938068274,gastronomia
50.8712596,20.6271997,-0.3518142964478882,3.6130513091042578,2.847908675743053,-0.3284541804179847,-0.12004526198851029,0.12004526198851058,gastronomia
51.532805,20.008752,-0.443265246606129,0.24857793006637294,0.005810428746959311,-0.3284541804179847,0.884379238011525,-0.8843792380115248,gastronomia
50.8830277,20.5775586,-0.35074556057434564,-0.3121676331066079,-0.2292503285233943,-0.3284541804179847,-0.12736130784086924,0.1273613078408693,gastronomia
50.0846073,20.0298787,2.779941468972737,-0.08786940783741558,0.6896235408061698,3.024408924724919,-1.679459163018209,1.6794591630182092,gastronomia
51.379508,20.2849196,-0.42770400767055894,0.17381185497664214,-0.1651428492678433,-0.3284541804179847,0.6365494327002273,-0.6365494327002277,gastronomia
51.3770845,20.288158,-0.4274449406287747,0.13642881743177676,-0.1651428492678433,-0.3284541804179847,0.6328099963640684,-0.632809996364068,gastronomia
51.6724716,20.2643929,-0.4575161269389359,-0.49908282083093486,-0.6352643638085506,-0.3284541804179847,1.1600821519361975,-1.1600821519361972,gastronomia
51.7628466,20.2513451,-0.4646858903868979,-0.2747845955617425,-0.4643110857937479,-0.3284541804179847,1.321360894764944,-1.321360894764944,gastronomia
50.0701089,20.0372561,2.7076077967379724,-0.013103332747684795,0.6468852213024692,2.977071138272214,-1.676793575582411,1.6767935755824115,gastronomia
50.0679753,20.0148971,3.5937690074009163,-0.05048637029255018,0.6468852213024692,3.4443684719149945,-1.7031070556726664,1.7031070556726664,gastronomia
50.4550368,20.7211071,-0.24308859485921638,0.09904577988691136,0.02717958849880964,-0.3284541804179847,-0.6374957562891754,0.6374957562891759,gastronomia
50.4587269,20.7223423,-0.24467671999888227,0.17381185497664214,0.02717958849880964,-0.3284541804179847,-0.6322402481796778,0.632240248179678,gastronomia
50.4909636,20.7179955,-0.2543961645972191,-0.49908282083093486,-0.3147269675307956,-0.3284541804179847,-0.5990125034460201,0.5990125034460204,gastronomia
50.9925478,20.8000771,-0.38774097628642434,-0.49908282083093486,-0.6138952040567002,-0.3284541804179847,0.16951018893138134,-0.16951018893138134,gastronomia
50.0462736,20.1825994,0.7942464858726598,-0.49908282083093486,-0.27198864802709494,-0.06315893041289272,-1.5055984335975117,1.505598433597512,gastronomia
52.0312771,21.049665,-0.48834615075669197,-0.4243167457412041,-0.5070494052974486,-0.3284541804179847,2.005530397824769,-2.005530397824769,gastronomia
51.0357507,21.0872069,-0.4111302159232165,-0.3121676331066079,-0.18651200901969364,-0.3284541804179847,0.4183934325266626,-0.4183934325266624,gastronomia
50.8690452,20.6212952,-0.3508260095379251,3.1270718210210076,2.847908675743053,-0.3284541804179847,-0.12681281027730984,0.12681281027730992,gastronomia
50.8710029,20.6249405,-0.3515744730503883,3.575668271559392,2.8265395159912026,-0.3284541804179847,-0.12169253622548644,0.12169253622548669,gastronomia
50.8719631,20.6332278,-0.3524580179492557,3.7999664968285845,2.847908675743053,-0.3284541804179847,-0.11560771510490588,0.11560771510490617,gastronomia
50.8693069,20.631784,-0.35172828299350434,3.874732571918315,2.805170356239352,-0.3284541804179847,-0.12063643384173532,0.12063643384173557,gastronomia
50.8675339,20.6332196,-0.3514326429346306,3.6878173841939885,2.805170356239352,-0.3284541804179847,-0.12266520612648185,0.12266520612648198,gastronomia
50.8733694,20.6307216,-0.3525827284351783,3.6130513091042578,2.8692778354949033,-0.3284541804179847,-0.11474530290845204,0.11474530290845228,gastronomia
50.8839931,20.6454696,-0.3561517012405038,0.024279704797180595,2.5914787587208488,-0.3284541804179847,-0.08968517784302854,0.08968517784302867,gastronomia
50.8765632,20.6008963,-0.3509884589958084,-0.3121676331066079,2.463263800209747,-0.3284541804179847,-0.12570414034738858,0.12570414034738878,gastronomia
50.8519084,20.6314631,-0.3476103228653641,-0.38693370819633865,2.3136796819467946,-0.3284541804179847,-0.14846085766374256,0.14846085766374256,gastronomia
50.8886263,20.6125442,-0.35468268421250077,-0.38693370819633865,2.463263800209747,-0.3284541804179847,-0.10008975835408931,0.1000897583540895,gastronomia
50.8693056,20.6224458,-0.35097906962822045,3.276603971200469,2.8265395159912026,-0.3284541804179847,-0.12576826000396116,0.12576826000396144,gastronomia
50.7888963,20.4702362,-0.3159729003933173,-0.49908282083093486,-0.35746528703449626,-0.3284541804179847,-0.3349672113317446,0.3349672113317447,gastronomia
51.1152239,20.3601136,-0.38922027791871816,0.13642881743177676,-0.27198864802709494,-0.3284541804179847,0.1835861120440732,-0.18358611204407302,gastronomia
52.0489121,20.7456792,-0.48632269322075194,-0.4243167457412041,-0.5711568845529995,-0.3284541804179847,1.9355112849223766,-1.9355112849223763,gastronomia
50.8594556,21.0531581,-0.38527407382484413,-0.4616997832860695,-0.5284185650492988,-0.3284541804179847,0.146475881540281,-0.14647588154028077,gastronomia
50.0809771,20.0032704,3.947205438381974,-0.12525244538228095,0.7323618603098705,3.579896746664469,-1.7107386433204852,1.7107386433204854,gastronomia
50.9012922,20.87964,-0.3778883203108107,-0.4243167457412041,-0.5497877248011492,-0.3284541804179847,0.08062309410824324,-0.08062309410824299,gastronomia
50.8677416,20.5985916,-0.3487069517184127,-0.34955067065147327,2.4418946404578965,-0.3284541804179847,-0.1411415129808578,0.14114151298085797,gastronomia
50.5968642,21.0998421,-0.3499985990158131,-0.49908282083093486,-0.6352643638085506,-0.3284541804179847,-0.13243695348781195,0.13243695348781226,gastronomia
50.0803116,20.0339677,2.7205778270986922,0.24857793006637294,0.8178384993172718,2.9857111110663577,-1.6772800918446094,1.6772800918446094,gastronomia
51.522957,20.2238134,-0.44328674923407413,-0.4616997832860695,-0.5925260443048499,-0.3284541804179847,0.884756558686218,-0.8847565586862184,gastronomia
50.8637134,20.202407,-0.3220530526013117,-0.49908282083093486,-0.6352643638085506,-0.3284541804179847,-0.3024638539195432,0.3024638539195432,gastronomia
51.3125283,20.9791902,-0.43686434145775643,-0.4616997832860695,-0.5925260443048499,-0.3284541804179847,0.7765819727405355,-0.7765819727405355,gastronomia
51.1908942,20.4103276,-0.40354736282489934,0.06166274234204598,-0.27198864802709494,-0.3284541804179847,0.33108919665961806,-0.33108919665961783,gastronomia
51.1924187,20.4073895,-0.4037120470074019,0.06166274234204598,-0.27198864802709494,-0.3284541804179847,0.3329122462995762,-0.33291224629957605,gastronomia
50.9484561,20.930938,-0.3893182811373891,-0.49908282083093486,-0.5284185650492988,-0.3284541804179847,0.18452574225131263,-0.18452574225131227,gastronomia
50.8616168,20.792736,-0.36349832517408004,-0.49908282083093486,-0.6138952040567002,-0.3284541804179847,-0.03568125577758586,0.03568125577758598,gastronomia
50.5908938,21.0017435,-0.3347147304143381,-0.4243167457412041,-0.5925260443048499,-0.3284541804179847,-0.22992791623038245,0.2299279162303827,gastronomia
50.9026014,20.655134,-0.3609626908611503,-0.4616997832860695,-0.10103537001229233,-0.3284541804179847,-0.05470130535452083,0.054701305354521126,gastronomia
51.4500942,20.4649707,-0.43848388300960156,-0.4243167457412041,-0.5925260443048499,-0.3284541804179847,0.8030304059349496,-0.8030304059349495,gastronomia
50.8716742,20.6285475,-0.35201792195716197,3.6878173841939885,2.8265395159912026,-0.3284541804179847,-0.11864408143722718,0.11864408143722736,gastronomia
50.885959,20.5798857,-0.3516166725116056,-0.2747845955617425,-0.2506194882752446,-0.3284541804179847,-0.12140291499234067,0.12140291499234072,gastronomia
50.8739081,20.6248621,-0.35224299516849994,3.239220933655604,2.847908675743053,-0.3284541804179847,-0.117092595602391,0.11709259560239124,gastronomia
50.8864737,20.6302817,-0.355539163025704,-0.34955067065147327,2.6769553977282503,-0.3284541804179847,-0.09403902257632496,0.09403902257632538,gastronomia
50.4575388,20.7204949,-0.24376752343764777,0.17381185497664214,0.02717958849880964,-0.3284541804179847,-0.6352548036810316,0.6352548036810315,gastronomia
50.8805017,20.6478277,-0.3555542215943912,0.06166274234204598,2.5914787587208488,-0.3284541804179847,-0.09393225376132719,0.0939322537613275,gastronomia
50.8803367,20.6476406,-0.3555025503570223,0.09904577988691136,2.5914787587208488,-0.3284541804179847,-0.09429855936335037,0.09429855936335048,gastronomia
51.0371196,21.0877834,-0.4113285885486173,-0.2747845955617425,-0.18651200901969364,-0.3284541804179847,0.42077343308103443,-0.4207734330810343,gastronomia
50.0750444,20.035274,2.7370979835569047,0.24857793006637294,0.7964693395654214,2.9966186388156353,-1.677894293967329,1.677894293967329,gastronomia
50.0713278,20.0361833,2.7349458228940358,0.09904577988691136,0.6896235408061698,2.9952037911871265,-1.6778146239965774,1.6778146239965777,gastronomia
50.0730417,20.03733,2.6892113846445875,0.24857793006637294,0.7323618603098705,2.964699392987086,-1.6760969234729197,1.6760969234729202,gastronomia
50.0805865,20.0118942,3.53315471721492,0.06166274234204598,0.8392076590691221,3.4187948845251874,-1.7016670087599817,1.701667008759982,gastronomia
50.0760809,20.0380047,2.645780023590882,0.3233440051561037,0.7751001798135712,2.9349344272327045,-1.6744208603384279,1.6744208603384279,gastronomia
50.0930886,20.0263489,2.7095671133023718,-0.16263548292714636,0.6041469017987685,2.978380682170064,-1.6768673159074732,1.6768673159074732,gastronomia
50.0763051,20.0380379,2.6428470905081864,0.3233440051561037,0.7964693395654214,2.9328956191476094,-1.6743060551981186,1.6743060551981188,gastronomia
51.226452,20.8532886,-0.4231014551688576,-0.20001852047201174,-0.4643110857937479,-0.3284541804179847,0.5717808103162515,-0.5717808103162517,gastronomia
51.6454068,20.9543128,-0.46431376936417257,-0.23740155801687712,-0.4643110857937479,-0.3284541804179847,1.3125592941367346,-1.3125592941367343,gastronomia
50.8677969,20.635171,-0.3516513979702786,3.575668271559392,2.783801196487502,-0.3284541804179847,-0.1211645140329358,0.12116451403293597,gastronomia
50.0361567,20.2187779,0.6125931226826459,0.09904577988691136,-0.2292503285233943,-0.3284541804179847,-1.4611792559397871,1.4611792559397874,gastronomia
50.8701095,20.6241879,-0.3513062019715832,3.4635191589247962,2.8265395159912026,-0.3284541804179847,-0.1235313879371361,0.1235313879371361,gastronomia
50.8732272,20.6293984,-0.3524448574957254,3.6130513091042578,2.8692778354949033,-0.3284541804179847,-0.11569867232863777,0.11569867232863795,gastronomia
50.0382644,20.0243898,2.809157631794517,-0.4243167457412041,-0.29335780777894527,3.0429588930732234,-1.6805037104351672,1.6805037104351672,gastronomia
51.9788513,20.8300949,-0.4833795587813389,-0.3121676331066079,-0.5070494052974486,-0.3284541804179847,1.8381460504667315,-1.8381460504667315,gastronomia
50.8743624,20.6288635,-0.352664459593466,3.538285234014527,2.847908675743053,-0.3284541804179847,-0.11417962741865857,0.11417962741865852,gastronomia
50.8703249,20.6244961,-0.35138105841992867,3.5009021964696614,2.8265395159912026,-0.3284541804179847,-0.12301869301735845,0.12301869301735857,gastronomia
50.0625029,20.0104,3.835669991927319,0.024279704797180595,0.49730110303951686,3.5394618763349732,-1.7084617586075486,1.7084617586075488,gastronomia
50.1255667,20.5140871,0.00027634098637994005,-0.49908282083093486,-0.6138952040567002,-0.3284541804179847,-1.1121922662481027,1.112192266248103,gastronomia
51.4719182,20.0124307,-0.4366975391717737,-0.20001852047201174,-0.4643110857937479,-0.3284541804179847,0.7738884377481049,-0.773888437748105,gastronomia
51.4445564,21.0356181,-0.45056935863186426,-0.49908282083093486,-0.6352643638085506,-0.3284541804179847,1.0189528945914004,-1.0189528945914004,gastronomia
50.8720273,20.6324283,-0.3524090248415543,3.7999664968285845,2.847908675743053,-0.3284541804179847,-0.11594627656979734,0.1159462765697974,gastronomia
50.8668045,20.640753,-0.35187451867261615,1.8560485444955848,2.741062876983801,-0.3284541804179847,-0.11963110606931077,0.119631106069311,gastronomia
50.2275459,20.0116466,0.6790225717784198,-0.4616997832860695,-0.5497877248011492,-0.3284541804179847,-1.4788906306901313,1.4788906306901313,gastronomia
50.2260744,20.0146382,0.6856876911924799,-0.4616997832860695,-0.5497877248011492,-0.3284541804179847,-1.480566361567532,1.4805663615675322,gastronomia
51.7639423,20.2501733,-0.464762866161725,-0.2747845955617425,-0.4643110857937479,-0.3284541804179847,1.3231877806031103,-1.3231877806031105,gastronomia
50.3609616,20.8826279,-0.26281463783727876,-0.34955067065147327,-0.5284185650492988,-0.3284541804179847,-0.5686672046230213,0.5686672046230213,gastronomia
50.079453,20.0375997,2.62424641886718,0.2859609676112383,0.6682543810543194,2.9198790371944305,-1.6735730923810657,1.6735730923810659,gastronomia
52.0460264,20.7547651,-0.4862487855147374,-0.4243167457412041,-0.5711568845529995,-0.3284541804179847,1.9330025313088735,-1.9330025313088735,gastronomia
50.8757043,20.6357272,-0.3535154012334468,3.0149227083864116,2.719693717231951,-0.3284541804179847,-0.1082674911466851,0.10826749114668516,gastronomia
50.0331571,20.2142633,0.6279180244832612,0.09904577988691136,-0.2292503285233943,-0.3284541804179847,-1.4654357314352016,1.4654357314352018,gastronomia
51.4719514,20.0128213,-0.43670212317316826,-0.20001852047201174,-0.4643110857937479,-0.3284541804179847,0.7739623853007136,-0.7739623853007135,gastronomia
50.9796942,20.6630876,-0.3770702710924503,-0.49908282083093486,-0.6352643638085506,-0.3284541804179847,0.07360211545181394,-0.07360211545181371,gastronomia
50.8028516,20.4605891,-0.31945703590104724,-0.05048637029255018,-0.35746528703449626,-0.3284541804179847,-0.3165163092945638,0.316516309294564,gastronomia
50.8003538,20.4630817,-0.31890366819357563,-0.05048637029255018,-0.35746528703449626,-0.3284541804179847,-0.3194777307333496,0.3194777307333499,gastronomia
50.088122,20.0054907,3.566553872412404,-0.08786940783741558,0.5186702627913672,3.43297834162044,-1.7024656782344625,1.702465678234463,gastronomia
50.8734249,20.6287465,-0.35243879207918505,3.6130513091042578,2.8692778354949033,-0.3284541804179847,-0.11574058957401417,0.11574058957401435,gastronomia
50.0800777,20.0322685,2.7756394928876955,0.24857793006637294,0.8392076590691221,3.0216503569664193,-1.6793038282611603,1.6793038282611605,gastronomia
50.0304004,21.0009216,-0.26754261363278675,-0.20001852047201174,-0.3788344467863466,-0.3284541804179847,-0.5509432702467876,0.5509432702467878,gastronomia
50.8741482,20.6185527,-0.3518009573009623,1.9308146195853155,2.8692778354949033,-0.3284541804179847,-0.1201369694067172,0.12013696940671731,gastronomia
50.6436117,20.2769717,-0.23469642932632817,-0.34955067065147327,-0.3788344467863466,-0.3284541804179847,-0.6645011210548913,0.6645011210548916,gastronomia
50.8752904,20.6021759,-0.35078709915411166,-0.2747845955617425,2.5060021197134477,-0.3284541804179847,-0.12707814447441282,0.12707814447441287,gastronomia
51.0748534,21.0145501,-0.41188942791178157,-0.49908282083093486,-0.6352643638085506,-0.3284541804179847,0.4275298710903791,-0.42752987109037904,gastronomia
50.774535,21.0829513,-0.3753780032546404,-0.49908282083093486,-0.6352643638085506,-0.3284541804179847,0.05924309046821302,-0.059243090468212786,gastronomia
51.6485643,20.9492657,-0.46444730906438864,-0.23740155801687712,-0.4643110857937479,-0.3284541804179847,1.3157121309714586,-1.3157121309714586,gastronomia
51.6207552,20.972643,-0.46288408089222377,-0.4616997832860695,-0.5497877248011492,-0.3284541804179847,1.2792001337899819,-1.279200133789982,gastronomia
51.4711837,20.012983,-0.4366159791671156,-0.20001852047201174,-0.4643110857937479,-0.3284541804179847,0.7725734491009831,-0.7725734491009829,gastronomia
51.4713334,20.0129082,-0.4366326900970291,-0.20001852047201174,-0.4643110857937479,-0.3284541804179847,0.772842769339247,-0.7728427693392469,gastronomia
50.0471232,20.2478233,0.5112491752197255,-0.4243167457412041,-0.29335780777894527,-0.3284541804179847,-1.430066047893038,1.4300660478930383,gastronomia
51.0525929,21.0688629,-0.4121246715868646,-0.12525244538228095,-0.18651200901969364,-0.3284541804179847,0.4303761017523222,-0.43037610175232227,gastronomia
50.8817965,20.5790272,-0.35056174419302144,-0.2747845955617425,-0.20788116877154397,-0.3284541804179847,-0.12861321243845364,0.12861321243845364,gastronomia
51.035778,21.0872737,-0.41113736545432794,-0.3121676331066079,-0.18651200901969364,-0.3284541804179847,0.41847912135709653,-0.4184791213570964,gastronomia
50.0730046,20.8422901,-0.209693670426975,-0.49908282083093486,-0.6138952040567002,-0.3284541804179847,-0.7380088732147847,0.7380088732147849,gastronomia
52.0317273,20.953933,-0.48736692446064894,-0.49908282083093486,-0.6352643638085506,-0.3284541804179847,1.9713208239828455,-1.9713208239828455,gastronomia
50.0777966,20.0170563,3.367560886908269,-0.013103332747684795,0.8392076590691221,3.3449426974352265,-1.6975083972835057,1.6975083972835059,gastronomia
50.0594996,20.0060747,4.062950220111471,-0.08786940783741558,0.30497866527286394,3.619810769074454,-1.712986199123596,1.7129861991235964,gastronomia
50.059736,20.0069745,4.011443197983333,-0.08786940783741558,0.3690861445284149,3.6022964463762763,-1.7119999688405765,1.711999968840577,gastronomia
50.0606872,20.0067848,4.032962669496963,0.024279704797180595,0.3690861445284149,3.6096612758875133,-1.712414681873928,1.7124146818739283,gastronomia
51.8734282,20.867902,-0.4778367767491016,-0.23740155801687712,-0.35746528703449626,-0.3284541804179847,1.6679104754741367,-1.6679104754741365,gastronomia
50.4584662,20.7211302,-0.24425632300114633,0.17381185497664214,0.02717958849880964,-0.3284541804179847,-0.6336360624482584,0.6336360624482587,gastronomia
51.9543843,20.1448139,-0.4774688760550447,-0.12525244538228095,-0.27198864802709494,-0.3284541804179847,1.6571730121393822,-1.6571730121393822,zdrowie
52.038577,21.0137903,-0.48832010307543633,-0.49908282083093486,-0.5925260443048499,-0.3284541804179847,2.0046123836628063,-2.0046123836628063,zdrowie
50.8002735,20.4616379,-0.31875074488255295,-0.38693370819633865,-0.5711568845529995,-0.3284541804179847,-0.3202940379779579,0.320294037977958,zdrowie
50.3199059,20.3989723,-0.024846213962015296,-0.38693370819633865,-0.5711568845529995,-0.3284541804179847,-1.0819028660432266,1.0819028660432268,zdrowie
50.3189507,20.3955565,-0.02154857228866838,-0.38693370819633865,-0.5711568845529995,-0.3284541804179847,-1.0860296848608406,1.0860296848608408,zdrowie
50.08379,20.84827,-0.212337299176849,-0.49908282083093486,-0.6352643638085506,-0.3284541804179847,-0.7306892012814133,0.7306892012814135,zdrowie
50.1323361,20.8846961,-0.22889376014260848,-0.38693370819633865,-0.5711568845529995,-0.3284541804179847,-0.6824523236841059,0.6824523236841062,zdrowie
50.1727734,20.9815595,-0.2648640650700149,-0.16263548292714636,-0.4429419260418976,-0.3284541804179847,-0.5610465257146411,0.5610465257146412,zdrowie
50.17722,20.97583,-0.2634374728789484,-0.16263548292714636,-0.4429419260418976,-0.3284541804179847,-0.5663611527671794,0.5663611527671795,zdrowie
50.17851,20.98337,-0.2658565928964148,-0.16263548292714636,-0.4429419260418976,-0.3284541804179847,-0.557321895622518,0.5573218956225182,zdrowie
50.1739104,20.9849173,-0.26597765892269054,-0.16263548292714636,-0.4429419260418976,-0.3284541804179847,-0.556866043221364,0.5568660432213641,zdrowie
50.1745692,20.9853039,-0.2661449301002487,-0.16263548292714636,-0.4429419260418976,-0.3284541804179847,-0.5562356636123061,0.5562356636123065,zdrowie
50.02407,20.97495,-0.2595860431637436,-0.49908282083093486,-0.5711568845529995,-0.3284541804179847,-0.5804843840043273,0.5804843840043276,zdrowie
50.03616,21.0055,-0.2687948137678937,-0.4616997832860695,-0.5711568845529995,-0.3284541804179847,-0.5461633961410646,0.5461633961410649,zdrowie
50.02018,21.0061,-0.2694355623903624,-0.49908282083093486,-0.5711568845529995,-0.3284541804179847,-0.5437033798028511,0.5437033798028513,zdrowie
50.093651,20.0018525,3.4739761742833477,-0.23740155801687712,0.1340253872580613,3.3930922230128147,-1.700219693692506,1.7002196936925063,zdrowie
51.5236762,20.0161579,-0.44232844358247164,-0.2747845955617425,-0.29335780777894527,-0.3284541804179847,0.8680428341792782,-0.8680428341792781,zdrowie
51.5276685,20.0003674,-0.4427173004349382,-0.20001852047201174,-0.29335780777894527,-0.3284541804179847,0.8747997114806653,-0.8747997114806652,zdrowie
51.533101,20.0026431,-0.4432854513832376,-0.12525244538228095,-0.29335780777894527,-0.3284541804179847,0.8847337814422479,-0.8847337814422482,zdrowie
51.5304455,20.0063478,-0.44301627797395693,-0.05048637029255018,-0.29335780777894527,-0.3284541804179847,0.8800181298085973,-0.8800181298085972,zdrowie
51.5265962,20.0262331,-0.4426557699146185,-0.34955067065147327,-0.29335780777894527,-0.3284541804179847,0.8737282639379613,-0.8737282639379608,zdrowie
50.0731849,20.04243,2.5405611581888636,0.024279704797180595,0.30497866527286394,2.8594072873775347,-1.6701679323891916,1.6701679323891918,zdrowie
51.5423503,20.1382612,-0.44470494078038264,-0.49908282083093486,-0.6352643638085506,-0.3284541804179847,0.9098787836945,-0.9098787836945001,zdrowie
50.8857511,20.6375431,-0.3559332763028046,-0.12525244538228095,0.6682543810543194,-0.3284541804179847,-0.09124026012721656,0.09124026012721656,zdrowie
51.1918297,20.3913818,-0.40320466309124076,-0.4243167457412041,-0.35746528703449626,-0.3284541804179847,0.3273054861953165,-0.3273054861953163,zdrowie
51.1927886,20.4113678,-0.4038751601453541,-0.12525244538228095,-0.35746528703449626,-0.3284541804179847,0.33472097995240857,-0.33472097995240835,zdrowie
51.1881409,20.4055394,-0.4029822576220305,-0.12525244538228095,-0.35746528703449626,-0.3284541804179847,0.32485710847090704,-0.324857108470907,zdrowie
51.1948314,20.4055579,-0.40404643431526677,-0.16263548292714636,-0.35746528703449626,-0.3284541804179847,0.33662351267113827,-0.3366235126711382,zdrowie
50.0309235,20.2203694,0.6002722926624436,-0.38693370819633865,-0.5497877248011492,-0.3284541804179847,-1.45767809588807,1.4576780958880702,zdrowie
51.7153446,20.041007,-0.46014087236212575,-0.49908282083093486,-0.6352643638085506,-0.3284541804179847,1.2171535814968863,-1.217153581496886,zdrowie
51.6170644,20.5803198,-0.45605225044665615,-0.4616997832860695,-0.5711568845529995,-0.3284541804179847,1.1291799180377489,-1.129179918037749,zdrowie
50.0641069,20.0189332,3.4099304790837675,-0.4616997832860695,0.15539454700991162,3.3644200607640102,-1.698605166246785,1.6986051662467851,zdrowie
50.2810677,20.9469918,-0.266734038401017,-0.49908282083093486,-0.6352643638085506,-0.3284541804179847,-0.5540104501224735,0.5540104501224735,zdrowie
50.3539707,20.0345555,0.14795669147121568,-0.12525244538228095,-0.42157276629004725,-0.3284541804179847,-1.2489064811769062,1.2489064811769064,zdrowie
50.3558097,20.0248419,0.14632891988576122,-0.16263548292714636,-0.42157276629004725,-0.3284541804179847,-1.247695929777991,1.2476959297779913,zdrowie
51.186654,20.4116881,-0.40290803516205553,-0.12525244538228095,-0.35746528703449626,-0.3284541804179847,0.32404127452271014,-0.32404127452270987,zdrowie
51.1027383,20.8564799,-0.4074468199081667,-0.4616997832860695,-0.27198864802709494,-0.3284541804179847,0.3751096103250173,-0.3751096103250172,zdrowie
51.9857507,20.8367247,-0.4838166123935604,-0.38693370819633865,-0.5711568845529995,-0.3284541804179847,1.8522826863857977,-1.8522826863857977,zdrowie
51.9793145,20.8336736,-0.4834400733642314,-0.38693370819633865,-0.5711568845529995,-0.3284541804179847,1.8400968850446728,-1.8400968850446724,zdrowie
51.1134489,20.8576603,-0.4089640424422677,-0.23740155801687712,-0.2506194882752446,-0.3284541804179847,0.3927324678437286,-0.39273246784372834,zdrowie
51.1134266,20.8561324,-0.40888823717879264,-0.2747845955617425,-0.2506194882752446,-0.3284541804179847,0.3918452029664433,-0.3918452029664433,zdrowie
51.1112907,20.8524003,-0.4084198523031731,-0.2747845955617425,-0.2506194882752446,-0.3284541804179847,0.3863788551598591,-0.3863788551598587,zdrowie
50.5620651,20.0511284,-0.15367082634113058,-0.4616997832860695,-0.6138952040567002,-0.3284541804179847,-0.8725670730777539,0.8725670730777542,zdrowie
50.0821548,20.0037249,3.879926376099332,-0.2747845955617425,0.3690861445284149,3.555747261583099,-1.7093787875089297,1.7093787875089297,zdrowie
51.6936034,20.724593,-0.46410364125251446,-0.38693370819633865,-0.5711568845529995,-0.3284541804179847,1.3076111192727535,-1.3076111192727533,zdrowie
51.6907531,20.7257951,-0.46390976690648333,-0.38693370819633865,-0.5711568845529995,-0.3284541804179847,1.3030596225754636,-1.3030596225754632,zdrowie
50.5915229,21.0017648,-0.33483397485370914,-0.4616997832860695,-0.6138952040567002,-0.3284541804179847,-0.2292114031316615,0.22921140313166155,zdrowie
51.9553641,20.1449107,-0.47753016045022556,-0.12525244538228095,-0.27198864802709494,-0.3284541804179847,1.6589570278449641,-1.6589570278449635,zdrowie
50.0778256,20.0452907,2.4320048649015322,-0.08786940783741558,0.2836095055210136,2.7759838156743886,-1.6654703625472915,1.6654703625472917,zdrowie
50.1968915,20.3962839,0.0952347726739956,-0.49908282083093486,-0.6352643638085506,-0.3284541804179847,-1.2068011185361531,1.2068011185361533,zdrowie
50.1018991,20.0135211,2.8004570360698557,-0.3121676331066079,0.0699179080025103,3.037468062696993,-1.6801945221617018,1.680194522161702,zdrowie
50.074524,20.0348234,2.755576075887925,0.13642881743177676,0.41182446403211553,3.0086915184024328,-1.6785741169703037,1.6785741169703037,zdrowie
50.1014778,20.0121712,2.848715587895592,-0.23740155801687712,0.0699179080025103,3.067573688613098,-1.6818897678460132,1.6818897678460134,zdrowie
50.0988492,20.0116236,2.953830308085453,-0.05048637029255018,0.1340253872580613,3.1303155332460135,-1.6854227567177966,1.685422756717797,zdrowie
50.8819756,20.6143578,-0.3532910376334486,-0.23740155801687712,0.6896235408061698,-0.3284541804179847,-0.10983033381957358,0.10983033381957387,zdrowie
51.1191371,20.8648874,-0.4100720331485844,-0.12525244538228095,-0.2506194882752446,-0.3284541804179847,0.40578339940662284,-0.4057833994066227,zdrowie
51.9781224,20.8351073,-0.48338994124341417,-0.38693370819633865,-0.5711568845529995,-0.3284541804179847,1.8384806057861791,-1.838480605786179,zdrowie
51.1269057,20.8784658,-0.4117371291808501,-0.34955067065147327,-0.2506194882752446,-0.3284541804179847,0.4256910659950344,-0.4256910659950341,zdrowie
51.0467176,20.8342771,-0.39826219013743885,-0.4243167457412041,-0.5925260443048499,-0.3284541804179847,0.2741922706868338,-0.2741922706868339,zdrowie
52.038865,20.85863,-0.48679997413172177,-0.49908282083093486,-0.6352643638085506,-0.3284541804179847,1.9517938314195376,-1.9517938314195378,zdrowie
51.0505762,21.0615368,-0.4114699505182669,-0.4243167457412041,-0.2506194882752446,-0.3284541804179847,0.4224725579850774,-0.4224725579850771,zdrowie
51.8654047,20.8668836,-0.47734941166474537,-0.05048637029255018,-0.3788344467863466,-0.3284541804179847,1.6537006341434022,-1.653700634143402,zdrowie
51.86555,20.86514,-0.4773369859223552,-0.08786940783741558,-0.3788344467863466,-0.3284541804179847,1.6533398651145674,-1.6533398651145672,zdrowie
51.8672459,20.8657473,-0.477445081279705,-0.08786940783741558,-0.3788344467863466,-0.3284541804179847,1.6564808314597101,-1.6564808314597104,zdrowie
50.8015287,20.8070165,-0.3525773624873596,-0.4616997832860695,-0.6138952040567002,-0.3284541804179847,-0.11478242829170203,0.11478242829170214,zdrowie
50.94908,20.25128,-0.34902472888294706,-0.38693370819633865,-0.5711568845529995,-0.3284541804179847,-0.13900840930260117,0.13900840930260128,zdrowie
51.136948,20.9119603,-0.4145806342349208,-0.49908282083093486,-0.5497877248011492,-0.3284541804179847,0.46053096522194753,-0.460530965221947,zdrowie
50.8487455,20.6268081,-0.346457359712093,-0.34955067065147327,0.15539454700991162,-0.3284541804179847,-0.15608692011705602,0.15608692011705638,zdrowie
50.0822117,20.0051582,3.8050202425891033,-0.23740155801687712,0.3904553042802652,3.5279914897632296,-1.707815861944004,1.7078158619440043,zdrowie
50.8545471,20.5538746,-0.3418605296899089,-0.4616997832860695,-0.5497877248011492,-0.3284541804179847,-0.1858048073285112,0.18580480732851162,zdrowie
50.2398338,20.0818793,0.5077346522636509,-0.34955067065147327,-0.5497877248011492,-0.3284541804179847,-1.4288845921541515,1.4288845921541518,zdrowie
51.0336248,21.0664599,-0.409670821854225,-0.4616997832860695,-0.29335780777894527,-0.3284541804179847,0.4010396705108666,-0.4010396705108665,zdrowie
51.526339,20.0043904,-0.4425850985915541,-0.12525244538228095,-0.29335780777894527,-0.3284541804179847,0.8724987032972845,-0.8724987032972842,zdrowie
50.0326275,20.2183317,0.610502724379988,-0.38693370819633865,-0.5497877248011492,-0.3284541804179847,-1.460590271525382,1.4605902715253822,zdrowie
51.2489792,21.0682621,-0.43371159553152855,-0.49908282083093486,-0.6352643638085506,-0.3284541804179847,0.726606002811612,-0.7266060028116118,zdrowie
51.9762714,20.1454703,-0.47881914955834803,-0.3121676331066079,-0.2506194882752446,-0.3284541804179847,1.6969112222303224,-1.6969112222303222,zdrowie
50.3578091,20.0297416,0.14022515206618186,-0.12525244538228095,-0.42157276629004725,-0.3284541804179847,-1.2431089931204415,1.2431089931204415,zdrowie
51.2282333,20.8681998,-0.4238692415889444,-0.34955067065147327,-0.5497877248011492,-0.3284541804179847,0.5823451097275911,-0.5823451097275911,zdrowie
51.6445248,20.9509691,-0.464190063022802,-0.34955067065147327,-0.5497877248011492,-0.3284541804179847,1.3096443060660083,-1.3096443060660081,zdrowie
51.6476008,20.9560316,-0.46450111933845833,-0.34955067065147327,-0.5284185650492988,-0.3284541804179847,1.316984382716929,-1.3169843827169285,zdrowie
50.6409586,20.3017673,-0.23650708001475065,-0.2747845955617425,-0.4429419260418976,-0.3284541804179847,-0.6587811541613618,0.6587811541613618,zdrowie
50.6398124,20.304954,-0.23632742334647108,-0.2747845955617425,-0.4429419260418976,-0.3284541804179847,-0.6593512728789765,0.6593512728789765,zdrowie
50.6414186,20.3013553,-0.23669644816275826,-0.2747845955617425,-0.4429419260418976,-0.3284541804179847,-0.6581796006116093,0.6581796006116094,zdrowie
50.6425675,20.3026901,-0.23748401816054496,-0.2747845955617425,-0.4429419260418976,-0.3284541804179847,-0.6556709669037993,0.6556709669037992,zdrowie
50.6456086,20.2942544,-0.2379837916102611,-0.16263548292714636,-0.4429419260418976,-0.3284541804179847,-0.6540733279216925,0.6540733279216927,zdrowie
50.6473827,20.3014315,-0.23985066186146964,-0.2747845955617425,-0.4429419260418976,-0.3284541804179847,-0.6480658344371721,0.6480658344371726,zdrowie
50.6420409,20.286279,-0.23504117529803734,-0.38693370819633865,-0.4429419260418976,-0.3284541804179847,-0.6634164642419129,0.6634164642419129,zdrowie
50.6416124,20.2862092,-0.2348007697010445,-0.38693370819633865,-0.4429419260418976,-0.3284541804179847,-0.6641730585066176,0.6641730585066176,zdrowie
51.1248364,20.8742273,-0.4112673073642552,-0.23740155801687712,-0.2292503285233943,-0.3284541804179847,0.42003765971615037,-0.42003765971615015,zdrowie
51.121916,20.8737678,-0.41085995696576433,-0.20001852047201174,-0.2506194882752446,-0.3284541804179847,0.4151591593590481,-0.4151591593590479,zdrowie
51.0419569,21.0546937,-0.4100239114672445,-0.4616997832860695,-0.2506194882752446,-0.3284541804179847,0.405213353548621,-0.40521335354862076,zdrowie
51.2230179,20.8585486,-0.42289182639361106,-0.34955067065147327,-0.5497877248011492,-0.3284541804179847,0.5689126936930479,-0.5689126936930481,zdrowie
51.2280461,20.859957,-0.42353888598312495,-0.34955067065147327,-0.5497877248011492,-0.3284541804179847,0.5777880996097324,-0.5777880996097321,zdrowie
51.2295678,20.8610165,-0.423757385901538,-0.34955067065147327,-0.5497877248011492,-0.3284541804179847,0.5808001900590265,-0.5808001900590266,zdrowie
51.8245078,20.8075834,-0.474124446730748,-0.4616997832860695,-0.6138952040567002,-0.3284541804179847,1.5625283876298413,-1.562528387629841,zdrowie
50.9408437,20.9548926,-0.38984134519474845,-0.38693370819633865,-0.5711568845529995,-0.3284541804179847,0.18955583258586534,-0.18955583258586525,zdrowie
50.3088036,21.0732372,-0.3031663850136486,-0.38693370819633865,-0.5711568845529995,-0.3284541804179847,-0.39901796363984254,0.39901796363984277,zdrowie
50.1831477,20.8122531,-0.20467035608181036,-0.49908282083093486,-0.6352643638085506,-0.3284541804179847,-0.7516451467565743,0.7516451467565746,zdrowie
50.9914802,20.6182763,-0.37670159993299923,-0.49908282083093486,-0.6352643638085506,-0.3284541804179847,0.07045505982694102,-0.07045505982694078,zdrowie
50.875462,20.6064959,-0.3511639702201518,-0.08786940783741558,0.5400394225432176,-0.3284541804179847,-0.1245046765253194,0.12450467652531952,zdrowie
51.9091419,20.7396818,-0.47853277414912254,-0.49908282083093486,-0.6352643638085506,-0.3284541804179847,1.6884071494544097,-1.6884071494544093,zdrowie
51.9026748,21.0815735,-0.48217325975193376,-0.49908282083093486,-0.6352643638085506,-0.3284541804179847,1.7996896072187571,-1.799689607218757,zdrowie
50.0876182,20.0207561,3.00858086379076,0.06166274234204598,0.4545627835358162,3.1615463061327658,-1.6871813593491292,1.6871813593491294,zdrowie
50.0657017,20.0454373,2.4820652226395157,-0.34955067065147327,0.0699179080025103,2.815185278173409,-1.6676777941517813,1.6676777941517813,zdrowie
51.7709509,20.2609,-0.4653520703483481,-0.4243167457412041,-0.5070494052974486,-0.3284541804179847,1.3372426376715008,-1.337242637671501,zdrowie
51.5072546,20.7214466,-0.44876844615946293,-0.49908282083093486,-0.6352643638085506,-0.3284541804179847,0.9845347898575885,-0.984534789857588,zdrowie
50.4593874,20.7220901,-0.2448306327367435,-0.4616997832860695,-0.3788344467863466,-0.3284541804179847,-0.6317283877052831,0.6317283877052833,zdrowie
51.9975423,20.925142,-0.4853345638280512,-0.49908282083093486,-0.6138952040567002,-0.3284541804179847,1.9022460744426681,-1.902246074442668,zdrowie
51.527828,20.0026949,-0.44273767986534696,-0.16263548292714636,-0.29335780777894527,-0.3284541804179847,0.8751547732464934,-0.8751547732464937,zdrowie
50.4675115,20.7284512,-0.24926190910340174,-0.23740155801687712,-0.3788344467863466,-0.3284541804179847,-0.616796806044481,0.616796806044481,zdrowie
50.4697531,20.7182661,-0.24730678163958902,-0.12525244538228095,-0.3788344467863466,-0.3284541804179847,-0.6234315208719344,0.6234315208719347,zdrowie
51.1148991,20.861283,-0.40933238617670503,-0.23740155801687712,-0.2506194882752446,-0.3284541804179847,0.39705399749592346,-0.39705399749592346,zdrowie
50.8655545,20.6489694,-0.3522572959187927,-0.20001852047201174,0.43319362378396586,-0.3284541804179847,-0.11699392028056968,0.11699392028056999,zdrowie
51.1169769,20.8922994,-0.4110874411644596,-0.34955067065147327,-0.2292503285233943,-0.3284541804179847,0.4178809050372012,-0.4178809050372007,zdrowie
51.1161973,20.8804324,-0.4104180132214512,-0.20001852047201174,-0.2506194882752446,-0.3284541804179847,0.4098905415279174,-0.4098905415279173,zdrowie
51.9527407,20.1526238,-0.4773871680933623,-0.16263548292714636,-0.27198864802709494,-0.3284541804179847,1.654797316853221,-1.654797316853221,zdrowie
51.1173922,20.8802261,-0.41056650975582915,-0.16263548292714636,-0.2506194882752446,-0.3284541804179847,0.4116580416161755,-0.4116580416161753,zdrowie
51.8261548,20.8108261,-0.4742678273448948,-0.4616997832860695,-0.6138952040567002,-0.3284541804179847,1.5664795359828918,-1.5664795359828918,zdrowie
51.8645982,20.8614631,-0.4772359647330378,-0.16263548292714636,-0.3788344467863466,-0.3284541804179847,1.6504096096218257,-1.6504096096218255,zdrowie
50.875519,20.6076461,-0.35126704866149494,-0.08786940783741558,0.5400394225432176,-0.3284541804179847,-0.1237994258269121,0.12379942582691221,zdrowie
51.8741581,20.866355,-0.4778613525150341,-0.3121676331066079,-0.3788344467863466,-0.3284541804179847,1.6686301141926612,-1.6686301141926612,zdrowie
50.0930299,20.0218028,2.838862221899506,-0.12525244538228095,0.3904553042802652,3.0614954846491282,-1.6815475046070092,1.6815475046070094,zdrowie
50.2979015,20.8089156,-0.22514944200337514,-0.4616997832860695,-0.6138952040567002,-0.3284541804179847,-0.6937378566528987,0.6937378566528989,zdrowie
50.0985443,20.0151628,2.866398145923445,-0.08786940783741558,0.21950202626546259,3.0783947135019507,-1.6824990989987276,1.6824990989987278,zdrowie
50.0976391,20.0202685,2.7566791104894413,-0.16263548292714636,0.34771698477656454,3.009407990394294,-1.678614461457926,1.6786144614579261,zdrowie
51.0131245,20.1399064,-0.3620637479240345,-0.49908282083093486,-0.6352643638085506,-0.3284541804179847,-0.04649274091086569,0.046492740910866054,zdrowie
50.0947713,20.062044,1.919603321503863,-0.4616997832860695,-0.18651200901969364,2.285026288889486,-1.6378245786402703,1.6378245786402705,zdrowie
51.8622081,20.8747482,-0.477254934912822,-0.12525244538228095,-0.3788344467863466,-0.3284541804179847,1.6509594860490497,-1.6509594860490497,zdrowie
50.6755938,21.0425005,-0.355219512447404,-0.4616997832860695,-0.6138952040567002,-0.3284541804179847,-0.09630227463077855,0.09630227463077878,zdrowie
51.9795444,20.8365042,-0.48348061299712,-0.38693370819633865,-0.5711568845529995,-0.3284541804179847,1.841404948857264,-1.841404948857264,zdrowie
51.5272439,20.0172047,-0.44270360153855276,-0.16263548292714636,-0.29335780777894527,-0.3284541804179847,0.8745610946347274,-0.8745610946347273,zdrowie
51.1166927,20.8911192,-0.41099371486441744,-0.34955067065147327,-0.2292503285233943,-0.3284541804179847,0.4167587028924557,-0.4167587028924556,zdrowie
50.8731925,20.6388683,-0.3531903874920163,0.21119489252150753,0.7751001798135712,-0.3284541804179847,-0.11053049226317287,0.11053049226317323,zdrowie
50.8647578,20.6380992,-0.3511847270516665,0.06166274234204598,0.5400394225432176,-0.3284541804179847,-0.12436270838947408,0.12436270838947439,zdrowie
50.868241,20.6506746,-0.3530104159581806,-0.16263548292714636,0.5186702627913672,-0.3284541804179847,-0.11178099486913878,0.1117809948691389,zdrowie
50.8822957,20.5837443,-0.35103597226355676,-0.34955067065147327,-0.05829705050859167,-0.3284541804179847,-0.12537959866747245,0.12537959866747245,zdrowie
50.8918185,20.6474968,-0.35804347693821686,-0.20001852047201174,0.2836095055210136,-0.3284541804179847,-0.07609735673261686,0.07609735673261717,zdrowie
50.8751131,20.6026575,-0.35078268007621916,-0.20001852047201174,0.4759319432876665,-0.3284541804179847,-0.1271082733363193,0.1271082733363196,zdrowie
50.8634581,20.6346387,-0.3505993400408233,-0.05048637029255018,0.5186702627913672,-0.3284541804179847,-0.128357313545936,0.12835731354593605,zdrowie
50.8960913,20.6624276,-0.3601059805198268,-0.34955067065147327,-0.1651428492678433,-0.3284541804179847,-0.061035291458498855,0.06103529145849903,zdrowie
50.8671019,20.6419609,-0.35204123738966225,0.09904577988691136,0.6255160615506188,-0.3284541804179847,-0.11848349507672455,0.11848349507672461,zdrowie
50.8730663,20.6240493,-0.3519834022758242,0.06166274234204598,0.7751001798135712,-0.3284541804179847,-0.11888178142085411,0.11888178142085452,zdrowie
50.8745666,20.6258801,-0.35247584720746766,0.09904577988691136,0.7537310200617208,-0.3284541804179847,-0.11548447422169396,0.11548447422169408,zdrowie
50.9037579,20.7272058,-0.36660280671208,-0.49908282083093486,-0.6352643638085506,-0.3284541804179847,-0.011822503322115367,0.011822503322115487,zdrowie
50.8712222,20.6514513,-0.3537507927432828,-0.16263548292714636,0.5186702627913672,-0.3284541804179847,-0.1066247241194495,0.10662472411944979,zdrowie
50.8699238,20.6507347,-0.35339824297464234,-0.20001852047201174,0.5186702627913672,-0.3284541804179847,-0.10908393698368832,0.10908393698368837,zdrowie
50.8128782,20.6882599,-0.3434317847502284,-0.49908282083093486,-0.6352643638085506,-0.3284541804179847,-0.1757683794887812,0.17576837948878143,zdrowie
50.8669873,20.6399312,-0.3518499312927845,0.17381185497664214,0.6255160615506188,-0.3284541804179847,-0.11980022126187863,0.11980022126187892,zdrowie
51.9575643,20.1484206,-0.4776761735402461,-0.05048637029255018,-0.2506194882752446,-0.3284541804179847,1.663214958944988,-1.6632149589449883,zdrowie
51.5341187,20.0106051,-0.4434045237188896,-0.12525244538228095,-0.29335780777894527,-0.3284541804179847,0.8868251067817693,-0.8868251067817692,zdrowie
50.0291737,21.0037144,-0.26843046729533027,-0.4616997832860695,-0.5711568845529995,-0.3284541804179847,-0.5475579382176337,0.5475579382176339,zdrowie
51.8626617,20.8679291,-0.4771988280587081,-0.08786940783741558,-0.3788344467863466,-0.3284541804179847,1.6493336596409773,-1.6493336596409776,zdrowie
51.8659779,20.8716922,-0.47744167896857914,-0.05048637029255018,-0.3788344467863466,-0.3284541804179847,1.656381882204333,-1.6563818822043332,zdrowie
51.8620923,20.878791,-0.4772975520917101,-0.23740155801687712,-0.3788344467863466,-0.3284541804179847,1.6521954420032796,-1.6521954420032796,zdrowie
51.8666487,20.8781998,-0.47756049176868526,-0.16263548292714636,-0.3788344467863466,-0.3284541804179847,1.6598406669463968,-1.6598406669463968,zdrowie
51.8651488,20.8600329,-0.4772515527081126,-0.23740155801687712,-0.3788344467863466,-0.3284541804179847,1.650861435418297,-1.6508614354182967,zdrowie
51.8650004,20.8752523,-0.4774269506283007,-0.12525244538228095,-0.3788344467863466,-0.3284541804179847,1.6559536038863578,-1.6559536038863583,zdrowie
51.8654702,20.8677747,-0.47736408266840347,-0.05048637029255018,-0.3788344467863466,-0.3284541804179847,1.654126689110296,-1.6541266891102957,zdrowie
51.4410004,20.9995554,-0.44931353156338083,-0.4616997832860695,-0.6138952040567002,-0.3284541804179847,0.9948631945258416,-0.9948631945258413,zdrowie
51.5308356,20.0069356,-0.44305781878680145,-0.05048637029255018,-0.29335780777894527,-0.3284541804179847,0.8807448029133584,-0.8807448029133581,zdrowie
51.1945056,20.4132669,-0.4041964511508118,-0.12525244538228095,-0.35746528703449626,-0.3284541804179847,0.3382927031028816,-0.3382927031028814,zdrowie
50.092785,20.020044,2.8971946785181086,-0.013103332747684795,0.3690861445284149,3.096979444857854,-1.6835456039182062,1.6835456039182062,zdrowie
50.8687744,20.6342614,-0.3518043149238704,0.17381185497664214,0.7109927005580201,-0.3284541804179847,-0.12011388649438297,0.12011388649438302,zdrowie
50.8706868,20.6361387,-0.35239684509022867,0.13642881743177676,0.7109927005580201,-0.3284541804179847,-0.11603042229051876,0.11603042229051887,zdrowie
51.359446,20.6289807,-0.4317472987923655,-0.3121676331066079,-0.5284185650492988,-0.3284541804179847,0.6964368895585777,-0.6964368895585777,zdrowie
51.3596802,20.6291786,-0.4317786113821645,-0.3121676331066079,-0.5284185650492988,-0.3284541804179847,0.6969121620288482,-0.6969121620288481,zdrowie
51.9745107,20.146273,-0.4787138334004823,-0.34955067065147327,-0.2506194882752446,-0.3284541804179847,1.6937789876451386,-1.6937789876451386,zdrowie
50.5216179,20.5244651,-0.21750574805089487,-0.34955067065147327,-0.5284185650492988,-0.3284541804179847,-0.7160837088717822,0.7160837088717823,zdrowie
50.072982,20.0370789,2.6972429681425067,0.024279704797180595,0.3904553042802652,2.970117699768256,-1.6764020279478327,1.6764020279478327,zdrowie
50.8941764,20.6453495,-0.3583999815886033,-0.34955067065147327,0.17676370676176195,-0.3284541804179847,-0.07351253937009024,0.07351253937009042,zdrowie
50.1890801,20.2979377,0.2501788208693261,-0.3121676331066079,-0.5070494052974486,-0.3284541804179847,-1.3156014053137597,1.31560140531376,zdrowie
51.0592894,21.0671846,-0.412839391876816,-0.34955067065147327,-0.2506194882752446,-0.3284541804179847,0.4390683243507795,-0.4390683243507796,zdrowie
51.0648722,21.0731647,-0.41383512265128825,-0.38693370819633865,-0.3147269675307956,-0.3284541804179847,0.451291614323384,-0.4512916143233836,zdrowie
51.0478109,20.8316953,-0.39828442705694844,-0.4243167457412041,-0.5925260443048499,-0.3284541804179847,0.27442529818319256,-0.2744252981831922,zdrowie
50.0745458,20.0393962,2.617510178476441,0.024279704797180595,0.3904553042802652,2.9151279136712303,-1.673305556948626,1.6733055569486261,zdrowie
50.0786492,20.0324287,2.7888200481142276,0.24857793006637294,0.5614085822950678,3.0300799926453506,-1.6797785004551498,1.67977850045515,zdrowie
51.3634053,20.7198857,-0.43445983390824566,-0.49908282083093486,-0.6352643638085506,-0.3284541804179847,0.7382905717317276,-0.7382905717317277,zdrowie
50.0742443,20.046301,2.431070463434351,-0.013103332747684795,0.21950202626546259,2.775239775595638,-1.6654284657026297,1.6654284657026297,zdrowie
51.0531873,21.071933,-0.41236769035087956,-0.23740155801687712,-0.2506194882752446,-0.3284541804179847,0.4333240478431886,-0.43332404784318823,zdrowie
50.8914139,20.6483726,-0.35802093213874525,-0.20001852047201174,0.2836095055210136,-0.3284541804179847,-0.07626055656824347,0.07626055656824353,zdrowie
51.11499,20.8847283,-0.41046342225322496,-0.2747845955617425,-0.2506194882752446,-0.3284541804179847,0.410430728903907,-0.4104307289039067,zdrowie
50.8743794,20.622349,-0.3521538799589104,-0.08786940783741558,0.7964693395654214,-0.3284541804179847,-0.11770723102652816,0.11770723102652816,zdrowie
51.9713942,20.1449016,-0.4785198483693528,-0.2747845955617425,-0.2506194882752446,-0.3284541804179847,1.6880242865631339,-1.6880242865631336,zdrowie
51.1475154,20.2177102,-0.39174680803531076,-0.49908282083093486,-0.6352643638085506,-0.3284541804179847,0.20809739427729967,-0.20809739427729956,zdrowie
51.3805844,20.9769692,-0.4433112686936946,-0.4616997832860695,-0.6138952040567002,-0.3284541804179847,0.8851869470823686,-0.8851869470823683,zdrowie
51.0463024,21.0753263,-0.41172703464916965,-0.16263548292714636,-0.2506194882752446,-0.3284541804179847,0.42556929513255704,-0.425569295132557,zdrowie
50.8824618,20.4770807,-0.3433603087836053,-0.4243167457412041,-0.5711568845529995,-0.3284541804179847,-0.17622764061337096,0.17622764061337118,zdrowie
51.3058528,20.11483,-0.41608077336771077,-0.4616997832860695,-0.6138952040567002,-0.3284541804179847,0.47935426686031896,-0.4793542668603187,zdrowie
51.0364178,21.0617022,-0.4097406751229983,-0.4243167457412041,-0.29335780777894527,-0.3284541804179847,0.4018641151897922,-0.4018641151897921,zdrowie
50.0947553,20.0011154,3.4499536564047366,-0.23740155801687712,0.11265622750621096,3.3824441287452474,-1.69962010025095,1.6996201002509501,zdrowie
51.9571865,20.1426081,-0.4776375652238075,-0.12525244538228095,-0.2506194882752446,-0.3284541804179847,1.6620880715809523,-1.6620880715809523,zdrowie
50.068419,20.0449567,2.490906425256252,-0.20001852047201174,0.15539454700991162,2.8219765900965053,-1.6680602124499597,1.6680602124499602,zdrowie
50.07979,20.0032608,3.9899845994891816,-0.3121676331066079,0.3690861445284149,3.594883629965072,-1.711582553668253,1.7115825536682532,zdrowie
50.5214349,20.1881859,-0.13608223863568641,-0.4616997832860695,-0.6138952040567002,-0.3284541804179847,-0.9080555529445578,0.908055552944558,zdrowie
50.5214005,20.1920831,-0.13680695361824305,-0.4616997832860695,-0.6138952040567002,-0.3284541804179847,-0.9066469586418745,0.906646958641875,zdrowie
51.119371,20.8758686,-0.41062193532206603,-0.16263548292714636,-0.2506194882752446,-0.3284541804179847,0.41231847632041435,-0.412318476320414,zdrowie
51.9626317,20.1467983,-0.47798579883638087,-0.16263548292714636,-0.2506194882752446,-0.3284541804179847,1.6722787964299841,-1.672278796429984,zdrowie
51.9591423,20.1482576,-0.4777736584397501,-0.08786940783741558,-0.2506194882752446,-0.3284541804179847,1.666063583624491,-1.666063583624491,zdrowie
51.9545358,20.1377372,-0.47746018991730266,-0.23740155801687712,-0.27198864802709494,-0.3284541804179847,1.6569203036850293,-1.656920303685029,zdrowie
51.9656781,20.1542226,-0.47819325764783555,-0.34955067065147327,-0.2506194882752446,-0.3284541804179847,1.6783784374846094,-1.6783784374846094,zdrowie
51.9783742,20.1490324,-0.4789561559378242,-0.3121676331066079,-0.2506194882752446,-0.3284541804179847,1.7009943760170658,-1.7009943760170656,zdrowie
50.8463663,20.9396862,-0.3734922738472316,-0.4616997832860695,-0.6138952040567002,-0.3284541804179847,0.043499439375261274,-0.043499439375261274,zdrowie
51.0737608,21.0127864,-0.41165943745886335,-0.49908282083093486,-0.6352643638085506,-0.3284541804179847,0.4247542097479253,-0.4247542097479249,zdrowie
50.0848159,20.0136376,3.342735801610415,0.09904577988691136,0.43319362378396586,3.3333358954892427,-1.6968548190798034,1.6968548190798032,zdrowie
50.366847,20.8873917,-0.2654092210208998,-0.4616997832860695,-0.6138952040567002,-0.3284541804179847,-0.5590035006359624,0.5590035006359623,zdrowie
50.8900005,20.6660205,-0.35906241937462186,-0.23740155801687712,-0.05829705050859167,-0.3284541804179847,-0.06868894455891997,0.06868894455892002,zdrowie
50.3996624,21.0412283,-0.3086122855415113,-0.4616997832860695,-0.6138952040567002,-0.3284541804179847,-0.3724775298162442,0.37247752981624443,zdrowie
50.4404687,20.9384277,-0.29355251309599123,-0.4616997832860695,-0.6138952040567002,-0.3284541804179847,-0.4435404951213152,0.44354049512131527,zdrowie
50.7138248,20.3817568,-0.2801391074487438,-0.49908282083093486,-0.6352643638085506,-0.3284541804179847,-0.5011350665921496,0.5011350665921498,zdrowie
51.535307,20.0057876,-0.4435187127938624,-0.20001852047201174,-0.29335780777894527,-0.3284541804179847,0.8888337264090754,-0.8888337264090753,zdrowie
50.1330658,20.3785077,0.16946224543686864,-0.4243167457412041,-0.5925260443048499,-0.3284541804179847,-1.2644167342951498,1.26441673429515,zdrowie
50.074697,20.033232,2.804818652439556,0.13642881743177676,0.43319362378396586,3.04022413238912,-1.680349716252808,1.6803497162528083,zdrowie
50.4397842,20.9390028,-0.29354129211329394,-0.4616997832860695,-0.6138952040567002,-0.3284541804179847,-0.44359080843471954,0.4435908084347198,zdrowie
50.4691576,20.7219672,-0.24809015045480062,-0.20001852047201174,-0.3788344467863466,-0.3284541804179847,-0.6207821076822975,0.6207821076822977,zdrowie
50.4697827,20.7169149,-0.2469568194943838,-0.12525244538228095,-0.3788344467863466,-0.3284541804179847,-0.6246112801406358,0.6246112801406363,zdrowie
50.4712901,20.7177538,-0.24769214199188336,-0.12525244538228095,-0.3788344467863466,-0.3284541804179847,-0.6221296905860247,0.6221296905860247,zdrowie
50.4698588,20.7214594,-0.24819129851153812,-0.20001852047201174,-0.3788344467863466,-0.3284541804179847,-0.6204391480817731,0.6204391480817734,zdrowie
50.4727314,20.7193452,-0.2486010461741399,-0.20001852047201174,-0.3788344467863466,-0.3284541804179847,-0.6190477880806592,0.6190477880806592,zdrowie
50.8799577,20.6335954,-0.35431796456013953,-0.12525244538228095,0.7109927005580201,-0.3284541804179847,-0.10265337890178891,0.10265337890178902,zdrowie
50.8840247,20.5830769,-0.35139631050612546,-0.34955067065147327,-0.12240452976414266,-0.3284541804179847,-0.1229141924161829,0.12291419241618308,zdrowie
50.8851573,20.5804446,-0.35146815844800877,-0.34955067065147327,-0.1651428492678433,-0.3284541804179847,-0.12242174674491604,0.12242174674491604,zdrowie
51.9837235,20.2131434,-0.4794683896981046,-0.49908282083093486,-0.6352643638085506,-0.3284541804179847,1.7163451118804676,-1.7163451118804676,zdrowie
50.8710891,20.6278304,-0.3518250371740989,0.21119489252150753,0.7751001798135712,-0.3284541804179847,-0.11997141159295621,0.11997141159295657,zdrowie
50.0844307,20.0279149,2.843806907040576,-0.013103332747684795,0.5400394225432176,3.064550043828847,-1.6817195066202317,1.681719506620232,zdrowie
50.0817427,20.0253004,2.978195181704891,0.13642881743177676,0.5400394225432176,3.144331870247318,-1.6862120156715061,1.6862120156715064,zdrowie
50.0830142,20.0316505,2.752323850673879,0.06166274234204598,0.5400394225432176,3.0065763002243777,-1.6784550091830175,1.6784550091830182,zdrowie
50.8694597,20.6221236,-0.3509893581217505,0.09904577988691136,0.6896235408061698,-0.3284541804179847,-0.12569799999089365,0.12569799999089376,zdrowie
51.3759412,20.2734095,-0.42711370707892354,-0.12525244538228095,-0.4002036065381969,-0.3284541804179847,0.6280455695470457,-0.628045569547045,zdrowie
51.3763671,20.275661,-0.4271952446924293,-0.08786940783741558,-0.4002036065381969,-0.3284541804179847,0.6292166661419843,-0.6292166661419845,zdrowie
51.3765219,20.288406,-0.4273781816800591,-0.16263548292714636,-0.4002036065381969,-0.3284541804179847,0.6318482398708274,-0.6318482398708274,zdrowie
51.3721422,20.2777217,-0.42669244010829005,-0.12525244538228095,-0.4002036065381969,-0.3284541804179847,0.6220129908939755,-0.6220129908939752,zdrowie
51.3808055,20.2814772,-0.427820866072737,-0.08786940783741558,-0.4002036065381969,-0.3284541804179847,0.6382399580673723,-0.6382399580673725,zdrowie
51.3800602,20.2701948,-0.4275872330106223,-0.23740155801687712,-0.4002036065381969,-0.3284541804179847,0.6348624576938475,-0.6348624576938469,zdrowie
51.3775358,20.2754785,-0.42733874261208293,-0.08786940783741558,-0.4002036065381969,-0.3284541804179847,0.6312804217100132,-0.6312804217100133,zdrowie
51.3766517,20.2871838,-0.4273784027364927,-0.12525244538228095,-0.4002036065381969,-0.3284541804179847,0.6318514232452938,-0.6318514232452936,zdrowie
51.3792987,20.2770191,-0.42757754557264815,-0.08786940783741558,-0.4002036065381969,-0.3284541804179847,0.6347226138358026,-0.634722613835803,zdrowie
51.3753771,20.2780744,-0.42710217032296705,-0.08786940783741558,-0.4002036065381969,-0.3284541804179847,0.6278799622357948,-0.6278799622357943,zdrowie
51.3766519,20.2849932,-0.42735000226119974,-0.12525244538228095,-0.4002036065381969,-0.3284541804179847,0.6314425038132544,-0.6314425038132537,zdrowie
50.1342825,20.1120983,1.0572166334343975,-0.4243167457412041,-0.5925260443048499,0.7717344294569032,-1.552611220148556,1.5526112201485562,zdrowie
51.0487546,20.8456974,-0.3991926050201433,-0.4243167457412041,-0.5925260443048499,-0.3284541804179847,0.28398728995085976,-0.2839872899508595,zdrowie
50.8657854,20.6412072,-0.35167625597723545,0.09904577988691136,0.5827777420469181,-0.3284541804179847,-0.12099381460399877,0.12099381460399901,zdrowie
52.0296543,21.0300008,-0.4880561069671442,-0.49908282083093486,-0.5711568845529995,-0.3284541804179847,1.9953331328119857,-1.9953331328119859,zdrowie
51.0550339,20.4003077,-0.3789973526144829,-0.4616997832860695,-0.6138952040567002,-0.3284541804179847,0.09022585853290079,-0.09022585853290066,zdrowie
50.1320516,20.8855378,-0.22919597166494501,-0.38693370819633865,-0.5711568845529995,-0.3284541804179847,-0.6815314058151928,0.681531405815193,zdrowie
51.7591065,20.2423672,-0.4643519756461921,-0.38693370819633865,-0.5070494052974486,-0.3284541804179847,1.3134606827316502,-1.3134606827316497,zdrowie
50.0794807,20.0374413,2.628470504315577,0.17381185497664214,0.4759319432876665,2.9228481921504916,-1.6737402852884424,1.6737402852884427,zdrowie
51.9559385,20.1459194,-0.4775685425641053,-0.12525244538228095,-0.2506194882752446,-0.3284541804179847,1.660075285719791,-1.6600752857197907,zdrowie
51.1458551,20.9760087,-0.41861726951127803,-0.49908282083093486,-0.6352643638085506,-0.3284541804179847,0.5119043947956068,-0.5119043947956063,zdrowie
51.1923503,21.0261636,-0.4261177833328587,-0.49908282083093486,-0.6352643638085506,-0.3284541804179847,0.6138320058161446,-0.6138320058161446,zdrowie
50.9956752,20.7965306,-0.388039813218832,-0.49908282083093486,-0.6352643638085506,-0.3284541804179847,0.17233758158061618,-0.1723375815806159,zdrowie
51.1381217,20.5605777,-0.39987649935842273,-0.38693370819633865,-0.5497877248011492,-0.3284541804179847,0.29124620539730955,-0.29124620539730944,zdrowie
50.8694861,20.6093431,-0.3499768879539552,0.024279704797180595,0.7109927005580201,-0.3284541804179847,-0.13258402105681188,0.1325840210568123,zdrowie
50.8892579,20.6112442,-0.35472954388034217,-0.34955067065147327,0.3904553042802652,-0.3284541804179847,-0.09975981985728159,0.09975981985728159,zdrowie
50.8872679,20.6142315,-0.35449894261014103,-0.3121676331066079,0.5186702627913672,-0.3284541804179847,-0.10138224767737958,0.10138224767737969,zdrowie
50.8739467,20.6321796,-0.3528314041756418,0.09904577988691136,0.7537310200617208,-0.3284541804179847,-0.11302299506908223,0.11302299506908223,zdrowie
50.9411058,20.9576624,-0.3900772026044005,-0.38693370819633865,-0.5711568845529995,-0.3284541804179847,0.19183232126967995,-0.1918323212696797,zdrowie
50.0770361,20.0377522,2.6445338039730073,0.06166274234204598,0.41182446403211553,2.934068577178589,-1.6743721043825945,1.6743721043825948,zdrowie
50.0770188,20.0379622,2.638577615361381,0.06166274234204598,0.41182446403211553,2.9299211152076357,-1.6741385610898327,1.6741385610898327,zdrowie
50.082338,20.0222032,3.0761206920543884,0.09904577988691136,0.49730110303951686,3.198789434436261,-1.6892785172923885,1.6892785172923888,zdrowie
50.4685663,20.7051727,-0.2433822763563888,-0.3121676331066079,-0.3788344467863466,-0.3284541804179847,-0.6365274541888224,0.6365274541888226,zdrowie
50.4689121,20.7061289,-0.24376174863718703,-0.3121676331066079,-0.3788344467863466,-0.3284541804179847,-0.6352739010685535,0.635273901068554,zdrowie
51.0572666,21.0672966,-0.4126019401753739,-0.34955067065147327,-0.2506194882752446,-0.3284541804179847,0.4361730034932427,-0.43617300349324284,zdrowie
50.8687333,20.6140601,-0.35017438349265934,-0.013103332747684795,0.7109927005580201,-0.3284541804179847,-0.13124525971568804,0.13124525971568796,zdrowie
50.8698124,20.6195078,-0.35086304284818925,-0.013103332747684795,0.7109927005580201,-0.3284541804179847,-0.12656019792226442,0.12656019792226456,zdrowie
50.8656513,20.6168007,-0.34966550578269595,-0.12525244538228095,0.6682543810543194,-0.3284541804179847,-0.13469043021443008,0.1346904302144303,zdrowie
50.872213,20.6188186,-0.35137027958417716,0.13642881743177676,0.7751001798135712,-0.3284541804179847,-0.12309253702171624,0.1230925370217163,zdrowie
50.8707026,20.6299812,-0.3519072521757064,0.3233440051561037,0.7323618603098705,-0.3284541804179847,-0.11940590798323171,0.11940590798323183,zdrowie
50.8640102,20.6263483,-0.35005193474607454,-0.05048637029255018,0.5400394225432176,-0.3284541804179847,-0.1320755549317036,0.1320755549317038,zdrowie
50.8658771,20.6288082,-0.3506894944261454,0.24857793006637294,0.6682543810543194,-0.3284541804179847,-0.1277433519833038,0.12774335198330392,zdrowie
50.1281337,20.1044395,1.1522961577877038,-0.4616997832860695,-0.5925260443048499,1.0117888036223222,-1.566128665125054,1.566128665125054,zdrowie
50.1916008,20.2949313,0.25164112904062746,-0.3121676331066079,-0.5070494052974486,-0.3284541804179847,-1.3164388307102173,1.3164388307102175,zdrowie
50.1919593,20.2946652,0.2515533691002327,-0.3121676331066079,-0.5070494052974486,-0.3284541804179847,-1.3163886543778482,1.3163886543778485,zdrowie
50.8838282,20.6447494,-0.3560589643342737,-0.05048637029255018,0.6041469017987685,-0.3284541804179847,-0.09034576614474768,0.09034576614474792,zdrowie
51.693504,20.7211858,-0.4640483437997776,-0.38693370819633865,-0.5711568845529995,-0.3284541804179847,1.3063115670750085,-1.3063115670750083,zdrowie
50.8516706,20.6290388,-0.34734867988701196,-0.3121676331066079,0.21950202626546259,-0.3284541804179847,-0.1501976421811716,0.15019764218117154,zdrowie
50.8524201,20.6301523,-0.3476217396886276,-0.3121676331066079,0.21950202626546259,-0.3284541804179847,-0.1483849896553165,0.14838498965531657,zdrowie
50.6997132,20.4532486,-0.2830310987184792,-0.49908282083093486,-0.6352643638085506,-0.3284541804179847,-0.48913442968941145,0.4891344296894118,zdrowie
51.7638316,20.250902,-0.4647584089326969,-0.3121676331066079,-0.5070494052974486,-0.3284541804179847,1.3230819377371916,-1.3230819377371912,zdrowie
50.8898432,20.61238,-0.3549486810308938,-0.34955067065147327,0.3904553042802652,-0.3284541804179847,-0.0982151768940428,0.09821517689404285,zdrowie
50.8895846,20.611448,-0.35481962305914044,-0.34955067065147327,0.3904553042802652,-0.3284541804179847,-0.09912521355460965,0.09912521355460994,zdrowie
50.8864793,20.6273417,-0.35531577455222824,-0.2747845955617425,0.6896235408061698,-0.3284541804179847,-0.09562133271869108,0.09562133271869103,zdrowie
50.8916621,20.6379864,-0.35728796362342735,-0.23740155801687712,0.43319362378396586,-0.3284541804179847,-0.08154968210019825,0.08154968210019838,zdrowie
50.6138717,20.7435101,-0.29802073946893576,-0.34955067065147327,-0.5497877248011492,-0.3284541804179847,-0.42320475044750727,0.4232047504475075,zdrowie
50.0796355,20.0653022,1.9845371889946362,-0.4616997832860695,-0.10103537001229233,2.358029664720247,-1.64193539361426,1.64193539361426,zdrowie
50.7513779,20.6177777,-0.32000983221012363,-0.4243167457412041,-0.5711568845529995,-0.3284541804179847,-0.31354610296388963,0.31354610296388974,zdrowie
50.749221,20.6180996,-0.31942980172225904,-0.4243167457412041,-0.5711568845529995,-0.3284541804179847,-0.3166623335815038,0.3166623335815041,zdrowie
50.746935,20.6181184,-0.3187759513577099,-0.4243167457412041,-0.5711568845529995,-0.3284541804179847,-0.32015954729729795,0.3201595472972982,zdrowie
50.8622009,20.5841061,-0.34620619183727436,-0.4243167457412041,-0.10103537001229233,-0.3284541804179847,-0.15773889772867472,0.1577388977286749,zdrowie
50.0927524,20.0146802,3.0647044303209934,0.09904577988691136,0.34771698477656454,3.1925907312684925,-1.6889294687516683,1.6889294687516683,zdrowie
50.8628577,21.0878397,-0.3886224186473458,-0.4243167457412041,-0.5925260443048499,-0.3284541804179847,0.17787319129838075,-0.17787319129838064,zdrowie
50.8731547,20.5972566,-0.3498968825413994,-0.20001852047201174,0.30497866527286394,-0.3284541804179847,-0.13312574237377223,0.13312574237377223,zdrowie
51.6161371,20.5636811,-0.4557475905865284,-0.4243167457412041,-0.5711568845529995,-0.3284541804179847,1.1228294949233142,-1.1228294949233137,zdrowie
50.0785523,20.0249907,3.04178160512929,0.24857793006637294,0.5186702627913672,3.180026815423947,-1.6882219955314512,1.6882219955314512,zdrowie
51.5242119,20.2238322,-0.44341577646715785,-0.49908282083093486,-0.6352643638085506,-0.3284541804179847,0.8870229127111114,-0.887022912711111,zdrowie
50.8762559,20.6371057,-0.35375028816623194,0.024279704797180595,0.7323618603098705,-0.3284541804179847,-0.10662824890736776,0.106628248907368,zdrowie
50.8479578,20.6334098,-0.34683152817405244,-0.34955067065147327,0.04854874825065997,-0.3284541804179847,-0.15361977680994013,0.15361977680994035,zdrowie
50.8806067,20.6348482,-0.3545631521971644,-0.12525244538228095,0.7109927005580201,-0.3284541804179847,-0.10093080296470658,0.10093080296470688,zdrowie
50.882175,20.6381775,-0.3551772300238081,-0.20001852047201174,0.6896235408061698,-0.3284541804179847,-0.09660120153860971,0.09660120153861002,zdrowie
52.0483067,20.7802586,-0.48658234824703817,-0.49908282083093486,-0.6352643638085506,-0.3284541804179847,1.9443519099172606,-1.9443519099172606,zdrowie
50.059968,20.4906246,0.03318619449567875,-0.49908282083093486,-0.6352643638085506,-0.3284541804179847,-1.1482127876387014,1.1482127876387016,zdrowie
50.0745289,20.4551976,0.07559480575307317,-0.49908282083093486,-0.6138952040567002,-0.3284541804179847,-1.1894268559030838,1.189426855903084,zdrowie
51.8861138,20.2458293,-0.47342363753999667,-0.49908282083093486,-0.6352643638085506,-0.3284541804179847,1.5433487905723335,-1.5433487905723333,zdrowie
51.7792194,20.0760303,-0.46525168530496824,-0.4616997832860695,-0.6138952040567002,-0.3284541804179847,1.3348391264441595,-1.3348391264441588,zdrowie
51.8935737,20.0391246,-0.473330134371097,-0.49908282083093486,-0.6352643638085506,-0.3284541804179847,1.540806340809034,-1.540806340809034,zdrowie
51.9471689,20.0476884,-0.4768230664450725,-0.49908282083093486,-0.6352643638085506,-0.3284541804179847,1.638484441943417,-1.638484441943417,zdrowie
51.89051,20.424047,-0.4747000954491918,-0.49908282083093486,-0.6352643638085506,-0.3284541804179847,1.5784479506096931,-1.5784479506096927,zdrowie
51.7817474,20.0765028,-0.46544430416793636,-0.4616997832860695,-0.6138952040567002,-0.3284541804179847,1.3394542346555185,-1.339454234655518,zdrowie
50.2993967,20.8080613,-0.22519257868457243,-0.4616997832860695,-0.6138952040567002,-0.3284541804179847,-0.6936091374529737,0.6936091374529736,zdrowie
50.2881439,20.6470044,-0.15374250495908143,-0.49908282083093486,-0.6352643638085506,-0.3284541804179847,-0.8724166763091739,0.872416676309174,zdrowie
50.241663,20.602668,-0.11100249655315107,-0.4616997832860695,-0.6138952040567002,-0.3284541804179847,-0.9542100762634533,0.9542100762634536,zdrowie
50.2636957,20.4933319,-0.04828249160222863,-0.2747845955617425,-0.4643110857937479,-0.3284541804179847,-1.051142960112159,1.0511429601121591,zdrowie
50.268707,20.4841831,-0.04483603511542162,-0.20001852047201174,-0.4643110857937479,-0.3284541804179847,-1.0558303626438919,1.055830362643892,zdrowie
50.268999,20.4832865,-0.04436965912734389,-0.20001852047201174,-0.4643110857937479,-0.3284541804179847,-1.0564601674636733,1.0564601674636735,zdrowie
50.2733061,20.483313,-0.047335592317228,-0.2747845955617425,-0.4643110857937479,-0.3284541804179847,-1.0524366675473507,1.0524366675473507,zdrowie
50.2661799,20.4914349,-0.04850648661484644,-0.20001852047201174,-0.4643110857937479,-0.3284541804179847,-1.0508362713365547,1.0508362713365547,zdrowie
50.3194489,20.400448,-0.02543854306530514,-0.38693370819633865,-0.5711568845529995,-0.3284541804179847,-1.0811565475878948,1.081156547587895,zdrowie
50.2694484,20.483156,-0.044579710211051345,-0.20001852047201174,-0.4643110857937479,-0.3284541804179847,-1.0561766414450326,1.056176641445033,zdrowie
50.2694462,20.4840826,-0.045264361428109565,-0.20001852047201174,-0.4643110857937479,-0.3284541804179847,-1.055251001864538,1.055251001864538,zdrowie
50.8645848,21.0907118,-0.38909798583291005,-0.4243167457412041,-0.5711568845529995,-0.3284541804179847,0.18241485269112392,-0.18241485269112367,zdrowie
50.801718,20.4635654,-0.31936870577161597,-0.38693370819633865,-0.5711568845529995,-0.3284541804179847,-0.31698981352598604,0.31698981352598604,zdrowie
50.9461286,20.2530986,-0.3483113672506457,-0.38693370819633865,-0.5711568845529995,-0.3284541804179847,-0.14378926669852468,0.14378926669852468,zdrowie
50.8889909,20.7812112,-0.3678964069833604,-0.49908282083093486,-0.6352643638085506,-0.3284541804179847,-0.001689440118337048,0.0016894401183371074,zdrowie
50.9415569,20.4200827,-0.35480318765841173,-0.4616997832860695,-0.6138952040567002,-0.3284541804179847,-0.09924103598109553,0.09924103598109589,zdrowie
50.7607908,20.5947887,-0.320141722355489,-0.49908282083093486,-0.5284185650492988,-0.3284541804179847,-0.31283569285841534,0.3128356928584155,zdrowie
50.8492919,20.9360061,-0.3736661763453634,-0.4616997832860695,-0.6138952040567002,-0.3284541804179847,0.04494016144250213,-0.04494016144250207,zdrowie
50.7535546,20.4748467,-0.30492122737083377,-0.49908282083093486,-0.6352643638085506,-0.3284541804179847,-0.39057411483630994,0.39057411483631,zdrowie
50.6150036,20.752427,-0.29986019609781783,-0.34955067065147327,-0.5497877248011492,-0.3284541804179847,-0.4146549199521951,0.4146549199521954,zdrowie
50.7751248,21.0844053,-0.37560900550659176,-0.4243167457412041,-0.5925260443048499,-0.3284541804179847,0.06119018628961873,-0.06119018628961855,zdrowie
50.7773752,21.0862739,-0.3761274763854762,-0.4243167457412041,-0.5925260443048499,-0.3284541804179847,0.06557520147623438,-0.06557520147623404,zdrowie
50.6190975,20.748551,-0.30036312078307337,-0.34955067065147327,-0.5497877248011492,-0.3284541804179847,-0.4122988157198977,0.41229881571989807,zdrowie
50.8809631,20.4887008,-0.3437776841056323,-0.4616997832860695,-0.5711568845529995,-0.3284541804179847,-0.17354216744136983,0.17354216744136977,zdrowie
51.0110397,20.481505,-0.3734695203375557,-0.49908282083093486,-0.6352643638085506,-0.3284541804179847,0.043311100753287986,-0.04331110075328775,zdrowie
50.8009521,20.4687341,-0.31959081120219607,-0.38693370819633865,-0.5711568845529995,-0.3284541804179847,-0.3157986152404786,0.31579861524047875,zdrowie
50.9799166,20.5326688,-0.36959212140103626,-0.49908282083093486,-0.6352643638085506,-0.3284541804179847,0.011768594252635984,-0.011768594252635864,zdrowie
50.8923605,21.0910669,-0.3929535252632206,-0.4616997832860695,-0.6138952040567002,-0.3284541804179847,0.22001932904385288,-0.22001932904385268,zdrowie
50.949442,20.2509083,-0.34910652075755283,-0.38693370819633865,-0.5711568845529995,-0.3284541804179847,-0.13845848769353078,0.1384584876935309,zdrowie
50.8900094,21.087452,-0.39235327489598615,-0.4616997832860695,-0.5925260443048499,-0.3284541804179847,0.2140714382966439,-0.2140714382966439,zdrowie
50.8616063,21.0862279,-0.3883149676653902,-0.4243167457412041,-0.5925260443048499,-0.3284541804179847,0.17494809005362463,-0.1749480900536244,zdrowie
50.9770972,20.6610223,-0.3764511929273509,-0.49908282083093486,-0.6352643638085506,-0.3284541804179847,0.0683235504685624,-0.06832355046856221,zdrowie
50.7797334,20.6230127,-0.3284661077739724,-0.4616997832860695,-0.5925260443048499,-0.3284541804179847,-0.266581910626439,0.26658191062643916,zdrowie
50.8827885,20.4630322,-0.34248609004371217,-0.4243167457412041,-0.5711568845529995,-0.3284541804179847,-0.18182391230692,0.1818239123069202,zdrowie
50.6155707,20.7503137,-0.2996623403511044,-0.34955067065147327,-0.5497877248011492,-0.3284541804179847,-0.41557964608611464,0.4155796460861147,zdrowie
50.9487248,20.2491313,-0.3488516092689473,-0.38693370819633865,-0.5711568845529995,-0.3284541804179847,-0.14017116729621537,0.14017116729621562,zdrowie
50.6720448,21.0492315,-0.3554601677445841,-0.4616997832860695,-0.6138952040567002,-0.3284541804179847,-0.09459889910908079,0.09459889910908104,zdrowie
51.8066097,20.4718879,-0.4694257762594292,-0.38693370819633865,-0.5711568845529995,-0.3284541804179847,1.437987132554396,-1.4379871325543958,zdrowie
51.7640556,20.2550782,-0.4647982985048268,-0.3121676331066079,-0.5070494052974486,-0.3284541804179847,1.3240294241524064,-1.324029424152406,zdrowie
51.809497,20.475592,-0.469658335987061,-0.38693370819633865,-0.5711568845529995,-0.3284541804179847,1.4439339489690552,-1.443933948969055,zdrowie
51.7527175,20.3838229,-0.4647965840686518,-0.49908282083093486,-0.6352643638085506,-0.3284541804179847,1.3239886897864195,-1.3239886897864188,zdrowie
51.6995446,20.5308496,-0.4621078845989421,-0.49908282083093486,-0.6352643638085506,-0.3284541804179847,1.2613866590998732,-1.2613866590998732,zdrowie
51.7634443,20.2527621,-0.464739110936742,-0.3121676331066079,-0.5070494052974486,-0.3284541804179847,1.322623763731899,-1.322623763731899,zdrowie
51.7632903,20.2559607,-0.46474500594321044,-0.3121676331066079,-0.5070494052974486,-0.3284541804179847,1.3227637090207247,-1.3227637090207245,zdrowie
51.8329491,20.517755,-0.4716239810088956,-0.49908282083093486,-0.6352643638085506,-0.3284541804179847,1.4950837120758613,-1.4950837120758609,zdrowie
51.8048409,20.4691091,-0.4692786694717122,-0.38693370819633865,-0.5711568845529995,-0.3284541804179847,1.4342366856913866,-1.434236685691386,zdrowie
51.762435,20.2523907,-0.4646602738529102,-0.3121676331066079,-0.5070494052974486,-0.3284541804179847,1.3207534046779361,-1.3207534046779357,zdrowie
51.8072347,20.4722872,-0.4694727991075294,-0.38693370819633865,-0.5711568845529995,-0.3284541804179847,1.439187801601929,-1.4391878016019293,zdrowie
51.9557685,20.1443017,-0.47755374937860295,-0.12525244538228095,-0.2506194882752446,-0.3284541804179847,1.6596442025980789,-1.659644202598079,zdrowie
51.9536865,20.1607436,-0.4774685926718102,-0.38693370819633865,-0.27198864802709494,-0.3284541804179847,1.6571647670016934,-1.6571647670016927,zdrowie
51.9778118,20.1546845,-0.4789366636617267,-0.3121676331066079,-0.2506194882752446,-0.3284541804179847,1.7004128729407273,-1.7004128729407275,zdrowie
51.9815447,20.1563718,-0.4791675591675274,-0.38693370819633865,-0.3788344467863466,-0.3284541804179847,1.7073134886634993,-1.707313488663499,zdrowie
50.2899736,20.2982285,0.09273203962392426,-0.4616997832860695,-0.5925260443048499,-0.3284541804179847,-1.2046421687213402,1.2046421687213404,zdrowie
50.1897051,20.2858491,0.271136210126555,-0.3121676331066079,-0.5070494052974486,-0.3284541804179847,-1.3273334289093082,1.3273334289093084,zdrowie
50.253538,20.2341151,0.23063003516346126,-0.49908282083093486,-0.6352643638085506,-0.3284541804179847,-1.3041218908601864,1.3041218908601864,zdrowie
50.1480361,20.2347557,0.46723284026325423,-0.49908282083093486,-0.6352643638085506,-0.3284541804179847,-1.4147058693497516,1.4147058693497518,zdrowie
50.2157358,20.1867345,0.4073001840424329,-0.49908282083093486,-0.6352643638085506,-0.3284541804179847,-1.3916252807313068,1.391625280731307,zdrowie
50.2010864,20.3032719,0.22288163668321004,-0.49908282083093486,-0.5070494052974486,-0.3284541804179847,-1.2994202330885871,1.2994202330885873,zdrowie
50.1314186,20.37224,0.18075515927389602,-0.4243167457412041,-0.5925260443048499,-0.3284541804179847,-1.2722176568136951,1.2722176568136951,zdrowie
50.282889,20.2893,0.11224120081360471,-0.49908282083093486,-0.5925260443048499,-0.3284541804179847,-1.2210675711259285,1.221067571125929,zdrowie
50.192212,20.2927927,0.25448248630895987,-0.3121676331066079,-0.5070494052974486,-0.3284541804179847,-1.3180577705287313,1.3180577705287315,zdrowie
50.1673144,20.5763458,-0.06618437231388695,-0.4616997832860695,-0.6138952040567002,-0.3284541804179847,-1.0258148017783002,1.0258148017783006,zdrowie
50.1668266,20.5761802,-0.06591017708046756,-0.4616997832860695,-0.6138952040567002,-0.3284541804179847,-1.026215634577458,1.0262156345774582,zdrowie
50.1324197,20.3748424,0.17582979756715789,-0.4243167457412041,-0.5925260443048499,-0.3284541804179847,-1.2688433709797993,1.2688433709797997,zdrowie
50.2501895,20.178207,0.31873231481784275,-0.49908282083093486,-0.6352643638085506,-0.3284541804179847,-1.351981791297275,1.3519817912972751,zdrowie
50.1862209,20.29751,0.2552806998733572,-0.3121676331066079,-0.5070494052974486,-0.3284541804179847,-1.3185106304907077,1.3185106304907082,zdrowie
50.2411494,20.0812511,0.5023829410343221,-0.34955067065147327,-0.5497877248011492,-0.3284541804179847,-1.4270710223453928,1.4270710223453928,zdrowie
50.2451827,20.0838341,0.4796590400440058,-0.34955067065147327,-0.5497877248011492,-0.3284541804179847,-1.4191694935483472,1.4191694935483474,zdrowie
50.1349499,20.1139876,1.0407091220844875,-0.4616997832860695,-0.5925260443048499,0.7272157678766511,-1.5501043774366474,1.5501043774366476,zdrowie
50.2418834,20.0821808,0.49748471392092974,-0.34955067065147327,-0.5497877248011492,-0.3284541804179847,-1.4253955731651962,1.4253955731651964,zdrowie
50.2453925,20.0849431,0.47709068854263215,-0.34955067065147327,-0.5497877248011492,-0.3284541804179847,-1.4182553867159227,1.4182553867159229,zdrowie
52.0223459,20.0343525,-0.48137119537490736,-0.49908282083093486,-0.6352643638085506,-0.3284541804179847,1.7745667389779405,-1.77456673897794,zdrowie
50.1066687,20.2941073,0.358446733417612,-0.49908282083093486,-0.6352643638085506,-0.3284541804179847,-1.3706677644149532,1.3706677644149532,zdrowie
50.3256533,20.2348534,0.09074243973536363,-0.49908282083093486,-0.6352643638085506,-0.3284541804179847,-1.2029146447159615,1.2029146447159618,zdrowie
50.0907426,20.2445985,0.5177690288700534,-0.49908282083093486,-0.6352643638085506,-0.3284541804179847,-1.432238046977563,1.4322380469775635,zdrowie
50.0942504,20.0559018,2.032055336488464,-0.4616997832860695,0.0699179080025103,2.4091673756071237,-1.6448149545284927,1.6448149545284931,zdrowie
50.3842067,20.2672416,-0.01525163462221451,-0.49908282083093486,-0.6352643638085506,-0.3284541804179847,-1.0937798431264032,1.0937798431264034,zdrowie
50.3561534,20.0258354,0.14523574638464948,-0.16263548292714636,-0.42157276629004725,-0.3284541804179847,-1.2468799686801175,1.2468799686801177,zdrowie
50.4829142,20.0283944,-0.07105343699459893,-0.49908282083093486,-0.6352643638085506,-0.3284541804179847,-1.0186272564352654,1.0186272564352656,zdrowie
50.3559345,20.0285263,0.14501570821501197,-0.12525244538228095,-0.42157276629004725,-0.3284541804179847,-1.2467154379583112,1.2467154379583112,zdrowie
50.3551665,20.0295756,0.1465570239475898,-0.12525244538228095,-0.42157276629004725,-0.3284541804179847,-1.2478658872520183,1.2478658872520183,zdrowie
50.4461991,20.1413024,-0.04548994894801335,-0.4616997832860695,-0.6138952040567002,-0.3284541804179847,-1.0549455064760376,1.054945506476038,zdrowie
50.384216,20.1604994,0.03724931138820741,-0.49908282083093486,-0.6352643638085506,-0.3284541804179847,-1.1524004373191221,1.1524004373191223,zdrowie
50.3561797,20.0285911,0.1444120441745289,-0.12525244538228095,-0.42157276629004725,-0.3284541804179847,-1.2462635539739155,1.2462635539739155,zdrowie
50.3597261,20.040596,0.1325859198582927,-0.3121676331066079,-0.42157276629004725,-0.3284541804179847,-1.2372599289203194,1.2372599289203194,zdrowie
50.3560842,20.0268636,0.14512002020694023,-0.16263548292714636,-0.42157276629004725,-0.3284541804179847,-1.2467934480875855,1.2467934480875857,zdrowie
50.3570355,20.0227793,0.14393982741410963,-0.16263548292714636,-0.42157276629004725,-0.3284541804179847,-1.2459095535616007,1.2459095535616007,zdrowie
50.4442822,20.141383,-0.04305986978649676,-0.4616997832860695,-0.6138952040567002,-0.3284541804179847,-1.0582232587361453,1.0582232587361455,zdrowie
50.3551027,20.0281,0.14712912281390614,-0.16263548292714636,-0.42157276629004725,-0.3284541804179847,-1.2482916921417844,1.2482916921417848,zdrowie
50.0936688,20.0110427,3.152764053214174,0.09904577988691136,0.2836095055210136,3.239427118516004,-1.6915668224333797,1.6915668224333802,zdrowie
50.0923376,20.0225971,2.833463114663867,-0.08786940783741558,0.3904553042802652,3.058150149328444,-1.6813591290096783,1.6813591290096785,zdrowie
50.0942657,20.0047438,3.343518995094783,-0.16263548292714636,0.15539454700991162,3.3337043068407257,-1.6968755642971718,1.6968755642971722,zdrowie
50.0739967,20.0353624,2.7429258345018686,0.06166274234204598,0.41182446403211553,3.000440758813178,-1.678109517276381,1.6781095172763811,zdrowie
50.0790051,20.0110778,3.6115648865516694,-0.05048637029255018,0.4759319432876665,3.4517367679024047,-1.703521963903048,1.7035219639030483,zdrowie
50.0746651,20.0201796,3.285526689710374,-0.12525244538228095,0.43319362378396586,3.3060229072342775,-1.6953168266263692,1.6953168266263694,zdrowie
50.067794,20.0428586,2.5500827939308905,-0.20001852047201174,0.1340253872580613,2.8664498874535482,-1.6705645007056407,1.6705645007056409,zdrowie
50.0820901,20.0210309,3.1239517798602408,0.09904577988691136,0.49730110303951686,3.224346745783372,-1.6907176477022505,1.6907176477022505,zdrowie
50.0914582,20.0066057,3.3904596884446296,-0.08786940783741558,0.2622403457691633,3.355520720026096,-1.6981040449938603,1.6981040449938605,zdrowie
50.0831148,20.0318341,2.745231308063091,0.06166274234204598,0.5400394225432176,3.001949093340275,-1.6781944514878364,1.6781944514878366,zdrowie
50.0804331,20.0111262,3.5723854634355368,-0.08786940783741558,0.4759319432876665,3.435431509606536,-1.7026038159517423,1.7026038159517423,zdrowie
50.0738237,20.0270116,3.0272945366577115,-0.013103332747684795,0.4545627835358162,3.17200453188602,-1.6877702613079577,1.687770261307958,zdrowie
51.1889402,20.4102542,-0.4032345974446223,-0.12525244538228095,-0.35746528703449626,-0.3284541804179847,0.3276354528111139,-0.3276354528111137,zdrowie
51.1917619,20.4068682,-0.40359413699228125,-0.12525244538228095,-0.35746528703449626,-0.3284541804179847,0.33160666871884636,-0.331606668718846,zdrowie
51.0782477,20.5482973,-0.3893101887704643,-0.49908282083093486,-0.6352643638085506,-0.3284541804179847,0.1844481209762341,-0.18444812097623403,zdrowie
51.1364457,20.565122,-0.3997772441415306,-0.38693370819633865,-0.5497877248011492,-0.3284541804179847,0.2901895681107068,-0.29018956811070673,zdrowie
51.1363181,20.5284158,-0.39841155594837413,-0.49908282083093486,-0.5497877248011492,-0.3284541804179847,0.27575852620254765,-0.2757585262025475,zdrowie
51.1883603,20.4113224,-0.4031705940896689,-0.12525244538228095,-0.35746528703449626,-0.3284541804179847,0.32693006775411243,-0.32693006775411226,zdrowie
51.2615117,20.400203,-0.4139425258024947,-0.49908282083093486,-0.6352643638085506,-0.3284541804179847,0.452618037203526,-0.45261803720352595,zdrowie
51.1347448,20.1063817,-0.3876657582779137,-0.49908282083093486,-0.6352643638085506,-0.3284541804179847,0.1687998028025528,-0.1687998028025525,zdrowie
51.190867,20.3916461,-0.40305744484235134,-0.4243167457412041,-0.35746528703449626,-0.3284541804179847,0.32568418568506863,-0.32568418568506835,zdrowie
51.1927655,20.4082214,-0.40378882776437,-0.12525244538228095,-0.35746528703449626,-0.3284541804179847,0.3337632732113272,-0.333763273211327,zdrowie
51.1781377,20.4079729,-0.40143652514208494,-0.4616997832860695,-0.35746528703449626,-0.3284541804179847,0.30799510033027566,-0.30799510033027555,zdrowie
51.072204,20.2500796,-0.3777926269981118,-0.49908282083093486,-0.6352643638085506,-0.3284541804179847,0.07979908322711082,-0.07979908322711057,zdrowie
51.1928524,20.4091807,-0.4038277528222673,-0.12525244538228095,-0.35746528703449626,-0.3284541804179847,0.3341949722960584,-0.33419497229605827,zdrowie
51.1369204,20.559515,-0.3996445369302026,-0.38693370819633865,-0.5497877248011492,-0.3284541804179847,0.28877847839013127,-0.28877847839013093,zdrowie
51.1375873,20.5665748,-0.4000140258634326,-0.38693370819633865,-0.5497877248011492,-0.3284541804179847,0.29271203162160114,-0.2927120316216009,zdrowie
51.0547407,20.400297,-0.3789382170329522,-0.4616997832860695,-0.6138952040567002,-0.3284541804179847,0.0897113491373431,-0.08971134913734292,zdrowie
51.1931163,20.4031462,-0.4037121244689259,-0.05048637029255018,-0.35746528703449626,-0.3284541804179847,0.33291310453011974,-0.3329131045301195,zdrowie
51.2789321,20.4370533,-0.41719743690675776,-0.4616997832860695,-0.6138952040567002,-0.3284541804179847,0.49357051110539013,-0.49357051110538974,zdrowie
51.1078657,20.0238611,-0.38161008043341343,-0.49908282083093486,-0.6352643638085506,-0.3284541804179847,0.11324077142325273,-0.11324077142325267,zdrowie
51.6465781,20.9539935,-0.4643914076102739,-0.34955067065147327,-0.5284185650492988,-0.3284541804179847,1.3143915358726432,-1.3143915358726435,zdrowie
51.557687,20.867393,-0.4559944026811318,-0.49908282083093486,-0.6352643638085506,-0.3284541804179847,1.1279720009257808,-1.1279720009257808,zdrowie
51.6470408,20.9635529,-0.4645981114971997,-0.34955067065147327,-0.5497877248011492,-0.3284541804179847,1.3192802212970152,-1.319280221297015,zdrowie
51.6393768,21.089213,-0.4664485286545754,-0.49908282083093486,-0.6352643638085506,-0.3284541804179847,1.3637369615319683,-1.3637369615319688,zdrowie
51.6442962,20.9504866,-0.46416496186489603,-0.34955067065147327,-0.5497877248011492,-0.3284541804179847,1.3090534940401597,-1.3090534940401595,zdrowie
51.6712841,20.9402093,-0.4658900057439809,-0.49908282083093486,-0.5925260443048499,-0.3284541804179847,1.350185409767425,-1.3501854097674248,zdrowie
51.6246268,20.8217499,-0.4604240810907312,-0.49908282083093486,-0.6352643638085506,-0.3284541804179847,1.2234433192125156,-1.2234433192125158,zdrowie
51.5456771,20.9852895,-0.4575111361447235,-0.49908282083093486,-0.6352643638085506,-0.3284541804179847,1.1599756897631652,-1.1599756897631648,zdrowie
51.6634347,20.8535984,-0.4638647446035521,-0.49908282083093486,-0.6352643638085506,-0.3284541804179847,1.3020045613474995,-1.3020045613474993,zdrowie
52.0373073,20.7278572,-0.4855700783318086,-0.49908282083093486,-0.6138952040567002,-0.3284541804179847,1.9101207573177732,-1.9101207573177732,zdrowie
51.6171308,20.5669994,-0.45587637089763455,-0.38693370819633865,-0.5711568845529995,-0.3284541804179847,1.1255104697005227,-1.1255104697005227,zdrowie
51.6945786,20.7239932,-0.4641672174307192,-0.38693370819633865,-0.5711568845529995,-0.3284541804179847,1.3091065746616755,-1.3091065746616752,zdrowie
51.7767327,20.6951493,-0.46962875758790373,-0.4616997832860695,-0.6138952040567002,-0.3284541804179847,1.443176384012586,-1.4431763840125855,zdrowie
51.7996079,20.6222982,-0.47037047381613634,-0.49908282083093486,-0.6352643638085506,-0.3284541804179847,1.4622806960371262,-1.462280696037126,zdrowie
51.6179402,20.5634351,-0.4558967543001227,-0.4243167457412041,-0.5711568845529995,-0.3284541804179847,1.1259352662488402,-1.1259352662488398,zdrowie
51.8199675,20.9409475,-0.4755757985838766,-0.49908282083093486,-0.6352643638085506,-0.3284541804179847,1.6029565837397388,-1.6029565837397388,zdrowie
51.7328212,20.8522619,-0.4687265440896982,-0.49908282083093486,-0.6352643638085506,-0.3284541804179847,1.4202375345220022,-1.4202375345220022,zdrowie
51.7778099,20.6961372,-0.4697140590388148,-0.4616997832860695,-0.6138952040567002,-0.3284541804179847,1.4453620948960708,-1.4453620948960706,zdrowie
51.9447205,20.9521731,-0.48284029587855143,-0.49908282083093486,-0.6352643638085506,-0.3284541804179847,1.820853473303349,-1.8208534733033488,zdrowie
51.3566431,20.6309155,-0.43147572474753854,-0.3121676331066079,-0.5284185650492988,-0.3284541804179847,0.6923224254339456,-0.6923224254339457,zdrowie
51.4353339,20.5857113,-0.43907778885688165,-0.49908282083093486,-0.6352643638085506,-0.3284541804179847,0.8128658907472452,-0.8128658907472452,zdrowie
51.3977689,20.4713642,-0.4327959732639237,-0.49908282083093486,-0.6352643638085506,-0.3284541804179847,0.7124530255249681,-0.7124530255249679,zdrowie
51.5206634,20.5552977,-0.4470570833354052,-0.49908282083093486,-0.6352643638085506,-0.3284541804179847,0.9525976616008951,-0.9525976616008948,zdrowie
51.3578459,20.6275131,-0.43153026606480077,-0.3121676331066079,-0.5284185650492988,-0.3284541804179847,0.6931476617468705,-0.6931476617468701,zdrowie
51.3198287,20.684936,-0.4286395672941551,-0.49908282083093486,-0.6352643638085506,-0.3284541804179847,0.6501497283392579,-0.6501497283392574,zdrowie
51.5328901,20.6319046,-0.4494634110563531,-0.49908282083093486,-0.6352643638085506,-0.3284541804179847,0.9977165841999489,-0.9977165841999489,zdrowie
51.3585912,20.6297903,-0.4316698255695444,-0.3121676331066079,-0.5284185650492988,-0.3284541804179847,0.695261753162025,-0.6952617531620243,zdrowie
50.8536859,20.5632838,-0.3423993733007854,-0.4616997832860695,-0.5497877248011492,-0.3284541804179847,-0.18237692494759714,0.18237692494759714,zdrowie
50.894725,20.662286,-0.3598002428103464,-0.3121676331066079,-0.12240452976414266,-0.3284541804179847,-0.0632846178711323,0.06328461787113261,zdrowie
50.8717787,20.6046401,-0.35014851606735414,-0.12525244538228095,0.5614085822950678,-0.3284541804179847,-0.13142072925732892,0.13142072925732903,zdrowie
50.8723804,20.6436289,-0.35338539413062264,0.06166274234204598,0.7751001798135712,-0.3284541804179847,-0.1091734293647372,0.10917342936473727,zdrowie
50.8898616,20.6479618,-0.3576472578371347,-0.20001852047201174,0.3904553042802652,-0.3284541804179847,-0.07896106191059009,0.07896106191059016,zdrowie
50.8831273,20.5941039,-0.35201497552256605,-0.34955067065147327,0.1340253872580613,-0.3284541804179847,-0.1186643729908231,0.11866437299082333,zdrowie
50.8687031,20.6018961,-0.3491994817981332,-0.16263548292714636,0.5400394225432176,-0.3284541804179847,-0.13783302906209435,0.13783302906209452,zdrowie
50.8720261,20.6022189,-0.35001687956895183,-0.16263548292714636,0.5186702627913672,-0.3284541804179847,-0.13231310358001896,0.13231310358001908,zdrowie
50.8597714,20.6351421,-0.3497780800914352,-0.12525244538228095,0.43319362378396586,-0.3284541804179847,-0.1339295120562872,0.13392951205628725,zdrowie
50.8794824,20.6476914,-0.35531482813509724,-0.08786940783741558,0.6255160615506188,-0.3284541804179847,-0.09562803016163463,0.09562803016163486,zdrowie
50.8906948,20.6696649,-0.35949311730653694,-0.3121676331066079,-0.12240452976414266,-0.3284541804179847,-0.06553830740427725,0.06553830740427743,zdrowie
50.8966054,20.6739228,-0.361086259731508,-0.34955067065147327,-0.29335780777894527,-0.3284541804179847,-0.0537839066260307,0.053783906626030935,zdrowie
50.8790665,20.5877007,-0.35056772944017495,-0.3121676331066079,0.04854874825065997,-0.3284541804179847,-0.12857247865510543,0.1285724786551055,zdrowie
50.8782482,20.60951,-0.3520512875656017,-0.16263548292714636,0.5614085822950678,-0.3284541804179847,-0.11841426446661085,0.11841426446661114,zdrowie
50.8622343,20.5930871,-0.34693479638320435,-0.38693370819633865,0.21950202626546259,-0.3284541804179847,-0.15293755681387744,0.15293755681387755,zdrowie
50.8865645,20.6561725,-0.3575513718362454,-0.20001852047201174,0.2836095055210136,-0.3284541804179847,-0.07965265737923484,0.07965265737923508,zdrowie
50.8602978,20.5902361,-0.34623168276383154,-0.4243167457412041,0.11265622750621096,-0.3284541804179847,-0.15757139047125213,0.15757139047125224,zdrowie
50.887288,20.6674923,-0.35858687134339695,-0.3121676331066079,0.02717958849880964,-0.3284541804179847,-0.07215440839715635,0.07215440839715648,zdrowie
51.3760502,20.9748421,-0.4428288245715023,-0.4616997832860695,-0.6138952040567002,-0.3284541804179847,0.8767439006877453,-0.876743900687745,zdrowie
51.4682128,20.9031754,-0.44924488166963517,-0.4616997832860695,-0.6138952040567002,-0.3284541804179847,0.9935581869761096,-0.9935581869761096,zdrowie
51.4655711,20.9057774,-0.4490759547906644,-0.4616997832860695,-0.6138952040567002,-0.3284541804179847,0.9903521341298416,-0.990352134129841,zdrowie
51.3242797,21.0722782,-0.44108123087476075,-0.49908282083093486,-0.6352643638085506,-0.3284541804179847,0.8465993263015931,-0.8465993263015928,zdrowie
51.4404829,20.9993918,-0.44926485682330897,-0.4616997832860695,-0.6138952040567002,-0.3284541804179847,0.9939377811361679,-0.9939377811361678,zdrowie
50.8004514,20.4616951,-0.31881103447618575,-0.38693370819633865,-0.5711568845529995,-0.3284541804179847,-0.31997231852043334,0.3199723185204335,zdrowie
50.9377473,20.9583018,-0.389615499479489,-0.38693370819633865,-0.5711568845529995,-0.3284541804179847,0.1873808451952535,-0.18738084519525333,zdrowie
50.4730089,20.7167908,-0.2480210154345429,-0.16263548292714636,-0.3788344467863466,-0.3284541804179847,-0.6210164070653568,0.6210164070653569,zdrowie
50.3470429,20.6766347,-0.18938200279830725,-0.4243167457412041,-0.5925260443048499,-0.3284541804179847,-0.7910754338264948,0.791075433826495,zdrowie
50.4689917,20.7228672,-0.24827351781324827,-0.20001852047201174,-0.3788344467863466,-0.3284541804179847,-0.6201602227594623,0.6201602227594625,zdrowie
50.3490227,20.6729739,-0.18865969957768536,-0.4243167457412041,-0.5925260443048499,-0.3284541804179847,-0.792865168441854,0.7928651684418542,zdrowie
50.3697447,20.8889373,-0.2664561928861739,-0.4616997832860695,-0.6138952040567002,-0.3284541804179847,-0.5550609343314108,0.5550609343314109,zdrowie
50.4558513,20.7213226,-0.2434241342173372,-0.4616997832860695,-0.3788344467863466,-0.3284541804179847,-0.6363893127283714,0.6363893127283718,zdrowie
50.4017819,21.0385724,-0.30838190750098204,-0.4616997832860695,-0.6138952040567002,-0.3284541804179847,-0.37362060603646363,0.37362060603646374,zdrowie
50.3486733,20.674776,-0.1892501462680636,-0.4243167457412041,-0.5925260443048499,-0.3284541804179847,-0.7914026239530194,0.7914026239530195,zdrowie
50.5174837,20.9932874,-0.319630184130992,-0.49908282083093486,-0.6352643638085506,-0.3284541804179847,-0.31558725036897006,0.31558725036897023,zdrowie
50.3145132,20.9137168,-0.2625500693938601,-0.49908282083093486,-0.6352643638085506,-0.3284541804179847,-0.5696441671523383,0.5696441671523385,zdrowie
50.264194,20.4927468,-0.04817410075880081,-0.2747845955617425,-0.4643110857937479,-0.3284541804179847,-1.0512912763519653,1.0512912763519653,zdrowie
50.2727411,20.4834356,-0.04703802136559111,-0.2747845955617425,-0.4643110857937479,-0.3284541804179847,-1.0528423047456112,1.0528423047456112,zdrowie
50.3199193,20.3988708,-0.024788429374838425,-0.38693370819633865,-0.5711568845529995,-0.3284541804179847,-1.0819755902255197,1.08197559022552,zdrowie
50.3676837,20.3520817,-0.042727780785018765,-0.4616997832860695,-0.6138952040567002,-0.3284541804179847,-1.058668953871247,1.0586689538712473,zdrowie
51.978448,20.3508181,-0.4797257821766311,-0.49908282083093486,-0.6352643638085506,-0.3284541804179847,1.72410961843511,-1.72410961843511,zdrowie
52.0477359,20.4325667,-0.48411538639622803,-0.49908282083093486,-0.6352643638085506,-0.3284541804179847,1.8620099932449712,-1.862009993244971,zdrowie
51.997019,20.2869197,-0.4805347968958351,-0.49908282083093486,-0.6352643638085506,-0.3284541804179847,1.7487391213298358,-1.7487391213298356,zdrowie
51.9733122,20.5146045,-0.48039814408692233,-0.38693370819633865,-0.5711568845529995,-0.3284541804179847,1.7445547597550193,-1.7445547597550193,zdrowie
52.0204108,20.3661259,-0.48224635586038717,-0.49908282083093486,-0.6352643638085506,-0.3284541804179847,1.801996742349708,-1.801996742349708,zdrowie
51.9736779,20.5210882,-0.4804643843716098,-0.38693370819633865,-0.5711568845529995,-0.3284541804179847,1.7465818301615206,-1.7465818301615206,zdrowie
52.003058,20.5567292,-0.4823957234773805,-0.49908282083093486,-0.6352643638085506,-0.3284541804179847,1.8067204430274026,-1.8067204430274024,zdrowie
51.9723307,20.5170502,-0.48035775259666375,-0.38693370819633865,-0.5711568845529995,-0.3284541804179847,1.7433198448610976,-1.7433198448610976,zdrowie
50.5186819,20.528312,-0.21705165845689042,-0.3121676331066079,-0.5284185650492988,-0.3284541804179847,-0.7173828682118034,0.7173828682118035,zdrowie
50.4953949,20.4641915,-0.18707598780265242,-0.49908282083093486,-0.6352643638085506,-0.3284541804179847,-0.7967672039457304,0.7967672039457305,zdrowie
50.4483742,20.5892847,-0.20085559755611523,-0.4616997832860695,-0.6138952040567002,-0.3284541804179847,-0.761769254137945,0.761769254137945,zdrowie
50.5197732,20.525951,-0.2169795934025383,-0.34955067065147327,-0.5284185650492988,-0.3284541804179847,-0.7175887617956359,0.7175887617956359,zdrowie
50.3833391,20.592673,-0.17095018164465034,-0.49908282083093486,-0.6352643638085506,-0.3284541804179847,-0.8348447371889454,0.8348447371889456,zdrowie
50.5148761,20.5408019,-0.21844162646411897,-0.4616997832860695,-0.5284185650492988,-0.3284541804179847,-0.7133962934617785,0.7133962934617786,zdrowie
50.606926,20.5732418,-0.2653614859243578,-0.49908282083093486,-0.6352643638085506,-0.3284541804179847,-0.5591826614235995,0.5591826614235995,zdrowie
50.5208004,20.5265656,-0.2176412508281299,-0.34955067065147327,-0.5284185650492988,-0.3284541804179847,-0.7156954291557825,0.7156954291557825,zdrowie
50.5212896,20.5234299,-0.21707983179737922,-0.34955067065147327,-0.5284185650492988,-0.3284541804179847,-0.7173023542477033,0.7173023542477034,zdrowie
50.4504387,21.0636074,-0.3210217759279173,-0.49908282083093486,-0.6352643638085506,-0.3284541804179847,-0.3080779684837291,0.3080779684837292,zdrowie
50.0826808,21.0258917,-0.27456901160047137,-0.49908282083093486,-0.6352643638085506,-0.3284541804179847,-0.523640923843242,0.5236409238432425,zdrowie
51.97358,21.0415737,-0.4853852111310589,-0.49908282083093486,-0.6352643638085506,-0.3284541804179847,1.9039367002233891,-1.9039367002233891,zdrowie
51.0500848,21.0777924,-0.4123219071345178,-0.23740155801687712,-0.2506194882752446,-0.3284541804179847,0.43276807793331906,-0.43276807793331884,zdrowie
51.3779761,20.2774778,-0.4274188000212309,-0.08786940783741558,-0.4002036065381969,-0.3284541804179847,0.6324333136105114,-0.6324333136105111,zdrowie
51.2484101,20.1710046,-0.4080596953151688,-0.4616997832860695,-0.6138952040567002,-0.3284541804179847,0.3821940927777116,-0.38219409277771166,zdrowie
51.2473792,20.172171,-0.40791319228957634,-0.4616997832860695,-0.6138952040567002,-0.3284541804179847,0.3804964115011677,-0.38049641150116753,zdrowie
51.3910185,20.1409146,-0.427679374845011,-0.49908282083093486,-0.6352643638085506,-0.3284541804179847,0.6361933823021689,-0.6361933823021686,zdrowie
51.5329132,20.3631591,-0.4456260097324019,-0.4616997832860695,-0.6138952040567002,-0.3284541804179847,0.9264481032911172,-0.9264481032911167,zdrowie
51.5310575,20.3698499,-0.44551852333496805,-0.4616997832860695,-0.6138952040567002,-0.3284541804179847,0.9245040749482687,-0.9245040749482688,zdrowie
51.3035395,20.110707,-0.4157169391466107,-0.4616997832860695,-0.6138952040567002,-0.3284541804179847,0.4747602612504227,-0.47476026125042253,zdrowie
51.3739642,20.0391342,-0.4249337785933591,-0.49908282083093486,-0.6352643638085506,-0.3284541804179847,0.5971491134674818,-0.5971491134674813,zdrowie
51.4386865,20.4603539,-0.43717718146277257,-0.49908282083093486,-0.5711568845529995,-0.3284541804179847,0.7816489594166154,-0.7816489594166152,zdrowie
51.4497652,20.4673608,-0.4384872099361955,-0.4243167457412041,-0.5711568845529995,-0.3284541804179847,0.803085295959699,-0.803085295959699,zdrowie
51.4495064,20.4734898,-0.4385591285570527,-0.4243167457412041,-0.5711568845529995,-0.3284541804179847,0.8042724269261342,-0.8042724269261345,zdrowie
51.2986466,20.2960064,-0.4172253008674701,-0.49908282083093486,-0.6352643638085506,-0.3284541804179847,0.493927514036265,-0.49392751403626495,zdrowie
51.4510403,20.4799974,-0.43882943006969083,-0.4243167457412041,-0.5711568845529995,-0.3284541804179847,0.8087438767735735,-0.8087438767735731,zdrowie
50.1465494,20.6929169,-0.13997363819106318,-0.49908282083093486,-0.6352643638085506,-0.3284541804179847,-0.900439539803394,0.9004395398033942,zdrowie
50.1198486,20.6362387,-0.10018662562488906,-0.49908282083093486,-0.6352643638085506,-0.3284541804179847,-0.9726745678975783,0.9726745678975783,zdrowie
50.0629135,20.7033684,-0.1401562758779083,-0.4616997832860695,-0.6138952040567002,-0.3284541804179847,-0.9000789000012872,0.9000789000012873,zdrowie
50.0675147,20.7096292,-0.14380722076391142,-0.4616997832860695,-0.6138952040567002,-0.3284541804179847,-0.892808602564708,0.8928086025647082,zdrowie
50.2413151,20.7248075,-0.1766567555515826,-0.49908282083093486,-0.6352643638085506,-0.3284541804179847,-0.821704459447963,0.8217044594479632,zdrowie
51.0489348,21.0808536,-0.4123556572136348,-0.16263548292714636,-0.2506194882752446,-0.3284541804179847,0.4331778962610969,-0.43317789626109693,zdrowie
51.538057,20.0111095,-0.44381142130854034,-0.2747845955617425,-0.29335780777894527,-0.3284541804179847,0.8939962919356736,-0.8939962919356732,zdrowie
51.5281217,20.0117412,-0.44278430642545286,-0.05048637029255018,-0.29335780777894527,-0.3284541804179847,0.8759674815955483,-0.8759674815955484,zdrowie
51.5247488,20.0036461,-0.442417524080065,-0.16263548292714636,-0.29335780777894527,-0.3284541804179847,0.8695877051790581,-0.8695877051790579,zdrowie
51.5294519,20.0325865,-0.4429683790938601,-0.4243167457412041,-0.29335780777894527,-0.3284541804179847,0.879180723732602,-0.8791807237326024,zdrowie
51.5453797,20.0057999,-0.4445513052775045,-0.4616997832860695,-0.29335780777894527,-0.3284541804179847,0.907134568872404,-0.907134568872404,zdrowie
51.5296357,20.0205869,-0.44295973920933085,-0.20001852047201174,-0.29335780777894527,-0.3284541804179847,0.8790297301254932,-0.8790297301254936,zdrowie
51.4783794,20.028994,-0.4374614346374008,-0.49908282083093486,-0.6352643638085506,-0.3284541804179847,0.7862702361280968,-0.7862702361280963,zdrowie
51.5955512,20.2902028,-0.4509061531897649,-0.49908282083093486,-0.6352643638085506,-0.3284541804179847,1.0254841534523145,-1.025484153452314,zdrowie
51.6080034,20.0528298,-0.45076660401593305,-0.49908282083093486,-0.6352643638085506,-0.3284541804179847,1.0227742914019624,-1.022774291401962,zdrowie
51.6555963,20.1569983,-0.4554547694781573,-0.49908282083093486,-0.6352643638085506,-0.3284541804179847,1.116751728768041,-1.1167517287680406,zdrowie
51.9524045,20.152598,-0.477366116599755,-0.16263548292714636,-0.27198864802709494,-0.3284541804179847,1.6541857640213116,-1.6541857640213111,zdrowie
51.0517379,21.0809838,-0.41269887279762085,-0.23740155801687712,-0.2506194882752446,-0.3284541804179847,0.4373540280257998,-0.43735402802579987,zdrowie
50.0956061,20.450992,0.0785031136757514,-0.49908282083093486,-0.6138952040567002,-0.3284541804179847,-1.1920634450276386,1.1920634450276388,zdrowie
50.1778483,20.9754487,-0.26336910412624975,-0.20001852047201174,-0.4429419260418976,-0.3284541804179847,-0.5666147101692363,0.5666147101692364,zdrowie
50.1754238,20.9857343,-0.26634040566050154,-0.16263548292714636,-0.4429419260418976,-0.3284541804179847,-0.555498182930085,0.5554981829300852,zdrowie
50.1743502,20.9855082,-0.2661908151533095,-0.16263548292714636,-0.4429419260418976,-0.3284541804179847,-0.5560626291560086,0.5560626291560089,zdrowie
50.1755082,20.9893937,-0.26745739828467735,-0.20001852047201174,-0.4429419260418976,-0.3284541804179847,-0.5512672298178909,0.5512672298178908,zdrowie
50.3096048,21.0761304,-0.30392654396137936,-0.38693370819633865,-0.5711568845529995,-0.3284541804179847,-0.3953727172865485,0.3953727172865489,zdrowie
50.3086829,21.0718962,-0.3028425912202756,-0.38693370819633865,-0.5711568845529995,-0.3284541804179847,-0.4005649412674076,0.40056494126740777,zdrowie
50.3077078,21.0739782,-0.3032072226929618,-0.38693370819633865,-0.5711568845529995,-0.3284541804179847,-0.39882261226587423,0.3988226122658745,zdrowie
50.2029475,20.9281197,-0.2505712219346051,-0.49908282083093486,-0.6352643638085506,-0.3284541804179847,-0.6123117106565995,0.6123117106565997,zdrowie
50.2452098,20.7762327,-0.20044971556586702,-0.49908282083093486,-0.6352643638085506,-0.3284541804179847,-0.7628349528765899,0.76283495287659,zdrowie
50.0808236,20.0686724,1.9170850760547167,-0.4616997832860695,-0.1651428492678433,2.28211911399003,-1.6376608758255349,1.637660875825535,zdrowie
50.0843314,20.0276531,2.853882462898389,-0.013103332747684795,0.5400394225432176,3.070747081292141,-1.68206846136525,1.6820684613652501,zdrowie
50.0389344,20.2174191,0.6210013474831442,-0.4243167457412041,-0.5497877248011492,-0.3284541804179847,-1.4635279008054798,1.46352790080548,zdrowie
51.1178957,20.8692121,-0.41011060396301763,-0.08786940783741558,-0.2506194882752446,-0.3284541804179847,0.4062405191111126,-0.40624051911111264,zdrowie
50.8241384,20.5276142,-0.3315503959609737,-0.49908282083093486,-0.6352643638085506,-0.3284541804179847,-0.24870590139637747,0.24870590139637747,zdrowie
50.4798768,20.3303357,-0.13635604338171836,-0.49908282083093486,-0.6352643638085506,-0.3284541804179847,-0.9075238932762122,0.9075238932762125,zdrowie
50.6475543,20.285095,-0.23784327800883323,-0.38693370819633865,-0.4429419260418976,-0.3284541804179847,-0.6545229616105293,0.6545229616105294,zdrowie
51.0457238,21.0836379,-0.4121272338060863,-0.16263548292714636,-0.2506194882752446,-0.3284541804179847,0.4304071422537174,-0.430407142253717,zdrowie
51.2729736,20.4426975,-0.4165043016826034,-0.4616997832860695,-0.6138952040567002,-0.3284541804179847,0.4847254232536191,-0.484725423253619,zdrowie
50.9312924,20.5671429,-0.36113613086250823,-0.49908282083093486,-0.6352643638085506,-0.3284541804179847,-0.05341338085718013,0.05341338085718037,zdrowie
51.0444455,21.0830731,-0.41194165174431885,-0.16263548292714636,-0.2506194882752446,-0.3284541804179847,0.4281611039491187,-0.42816110394911855,zdrowie
52.0048487,20.9052376,-0.48550830398638944,-0.49908282083093486,-0.6138952040567002,-0.3284541804179847,1.908052026983579,-1.908052026983579,zdrowie
50.5913071,21.0015697,-0.3347644922855393,-0.4616997832860695,-0.6138952040567002,-0.3284541804179847,-0.22962898773221388,0.229628987732214,zdrowie
50.0625112,20.0108735,3.8095016563101822,-0.4243167457412041,0.15539454700991162,3.529678578855439,-1.7079108618124867,1.707910861812487,zdrowie
50.1895153,20.7555965,-0.1801260391134618,-0.49908282083093486,-0.6352643638085506,-0.3284541804179847,-0.8135397729327338,0.8135397729327339,zdrowie
50.6440513,20.3030301,-0.23831249459013068,-0.2747845955617425,-0.4429419260418976,-0.3284541804179847,-0.6530201228837562,0.6530201228837565,zdrowie
50.9412599,20.9571311,-0.3900628149998531,-0.38693370819633865,-0.5711568845529995,-0.3284541804179847,0.19169330343759622,-0.1916933034375959,zdrowie
51.1192449,20.8770985,-0.4106634331743579,-0.16263548292714636,-0.2506194882752446,-0.3284541804179847,0.41281321061981696,-0.41281321061981663,zdrowie
50.2898677,20.3012539,0.09001052877112548,-0.4616997832860695,-0.5925260443048499,-0.3284541804179847,-1.202276623279762,1.2022766232797624,zdrowie
50.8832077,20.4626751,-0.342572497799771,-0.4616997832860695,-0.5711568845529995,-0.3284541804179847,-0.1812724942051384,0.18127249420513836,zdrowie
50.0368192,20.0510368,2.142995393501055,-0.49908282083093486,-0.6138952040567002,2.521651756853843,-1.6511489421490233,1.6511489421490235,zdrowie
50.0207723,20.0496489,1.9369592270669216,-0.49908282083093486,-0.6138952040567002,2.304905531028406,-1.6389439773711687,1.638943977371169,zdrowie
50.2414277,20.6028762,-0.1110367828814988,-0.4616997832860695,-0.6138952040567002,-0.3284541804179847,-0.9541502351361713,0.9541502351361714,zdrowie
50.0900445,20.0067972,3.438379052039065,-0.08786940783741558,0.2836095055210136,3.377268365871976,-1.6993286534064835,1.6993286534064838,zdrowie
51.0415042,21.0843041,-0.4116576533256534,-0.2747845955617425,-0.2506194882752446,-0.3284541804179847,0.42473270479255415,-0.42473270479255415,zdrowie
51.0409838,21.0834717,-0.41154743084150647,-0.2747845955617425,-0.2506194882752446,-0.3284541804179847,0.42340494920551097,-0.4234049492055111,zdrowie
50.8636467,20.6347746,-0.3506544640211038,-0.05048637029255018,0.5400394225432176,-0.3284541804179847,-0.12798196653151706,0.12798196653151733,zdrowie
50.0417944,20.2378114,0.5437428883047049,-0.49908282083093486,-0.5497877248011492,-0.3284541804179847,-1.4406442614691661,1.4406442614691661,zdrowie
50.0847595,20.0211259,3.063086289724954,0.13642881743177676,0.4759319432876665,3.1917089977871287,-1.6888798184011602,1.6888798184011604,zdrowie
50.559455,20.0387411,-0.15053182259745498,-0.4616997832860695,-0.6138952040567002,-0.3284541804179847,-0.879105926219613,0.8791059262196131,zdrowie
50.6799655,20.1064168,-0.23891215872410895,-0.49908282083093486,-0.6352643638085506,-0.3284541804179847,-0.6510937341062721,0.6510937341062724,zdrowie
50.5834773,20.4491251,-0.231230938710426,-0.49908282083093486,-0.6352643638085506,-0.3284541804179847,-0.6752906309581338,0.6752906309581338,zdrowie
50.364939,20.3528692,-0.0403573964665872,-0.4616997832860695,-0.6138952040567002,-0.3284541804179847,-1.0618347723425925,1.0618347723425925,zdrowie
52.022224,21.040331,-0.48780389486783804,-0.49908282083093486,-0.5711568845529995,-0.3284541804179847,1.986510246382243,-1.9865102463822428,zdrowie
50.0860116,20.0175268,3.161662061179468,0.21119489252150753,0.4545627835358162,3.244037611010857,-1.6918264389424746,1.6918264389424749,zdrowie
51.1176192,20.8567628,-0.4094848803503009,-0.23740155801687712,-0.2506194882752446,-0.3284541804179847,0.39884809637005253,-0.39884809637005225,zdrowie
51.1117934,20.8664449,-0.40916035928397654,-0.23740155801687712,-0.2506194882752446,-0.3284541804179847,0.39503360461485826,-0.39503360461485804,zdrowie
50.8638896,20.2006039,-0.32203403040640033,-0.49908282083093486,-0.6352643638085506,-0.3284541804179847,-0.3025677900270588,0.30256779002705897,zdrowie
50.1334611,20.8841849,-0.22877054008240685,-0.38693370819633865,-0.5711568845529995,-0.3284541804179847,-0.6828273729641495,0.6828273729641497,zdrowie
50.132739,20.8888257,-0.23048351753346408,-0.38693370819633865,-0.5711568845529995,-0.3284541804179847,-0.6775908663377742,0.6775908663377744,zdrowie
50.0297595,20.2217712,0.5933031895282557,-0.4243167457412041,-0.5497877248011492,-0.3284541804179847,-1.4556656023799222,1.4556656023799224,zdrowie
50.885798,20.6568457,-0.3574346768779073,-0.20001852047201174,0.2622403457691633,-0.3284541804179847,-0.08049359232728936,0.08049359232728943,zdrowie
51.9763797,20.5242954,-0.48064390030160176,-0.38693370819633865,-0.5711568845529995,-0.3284541804179847,1.7520870063921474,-1.7520870063921468,zdrowie
50.8119197,20.2634884,-0.30756331451563035,-0.4616997832860695,-0.6138952040567002,-0.3284541804179847,-0.37766749842265124,0.37766749842265146,zdrowie
50.8121517,20.2638913,-0.307670564323937,-0.4616997832860695,-0.6138952040567002,-0.3284541804179847,-0.37713859227078345,0.3771385922707835,zdrowie
50.9410677,20.4211609,-0.3547417257782911,-0.4616997832860695,-0.6138952040567002,-0.3284541804179847,-0.09967402626247507,0.09967402626247542,zdrowie
50.8628545,20.6799673,-0.35420914296772793,-0.49908282083093486,-0.4002036065381969,-0.3284541804179847,-0.10341679170068474,0.10341679170068474,zdrowie
50.8029207,20.8055451,-0.35272246848017214,-0.4616997832860695,-0.6138952040567002,-0.3284541804179847,-0.11377790757228883,0.11377790757228876,zdrowie
50.8481498,20.6232619,-0.34601164873339185,-0.34955067065147327,0.11265622750621096,-0.3284541804179847,-0.15901616543145664,0.15901616543145689,zdrowie
50.7797525,20.6231169,-0.3284821687802874,-0.4616997832860695,-0.5925260443048499,-0.3284541804179847,-0.2664898900790101,0.26648989007901025,zdrowie
50.7740884,21.0825876,-0.3752753119313081,-0.4243167457412041,-0.5925260443048499,-0.3284541804179847,0.058378821771781726,-0.05837882177178167,zdrowie
50.1732751,20.9825619,-0.2652093688338963,-0.16263548292714636,-0.4429419260418976,-0.3284541804179847,-0.559753247233155,0.5597532472331551,zdrowie
51.358042,20.6322175,-0.4316661494500217,-0.3121676331066079,-0.5284185650492988,-0.3284541804179847,0.6952060201903276,-0.695206020190327,zdrowie
50.861096,20.748679,-0.3596299304789655,-0.49908282083093486,-0.6352643638085506,-0.3284541804179847,-0.06453509354573352,0.06453509354573393,zdrowie
50.6185342,20.7493481,-0.30033770026427564,-0.34955067065147327,-0.5497877248011492,-0.3284541804179847,-0.41241809801963214,0.4124180980196324,zdrowie
51.2278904,20.864295,-0.4236827828806769,-0.34955067065147327,-0.5497877248011492,-0.3284541804179847,0.5797709066783364,-0.5797709066783363,zdrowie
51.0507772,21.0871424,-0.4129287044834674,-0.2747845955617425,-0.2506194882752446,-0.3284541804179847,0.4401592804065789,-0.4401592804065786,zdrowie
52.009505,21.039171,-0.4871645627527747,-0.49908282083093486,-0.5925260443048499,-0.3284541804179847,1.9643277731577213,-1.964327773157721,zdrowie
50.8688599,20.6198411,-0.35066617862408217,-0.013103332747684795,0.6896235408061698,-0.3284541804179847,-0.12790217843318655,0.1279021784331869,zdrowie
52.0319629,20.6882678,-0.48496630405996494,-0.49908282083093486,-0.6138952040567002,-0.3284541804179847,1.8899996658075158,-1.8899996658075155,zdrowie
51.0375132,21.0883957,-0.4114112184860375,-0.34955067065147327,-0.29335780777894527,-0.3284541804179847,0.42176630261622977,-0.4217663026162299,zdrowie
50.0763292,20.0171166,3.3913703972960025,-0.12525244538228095,0.4759319432876665,3.355938906966383,-1.6981275930711441,1.6981275930711444,zdrowie
50.4477681,20.5892764,-0.2005684990954837,-0.4616997832860695,-0.6138952040567002,-0.3284541804179847,-0.7625232967041864,0.7625232967041866,zdrowie
51.0653853,21.0744756,-0.41396751759373085,-0.4243167457412041,-0.3147269675307956,-0.3284541804179847,0.45292690849498746,-0.4529269084949875,zdrowie
50.8506485,20.8228057,-0.36396205675878057,-0.49908282083093486,-0.6352643638085506,-0.3284541804179847,-0.032157858849271054,0.032157858849271345,zdrowie
50.0574491,20.0081979,3.9085910346573467,-0.4616997832860695,-0.14377368951599298,3.5661244918425297,-1.7099631286171806,1.7099631286171808,zdrowie
