name,business_category,lat,lon,address,pkd,regon,nip,status,competitors_1km,competitors_3km,competitors_5km,population_density,income_level,accessibility_score,rental_cost,source,employees
Kaskada,gastronomia,51.9745795,20.5123902,,restaurant,,,active,1,5,6,4.607369209910904,-48021.800016471636,0.1,23604.360003294325,OSM,8
Fabryka Pizzy,gastronomia,51.9564795,20.1445688,,restaurant,,,active,14,21,21,4.721014142428231,-45409.4476134798,0.1,23081.88952269596,OSM,5
Alhambra,gastronomia,51.9603304,20.1473071,,restaurant,,,active,14,21,21,4.711228552315491,-45629.42981810089,0.1,23125.885963620178,OSM,3
Ika Sushi&Sake,gastronomia,51.9707207,20.1466363,,restaurant,,,active,7,19,21,4.685851157106908,-46204.200205263245,0.1,23240.84004105265,OSM,11
Primagor,gastronomia,51.2268419,20.8622058,,restaurant,,,active,8,8,9,6.872797044082662,-12250.584193445626,0.1,16450.116838689126,OSM,10
Kuchnia przy Stajni,gastronomia,52.0447719,21.096617,,restaurant,,,active,1,1,7,4.247764657944278,-57208.96936695569,0.1,25441.793873391136,OSM,15
Mateo,gastronomia,50.4376116,20.9367574,,restaurant,,,active,1,1,1,12.077009439526742,19099.022174847836,0.1,10180.195565030433,OSM,2
Pod Zamkiem,gastronomia,50.8024847,20.4623398,,restaurant,,,active,12,13,17,11.00732934482806,15075.720927716982,0.1,10984.855814456605,OSM,13
Bar Orientalny Son Anh,gastronomia,50.0396615,20.0256446,,restaurant,,,active,2,16,58,135.2155680936643,56802.20094439386,0.6802200944393857,2639.5598111212284,OSM,4
Zajazd Wiśniewskich,gastronomia,50.2606061,20.7280459,,restaurant,,,active,0,1,1,16.425519998795792,30059.563408850583,0.1,7988.087318229884,OSM,3
Ateńska,gastronomia,50.1319805,20.8855568,,restaurant,,,active,0,0,0,14.597729010201595,26248.096868315894,0.1,8750.38062633682,OSM,12
Ateńska,gastronomia,50.1755785,20.9868527,,restaurant,,,active,7,7,9,13.106935654202848,22352.25798070727,0.1,9529.548403858545,OSM,18
Leśny,gastronomia,50.2066,20.99028,,restaurant,,,active,0,0,8,12.961434230156543,21924.022132004357,0.1,9615.195573599129,OSM,1
Al Dente Pizza,gastronomia,50.02465,20.9722,,restaurant,,,active,1,12,13,13.42550964989528,23257.46597047063,0.1,9348.506805905876,OSM,9
restaurant_584472185,gastronomia,50.0307855,20.9946818,,restaurant,,,active,9,12,16,13.150043922106914,22477.31331076121,0.1,9504.537337847758,OSM,7
Ale Szama,gastronomia,51.5215345,20.0011193,,restaurant,,,active,5,30,30,6.133441253112646,-21020.30473044087,0.1,18204.060946088175,OSM,10
Fiero Pizza,gastronomia,51.522983,20.0160458,,restaurant,,,active,12,30,30,6.126305236481786,-21115.2608627023,0.1,18223.05217254046,OSM,19
Bar Orientalny Bao Nam,gastronomia,51.5307116,20.0046473,,restaurant,,,active,19,30,30,6.095073493607865,-21533.465310035885,0.1,18306.693062007176,OSM,7
Pizzeria Capone,gastronomia,51.5310696,20.017347,,restaurant,,,active,24,30,30,6.092653510619276,-21566.04874682566,0.1,18313.20974936513,OSM,10
Stylowa,gastronomia,50.0746969,20.0378777,,restaurant,,,active,20,66,84,129.5112527770975,56639.331608037544,0.6639331608037545,2672.1336783924908,OSM,1
Zajazd Spalski,gastronomia,51.5410976,20.1337215,,restaurant,,,active,10,10,10,6.0349090416232025,-22351.290143971346,0.1,18470.25802879427,OSM,10
BP Bar,gastronomia,51.777538,20.0994628,,restaurant,,,active,0,0,0,5.214681253180134,-35383.13757338068,0.1,21076.627514676136,OSM,14
Klimaty,gastronomia,51.7540156,20.2359561,,restaurant,,,active,1,10,11,5.264616171827916,-34473.68538956491,0.1,20894.73707791298,OSM,12
Restauracja Królewska,gastronomia,50.0344068,20.2175674,,restaurant,,,active,16,19,21,48.19059343452109,50124.531171640905,0.1,3975.093765671819,OSM,2
Karczma Flisacka,gastronomia,51.5095587,20.0242003,,restaurant,,,active,0,26,39,6.182098492792801,-20378.685543898857,0.1,18075.737108779773,OSM,10
Rodzinna,gastronomia,50.8532823,20.6102297,,restaurant,,,active,6,130,172,9.947232143492736,10234.761108687992,0.1,11953.047778262402,OSM,9
Scorpion,gastronomia,50.3266561,20.3987676,,restaurant,,,active,0,0,0,22.47466815010838,38252.73046700853,0.1,6349.453906598294,OSM,7
Banolli,gastronomia,50.0737306,20.0418943,,restaurant,,,active,19,60,84,125.18715091185882,56505.979876065416,0.6505979876065415,2698.804024786917,OSM,17
Dworek nad Pilicą,gastronomia,51.6089723,20.571729,,restaurant,,,active,0,3,3,5.609667142134284,-28631.84817054357,0.1,19726.369634108712,OSM,18
Pizzeria Pszczółka,gastronomia,51.9739737,20.1498612,,restaurant,,,active,4,19,23,4.677610839907868,-46392.17575223684,0.1,23278.435150447367,OSM,5
Karczma Spalska,gastronomia,51.5404083,20.1385961,,restaurant,,,active,10,10,10,6.036674019598547,-22327.066423780678,0.1,18465.413284756134,OSM,4
restaurant_1315648682,gastronomia,51.773182,20.2028127,,restaurant,,,active,1,2,11,5.212898072275416,-35415.93640766342,0.1,21083.187281532686,OSM,9
Zabujana Pizza,gastronomia,51.5408547,20.1371999,,restaurant,,,active,10,10,10,6.035166115776535,-22347.761007430992,0.1,18469.552201486196,OSM,13
Bar Orientalny,gastronomia,50.0737576,20.0291852,,restaurant,,,active,19,67,83,140.99854479809719,56953.864111037634,0.6953864111037636,2609.2271777924725,OSM,9
Panorama,gastronomia,50.0857518,20.0183042,,restaurant,,,active,14,68,75,148.56512733883318,57134.47264538974,0.7134472645389738,2573.1054709220525,OSM,13
Bar Orientalny,gastronomia,50.0741343,20.0423584,,restaurant,,,active,20,60,84,124.57405673561964,56486.32321125146,0.6486323211251462,2702.7353577497074,OSM,3
restaurant_1370063850,gastronomia,50.0803954,20.0298989,,restaurant,,,active,16,70,82,136.8867395712561,56847.3452463982,0.6847345246398202,2630.5309507203597,OSM,3
Szafrantu,gastronomia,50.0440276,20.2373463,,restaurant,,,active,1,19,21,45.45884926436555,49501.04142337052,0.1,4099.791715325895,OSM,16
Centralny Bar Mleczny,gastronomia,50.8699587,20.631388,,restaurant,,,active,117,161,176,9.721047718666478,9065.214936668432,0.1,12186.957012666313,OSM,9
Restauracja Santorini,gastronomia,50.0821399,20.0482923,,restaurant,,,active,8,51,80,115.97810131083823,56188.84130410165,0.618884130410165,2762.23173917967,OSM,13
Bar Leśny,gastronomia,50.7820657,21.0392716,,restaurant,,,active,1,1,2,8.91033204679821,4385.368426907589,0.1,13122.926314618482,OSM,3
Kuflandia,gastronomia,51.9791886,20.8328884,,restaurant,,,active,5,6,9,4.489332490400638,-50875.13228728998,0.1,24175.026457457996,OSM,4
Na Miarę Pierogarnia & Cafe,gastronomia,51.1148183,20.8610087,,restaurant,,,active,11,22,22,7.436325332895614,-6737.510143374282,0.1,15347.502028674857,OSM,17
Jadłodajnia Gama smaków,gastronomia,51.1199976,20.8818881,,restaurant,,,active,7,21,22,7.369479709121471,-7347.394895616846,0.1,15469.478979123369,OSM,4
Grand Felix,gastronomia,50.0882081,20.0281009,,restaurant,,,active,11,60,78,133.6769814516852,56759.64025690754,0.6759640256907546,2648.0719486184908,OSM,17
Gospoda Rycerska,gastronomia,50.5912362,21.0011942,,restaurant,,,active,2,2,2,10.403086514984738,12437.340972816703,0.1,11512.531805436658,OSM,18
Kawiarnia Ratuszowa,gastronomia,51.8669013,20.8656944,,restaurant,,,active,11,13,15,4.727960142008804,-45253.85260916376,0.1,23050.77052183275,OSM,11
U Dominika,gastronomia,50.8011534,20.4602924,,restaurant,,,active,12,13,17,11.030892228207302,15172.750883972869,0.1,10965.449823205427,OSM,1
Karczma Cekierówka,gastronomia,50.1437358,20.1295255,,restaurant,,,active,0,1,2,59.43556763815182,52087.52881702018,0.20875288170201822,3582.4942365959637,OSM,4
Pizzeria Gaweda,gastronomia,50.160962,20.0001804,,restaurant,,,active,0,0,2,80.61822554751924,54297.92848820169,0.42979284882016877,3140.4143023596625,OSM,18
mozart,gastronomia,52.043251,20.8623599,,restaurant,,,active,2,3,5,4.344935169633319,-54576.51563928774,0.1,24915.303127857547,OSM,14
Pizzeria Galaktyka,gastronomia,51.0538928,21.0823705,,restaurant,,,active,9,21,22,7.288205466693511,-8103.993436375822,0.1,15620.798687275163,OSM,9
Bistro Manhattan,gastronomia,51.0488356,21.0809102,,restaurant,,,active,11,21,22,7.315511110911712,-7847.924351342619,0.1,15569.584870268522,OSM,12
La Dolce Vita,gastronomia,51.865,20.86657,,restaurant,,,active,11,13,15,4.732032830450365,-45162.83411698417,0.1,23032.566823396835,OSM,7
Roma,gastronomia,51.8651,20.87213,,restaurant,,,active,12,13,15,4.729116933849798,-45227.984102302304,0.1,23045.59682046046,OSM,1
Restauracja,gastronomia,50.7691384,20.7640797,,restaurant,,,active,1,1,5,10.153844865306453,11257.56950863071,0.1,11748.486098273857,OSM,15
Pizza Fantazja,gastronomia,50.8034977,20.8087622,,restaurant,,,active,2,2,4,9.668726474267839,8786.881283621959,0.1,12242.623743275608,OSM,10
Bistro,gastronomia,50.8024852,20.8084884,,restaurant,,,active,2,2,4,9.678221857491593,8837.61745056852,0.1,12232.476509886295,OSM,10
Oberża pod Czarnym Koniem,gastronomia,50.0568466,20.0505473,,restaurant,,,active,0,32,78,116.48413215232519,56207.56985727331,0.6207569857273308,2758.4860285453383,OSM,14
Antresola,gastronomia,50.8753861,20.61213,,restaurant,,,active,27,165,178,9.731445922865857,9120.173819683238,0.1,12175.965236063352,OSM,1
restaurant_2316429421,gastronomia,50.0320717,20.207171,,restaurant,,,active,14,18,22,49.83041292550288,50465.967154486425,0.1,3906.806569102715,OSM,11
Pierogarnia,gastronomia,50.8719219,20.6224805,,restaurant,,,active,94,163,178,9.731178508500712,9118.761893718947,0.1,12176.24762125621,OSM,2
Lokal 19,gastronomia,50.518917,20.5211441,,restaurant,,,active,1,1,1,15.149628929855593,27495.89129773055,0.1,8500.82174045389,OSM,4
restaurant_2433501289,gastronomia,52.0460388,20.5918725,,restaurant,,,active,0,0,0,4.426667301030936,-52451.79104233875,0.1,24490.35820846775,OSM,2
Tempo - jadłodajnia,gastronomia,50.8524999,20.5594134,,restaurant,,,active,0,2,51,10.121234548475957,11098.911861469569,0.1,11780.217627706086,OSM,8
Biała Chatka,gastronomia,51.9596313,20.8382186,,restaurant,,,active,0,6,7,4.529541710423105,-49886.44347825089,0.1,23977.28869565018,OSM,1
Party Pizza,gastronomia,51.5298159,20.0060181,,restaurant,,,active,22,30,30,6.098681298013832,-21484.936671938543,0.1,18296.987334387708,OSM,7
Restauracja Maluch,gastronomia,51.9835014,20.8425837,,restaurant,,,active,5,7,10,4.476271491033536,-51200.10599257775,0.1,24240.02119851555,OSM,13
Jadłodalnia Tempo,gastronomia,50.8736212,20.6237293,,restaurant,,,active,98,164,177,9.711531284007343,9014.813433862386,0.1,12197.037313227524,OSM,16
Jadłodajnia Tempo,gastronomia,50.8670319,20.6352301,,restaurant,,,active,98,160,176,9.73570670035537,9142.659912736577,0.1,12171.468017452684,OSM,5
Tempo - bistro,gastronomia,50.8889005,20.6455375,,restaurant,,,active,11,147,177,9.506269578245549,7903.1326500338255,0.1,12419.373469993236,OSM,10
restaurant_2509801770,gastronomia,50.2418664,20.082537,,restaurant,,,active,1,1,4,43.47349415906053,48998.739066829934,0.1,4200.252186634014,OSM,8
Chelosiowy Dworek,gastronomia,50.8582398,20.5008804,,restaurant,,,active,0,2,7,10.244545142971385,11693.538315066937,0.1,11661.292336986613,OSM,4
Kwadrans,gastronomia,51.523815,20.0165526,,restaurant,,,active,11,30,30,6.1227954751361,-21162.045062657548,0.1,18232.409012531512,OSM,2
La Perla,gastronomia,50.8264,20.52436,,restaurant,,,active,0,2,4,10.514262687918388,12945.548029294107,0.1,11410.890394141179,OSM,4
Żółty Lotos I,gastronomia,51.53188,20.0075952,,restaurant,,,active,19,30,30,6.090050228026654,-21601.129100541744,0.1,18320.225820108346,OSM,15
Ddomowe Zacisze,gastronomia,51.520066,20.0032804,,restaurant,,,active,5,30,30,6.139446173092874,-20940.570680679913,0.1,18188.114136135984,OSM,12
Stary Młyn,gastronomia,51.0382844,20.8348068,,restaurant,,,active,3,4,5,7.924864502476013,-2592.5613736085943,0.1,14518.51227472172,OSM,9
Restauracja Staropolska,gastronomia,51.0445149,20.8367923,,restaurant,,,active,4,5,5,7.88315457085723,-2926.3854026686895,0.1,14585.277080533739,OSM,18
Chata Opoczyńska,gastronomia,51.3738029,20.3225106,,restaurant,,,active,0,11,22,6.712704145197332,-13985.630408384633,0.1,16797.126081676928,OSM,4
Powiśle,gastronomia,50.1702583,20.9848148,,restaurant,,,active,4,8,9,13.147264568432826,22469.2752513308,0.1,9506.14494973384,OSM,17
Hoso Sushi,gastronomia,50.6427551,20.2979266,,restaurant,,,active,7,12,12,14.289500428501077,25509.273592047582,0.1,8898.145281590483,OSM,15
Kevill Phan,gastronomia,50.6428656,20.2976932,,restaurant,,,active,7,12,12,14.2883915927455,25506.55817314946,0.1,8898.688365370108,OSM,7
Lanckorona,gastronomia,50.6263254,20.2870865,,restaurant,,,active,0,11,12,14.705546089159036,26499.222540358343,0.1,8700.15549192833,OSM,2
Grande pizza,gastronomia,50.0982131,20.1279535,,restaurant,,,active,1,3,10,68.6066737764951,53212.07927046739,0.32120792704673895,3357.5841459065223,OSM,2
Piwnica Szydłowiecka - Pulcinella,gastronomia,51.2241785,20.8573828,,restaurant,,,active,8,8,9,6.892507370399301,-12042.54121617772,0.1,16408.508243235545,OSM,7
Kufelek,gastronomia,51.2304119,20.8635886,,restaurant,,,active,8,8,9,6.854070380680389,-12449.353045651995,0.1,16489.870609130397,OSM,3
Szafran Kebab,gastronomia,51.2262693,20.8581306,,restaurant,,,active,8,8,9,6.881554048508353,-12158.006676323363,0.1,16431.601335264673,OSM,1
Mariańska Renata Remar,gastronomia,51.8206218,20.8043958,,restaurant,,,active,1,2,2,4.870465784160608,-42159.58578870741,0.1,22431.91715774148,OSM,18
Çema,gastronomia,50.0335596,20.2175487,,restaurant,,,active,16,19,21,48.15546209248916,50116.961850772364,0.1,3976.6076298455264,OSM,8
Trattoria Che Ne Dici,gastronomia,50.0328806,20.2179626,,restaurant,,,active,16,19,21,48.056925939283175,50095.672419169765,0.1,3980.865516166047,OSM,9
Sushi Royal,gastronomia,50.0368671,20.21924,,restaurant,,,active,15,20,21,48.02247979410862,50088.20947723446,0.1,3982.358104553109,OSM,14
Nadwiślanka Jazz,gastronomia,50.0384485,20.1471321,,restaurant,,,active,0,2,8,63.59674831587604,52637.96281664322,0.2637962816643221,3472.4074366713558,OSM,7
Star Pizza u Mirka,gastronomia,51.0505248,21.0613235,,restaurant,,,active,6,22,23,7.351105902463384,-7516.976851394298,0.1,15503.39537027886,OSM,6
Bar Pod Filarami,gastronomia,50.8869969,20.6134138,,restaurant,,,active,4,154,176,9.620555096125681,8527.946931944054,0.1,12294.41061361119,OSM,10
Tadeusz Hotel Restauracja,gastronomia,50.1910723,20.2957235,,restaurant,,,active,5,6,6,33.693342272307135,45660.273030825,0.1,4867.945393834999,OSM,4
Warsztat Smaków Restauracja& Koktail Bar,gastronomia,50.1910799,20.2954641,,restaurant,,,active,5,6,6,33.71118120160036,45668.12576189815,0.1,4866.374847620371,OSM,4
Festa in tavola,gastronomia,51.1250612,20.8868443,,restaurant,,,active,2,19,22,7.3337828157226825,-7677.639366148753,0.1,15535.52787322975,OSM,13
Markiz,gastronomia,51.1944419,20.3810779,,restaurant,,,active,0,17,17,7.672729035089355,-4665.861809190959,0.1,14933.172361838191,OSM,10
Młyn Osieczek,gastronomia,51.8850352,20.7252823,,restaurant,,,active,0,0,0,4.747173717725239,-44825.827477742074,0.1,22965.165495548412,OSM,13
Zajazd Hubertus,gastronomia,50.6534825,20.0521046,,restaurant,,,active,0,0,0,14.945669480196704,27045.493284023876,0.1,8590.901343195224,OSM,6
Alchemik,gastronomia,51.5436794,20.0097126,,restaurant,,,active,3,29,30,6.04164452182977,-22258.924030268856,0.1,18451.784806053773,OSM,7
Restauracja Merkury,gastronomia,51.0519244,21.080994,,restaurant,,,active,11,21,22,7.3006075470852325,-7987.4507738229295,0.1,15597.490154764586,OSM,2
Restauracja Oaza,gastronomia,51.2645289,20.1653394,,restaurant,,,active,0,1,3,7.390134585629691,-7157.766473192925,0.1,15431.553294638585,OSM,15
restaurant_3358907747,gastronomia,50.5147529,20.7265433,,restaurant,,,active,0,2,6,13.201883491458117,22626.616226880804,0.1,9474.676754623839,OSM,15
Ameliówka,gastronomia,50.8977931,20.7816128,,restaurant,,,active,0,0,6,9.014483763711878,5033.7067428345035,0.1,12993.2586514331,OSM,17
Mini Bar Kakadu,gastronomia,50.1920018,20.2929761,,restaurant,,,active,5,6,6,33.82976933206136,45720.11796497421,0.1,4855.976407005157,OSM,9
Ankara Kebab,gastronomia,51.5197225,20.003222,,restaurant,,,active,5,30,30,6.14088964374054,-20921.42735127217,0.1,18184.285470254435,OSM,7
Restauracja TELEGRAF,gastronomia,50.8060921,20.6201985,,restaurant,,,active,2,5,9,10.383772962396481,12347.945654177274,0.1,11530.410869164545,OSM,15
Amigo,gastronomia,50.5607681,20.0574961,,restaurant,,,active,1,2,2,17.625601060290933,32132.173093576937,0.1,7573.565381284612,OSM,16
Pizza Fantazja,gastronomia,50.86532,21.09174,,restaurant,,,active,0,4,5,8.232525766385555,-234.70210583042353,0.1,14046.940421166084,OSM,4
Restauracja Glamour,gastronomia,50.8536687,20.6089253,,restaurant,,,active,5,130,172,9.947813140080433,10237.69682248401,0.1,11952.460635503197,OSM,3
Siedem Pokus,gastronomia,50.8419965,20.60494,,restaurant,,,active,0,16,152,10.075488736528046,10874.615755632614,0.1,11825.076848873478,OSM,19
Wodna-Osada Grzegorzewice,gastronomia,51.9712135,20.6179097,,restaurant,,,active,0,0,0,4.583903073765076,-48577.35001240231,0.1,23715.470002480462,OSM,7
Metro,gastronomia,51.9543836,20.1566396,,restaurant,,,active,6,21,21,4.724914880421939,-45322.01217460865,0.1,23064.40243492173,OSM,8
Autorska Pizza & Cafe,gastronomia,51.1145628,20.8614241,,restaurant,,,active,11,22,22,7.43690920067533,-6732.231362270235,0.1,15346.446272454048,OSM,8
Coolturka,gastronomia,50.3082819,21.0620848,,restaurant,,,active,1,3,4,11.76226777627921,17991.190516139875,0.1,10401.761896772025,OSM,19
EkoBar,gastronomia,50.030495,20.9669396,,restaurant,,,active,1,12,13,13.500926641803067,23465.505015645038,0.1,9306.898996870994,OSM,7
restaurant_3595657609,gastronomia,50.0328156,20.525673,,restaurant,,,active,0,0,0,23.467272871320652,39193.73221414875,0.1,6161.253557170248,OSM,10
Restauracja Gil,gastronomia,50.1794637,20.9872019,,restaurant,,,active,6,7,9,13.090891932646269,22305.505494007455,0.1,9538.898901198509,OSM,4
Dragon,gastronomia,50.1780233,20.983024,,restaurant,,,active,7,7,9,13.14587247127829,22465.24794437013,0.1,9506.950411125974,OSM,9
Propub,gastronomia,51.8206994,20.9413402,,restaurant,,,active,0,0,1,4.799471403559607,-43678.139206989916,0.1,22735.62784139798,OSM,19
PGR Bar,gastronomia,51.3686285,20.0254646,,restaurant,,,active,0,1,1,6.8445877992340405,-12550.418033347989,0.1,16510.0836066696,OSM,6
Thai Ha,gastronomia,50.0969071,20.0191027,,restaurant,,,active,10,49,72,135.38728520325142,56806.891010855485,0.6806891010855485,2638.6217978289033,OSM,9
Leśna Chata,gastronomia,51.3876574,20.4171563,,restaurant,,,active,0,0,0,6.587060081427631,-15406.397363789292,0.1,17081.27947275786,OSM,9
Restauracja na Bardzkiej,gastronomia,50.6773325,21.0439192,,restaurant,,,active,1,1,2,9.56845575042037,8244.963968921154,0.1,12351.007206215769,OSM,11
Bistro ŻONY,gastronomia,52.02578,20.69018,,restaurant,,,active,0,1,3,4.440593151389973,-52097.57040419079,0.1,24419.51408083816,OSM,11
Bufet Pod Urzędem,gastronomia,50.1041221,20.0117764,,restaurant,,,active,6,29,70,133.79356531835504,56762.899498863975,0.6762899498863976,2647.420100227205,OSM,19
Arena Smaku,gastronomia,51.8830983,20.94843,,restaurant,,,active,0,0,1,4.650095645219018,-47024.67006008222,0.1,23404.93401201644,OSM,2
Lider,gastronomia,50.7552806,20.6192174,,restaurant,,,active,2,3,5,10.936348692134688,14780.901782183028,0.1,11043.819643563394,OSM,3
Zodiak,gastronomia,51.6511494,20.9527544,,restaurant,,,active,7,8,12,5.234127770467954,-35026.89997770112,0.1,21005.379995540225,OSM,13
Plackowa Izba,gastronomia,50.8666983,20.6407191,,restaurant,,,active,63,157,176,9.721059534151228,9065.277453199305,0.1,12186.944509360139,OSM,10
Wild Bean Cafe,gastronomia,50.880176,20.4954922,,restaurant,,,active,1,4,4,10.03101053921781,10654.57335577791,0.1,11869.085328844418,OSM,8
Manufaktura Sushi,gastronomia,51.9810879,20.8343245,,restaurant,,,active,5,6,9,4.484691802484151,-50990.381506939026,0.1,24198.076301387806,OSM,15
Boska Krowa,gastronomia,51.9810301,20.8343005,,restaurant,,,active,5,6,9,4.484825125916502,-50987.06715689876,0.1,24197.41343137975,OSM,2
Avionetka Garden,gastronomia,50.0756356,20.0108991,,restaurant,,,active,14,67,76,170.70992420861174,57571.05487675697,0.7571054876756974,2485.7890246486054,OSM,6
Karczma Guča,gastronomia,52.0122402,20.8488713,,restaurant,,,active,1,2,14,4.413357098364301,-52792.44129946166,0.1,24558.488259892332,OSM,14
Kantoria,gastronomia,50.0232456,20.9879618,,restaurant,,,active,1,12,13,13.224172641026891,22690.451261291637,0.1,9461.909747741673,OSM,16
Da Grasso,gastronomia,51.1947346,20.4132442,,restaurant,,,active,15,17,17,7.638173193372605,-4960.678534212049,0.1,14992.13570684241,OSM,12
Jakubowe Smaki,gastronomia,50.0328236,20.2179948,,restaurant,,,active,16,19,21,48.04906001277777,50093.96916678424,0.1,3981.206166643152,OSM,3
Zajazd Pod Lipą,gastronomia,51.1372732,20.5756766,,restaurant,,,active,0,1,1,7.794298516277312,-3649.454752832389,0.1,14729.890950566478,OSM,15
Bar Mleczny PRL,gastronomia,51.9777115,20.1495127,,restaurant,,,active,4,19,23,4.668591645886226,-46598.67941450387,0.1,23319.735882900775,OSM,3
Kimagure Sushi,gastronomia,51.1170324,20.8578455,,restaurant,,,active,12,22,22,7.430421638812125,-6790.93237297544,0.1,15358.186474595086,OSM,3
Przestrzenie Nowohuckie & Gruba buła,gastronomia,50.0702498,20.034565,,restaurant,,,active,13,60,84,134.72801873097845,56788.81946970223,0.6788819469702234,2642.236106059553,OSM,16
Yamato,gastronomia,51.5321594,20.0062622,,restaurant,,,active,19,30,30,6.088991196328395,-21615.408592066175,0.1,18323.081718413236,OSM,19
La Baguette,gastronomia,50.7963784,20.4565222,,restaurant,,,active,12,13,17,11.103513822139675,15469.209926768148,0.1,10906.158014646371,OSM,17
Nad Starą Nidą,gastronomia,50.514405,20.5272483,,restaurant,,,active,1,1,1,15.175433448297527,27552.01194394266,0.1,8489.597611211468,OSM,18
"Zajazd ""Złota Woda""",gastronomia,50.7818882,21.0376507,,restaurant,,,active,1,1,2,8.91780564099117,4432.39546489741,0.1,13113.520907020518,OSM,5
Salonik Arkadia,gastronomia,51.5424991,20.1382858,,restaurant,,,active,9,10,10,6.028308837309441,-22442.001396059903,0.1,18488.400279211983,OSM,11
Pod Żubrem,gastronomia,51.5430169,20.1363031,,restaurant,,,active,9,10,10,6.02663897406554,-22464.982994941616,0.1,18492.996598988324,OSM,17
Ogródek gastronomiczny Turbina,gastronomia,51.5415593,20.1401721,,restaurant,,,active,9,10,10,6.0316961424981335,-22395.422479441433,0.1,18479.084495888288,OSM,11
"Zajazd ""Marzenie""",gastronomia,50.5991625,20.8660503,,restaurant,,,active,0,0,0,11.191961991773988,15825.080591991253,0.1,10834.983881601749,OSM,2
"Stara Stajnia - kuchnia, wino i jazz",gastronomia,50.129946,20.3956239,,restaurant,,,active,0,1,2,29.45376770326222,43524.24311085262,0.1,5295.151377829475,OSM,19
Amigo De La Cocina,gastronomia,50.8707998,20.6328979,,restaurant,,,active,116,162,176,9.708498540361907,8998.730476055534,0.1,12200.253904788893,OSM,4
Del Favero Gastronomia Italiana,gastronomia,50.8677377,20.6370098,,restaurant,,,active,94,161,176,9.72347769868126,9078.06892817658,0.1,12184.386214364684,OSM,7
Obiad Niepołomice,gastronomia,50.0366501,20.2188637,,restaurant,,,active,16,19,21,48.07490394592072,50099.56320323701,0.1,3980.0873593525976,OSM,17
Kubuś Puchatek,gastronomia,51.1171717,20.3578146,,restaurant,,,active,17,17,17,8.223503013551662,-301.3396694864423,0.1,14060.267933897288,OSM,5
Pizza na hali,gastronomia,51.0371749,20.8394813,,restaurant,,,active,2,4,5,7.921098078632492,-2622.561422231578,0.1,14524.512284446315,OSM,6
Bar S7,gastronomia,51.7471906,20.9090128,,restaurant,,,active,0,0,0,5.002082913666288,-39458.359073565196,0.1,21891.671814713038,OSM,5
"Zajazd Rybacki ""Złoty Karpik""",gastronomia,51.3589673,21.0562973,,restaurant,,,active,1,1,5,6.067680823781887,-21903.8070757252,0.1,18380.76141514504,OSM,19
Żółty Lotos III,gastronomia,51.5273272,20.0052847,,restaurant,,,active,25,30,30,6.1090380944605345,-21345.94567406329,0.1,18269.18913481266,OSM,18
Szafranowy Dwór,gastronomia,50.9468464,20.4325222,,restaurant,,,active,2,2,3,9.52631339851806,8013.79898148412,0.1,12397.240203703175,OSM,6
Bistro Domowe Smaki Łoś,gastronomia,51.9820515,20.9491146,,restaurant,,,active,0,1,5,4.4353144040928365,-52231.57987145355,0.1,24446.31597429071,OSM,8
restaurant_4580053933,gastronomia,51.8081651,20.4774547,,restaurant,,,active,1,1,1,5.039797426463922,-38710.33678347971,0.1,21742.06735669594,OSM,4
Sphinx,gastronomia,50.8722778,20.6255487,,restaurant,,,active,107,163,177,9.71819628166775,9050.123345091102,0.1,12189.975330981779,OSM,7
No 21,gastronomia,50.8707788,20.6288496,,restaurant,,,active,116,162,177,9.721569247150361,9067.974234554495,0.1,12186.405153089101,OSM,12
Monte Carlo,gastronomia,50.8712498,20.6233414,,restaurant,,,active,104,163,178,9.734684461956464,9137.26688276133,0.1,12172.546623447734,OSM,11
A Dong Quan,gastronomia,50.8708986,20.6315114,,restaurant,,,active,117,162,177,9.712002751838536,9017.312775127954,0.1,12196.537444974409,OSM,6
Kreweta,gastronomia,50.8708121,20.6320971,,restaurant,,,active,116,162,176,9.71093462809342,9011.650098692233,0.1,12197.669980261553,OSM,17
Luztro,gastronomia,50.8711322,20.6318788,,restaurant,,,active,117,162,177,9.708686604959048,8999.728094569698,0.1,12200.05438108606,OSM,16
Plejada,gastronomia,50.8713197,20.6310986,,restaurant,,,active,117,163,177,9.70944229851627,9003.736401378424,0.1,12199.252719724314,OSM,8
Rozmaryn,gastronomia,50.8719683,20.6317501,,restaurant,,,active,116,164,177,9.701415490718484,8961.12915395089,0.1,12207.77416920982,OSM,10
Rockabilly,gastronomia,50.8719497,20.631903,,restaurant,,,active,116,163,177,9.701101268159272,8959.459789262452,0.1,12208.108042147509,OSM,2
Monte Di Procida,gastronomia,50.869333,20.632052,,restaurant,,,active,116,161,176,9.724693139107046,9084.495896400927,0.1,12183.100820719814,OSM,3
Burger & Co.,gastronomia,50.8699218,20.6315803,,restaurant,,,active,117,161,176,9.720774277591548,9063.768098945955,0.1,12187.246380210809,OSM,13
Ale Szama,gastronomia,50.8723796,20.6322597,,restaurant,,,active,116,163,177,9.696026648828118,8932.484964299161,0.1,12213.503007140167,OSM,14
Bó Burger and Fries,gastronomia,50.8716552,20.6278687,,restaurant,,,active,111,163,177,9.716599968494867,9041.67078801211,0.1,12191.665842397577,OSM,17
Zajazd Antresola,gastronomia,50.948404,20.2915932,,restaurant,,,active,0,0,1,9.777665255255819,9363.047880348182,0.1,12127.390423930363,OSM,8
Restauracja Sanato,gastronomia,50.4579405,20.722708,,restaurant,,,active,18,31,32,13.988866574499246,24757.290085855413,0.1,9048.541982828916,OSM,16
Hotel i Restauracja Weranda,gastronomia,50.9322622,20.2375876,,restaurant,,,active,0,0,1,10.033801238506413,10668.436855100816,0.1,11866.312628979837,OSM,9
Żółty Słoń,gastronomia,50.885092,20.6261944,,restaurant,,,active,6,159,178,9.599151650672443,8412.063670233416,0.1,12317.587265953316,OSM,8
"Karczma ""Bankrut""",gastronomia,51.3873852,21.0958068,,restaurant,,,active,0,1,4,5.920562789861079,-23951.43101197177,0.1,18790.286202394353,OSM,19
Kaskada,gastronomia,51.3976511,21.0716572,,restaurant,,,active,0,2,4,5.913971541791371,-24045.55394234236,0.1,18809.11078846847,OSM,1
Appetito,gastronomia,51.9771059,20.5274309,,restaurant,,,active,1,4,6,4.597385727569816,-48257.46122444693,0.1,23651.492244889385,OSM,10
Pieprzyk,gastronomia,51.5707572,21.0205589,,restaurant,,,active,1,4,5,5.413663933057095,-31858.891534970113,0.1,20371.778306994023,OSM,7
Pizzeria Roma,gastronomia,50.8815847,20.4775512,,restaurant,,,active,1,3,4,10.066330098154356,10829.465145229624,0.1,11834.106970954075,OSM,15
Restauracja Pod Sosnami,gastronomia,51.0559066,21.0698741,,restaurant,,,active,9,21,23,7.30621200228063,-7934.915362971296,0.1,15586.98307259426,OSM,10
Izba Dobrego Smaku;Chata Kaka,gastronomia,50.8726978,20.9344053,,restaurant,,,active,0,0,1,8.702540165982878,3045.510797590294,0.1,13390.89784048194,OSM,15
Pizzeria Al Lago,gastronomia,51.4419609,20.4615786,,restaurant,,,active,2,2,2,6.313291031604161,-18697.99633772843,0.1,17739.599267545687,OSM,1
Myśliwska Szczecha,gastronomia,50.1663857,20.6531591,,restaurant,,,active,0,0,0,18.959505706131353,34128.00445592292,0.1,7174.399108815416,OSM,14
Bar u Grubego,gastronomia,51.3849399,20.9923458,,restaurant,,,active,1,1,3,6.050635525215998,-22135.94756554946,0.1,18427.18951310989,OSM,2
Karczma Jaś i Małgosia,gastronomia,51.3936954,21.0456487,,restaurant,,,active,0,1,6,5.957791408443075,-23423.716982005397,0.1,18684.74339640108,OSM,17
Zajazd Bajka,gastronomia,51.3848897,20.9939344,,restaurant,,,active,1,1,2,6.048979968567639,-22158.564352693167,0.1,18431.71287053863,OSM,7
Karmnik Jadłodajnia,gastronomia,51.1176537,20.3575999,,restaurant,,,active,17,17,17,8.220237091930112,-325.496200207519,0.1,14065.099240041503,OSM,17
Pizzeria Nowokorczyńska,gastronomia,50.2988064,20.8106412,,restaurant,,,active,1,1,1,14.725748192345199,26545.867858862875,0.1,8690.826428227425,OSM,7
Mickiewicza 11,gastronomia,51.1130018,20.8626447,,restaurant,,,active,11,22,22,7.44296693701682,-6677.511902317099,0.1,15335.502380463418,OSM,16
Jadalnia Pałacowa,gastronomia,52.003193,20.5503719,,restaurant,,,active,0,0,5,4.53174164948795,-49832.85625549639,0.1,23966.571251099274,OSM,12
Obiady Domowe,gastronomia,51.4460449,20.4742946,,restaurant,,,active,2,2,2,6.287497307655416,-19022.896875235107,0.1,17804.57937504702,OSM,14
Maciejka - Pizzeria&Caffe,gastronomia,51.4466374,20.9808773,,restaurant,,,active,0,0,1,5.845828961926517,-25031.068947871332,0.1,19006.213789574267,OSM,14
Hulaj Dusza,gastronomia,50.4403018,20.1376623,,restaurant,,,active,1,1,1,22.244991905922372,38023.03070666063,0.1,6395.393858667874,OSM,18
Karczma,gastronomia,50.2692299,20.0709602,,restaurant,,,active,0,1,2,39.2953315736455,47775.84219354599,0.1,4444.831561290801,OSM,14
Via Farina,gastronomia,50.0324149,20.211013,,restaurant,,,active,16,18,22,49.18775474044268,50334.868400917374,0.1,3933.026319816525,OSM,10
"Restauracja ""Patio""",gastronomia,50.8812154,20.6544467,,restaurant,,,active,10,146,173,9.546680097931054,8125.772009647684,0.1,12374.845598070464,OSM,15
"Restauracja ""Flamingo""",gastronomia,50.8811612,20.6543716,,restaurant,,,active,10,146,173,9.547393930214094,8129.687886065061,0.1,12374.062422786987,OSM,4
Bistro Wawelska,gastronomia,50.0984739,20.000202,,restaurant,,,active,4,32,70,155.22502185832485,57278.8698367435,0.7278869836743498,2544.2260326513006,OSM,3
Jazz Pizza,gastronomia,50.0937396,20.0021163,,restaurant,,,active,5,39,70,161.29620158338895,57400.11299031426,0.7400112990314259,2519.977401937148,OSM,5
Pierogarnia,gastronomia,50.0957134,20.0530808,,restaurant,,,active,0,38,71,105.84190295238504,55775.973068767154,0.5775973068767156,2844.8053862465686,OSM,12
Ząbek czosnku,gastronomia,50.0330304,20.0421168,,restaurant,,,active,0,8,41,113.93058950844765,56111.36300481508,0.6111363004815082,2777.7273990369836,OSM,19
Kuźnia smaku,gastronomia,50.4005447,21.0411684,,restaurant,,,active,1,1,2,11.435190471316664,16775.32385628647,0.1,10644.935228742706,OSM,5
Myśliwska,gastronomia,51.7337621,20.2316305,,restaurant,,,active,1,2,11,5.328326059048436,-33338.10120833578,0.1,20667.620241667155,OSM,14
Pizzeria 105,gastronomia,50.4699902,20.7180929,,restaurant,,,active,17,32,32,13.876364480655461,24467.50743344685,0.1,9106.49851331063,OSM,13
Viet-Thai,gastronomia,51.8646018,20.8672016,,restaurant,,,active,11,13,15,4.732670708088609,-45148.59269533583,0.1,23029.718539067166,OSM,10
Stołówka,gastronomia,50.0824131,20.0740388,,restaurant,,,active,1,29,65,95.99538216605839,55291.416121089336,0.5291416121089336,2941.7167757821326,OSM,14
Bianco,gastronomia,51.957268,20.1412776,,restaurant,,,active,13,20,21,4.719401782724113,-45445.63103957473,0.1,23089.126207914946,OSM,14
Skierburger,gastronomia,51.9545347,20.143265,,restaurant,,,active,12,21,21,4.725962388417196,-45298.55676072325,0.1,23059.71135214465,OSM,11
Ho-No-Tu,gastronomia,51.5343643,20.0077734,,restaurant,,,active,20,30,30,6.079813342184848,-21739.366878378452,0.1,18347.873375675692,OSM,5
Kulturka,gastronomia,50.4679722,20.7193619,,restaurant,,,active,22,32,32,13.89010267602662,24503.145861335768,0.1,9099.370827732848,OSM,8
Zajazd Leśniczówka,gastronomia,51.533519,20.3968115,,restaurant,,,active,0,0,0,5.974345470578353,-23191.176290747215,0.1,18638.23525814944,OSM,6
Bar u Jana,gastronomia,51.5764866,21.0073537,,restaurant,,,active,0,5,5,5.407786635940366,-31959.269135542447,0.1,20391.853827108487,OSM,11
Pan Tadeusz,gastronomia,51.5889833,20.9952584,,restaurant,,,active,0,4,7,5.380833503959193,-32422.40684126396,0.1,20484.481368252793,OSM,16
Zółte ogrody,gastronomia,51.5278666,21.0883145,,restaurant,,,active,0,0,0,5.480849207508251,-30726.73897231961,0.1,20145.347794463923,OSM,14
Pizza Hut,gastronomia,50.0864617,20.0193196,,restaurant,,,active,13,66,75,146.42237556015672,57085.2213632842,0.7085221363284206,2582.9557273431587,OSM,19
Bar Dżonka,gastronomia,51.958101,20.1453708,,restaurant,,,active,14,21,21,4.716925415719153,-45501.25207274851,0.1,23100.250414549704,OSM,19
Stara Wozownia,gastronomia,51.824265,20.7892041,,restaurant,,,active,0,2,2,4.868662054602215,-42197.61885143856,0.1,22439.523770287713,OSM,17
Bar Rondo,gastronomia,50.6133872,20.7455124,,restaurant,,,active,0,1,2,11.853192323098293,18317.270962046998,0.1,10336.5458075906,OSM,19
Strefa Dobrego Smaku,gastronomia,50.468821,20.7222816,,restaurant,,,active,20,32,32,13.847759596405584,24393.07623958295,0.1,9121.38475208341,OSM,5
Corleone,gastronomia,50.4686717,20.7199346,,restaurant,,,active,20,32,32,13.874611915560473,24462.95600605257,0.1,9107.408798789485,OSM,7
VIP Club,gastronomia,50.4703391,20.7242126,,restaurant,,,active,15,32,33,13.807165184559532,24286.918363289595,0.1,9142.616327342083,OSM,8
Viva,gastronomia,50.4720285,20.7127156,,restaurant,,,active,13,32,33,13.905589092816255,24543.23494225036,0.1,9091.353011549927,OSM,7
Smaki Ponidzia,gastronomia,50.4692717,20.7165138,,restaurant,,,active,19,32,32,13.902818304495275,24536.068871134405,0.1,9092.78622577312,OSM,12
Grand,gastronomia,50.4695958,20.7144414,,restaurant,,,active,18,32,32,13.920441761744325,24581.59966775748,0.1,9083.680066448504,OSM,18
Sushi Ya,gastronomia,50.8692213,20.6352191,,restaurant,,,active,113,162,176,9.715589748381817,9036.320187533885,0.1,12192.735962493221,OSM,6
Sekrety Buska,gastronomia,50.4613192,20.7166352,,restaurant,,,active,26,31,32,14.009401423762801,24809.681414946244,0.1,9038.063717010751,OSM,3
"Restauracja ""Pod Świerkiem""",gastronomia,50.4612326,20.7104333,,restaurant,,,active,22,31,32,14.078240974813406,24984.199347452428,0.1,9003.160130509516,OSM,12
Wild Been Cafe,gastronomia,52.029895,20.0034319,,restaurant,,,active,0,0,0,4.554607919345503,-49278.93352274546,0.1,23855.786704549093,OSM,5
Smaki Ponidzia - Uzdrowisko,gastronomia,50.4588304,20.7228413,,restaurant,,,active,18,31,32,13.975485006569578,24723.06633616217,0.1,9055.386732767565,OSM,4
"Pierogarnia ""Po Schodkach""",gastronomia,50.0982237,20.0203936,,restaurant,,,active,9,47,72,132.54004071805048,56727.55510492381,0.6727555104923809,2654.4889790152383,OSM,11
Nowohucka,gastronomia,50.0972279,20.0194475,,restaurant,,,active,10,49,72,134.65117741175808,56786.70161218851,0.6786701612188512,2642.6596775622975,OSM,1
Zajazd Staropolski,gastronomia,50.0831492,20.2089006,,restaurant,,,active,0,0,5,50.13890094231701,50527.70322837288,0.1,3894.4593543254246,OSM,8
Bar Jaś i Małgosia,gastronomia,50.9058635,20.8816098,,restaurant,,,active,2,4,5,8.648575203927537,2687.009049428474,0.1,13462.598190114304,OSM,15
Pizzeria Kadzielnia,gastronomia,50.8592361,20.6196077,,restaurant,,,active,11,145,176,9.859334662086132,9786.63879087707,0.1,12042.672241824586,OSM,14
Yes Tu,gastronomia,50.8650235,20.6496791,,restaurant,,,active,13,150,171,9.70728416001833,8992.287672038663,0.1,12201.542465592267,OSM,17
"Zajazd ""Regina""",gastronomia,51.3742871,20.9235097,,restaurant,,,active,0,0,1,6.169507879497826,-20543.741213391244,0.1,18108.748242678248,OSM,9
Chinkalnia,gastronomia,50.8703861,20.6246071,,restaurant,,,active,107,162,178,9.738676606366097,9158.321842913043,0.1,12168.335631417393,OSM,3
Stary Browar,gastronomia,50.8714881,20.6308423,,restaurant,,,active,117,163,177,9.708707717984556,8999.840089552541,0.1,12200.031982089491,OSM,4
Pizzeria Pub Desperados,gastronomia,51.3755176,20.2829531,,restaurant,,,active,19,22,22,6.725639553879944,-13842.372349043857,0.1,16768.47446980877,OSM,2
Pizzeria Peppers,gastronomia,51.3798148,20.2763882,,restaurant,,,active,18,21,22,6.707687031086416,-14041.34304161431,0.1,16808.268608322862,OSM,4
Czarna Wołga,gastronomia,52.0084963,20.84836,,restaurant,,,active,1,3,14,4.421335975293017,-52587.99032556293,0.1,24517.598065112586,OSM,13
Centuś,gastronomia,50.0355773,20.0244616,,restaurant,,,active,2,8,47,132.75480690245084,56733.65803720084,0.6733658037200841,2653.2683925598317,OSM,5
Paradise,gastronomia,51.1376227,20.5562108,,restaurant,,,active,0,1,1,7.820954352572355,-3430.8168108086757,0.1,14686.163362161737,OSM,2
Nuova,gastronomia,50.1044701,20.0140932,,restaurant,,,active,6,30,69,131.18950613338782,56688.719549781505,0.6688719549781508,2662.2560900436984,OSM,1
Restauracja Zamek Sobków,gastronomia,50.7066401,20.4440675,,restaurant,,,active,0,0,0,12.396375443877966,20165.62950084507,0.1,9966.874099830986,OSM,8
Karczma Piwniczna,gastronomia,51.3789105,20.2861694,,restaurant,,,active,17,22,22,6.7072003200925865,-14046.752167541941,0.1,16809.350433508385,OSM,6
Casablanca Bistro,gastronomia,51.3770764,20.2750992,,restaurant,,,active,18,21,22,6.721884057657643,-13883.907206848438,0.1,16776.781441369687,OSM,6
Wyspa Smaku,gastronomia,51.3754259,20.277614,,restaurant,,,active,18,21,22,6.728813482644727,-13807.305632653311,0.1,16761.461126530663,OSM,4
Wyspa Smaku Pegaz,gastronomia,51.380157,20.2853275,,restaurant,,,active,18,22,22,6.701486024075249,-14110.317503272847,0.1,16822.06350065457,OSM,5
Wyspa Smaku Pizzeria,gastronomia,51.3805678,20.2814313,,restaurant,,,active,18,22,22,6.701441049869692,-14110.818222406408,0.1,16822.163644481283,OSM,16
Ibiza,gastronomia,51.3746354,20.2757401,,restaurant,,,active,18,21,22,6.7336901914620535,-13753.490401737261,0.1,16750.69808034745,OSM,14
Mała Italia,gastronomia,51.3764489,20.2777063,,restaurant,,,active,18,21,22,6.723687414682552,-13863.956734238905,0.1,16772.791346847782,OSM,12
Jadłodajnia Fundacji Ostoja,gastronomia,51.380491,20.2710573,,restaurant,,,active,14,21,22,6.7069845284058545,-14049.150647711751,0.1,16809.83012954235,OSM,1
Oberża Młyńska,gastronomia,51.3204638,20.3549626,,restaurant,,,active,0,0,1,6.964334364862222,-11294.370259230316,0.1,16258.874051846064,OSM,16
Skarbnica Smaku,gastronomia,50.0729803,20.0369067,,restaurant,,,active,20,64,84,131.16650433614424,56688.051190884566,0.6688051190884562,2662.3897618230876,OSM,1
Obiady Domowe,gastronomia,51.3754271,20.2750241,,restaurant,,,active,18,21,22,6.730111963075953,-13792.969083307544,0.1,16758.59381666151,OSM,11
Karczma Telegraf,gastronomia,50.8420604,20.641909,,restaurant,,,active,0,35,157,9.947466588880284,10235.945777498564,0.1,11952.810844500287,OSM,7
Pałacyk Tomasza Zielińskiego,gastronomia,50.8681425,20.6260554,,restaurant,,,active,106,162,177,9.754879188316336,9243.598936739007,0.1,12151.280212652198,OSM,15
Zajazd Niva,gastronomia,51.3702662,20.1234572,,restaurant,,,active,0,0,0,6.815942236609862,-12857.429192165786,0.1,16571.485838433156,OSM,13
Jadłodajnia Smakosz,gastronomia,51.3798162,20.2766549,,restaurant,,,active,18,21,22,6.7075470275437,-14042.898908768402,0.1,16808.57978175368,OSM,10
Pizzeria Zamkowa,gastronomia,51.3754992,20.2883315,,restaurant,,,active,17,22,22,6.722952087353428,-13872.090341169023,0.1,16774.418068233805,OSM,13
Restauracja Parkowa,gastronomia,50.8673033,20.6233137,,restaurant,,,active,102,162,177,9.771462900676415,9330.589126487059,0.1,12133.882174702587,OSM,5
Łysa Góra,gastronomia,50.3197881,20.0731592,,restaurant,,,active,0,1,2,32.47209962366563,45102.165988810884,0.1,4979.566802237823,OSM,1
Pizzeria Oliwa Cedzyna,gastronomia,50.8686505,20.7286144,,restaurant,,,active,2,2,8,9.416061383242317,7399.241662777844,0.1,12520.15166744443,OSM,11
restaurant_7126592786,gastronomia,51.9707872,20.4976258,,restaurant,,,active,1,5,5,4.620179584873037,-47720.901550462135,0.1,23544.180310092426,OSM,2
Wiejski Przysmak,gastronomia,50.145117,20.9865305,,restaurant,,,active,0,1,8,13.189794872324343,22591.904776386524,0.1,9481.619044722695,OSM,18
Jaga,gastronomia,50.0319694,20.2185917,,restaurant,,,active,16,18,21,47.91258501915852,50064.328457751384,0.1,3987.1343084497234,OSM,19
Odyssey,gastronomia,50.9118232,20.6937027,,restaurant,,,active,0,4,23,9.168803917321789,5967.260014646468,0.1,12806.547997070706,OSM,15
U Pawła,gastronomia,50.6469063,20.2830313,,restaurant,,,active,4,12,12,14.278119432353181,25481.382711575003,0.1,8903.723457684999,OSM,12
Don Roberto,gastronomia,50.0840135,20.0336405,,restaurant,,,active,11,63,80,130.20231039088438,56659.82236798307,0.6659822367983068,2668.0355264033865,OSM,11
Pizza Toma,gastronomia,51.1123639,20.7478244,,restaurant,,,active,0,0,0,7.660005789163888,-4774.102104115569,0.1,14954.820420823115,OSM,14
restaurant_7446890750,gastronomia,51.1211063,20.8589609,,restaurant,,,active,11,21,22,7.406563849416438,-7007.687797681647,0.1,15401.537559536328,OSM,2
Shiru Sushi,gastronomia,50.4696832,20.7141096,,restaurant,,,active,18,32,32,13.92278013603648,24587.632274976124,0.1,9082.473545004776,OSM,18
Zamek Dersława,gastronomia,50.4636073,20.719517,,restaurant,,,active,30,31,32,13.947253662896825,24650.648429796267,0.1,9069.870314040745,OSM,19
Cynamonowa,gastronomia,50.4616264,20.7192543,,restaurant,,,active,26,31,32,13.976817422374634,24726.47696609526,0.1,9054.704606780948,OSM,13
"Bistro, wyroby garmażeryjne, słodkości",gastronomia,51.9876603,21.037213,,restaurant,,,active,0,0,6,4.3849799355528365,-53525.607265854575,0.1,24705.121453170916,OSM,8
Imbiss Express,gastronomia,51.2246958,20.8580088,,restaurant,,,active,8,8,9,6.889135341888974,-12078.048649992415,0.1,16415.609729998483,OSM,19
La Cava,gastronomia,51.642585,20.9483584,,restaurant,,,active,6,9,11,5.261564307463244,-34528.77296221146,0.1,20905.754592442292,OSM,3
The Ser,gastronomia,50.8713176,20.6324934,,restaurant,,,active,116,163,177,9.705029624942055,8980.32212956946,0.1,12203.935574086108,OSM,4
Zielone 13,gastronomia,50.0792285,20.045278,,restaurant,,,active,17,54,81,119.95184665849332,56331.6606711065,0.63316606711065,2733.6678657786997,OSM,7
Garaż,gastronomia,50.8723695,20.6226598,,restaurant,,,active,95,163,178,9.726467626243542,9093.87609013151,0.1,12181.224781973699,OSM,5
Pałacyk Pod Jodłami,gastronomia,52.049497,20.9975422,,restaurant,,,active,0,0,6,4.280274941130772,-56314.925881352145,0.1,25262.985176270427,OSM,10
Lam-Hong Nowa,gastronomia,50.089531,20.0234302,,restaurant,,,active,12,60,76,138.10640159975415,56879.60301471724,0.687960301471724,2624.079397056552,OSM,1
Pizza Hut,gastronomia,50.0296948,21.0016244,,restaurant,,,active,8,12,16,13.0637884115626,22226.263144505916,0.1,9554.747371098816,OSM,6
Pizzeria Oregano,gastronomia,50.9323204,20.5655511,,restaurant,,,active,1,2,5,9.34672878329315,7005.348385231089,0.1,12598.930322953782,OSM,16
Muzyczna,gastronomia,51.9639359,20.1502216,,restaurant,,,active,11,21,21,4.702064051448524,-45836.28009511471,0.1,23167.25601902294,OSM,12
Pizzeria Korona,gastronomia,51.0761232,20.5393434,,restaurant,,,active,0,0,0,8.261618746141895,-20.827136146377597,0.1,14004.165427229276,OSM,16
Knajpa Apacz,gastronomia,50.131251,20.4212595,,restaurant,,,active,0,2,2,27.958189521909855,42616.15242080795,0.1,5476.7695158384095,OSM,5
Bar Mleczny Ga&Ja,gastronomia,50.0946716,20.0098882,,restaurant,,,active,10,45,71,149.14572995983437,57147.57415358353,0.714757415358353,2570.485169283294,OSM,8
Baba Jaga,gastronomia,50.9358605,20.9378133,,restaurant,,,active,1,5,5,8.289108928040772,179.88545685804274,0.1,13964.02290862839,OSM,18
Guisantes,gastronomia,50.5627771,20.0510383,,restaurant,,,active,2,2,2,17.57682138665224,32053.445927390614,0.1,7589.310814521877,OSM,12
Wielka Micha,gastronomia,51.6936641,20.9331381,,restaurant,,,active,2,3,5,5.129739129861744,-36970.84351509235,0.1,21394.16870301847,OSM,5
Miód Malina,gastronomia,51.0364133,21.0619673,,restaurant,,,active,0,22,22,7.418553703346124,-6898.581987008598,0.1,15379.71639740172,OSM,10
Restauracja Viet-Thai,gastronomia,50.0809995,20.0117969,,restaurant,,,active,16,69,74,163.9353462732663,57450.01711731805,0.7450017117318053,2509.9965765363895,OSM,19
Restauracja Leśna Promenada,gastronomia,50.8839407,20.4954736,,restaurant,,,active,1,4,4,9.992557584407843,10462.760206637337,0.1,11907.447958672534,OSM,17
Zapiecek,gastronomia,51.0551757,21.0582332,,restaurant,,,active,6,20,23,7.335418682839234,-7662.4351135838515,0.1,15532.48702271677,OSM,6
Azzurro,gastronomia,50.8727537,20.623325,,restaurant,,,active,99,164,177,9.720816422974359,9063.991104873596,0.1,12187.201779025281,OSM,9
Pizzeria La Formica,gastronomia,50.9745125,20.5572262,,restaurant,,,active,1,3,6,9.00607920473183,4981.945069137524,0.1,13003.610986172494,OSM,3
Porzeczka,gastronomia,50.8712201,20.6250624,,restaurant,,,active,109,162,177,9.729509657920943,9109.948745675756,0.1,12178.010250864849,OSM,16
Thai Koon,gastronomia,50.8741081,20.6254403,,restaurant,,,active,101,163,177,9.701665481022477,8962.45719582324,0.1,12207.508560835351,OSM,4
Kojot,gastronomia,50.8696751,20.6323723,,restaurant,,,active,116,161,176,9.720518498183228,9062.414639357936,0.1,12187.517072128414,OSM,4
Pod Trójką,gastronomia,50.8689626,20.6345696,,restaurant,,,active,113,162,176,9.720048055989668,9059.925103262118,0.1,12188.014979347576,OSM,17
Asean,gastronomia,50.8711931,20.6314013,,restaurant,,,active,117,163,177,9.70964460018431,9004.809332515739,0.1,12199.038133496852,OSM,9
Niejestto Sushi House,gastronomia,50.8718035,20.63314,,restaurant,,,active,115,163,177,9.698516894076247,8945.725726848526,0.1,12210.854854630294,OSM,9
Kielecki Talerz,gastronomia,50.8851485,20.5805437,,restaurant,,,active,6,19,164,9.735922259673211,9143.796995891105,0.1,12171.240600821779,OSM,19
Pizzeria Felicita,gastronomia,50.8932006,20.6574969,,restaurant,,,active,4,56,162,9.432444054283131,7491.469324118858,0.1,12501.706135176228,OSM,14
Tkalnia Smaku Świętokrzyskiego,gastronomia,50.9426644,20.9443498,,restaurant,,,active,4,5,6,8.229023731226526,-260.5490433402301,0.1,14052.109808668047,OSM,6
Mała Gastronomia,gastronomia,51.2985497,20.2937822,,restaurant,,,active,0,0,1,7.123484052018916,-9690.372625076852,0.1,15938.074525015369,OSM,17
u Kucharzy,gastronomia,50.8692387,20.6316675,,restaurant,,,active,117,161,176,9.72679136402418,9095.587045352288,0.1,12180.882590929543,OSM,5
Kusa Sushi,gastronomia,50.8676934,20.635107,,restaurant,,,active,108,160,176,9.730006383297226,9112.57225295221,0.1,12177.485549409557,OSM,17
AKI japońska restauracja,gastronomia,50.8675985,20.635061,,restaurant,,,active,107,160,176,9.73102862207773,9117.970471733955,0.1,12176.40590565321,OSM,9
Poziomka,gastronomia,50.8682157,20.6343747,,restaurant,,,active,113,162,176,9.72754790247703,9099.584909504309,0.1,12180.083018099138,OSM,16
Si Senor,gastronomia,50.8726262,20.6309902,,restaurant,,,active,114,164,177,9.697784425066551,8941.831857221478,0.1,12211.633628555704,OSM,9
Kielecka,gastronomia,50.8667171,20.6365495,,restaurant,,,active,88,160,176,9.73435391245465,9135.522758190098,0.1,12172.89544836198,OSM,14
Tu Jadamy Jak u Mamy,gastronomia,50.8516736,20.6288035,,restaurant,,,active,3,138,170,9.90069094091326,9998.474098023005,0.1,12000.305180395399,OSM,3
"Pizzeria ""Oliwka""",gastronomia,51.3249429,21.0700865,,restaurant,,,active,0,0,2,6.173459982755781,-20491.858924596803,0.1,18098.37178491936,OSM,3
Pod Bukiem,gastronomia,50.9577348,21.0012804,,restaurant,,,active,0,0,4,7.983842718964605,-2126.48421321145,0.1,14425.29684264229,OSM,10
Avionetka Pasta & Burger,gastronomia,50.0809304,20.0041173,,restaurant,,,active,11,67,74,178.92975704476152,57705.6073385551,0.7705607338555103,2458.8785322889794,OSM,13
Staromiejska,gastronomia,51.867035,20.8662405,,restaurant,,,active,11,13,15,4.727382743937248,-45266.7692850209,0.1,23053.35385700418,OSM,15
Willa Poezja,gastronomia,51.8643572,20.8700339,,restaurant,,,active,10,13,15,4.731883665576115,-45166.16496458693,0.1,23033.232992917387,OSM,5
EnHa,gastronomia,50.0733674,20.0351069,,restaurant,,,active,20,66,84,133.28131050152194,56748.5362867565,0.6748536286756496,2650.292742648701,OSM,10
Wasabi Sushi,gastronomia,50.8899469,20.6365193,,restaurant,,,active,8,151,179,9.524348009131195,8002.968232509003,0.1,12399.4063534982,OSM,15
Take Or Stay,gastronomia,50.7871558,20.6040874,,restaurant,,,active,1,4,10,10.64792913941379,13542.512449746922,0.1,11291.497510050616,OSM,17
Blue Line,gastronomia,50.9077625,20.5911104,,restaurant,,,active,0,12,108,9.497171314553817,7852.744997472932,0.1,12429.451000505414,OSM,15
Wegemania,gastronomia,50.8763481,20.6325614,,restaurant,,,active,96,160,178,9.658809937532812,8733.788299625972,0.1,12253.242340074807,OSM,17
Pescatore,gastronomia,50.8696515,20.6230676,,restaurant,,,active,103,162,178,9.750385776711889,9219.97770650113,0.1,12156.004458699776,OSM,4
Neko dim sum & wok,gastronomia,50.8702591,20.6244599,,restaurant,,,active,107,162,178,9.740321341600584,9166.991317368884,0.1,12166.601736526223,OSM,3
Cynamon,gastronomia,50.7638032,20.4421275,,restaurant,,,active,1,1,16,11.581493276052168,17327.674283256405,0.1,10534.465143348718,OSM,5
Andreovia,gastronomia,50.6561812,20.2662849,,restaurant,,,active,0,7,12,14.163002201136283,25196.750526531338,0.1,8960.649894693732,OSM,6
Grillhouse&Kebab,gastronomia,50.033527,21.0565872,,restaurant,,,active,1,2,13,12.43099066549199,20277.94421582319,0.1,9944.411156835362,OSM,13
Zajazd Na Widoku,gastronomia,50.8906564,20.8645034,,restaurant,,,active,1,4,5,8.806482255249048,3723.6407787027274,0.1,13255.271844259454,OSM,19
Zamkowa 9 resto,gastronomia,50.0348303,20.2170054,,restaurant,,,active,16,19,21,48.30142648265317,50148.33885020832,0.1,3970.332229958337,OSM,14
Jutrzenka,gastronomia,50.6257147,20.7437704,,restaurant,,,active,0,1,1,11.725302176474468,17857.175749108188,0.1,10428.564850178363,OSM,7
Pod Jaskółką,gastronomia,50.9839545,20.5931908,,restaurant,,,active,0,2,4,8.848298052490374,3991.957771554291,0.1,13201.608445689142,OSM,7
Romantyczna,gastronomia,50.867279,20.6431154,,restaurant,,,active,58,154,177,9.707996061634775,8996.06480827077,0.1,12200.787038345845,OSM,14
Gościniec Europejski,gastronomia,50.9817019,20.5184805,,restaurant,,,active,0,2,3,9.031048478105593,5135.442804656159,0.1,12972.911439068768,OSM,10
far niente,gastronomia,50.9013041,20.6891093,,restaurant,,,active,0,8,44,9.268701350113576,6555.010177464275,0.1,12688.997964507145,OSM,10
Eljot,gastronomia,51.1202575,20.3558406,,restaurant,,,active,17,17,17,8.203315015267327,-450.9690984000481,0.1,14090.193819680011,OSM,5
Pergola,gastronomia,51.1173357,20.357403,,restaurant,,,active,17,17,17,8.222781646471523,-306.6736412190803,0.1,14061.334728243815,OSM,8
Złoty Sandacz,gastronomia,51.1172835,20.3572749,,restaurant,,,active,17,17,17,8.223309810830088,-302.76816781251546,0.1,14060.553633562504,OSM,4
Pino,gastronomia,51.1151567,20.3596018,,restaurant,,,active,17,17,17,8.236145183035259,-208.01192648908182,0.1,14041.602385297816,OSM,3
Belfast,gastronomia,51.1157787,20.3594402,,restaurant,,,active,17,17,17,8.231787609500824,-240.1482787187706,0.1,14048.029655743754,OSM,9
"Smażalnia ""pod Sosnami""",gastronomia,51.1177696,20.3580062,,restaurant,,,active,17,17,17,8.218924843264956,-335.20771086351306,0.1,14067.041542172703,OSM,16
Restauracja Biedronka,gastronomia,51.1176899,20.3582078,,restaurant,,,active,17,17,17,8.219273065903154,-332.6303300714935,0.1,14066.5260660143,OSM,13
Jantar,gastronomia,51.1171442,20.3579017,,restaurant,,,active,17,17,17,8.223603068973832,-300.5999081363261,0.1,14060.119981627266,OSM,4
Makaronove,gastronomia,51.11769,20.3577475,,restaurant,,,active,17,17,17,8.219802655659382,-328.71097346200986,0.1,14065.742194692402,OSM,14
Pizzeria Diavoli,gastronomia,51.1165756,20.3576461,,restaurant,,,active,17,17,17,8.22804646935235,-267.76569777397526,0.1,14053.553139554795,OSM,3
Migrasso,gastronomia,51.1170682,20.3580922,,restaurant,,,active,17,17,17,8.223937430451418,-298.12793183601025,0.1,14059.625586367203,OSM,4
Masum,gastronomia,51.116885,20.3572543,,restaurant,,,active,17,17,17,8.226240428192465,-281.1070396667128,0.1,14056.221407933343,OSM,14
Fabryka Zapiekanek,gastronomia,51.117064,20.3574109,,restaurant,,,active,17,17,17,8.224753959754914,-292.0920730982325,0.1,14058.418414619646,OSM,7
Leśniczanka,gastronomia,51.116069,20.3572251,,restaurant,,,active,17,17,17,8.232232759770003,-236.86381214144785,0.1,14047.372762428291,OSM,1
Mozarella,gastronomia,51.1177883,20.3565031,,restaurant,,,active,17,17,17,8.220517421142281,-323.42197999046766,0.1,14064.684395998094,OSM,8
Zajazd Królewski,gastronomia,51.3722619,20.0395742,,restaurant,,,active,0,1,1,6.823768804338173,-12773.2913931855,0.1,16554.6582786371,OSM,16
Zajazd pod Żurawiem,gastronomia,51.7723808,20.2113686,,restaurant,,,active,1,7,11,5.213738876937276,-35400.46832067598,0.1,21080.0936641352,OSM,14
Shoemaker Irish Pub,gastronomia,50.8714485,20.6227856,,restaurant,,,active,100,163,178,9.734601347834952,9136.828347243645,0.1,12172.634330551271,OSM,18
Olimpijska,gastronomia,50.8558232,20.6120958,,restaurant,,,active,6,139,174,9.916573583960732,10079.35865985907,0.1,11984.128268028186,OSM,18
Riviera,gastronomia,50.8725836,20.6257197,,restaurant,,,active,106,163,177,9.714834205670014,9032.317750911541,0.1,12193.536449817693,OSM,4
Dworek,gastronomia,51.9574983,20.1349112,,restaurant,,,active,11,20,21,4.719467776608922,-45444.149566641354,0.1,23088.82991332827,OSM,3
Polne Smaki,gastronomia,50.8765386,20.6354698,,restaurant,,,active,87,157,178,9.647961242046184,8675.579538920523,0.1,12264.884092215896,OSM,4
Pod Złotą Różą,gastronomia,50.8679811,20.6362926,,restaurant,,,active,101,161,176,9.723546356729791,9078.432018895699,0.1,12184.31359622086,OSM,5
Fabbrica,gastronomia,50.0810947,20.0028583,,restaurant,,,active,10,64,72,181.367874908211,57743.172197650514,0.7743172197650513,2451.3655604698974,OSM,10
Gęś i Wino,gastronomia,51.5333808,20.1324405,,restaurant,,,active,6,10,10,6.066483538423654,-21920.070347693138,0.1,18384.01406953863,OSM,19
Spektrum Smaku,gastronomia,50.8638531,20.6314234,,restaurant,,,active,84,157,177,9.777458763799014,9361.967912230204,0.1,12127.60641755396,OSM,8
Czesio Pizza,gastronomia,50.1025431,20.1229808,,restaurant,,,active,1,4,11,69.55065816362035,53310.995421154286,0.33109954211542836,3337.800915769143,OSM,7
Viale Verde Ristorante,gastronomia,50.0674853,20.0076343,,restaurant,,,active,16,57,75,182.43758111108588,57759.336607321326,0.7759336607321323,2448.1326785357355,OSM,13
Knajpa Czuszka,gastronomia,51.5275997,20.0243468,,restaurant,,,active,8,30,30,6.106401653797855,-21381.282684545775,0.1,18276.256536909154,OSM,17
Pizzeria New York DP,gastronomia,51.5294155,20.0195166,,restaurant,,,active,20,30,30,6.0993055864846735,-21476.545183756607,0.1,18295.30903675132,OSM,4
Smażalnia Ryb w Starym Młynie,gastronomia,51.5180736,20.2527397,,restaurant,,,active,0,2,2,6.0957537923219896,-21524.31020586552,0.1,18304.862041173103,OSM,1
Kush King House,gastronomia,50.8703336,20.6364175,,restaurant,,,active,108,163,176,9.701552755029223,8961.858361713988,0.1,12207.628327657203,OSM,6
Haraszo,gastronomia,50.8716576,20.6371428,,restaurant,,,active,103,161,177,9.687128533729936,8885.11760641625,0.1,12222.97647871675,OSM,4
Jadłodajnia Jedenasta Trzydzieści,gastronomia,50.8719504,20.6364029,,restaurant,,,active,108,162,177,9.686806590809118,8883.402175655901,0.1,12223.31956486882,OSM,2
Pizza Hut,gastronomia,50.8757528,20.6367565,,restaurant,,,active,90,157,178,9.651055116332484,8692.193084272229,0.1,12261.561383145554,OSM,1
Green Diet Bufet,gastronomia,50.864988,20.6297339,,restaurant,,,active,100,160,177,9.77237409222699,9335.360242942064,0.1,12132.927951411586,OSM,16
Pieno Di Cuore,gastronomia,50.8727578,20.622502,,restaurant,,,active,94,163,178,9.723371593121625,9077.507790229552,0.1,12184.498441954089,OSM,15
Sushi World,gastronomia,50.8468187,20.6267417,,restaurant,,,active,3,117,169,9.95407939198087,10269.337744803779,0.1,11946.132451039244,OSM,7
Rynek 11,gastronomia,50.8713222,20.6321137,,restaurant,,,active,116,162,177,9.706194156334705,8986.503366133758,0.1,12202.699326773249,OSM,19
Bar Ha Long,gastronomia,51.7676032,20.2597301,,restaurant,,,active,4,7,12,5.218259403061044,-35317.39070056555,0.1,21063.47814011311,OSM,14
Kuchnia u Babci,gastronomia,51.1939644,20.4125264,,restaurant,,,active,15,17,17,7.6437562002931605,-4912.865991307197,0.1,14982.57319826144,OSM,14
Restauracja Stylove'a,gastronomia,51.1772736,20.4125949,,restaurant,,,active,0,17,17,7.749877236835732,-4017.1510102719476,0.1,14803.43020205439,OSM,19
Asia Wok,gastronomia,51.1915519,20.4128993,,restaurant,,,active,15,17,17,7.6585392231797,-4786.6017172930515,0.1,14957.32034345861,OSM,4
Nad Stawem,gastronomia,50.3252137,20.321599,,restaurant,,,active,0,0,1,24.710331276584498,40265.54849048908,0.1,5946.890301902184,OSM,16
Pałac w Śmiłowicach,gastronomia,50.1454626,20.4464191,,restaurant,,,active,0,1,3,26.40564745087093,41564.65668261777,0.1,5687.068663476446,OSM,11
Świętokrzyski Dwór,gastronomia,50.8529721,21.0864002,,restaurant,,,active,1,4,5,8.31883676106087,395.44279310550337,0.1,13920.9114413789,OSM,14
Pizzeria Biały Piec,gastronomia,50.0340378,21.056991,,restaurant,,,active,1,2,13,12.426985819457586,20264.981849651456,0.1,9947.00363006971,OSM,18
Błękitna Laguna,gastronomia,50.0873248,20.0473535,,restaurant,,,active,2,50,79,114.6101871949943,56137.386062817306,0.6137386062817303,2772.522787436539,OSM,17
Hotel Mościcki,gastronomia,51.5410513,20.1343192,,restaurant,,,active,10,10,10,6.034972577751633,-22350.41788645179,0.1,18470.08357729036,OSM,2
DaGrasso,gastronomia,51.1169416,20.8773085,,restaurant,,,active,8,22,22,7.3941984735168695,-7120.58143161895,0.1,15424.11628632379,OSM,6
Stołówka PGE,gastronomia,51.1159418,20.8687505,,restaurant,,,active,13,22,22,7.415685138499167,-6924.653374805115,0.1,15384.930674961024,OSM,16
Starbex Bar Bistro,gastronomia,51.1904172,20.4080682,,restaurant,,,active,15,17,17,7.670779270974649,-4682.425714156932,0.1,14936.485142831387,OSM,6
Bistro Smaczne A Jak,gastronomia,50.8842383,20.5772863,,restaurant,,,active,5,19,162,9.754191372298726,9239.984595753602,0.1,12152.00308084928,OSM,11
restaurant_9869871957,gastronomia,50.0841928,20.0227276,,restaurant,,,active,16,70,77,143.77330201654317,57022.3028685641,0.7022302868564096,2595.5394262871805,OSM,17
Pizzeria AGAPI,gastronomia,50.0827127,21.0256929,,restaurant,,,active,0,1,4,12.796057560629531,21425.464923010135,0.1,9714.907015397974,OSM,1
Wasabi Sushi,gastronomia,50.8705368,20.624683,,restaurant,,,active,107,162,177,9.737039136598394,9149.687755627783,0.1,12170.062448874443,OSM,14
Osama Sushi,gastronomia,50.0754498,20.0055979,,restaurant,,,active,12,65,75,182.2474623874483,57756.47757477673,0.7756477574776723,2448.7044850446555,OSM,18
Bar Vietnam,gastronomia,51.6489898,20.954431,,restaurant,,,active,7,8,11,5.239019230757731,-34937.71037612394,0.1,20987.54207522479,OSM,16
ASIA WOK,gastronomia,51.1158338,20.8775375,,restaurant,,,active,8,22,22,7.399617070847739,-7071.064179773472,0.1,15414.212835954695,OSM,18
Słoneczne Bistro,gastronomia,50.4622294,20.7219734,,restaurant,,,active,27,31,32,13.939315767344661,24630.23362514397,0.1,9073.953274971205,OSM,15
Ferment,gastronomia,50.8735836,20.6210843,,restaurant,,,active,87,162,178,9.72019007534535,9060.676681804973,0.1,12187.864663639006,OSM,19
Serowy Dom,gastronomia,51.1156521,20.8567048,,restaurant,,,active,11,22,22,7.4399756792853715,-6704.520761017629,0.1,15340.904152203526,OSM,8
Diavolla,gastronomia,51.8657949,20.8630098,,restaurant,,,active,10,13,15,4.7318614384368125,-45166.661313983204,0.1,23033.33226279664,OSM,18
Krakowska 4,gastronomia,51.6513314,20.9526361,,restaurant,,,active,6,8,12,5.2336992487850384,-35034.721471829136,0.1,21006.944294365825,OSM,4
Pizzalove & Panini,gastronomia,50.8809661,20.5915794,,restaurant,,,active,6,84,175,9.742266497161024,9177.240542977954,0.1,12164.55189140441,OSM,13
Przy Skwerku,gastronomia,51.1910366,20.40904,,restaurant,,,active,15,17,17,7.665845600901121,-4724.376543825114,0.1,14944.875308765024,OSM,3
Sycyliana,gastronomia,51.191777,20.4058999,,restaurant,,,active,15,17,17,7.664446881804142,-4736.279631219062,0.1,14947.255926243812,OSM,15
Pizzeria Tęcza,gastronomia,51.1929396,20.4069085,,restaurant,,,active,15,17,17,7.656061749755812,-4807.728221490295,0.1,14961.54564429806,OSM,8
Pizza Factory,gastronomia,50.4641786,20.7178193,,restaurant,,,active,30,32,32,13.9578160649176,24677.77697639034,0.1,9064.444604721932,OSM,7
Markowe Pierogi,gastronomia,51.1948955,20.4134366,,restaurant,,,active,15,17,17,7.636963465114171,-4971.047790658136,0.1,14994.209558131626,OSM,9
UNO pizza napoletana,gastronomia,50.8731342,20.6328358,,restaurant,,,active,113,163,177,9.687290229859855,8885.97914008885,0.1,12222.80417198223,OSM,2
Bar Mistrrz Asean,gastronomia,51.19363,20.411655,,restaurant,,,active,15,17,17,7.646768366935612,-4887.0989687597175,0.1,14977.419793751944,OSM,14
Starbex,gastronomia,51.1928588,20.409821,,restaurant,,,active,15,17,17,7.653536438018434,-4829.276740133253,0.1,14965.855348026651,OSM,19
Folkówka u Strażaka,gastronomia,50.8017892,20.8059827,,restaurant,,,active,2,2,4,9.693964737009589,8921.516524492654,0.1,12215.69669510147,OSM,14
Karczówka,gastronomia,50.8682434,20.5946287,,restaurant,,,active,2,131,174,9.853607055633852,9757.160633970845,0.1,12048.56787320583,OSM,16
Leśnicówka,gastronomia,50.2196309,20.0332099,,restaurant,,,active,1,4,6,51.710149617816946,50830.71836582498,0.1,3833.8563268350044,OSM,17
Włoskie Smaki,gastronomia,50.8758532,20.6257295,,restaurant,,,active,95,163,177,9.684719801561,8872.280226485324,0.1,12225.543954702935,OSM,16
Restauracja Wiktoria,gastronomia,51.1339703,21.0589883,,restaurant,,,active,0,0,0,6.9667403754525195,-11269.575591156274,0.1,16253.915118231254,OSM,12
Restauracja Balbinka,gastronomia,51.0436701,21.0825998,,restaurant,,,active,11,21,22,7.336403550427129,-7653.284720943382,0.1,15530.656944188675,OSM,7
Hanoi,gastronomia,50.8718869,20.6424223,,restaurant,,,active,75,155,177,9.668224334373178,8784.195452275198,0.1,12243.16090954496,OSM,16
Szarlotka,gastronomia,51.6981932,20.9291188,,restaurant,,,active,2,3,3,5.120050727616631,-37155.282457083886,0.1,21431.056491416777,OSM,8
Prossimo,gastronomia,50.3578316,20.0301724,,restaurant,,,active,2,3,4,29.279617389868562,43423.2741213001,0.1,5315.34517573998,OSM,6
Stara Gorzelnia,gastronomia,51.9431306,20.950446,,restaurant,,,active,0,0,1,4.516793154464806,-50198.00694896883,0.1,24039.601389793766,OSM,17
Stołówka,gastronomia,50.0807787,20.0865947,,restaurant,,,active,5,13,43,88.79368286874421,54868.96878419712,0.4868968784197121,3026.2062431605755,OSM,6
Stołówka,gastronomia,50.0816663,20.0970098,,restaurant,,,active,4,9,37,83.25613003336437,54494.43620788489,0.44944362078848954,3101.1127584230208,OSM,16
Stołówka,gastronomia,50.0871709,20.0933092,,restaurant,,,active,3,9,39,84.2136855705603,54562.72274378653,0.45627227437865314,3087.455451242694,OSM,4
Stołówka,gastronomia,50.088356,20.0880338,,restaurant,,,active,3,11,44,86.65128874633363,54729.74537096939,0.4729745370969386,3054.050925806123,OSM,17
Stołówka,gastronomia,50.0768395,20.0971543,,restaurant,,,active,2,7,36,83.73286055505429,54528.628704602175,0.45286287046021745,3094.274259079565,OSM,16
Stołówka,gastronomia,50.0664791,20.0841939,,restaurant,,,active,1,8,44,91.4307975078799,55031.38314847458,0.5031383148474584,2993.7233703050833,OSM,1
Stołówka,gastronomia,50.0694237,20.0798972,,restaurant,,,active,1,15,52,93.962010163342,55178.70047553465,0.5178700475534652,2964.2599048930697,OSM,7
Pizzeria Osiedlowa,gastronomia,50.8833503,20.6449883,,restaurant,,,active,15,151,179,9.557110257261305,8182.930662005303,0.1,12363.41386759894,OSM,3
Da Diego,gastronomia,50.0225733,20.0505291,,restaurant,,,active,1,7,8,101.2858813087192,55563.47781606401,0.556347781606401,2887.304436787198,OSM,4
NOT,gastronomia,50.8721639,20.6253946,,restaurant,,,active,108,163,177,9.719734828246343,9058.267397690812,0.1,12188.346520461837,OSM,15
Sjesta,gastronomia,50.8890055,20.6081036,,restaurant,,,active,3,132,176,9.618130651953962,8514.84632583744,0.1,12297.030734832511,OSM,14
Sushi Royal,gastronomia,50.1337048,20.1119636,,restaurant,,,active,0,1,3,65.93326908629962,52916.57501699858,0.2916575016998576,3416.6849966002846,OSM,5
Caffe Drzewko & Pizza,gastronomia,52.0259921,20.8753285,,restaurant,,,active,0,5,7,4.374990360020843,-53785.966106132866,0.1,24757.19322122657,OSM,18
AROI Thai Restaurant,gastronomia,50.8745483,20.6412971,,restaurant,,,active,77,156,177,9.647658442061381,8673.952985304197,0.1,12265.209402939161,OSM,3
Jabłko Pieczone,gastronomia,51.8627278,20.8672817,,restaurant,,,active,10,13,14,4.737068672729381,-45050.506978804755,0.1,23010.101395760954,OSM,4
Sharma,gastronomia,50.0962231,20.0099021,,restaurant,,,active,11,39,71,146.8848513584318,57095.972999421916,0.7095972999421918,2580.805400115616,OSM,13
Trattoria Maggiolino,gastronomia,51.9787885,20.887784,,restaurant,,,active,0,1,13,4.468014745455899,-51406.52414666147,0.1,24281.304829332294,OSM,7
Trattoria Romana,gastronomia,50.8059542,20.6201845,,restaurant,,,active,2,5,9,10.385253130689284,12354.80857250763,0.1,11529.038285498475,OSM,18
Zajazd Dyminy,gastronomia,50.8016987,20.6196991,,restaurant,,,active,2,5,8,10.43131891624501,12567.422728171521,0.1,11486.515454365695,OSM,16
Bistro Regionalna,gastronomia,50.4600686,20.7220536,,restaurant,,,active,22,31,32,13.967438427951112,24702.45540517875,0.1,9059.50891896425,OSM,14
John Burg,gastronomia,50.8793885,20.6478184,,restaurant,,,active,17,152,178,9.583625574875743,8327.677939464702,0.1,12334.46441210706,OSM,3
Lepione,gastronomia,50.880453,20.6478764,,restaurant,,,active,15,151,178,9.57394796699745,8274.94073254209,0.1,12345.011853491582,OSM,7
Pizza Hut,gastronomia,50.8804668,20.6482772,,restaurant,,,active,15,151,178,9.572574911927116,8267.449761399483,0.1,12346.510047720103,OSM,16
Pizzeria 105,gastronomia,51.7642226,20.2412859,,restaurant,,,active,5,9,11,5.23242581262627,-35057.97213473322,0.1,21011.594426946645,OSM,13
Sushi Royal Ramen,gastronomia,50.0860948,20.010626,,restaurant,,,active,14,69,72,159.92729592133887,57373.57935292092,0.7373579352920918,2525.284129415816,OSM,13
Nova Sushi,gastronomia,50.079874,20.0113306,,restaurant,,,active,14,69,74,165.96031520604114,57487.231559669875,0.7487231559669878,2502.5536880660243,OSM,2
Avionetka,gastronomia,50.0797635,20.0118713,,restaurant,,,active,14,69,76,165.0757577415326,57471.0876579293,0.7471087657929306,2505.7824684141387,OSM,5
CzaryMary,gastronomia,51.5311898,20.0042906,,restaurant,,,active,19,30,30,6.09312325898245,-21559.721877922406,0.1,18311.94437558448,OSM,6
Sushi Bistro,gastronomia,50.8761674,20.6253438,,restaurant,,,active,93,163,177,9.68304217702962,8863.335524230824,0.1,12227.332895153835,OSM,11
Kafejaaga,gastronomia,51.0483879,20.8429289,,restaurant,,,active,1,5,5,7.846746113189333,-3220.6802396176354,0.1,14644.136047923526,OSM,15
Bistro Machina,gastronomia,50.8747612,20.6325725,,restaurant,,,active,107,162,178,9.67324702834591,8811.048137731872,0.1,12237.790372453625,OSM,7
Końska Dawka,gastronomia,51.1884187,20.406216,,restaurant,,,active,15,17,17,7.685388405090105,-4558.5206167127835,0.1,14911.704123342557,OSM,10
Mała Italia Pizza,gastronomia,51.9586924,20.1408716,,restaurant,,,active,13,20,21,4.715925538809745,-45523.72660154327,0.1,23104.745320308655,OSM,2
restaurant_11094139266,gastronomia,51.5425359,20.1473502,,restaurant,,,active,9,10,10,6.026210733028104,-22470.878741367138,0.1,18494.17574827343,OSM,1
Bafra Kebab,gastronomia,50.8588447,20.5904967,,restaurant,,,active,1,70,169,9.957685283744937,10287.527346721137,0.1,11942.494530655773,OSM,5
FAT PIG food truck,gastronomia,51.613412,20.5538857,,restaurant,,,active,0,3,3,5.604267269381709,-28717.729270638898,0.1,19743.54585412778,OSM,4
Gadka Szmatka Gastronomia,gastronomia,50.6474467,20.2854869,,restaurant,,,active,4,12,12,14.254315370426832,25422.903204643495,0.1,8915.4193590713,OSM,19
Miód Malina,gastronomia,51.0458851,21.0837237,,restaurant,,,active,9,21,22,7.3232839017031495,-7775.3811966400535,0.1,15555.076239328011,OSM,5
Zodiak,gastronomia,51.0461217,21.0843531,,restaurant,,,active,9,21,22,7.320740575681563,-7799.101003650838,0.1,15559.820200730166,OSM,15
restaurant_11128582035,gastronomia,52.0301768,21.0458352,,restaurant,,,active,4,5,9,4.297445289905498,-55848.19439690765,0.1,25169.63887938153,OSM,3
Bartosz Pizza,gastronomia,50.3256929,20.2341195,,restaurant,,,active,1,2,2,27.33893440052175,42211.06478859477,0.1,5557.7870422810465,OSM,5
Złoty piec,gastronomia,50.8903687,20.6555368,,restaurant,,,active,4,112,167,9.462977695738166,7662.5088765469045,0.1,12467.49822469062,OSM,6
Mir Kebab Grill,gastronomia,52.0386809,20.8601105,,restaurant,,,active,2,3,5,4.354981787028233,-54311.04272107454,0.1,24862.208544214907,OSM,5
restaurant_11186160527,gastronomia,51.0388726,21.0933514,,restaurant,,,active,6,20,22,7.3349183048088005,-7667.085061083519,0.1,15533.417012216702,OSM,5
Hubertus,gastronomia,50.869725,20.735432,,restaurant,,,active,2,2,7,9.384591706660801,7221.177049703678,0.1,12555.764590059265,OSM,1
Me Thai,gastronomia,50.271322,20.4827815,,restaurant,,,active,1,2,2,21.898446363902725,37667.32996984676,0.1,6466.534006030648,OSM,3
Smaki Szydłowca,gastronomia,51.2239206,20.8568291,,restaurant,,,active,8,8,9,6.894551127523962,-12021.03737456289,0.1,16404.20747491258,OSM,18
Restauracja Susharnia,gastronomia,51.2240533,20.8580173,,restaurant,,,active,8,8,9,6.892148173137926,-12046.321907115213,0.1,16409.264381423043,OSM,6
Mistrz Asean Express,gastronomia,51.0419168,21.0827068,,restaurant,,,active,10,21,22,7.3445615334471,-7577.583355112787,0.1,15515.516671022559,OSM,1
Przystanek Pizza,gastronomia,51.3623094,20.7920879,,restaurant,,,active,0,0,0,6.364333056046774,-18062.8274945398,0.1,17612.565498907963,OSM,18
Yummy,gastronomia,51.8059015,20.4703353,,restaurant,,,active,1,1,1,5.048467005410768,-38539.96588748974,0.1,21707.99317749795,OSM,10
Enso Sushi,gastronomia,50.87095,20.6261007,,restaurant,,,active,111,163,177,9.728716240009755,9105.75766988362,0.1,12178.848466023275,OSM,9
Śródmiejska,gastronomia,50.8715477,20.6341997,,restaurant,,,active,113,163,176,9.6974949859679,8940.293011392016,0.1,12211.941397721597,OSM,9
Fuji Yaki Kielce,gastronomia,50.8700567,20.633557,,restaurant,,,active,114,162,176,9.713225754658344,9023.795016273958,0.1,12195.240996745208,OSM,16
Restauracja Monte di Procida,gastronomia,50.8702467,20.6322673,,restaurant,,,active,116,162,176,9.715592456038502,9036.33453004335,0.1,12192.73309399133,OSM,1
Na każdy dzień,gastronomia,51.7603656,20.2439659,,restaurant,,,active,6,9,11,5.243552720156846,-34855.19650216159,0.1,20971.03930043232,OSM,15
Gospodarstwo Rybackie Stawy,gastronomia,50.5872372,20.4689836,,restaurant,,,active,0,0,0,14.287817079830418,25505.151087367187,0.1,8898.969782526561,OSM,13
Pizzeria Kubuś,gastronomia,50.4388502,20.9377356,,restaurant,,,active,1,1,1,12.058221575118807,19034.515485126707,0.1,10193.09690297466,OSM,11
Porzeczka Events,gastronomia,50.8692848,20.6226386,,restaurant,,,active,100,162,178,9.755160023055222,9245.074522785246,0.1,12150.985095442951,OSM,2
Intro,gastronomia,51.7646012,20.2509254,,restaurant,,,active,6,8,12,5.229229707487607,-35116.37716623198,0.1,21023.275433246396,OSM,2
Zmiana Klimatu,gastronomia,51.3704489,20.293389,,restaurant,,,active,5,22,22,6.745394455965,-13624.649531480914,0.1,16724.92990629618,OSM,9
Roadway,gastronomia,50.8616811,20.6404542,,restaurant,,,active,24,149,173,9.768143661129105,9313.20163321546,0.1,12137.359673356907,OSM,1
Da Grasso,gastronomia,51.8619093,20.8850436,,restaurant,,,active,2,13,15,4.730362391026603,-45200.14697996277,0.1,23040.029395992555,OSM,12
Xen bar azjatycki,gastronomia,50.8726538,20.6245981,,restaurant,,,active,106,164,177,9.717725508829131,9047.630868383727,0.1,12190.473826323254,OSM,10
FAST KEBAB & GRILL,gastronomia,51.5232142,20.0029985,,restaurant,,,active,13,30,30,6.126302640411387,-21115.29544783059,0.1,18223.05908956612,OSM,3
Ankara Kebab Centrum,gastronomia,51.5304106,20.0058186,,restaurant,,,active,20,30,30,6.096237302185463,-21517.804625281424,0.1,18303.560925056285,OSM,15
Burger Na Rogu,gastronomia,51.5358745,20.0096005,,restaurant,,,active,21,29,30,6.0734852313075445,-21825.05405999915,0.1,18365.01081199983,OSM,10
Winnica,gastronomia,50.8679646,20.6385922,,restaurant,,,active,82,160,176,9.716301343734319,9040.089246775846,0.1,12191.982150644832,OSM,1
Obiadowe,gastronomia,50.8899844,20.6094293,,restaurant,,,active,3,130,176,9.605250639274498,8445.137635912237,0.1,12310.972472817552,OSM,3
Kim Pho,gastronomia,50.8736845,20.6195652,,restaurant,,,active,80,163,178,9.724023876911703,9080.957191273657,0.1,12183.808561745269,OSM,2
Restauracja Manor,gastronomia,51.2458256,20.7559606,,restaurant,,,active,0,0,0,6.933073212364721,-11618.090302043827,0.1,16323.618060408766,OSM,10
OSAMA Sushi,gastronomia,50.8906842,20.6369157,,restaurant,,,active,8,150,179,9.516611142136961,7960.288906190959,0.1,12407.942218761807,OSM,15
Pizzeria Polka,gastronomia,51.4655936,20.9068991,,restaurant,,,active,1,1,1,5.853961088653755,-24912.252050856347,0.1,18982.45041017127,OSM,12
SushiLab,gastronomia,50.8865038,20.6301503,,restaurant,,,active,4,155,178,9.574393667547458,8277.37187736942,0.1,12344.525624526117,OSM,12
Yapito Sushi Bar,gastronomia,50.0200088,20.0590549,,restaurant,,,active,1,4,8,94.86611028622843,55229.413923566506,0.5229413923566504,2954.1172152866993,OSM,10
Pizzabar,gastronomia,51.1225255,20.8809663,,restaurant,,,active,7,20,22,7.357973478496192,-7453.493099867628,0.1,15490.698619973526,OSM,6
Riccardo,gastronomia,50.20095,20.3032076,,restaurant,,,active,0,6,6,32.585420934716716,45155.714560148685,0.1,4968.857087970264,OSM,8
Letni Bar,gastronomia,52.0119276,20.2099525,,restaurant,,,active,0,0,2,4.580590565647465,-48656.23058515496,0.1,23731.24611703099,OSM,17
Strefa Smaków,gastronomia,50.3349838,21.0694823,,restaurant,,,active,0,1,4,11.561616897291007,17253.45373905664,0.1,10549.309252188672,OSM,2
Baldoria Restobar,gastronomia,50.8708385,20.6248644,,restaurant,,,active,109,162,177,9.733669173145536,9131.909395537863,0.1,12173.618120892428,OSM,19
Nova Sushi,gastronomia,50.8672883,20.6352308,,restaurant,,,active,102,160,176,9.733340778794823,9130.176281374406,0.1,12173.964743725119,OSM,7
Zosieńka,gastronomia,50.0774402,20.0455919,,restaurant,,,active,17,54,83,120.22726879835753,56341.209693962286,0.6341209693962284,2731.758061207543,OSM,4
Białe Wino,gastronomia,50.0775976,20.0454919,,restaurant,,,active,17,54,83,120.27935075137943,56343.01048453851,0.6343010484538505,2731.397903092299,OSM,18
Pizzeria Oregano,gastronomia,50.9313051,20.5670853,,restaurant,,,active,1,2,5,9.351757405719862,7034.113503181492,0.1,12593.1772993637,OSM,13
Maranta,gastronomia,50.9016888,20.652139,,restaurant,,,active,1,24,161,9.375250308543624,7168.090606140693,0.1,12566.381878771861,OSM,3
Pizzeria Roma,gastronomia,50.8777285,20.6450972,,restaurant,,,active,22,152,177,9.607013681050512,8454.69054174119,0.1,12309.061891651761,OSM,19
Umami Sushi Kielce,gastronomia,50.8713031,20.6502459,,restaurant,,,active,15,149,172,9.648506385232244,8678.507632509085,0.1,12264.298473498182,OSM,10
Tutti Santi,gastronomia,50.8756939,20.6348008,,restaurant,,,active,97,158,178,9.65773826170942,8728.044035695377,0.1,12254.391192860925,OSM,15
Magia sabatu,gastronomia,50.898444,20.8581944,,restaurant,,,active,1,5,5,8.771814358468905,3499.2496914545336,0.1,13300.150061709093,OSM,2
Jadłodajnia Romana,gastronomia,50.8898221,20.6451913,,restaurant,,,active,7,146,177,9.499201236040815,7863.995395428035,0.1,12427.200920914393,OSM,17
restaurant_11933339387,gastronomia,50.9581167,20.4767695,,restaurant,,,active,0,0,4,9.326539299594057,6889.546654056037,0.1,12622.090669188792,OSM,5
"""ŻAGIEL"" Pizza&Bar Chańcza",gastronomia,50.6362295,21.0617376,,restaurant,,,active,0,0,2,9.749391568178227,9214.748350862465,0.1,12157.050329827507,OSM,11
Koralowa pizza,gastronomia,50.7438176,20.6188404,,restaurant,,,active,1,3,5,11.068398146438328,15326.344934032422,0.1,10934.731013193516,OSM,19
Browar Strakacza,gastronomia,51.9599964,20.1474544,,restaurant,,,active,14,21,21,4.712035765436304,-45611.24891444945,0.1,23122.24978288989,OSM,13
Centralka,gastronomia,50.070567,20.0395,,restaurant,,,active,16,62,84,128.5953548565904,56611.834672740704,0.6611834672740705,2677.633065451859,OSM,16
Molo,gastronomia,51.4673262,20.0107509,,restaurant,,,active,8,8,9,6.3680705608389,-18016.71793255575,0.1,17603.34358651115,OSM,7
Galeria Smaku,gastronomia,51.6446626,20.949765,,restaurant,,,active,7,8,11,5.254636684217828,-34654.05727321505,0.1,20930.811454643008,OSM,9
Piri Piri Pizza,gastronomia,50.8621406,20.6246281,,restaurant,,,active,40,156,178,9.815544361248941,9560.39017316616,0.1,12087.921965366768,OSM,16
Pod Młynem,gastronomia,50.7497781,20.6196384,,restaurant,,,active,3,3,5,10.996670985430882,15031.694122481873,0.1,10993.661175503625,OSM,4
Pizzeria Marina,gastronomia,50.0200899,20.0174948,,restaurant,,,active,0,6,17,122.40121903817948,56415.0733634112,0.6415073363411196,2716.985327317761,OSM,14
Hala Centralna Bowling & Food,gastronomia,50.0679316,20.0142992,,restaurant,,,active,14,61,78,167.80379973703086,57520.329689890445,0.7520329689890447,2495.9340620219104,OSM,13
Da Grasso,gastronomia,51.3769312,20.2726192,,restaurant,,,active,15,21,22,6.723840636846805,-13862.262136313613,0.1,16772.452427262724,OSM,10
Pizzeria Da Antonio.V,gastronomia,50.304128,21.0726243,,restaurant,,,active,3,3,4,11.684281546742959,17707.467314121932,0.1,10458.506537175614,OSM,1
Pizzeria K-2,gastronomia,51.9750241,20.1551241,,restaurant,,,active,4,19,23,4.674514591981137,-46462.97768707824,0.1,23292.595537415647,OSM,4
Tutti Santi,gastronomia,50.0750224,20.0166062,,restaurant,,,active,11,67,77,160.310370373351,57381.05018511568,0.7381050185115678,2523.7899629768644,OSM,8
Przystań Grill&Bar,gastronomia,50.8724742,20.7247836,,restaurant,,,active,2,2,10,9.396758265374729,7290.160406445153,0.1,12541.967918710969,OSM,18
Gorące Jadło,gastronomia,51.7659427,20.254665,,restaurant,,,active,6,7,12,5.2243700756650915,-35205.31810695803,0.1,21041.063621391608,OSM,9
Szkoła Smaków,gastronomia,50.4832324,20.0280782,,restaurant,,,active,0,0,0,20.87173562451166,36544.15804247719,0.1,6691.168391504562,OSM,14
Biesiadowo,gastronomia,50.8706055,20.6328963,,restaurant,,,active,116,162,176,9.710288839316604,9008.225834074234,0.1,12198.354833185154,OSM,17
Korona Sushi,gastronomia,50.8654627,20.6286569,,restaurant,,,active,104,161,177,9.771436192178871,9330.449263926668,0.1,12133.910147214667,OSM,16
restaurant_12236077083,gastronomia,50.328642,20.2129085,,restaurant,,,active,0,2,2,27.77739523446551,42499.752108519795,0.1,5500.049578296041,OSM,6
Przystań Tu,gastronomia,50.516708,20.9926334,,restaurant,,,active,0,0,0,11.012507600988368,15097.080145931053,0.1,10980.58397081379,OSM,8
Aroi,gastronomia,50.8667948,20.6408413,,restaurant,,,active,64,157,176,9.719779282907414,9058.50267307322,0.1,12188.299465385357,OSM,13
Restauracja Smrek,gastronomia,50.0987755,20.0116271,,restaurant,,,active,9,37,71,141.25721266985315,56960.35773643218,0.6960357736432179,2607.928452713564,OSM,14
Bar Com Viet,gastronomia,51.11578,20.8618358,,restaurant,,,active,11,22,22,7.429612095347794,-6798.264510079243,0.1,15359.65290201585,OSM,11
Trattoria Moderna,gastronomia,50.8714241,20.6230621,,restaurant,,,active,102,163,178,9.733952970837716,9133.407054876152,0.1,12173.31858902477,OSM,2
Anatomia Smaku,gastronomia,50.9260854,20.5973656,,restaurant,,,active,0,4,20,9.318188601192615,6841.502474418034,0.1,12631.699505116392,OSM,18
Pizza Fantazja,gastronomia,50.9414822,20.955346,,restaurant,,,active,3,5,6,8.205248389453848,-436.6074331944401,0.1,14087.321486638888,OSM,6
Smaki Regionu Świętokrzyskiego,gastronomia,50.9411315,20.9575375,,restaurant,,,active,3,5,6,8.201183279607244,-466.81209933220816,0.1,14093.362419866442,OSM,1
Bistro Ciepłe Smaki,gastronomia,50.9406881,20.957557,,restaurant,,,active,3,5,6,8.20378771122738,-447.45715027704136,0.1,14089.491430055408,OSM,5
Rafaello,gastronomia,50.8803698,20.4646352,,restaurant,,,active,1,3,4,10.114351257330155,11065.292100406747,0.1,11786.941579918652,OSM,1
Sho Ramen,gastronomia,50.8723743,20.6312044,,restaurant,,,active,115,164,177,9.699418212462765,8950.516407514951,0.1,12209.89671849701,OSM,4
Bao Yaga,gastronomia,50.8011588,20.4595113,,restaurant,,,active,12,13,17,11.033564785833136,15183.730081325171,0.1,10963.253983734965,OSM,7
Dwa Smaki Restauracja & Pizza,gastronomia,50.2460156,20.087722,,restaurant,,,active,1,2,3,42.40831734518679,48709.859968501005,0.1,4258.028006299799,OSM,15
Adria,gastronomia,50.3554088,20.0266334,,restaurant,,,active,2,2,4,29.548054699815797,43578.41226505117,0.1,5284.317546989765,OSM,1
Karczma,gastronomia,50.8015166,20.4640956,,restaurant,,,active,12,13,17,11.013061317286173,15099.362920535394,0.1,10980.12741589292,OSM,12
Buffalo Bites and Shakes,gastronomia,50.7995891,20.4625151,,restaurant,,,active,12,13,17,11.0423770019062,15219.89410308242,0.1,10956.021179383517,OSM,2
Trattoria Grande Piadina,gastronomia,50.0894503,20.015071,,restaurant,,,active,13,61,72,149.08440455566068,57146.19514368235,0.714619514368235,2570.76097126353,OSM,2
Restauracja Prowincja,gastronomia,51.3642646,20.700685,,restaurant,,,active,0,0,1,6.452176789273263,-16993.22691083874,0.1,17398.64538216775,OSM,4
"Jadłodajnia ""Piwnica pod Aniołami""",gastronomia,50.8594799,21.0528748,,restaurant,,,active,1,5,5,8.39276050423939,924.8459434249744,0.1,13815.030811315004,OSM,5
Tokyo Sushi,gastronomia,50.8685126,20.65482,,restaurant,,,active,5,147,171,9.658950217348298,8734.540115761512,0.1,12253.091976847698,OSM,9
Bistro Bun,gastronomia,51.531109,20.0166186,,restaurant,,,active,24,30,30,6.092549879899052,-21567.444642453134,0.1,18313.488928490628,OSM,12
Restauracja Jaksiczanka,gastronomia,50.144544,20.5039243,,restaurant,,,active,0,1,2,23.901381061453517,39580.70672927075,0.1,6083.858654145849,OSM,9
Ristorante Portofino,gastronomia,50.0449917,20.9989979,,restaurant,,,active,0,14,17,13.10968050772267,22360.245205406856,0.1,9527.95095891863,OSM,13
U Roberta,gastronomia,50.0587599,20.9883642,,restaurant,,,active,0,3,15,13.24842092935325,22759.6532321676,0.1,9448.06935356648,OSM,5
Grillas,gastronomia,51.8623341,20.8672528,,restaurant,,,active,10,13,14,4.738015686218401,-45029.41001321799,0.1,23005.882002643597,OSM,11
Sushi To,gastronomia,51.0443824,21.0767426,,restaurant,,,active,8,22,22,7.3462042550664,-7562.360184876263,0.1,15512.472036975254,OSM,7
Ale MłyN,gastronomia,51.9838754,20.2168183,,restaurant,,,active,1,1,8,4.645819797252027,-47123.63195743122,0.1,23424.726391486245,OSM,14
Kuchnia domowa 7,gastronomia,51.1162317,20.8811548,,restaurant,,,active,7,22,22,7.390656025691399,-7152.992949732739,0.1,15430.598589946547,OSM,18
PIZZERIA FINEZJA,gastronomia,50.3104552,21.0765138,,restaurant,,,active,2,4,4,11.61895358834763,17466.86485593349,0.1,10506.627028813302,OSM,12
Restauracja Avalanche,gastronomia,51.9470197,20.0497312,,restaurant,,,active,0,0,0,4.75211599109995,-44716.287004869024,0.1,22943.257400973805,OSM,11
RetroFrog,gastronomia,51.1204105,20.868733,,restaurant,,,active,16,22,22,7.392001953710941,-7140.674763213421,0.1,15428.134952642686,OSM,1
Stara Fabryka,gastronomia,50.8081886,20.2626864,,restaurant,,,active,0,0,0,11.536823559967015,17160.514274049492,0.1,10567.897145190102,OSM,3
Lepione,gastronomia,50.8759896,20.6368617,,restaurant,,,active,86,157,178,9.648574973742445,8678.876014261587,0.1,12264.224797147683,OSM,2
APO,gastronomia,50.8869067,20.6657832,,restaurant,,,active,2,76,164,9.461659086048277,7655.145260171463,0.1,12468.970947965707,OSM,14
La Sora,gastronomia,50.8543843,20.6085082,,restaurant,,,active,5,131,172,9.942269624070837,10209.672046162414,0.1,11958.065590767517,OSM,16
Pizzeria 105,gastronomia,51.0523554,21.078371,,restaurant,,,active,11,21,22,7.304380187302615,-7952.077681986266,0.1,15590.415536397253,OSM,11
Grill Bar,gastronomia,51.3637362,21.0620408,,restaurant,,,active,1,1,5,6.04358483310245,-22232.3540262654,0.1,18446.47080525308,OSM,10
Zajazd Pod Srebrną Górą,gastronomia,50.7999552,20.4613703,,restaurant,,,active,12,13,17,11.041895906276446,15217.921247945342,0.1,10956.415750410932,OSM,15
Jest Mocarella,gastronomia,50.8001128,20.4614816,,restaurant,,,active,12,13,17,11.039556619828542,15208.325957409179,0.1,10958.334808518164,OSM,14
Crazy PIG Tarnów,gastronomia,50.034948,21.0057173,,restaurant,,,active,8,13,16,13.019569271444414,22096.271767865554,0.1,9580.74564642689,OSM,18
Koku Sushi,gastronomia,50.878401,20.648849,,restaurant,,,active,17,150,176,9.589216083573161,8358.09437994346,0.1,12328.381124011308,OSM,15
Pyska,gastronomia,50.8698319,20.6215174,,restaurant,,,active,97,163,178,9.753633678218463,9237.053646315857,0.1,12152.58927073683,OSM,19
Stanica Atamana,gastronomia,50.9913802,20.6178148,,restaurant,,,active,0,1,4,8.734628892263595,3256.583460247719,0.1,13348.683307950456,OSM,17
Jadłodajnia U Braci,gastronomia,51.0435795,20.8292413,,restaurant,,,active,2,5,5,7.905344445177165,-2748.3509690759092,0.1,14549.670193815182,OSM,13
Marmurowa,gastronomia,50.8630602,20.6272235,,restaurant,,,active,70,156,178,9.798490693256625,9471.732927796445,0.1,12105.65341444071,OSM,2
Restauracja Livia,gastronomia,51.2869003,20.1335935,,restaurant,,,active,0,0,1,7.2700551241613836,-8275.269438919975,0.1,15655.053887783995,OSM,5
Karczma Rybaczówka,gastronomia,50.8553408,20.6014846,,restaurant,,,active,5,124,173,9.956100554187728,10279.534941549944,0.1,11944.09301169001,OSM,15
Horizonte,gastronomia,50.8921195,20.1193187,,restaurant,,,active,1,2,2,10.657804305807101,13586.021693270748,0.1,11282.795661345852,OSM,17
Bistro Raj,gastronomia,50.8885792,20.1180838,,restaurant,,,active,1,1,2,10.703630862860303,13786.879339709747,0.1,11242.62413205805,OSM,15
Bar Jodełka,gastronomia,50.9146473,20.1041962,,restaurant,,,active,0,1,2,10.397342576248413,12410.789095071748,0.1,11517.84218098565,OSM,15
Bianco,gastronomia,51.5315416,20.0055355,,restaurant,,,active,20,30,30,6.0915880147570425,-21580.403137693487,0.1,18316.0806275387,OSM,1
Locombia - Smaki Kolumbii,gastronomia,50.8644912,20.6373048,,restaurant,,,active,62,156,177,9.752444418529103,9230.802397599138,0.1,12153.839520480173,OSM,14
STOŁÓWKA Agnieszka Jaros,gastronomia,50.5607702,20.0397922,,restaurant,,,active,1,2,2,17.67732506280709,32215.177594827688,0.1,7556.964481034462,OSM,15
"Ośrodek Wypoczynkowy ""Marysieńka""",gastronomia,51.3355342,20.6293864,,restaurant,,,active,2,2,3,6.653233815132932,-14651.424689560532,0.1,16930.284937912103,OSM,17
Da Grasso,gastronomia,50.0309611,20.2195728,,restaurant,,,active,15,18,21,47.707224903900745,50019.40715463586,0.1,3996.118569072828,OSM,2
Stara Piekarnia,gastronomia,50.8735851,20.6282063,,restaurant,,,active,109,163,177,9.697770763895507,8941.759227648057,0.1,12211.64815447039,OSM,1
Thai Long,gastronomia,50.0296295,21.0015441,,restaurant,,,active,8,12,16,13.064693039087466,22228.913300597247,0.1,9554.21733988055,OSM,2
Geki Sushi,gastronomia,50.0296703,21.0020581,,restaurant,,,active,8,12,16,13.05848537615884,22210.72022542057,0.1,9557.855954915887,OSM,7
Domowe Smaki,gastronomia,50.0299946,21.0082771,,restaurant,,,active,8,12,17,12.98365217585722,21990.03429637944,0.1,9601.993140724113,OSM,18
Pizzeria Atmosfera,gastronomia,50.6742547,21.0429544,,restaurant,,,active,1,1,2,9.593663764469827,8382.267684661623,0.1,12323.546463067676,OSM,17
Pizzeria Epicka picka,gastronomia,50.0328633,21.0065914,,restaurant,,,active,8,12,16,13.006960615073709,22059.044053646765,0.1,9588.191189270647,OSM,3
Tigon Asian Cusine EXPRESS,gastronomia,51.9767326,20.1457349,,restaurant,,,active,4,19,23,4.67134300914722,-46535.599616838634,0.1,23307.11992336773,OSM,1
Zajazd Moczydło,gastronomia,50.4865135,20.1825319,,restaurant,,,active,0,0,0,19.666283768162973,35075.77619166506,0.1,6984.844761666988,OSM,11
Enso Sushi & Ramen Kielce,gastronomia,50.8722336,20.6307845,,restaurant,,,active,115,164,177,9.702040021149298,8964.446764797998,0.1,12207.110647040401,OSM,7
Pawilon handlowy,gastronomia,51.5252882,20.2265284,,restaurant,,,active,1,2,2,6.07494215904591,-21805.310389741513,0.1,18361.0620779483,OSM,6
Lody,gastronomia,51.5373962,20.136187,,restaurant,,,active,10,10,10,6.049370371043488,-22153.229895353943,0.1,18430.64597907079,OSM,5
Stara Piekarnia,gastronomia,50.6394134,20.30347,,restaurant,,,active,5,11,12,14.330727662022538,25609.93636945344,0.1,8878.012726109311,OSM,5
DaMi's,gastronomia,50.6389926,20.3030935,,restaurant,,,active,5,11,12,14.341684170664475,25636.59106907846,0.1,8872.681786184308,OSM,19
restaurant_13476239794,gastronomia,50.8340021,20.7395887,,restaurant,,,active,0,0,4,9.672683314414753,8808.035759335464,0.1,12238.392848132908,OSM,17
Zajazd Zagłoba,gastronomia,50.2045883,20.0132191,,restaurant,,,active,0,4,5,57.81314758516418,51851.44822787147,0.18514482278714683,3629.710354425706,OSM,6
Yana,gastronomia,50.0628467,20.007692,,restaurant,,,active,14,52,77,182.49210763653633,57760.155485760326,0.7760155485760327,2447.9689028479347,OSM,4
Viet-Thai,gastronomia,50.8670803,20.635051,,restaurant,,,active,103,160,176,9.735837390132993,9143.349312023587,0.1,12171.330137595283,OSM,3
Thulo Tirsana,gastronomia,50.0679883,20.0130338,,restaurant,,,active,15,61,77,170.36559911719678,57565.13519988244,0.756513519988244,2486.972960023512,OSM,17
Thai Fun,gastronomia,50.0650115,20.010835,,restaurant,,,active,14,57,78,175.45968323078537,57650.342512915966,0.7650342512915969,2469.9314974168065,OSM,2
Restauracja Leliwa,gastronomia,51.1891059,20.4125103,,restaurant,,,active,15,17,17,7.6743949907353,-4651.715621050396,0.1,14930.34312421008,OSM,5
Zajazd Zielony Dwór,gastronomia,51.6741839,20.9432527,,restaurant,,,active,0,7,12,5.176437943720068,-36091.51822858963,0.1,21218.303645717926,OSM,5
Casablanca,gastronomia,51.1150308,20.8645597,,restaurant,,,active,13,22,22,7.428470877234058,-6808.603380588567,0.1,15361.720676117713,OSM,8
Gościniec Przylesie,gastronomia,51.1249616,20.8625241,,restaurant,,,active,3,20,22,7.379480153727305,-7255.450192173055,0.1,15451.090038434611,OSM,6
Karczma Średniowieczna,gastronomia,50.8631289,21.0211806,,restaurant,,,active,0,2,5,8.476072793115343,1510.4169461447964,0.1,13697.91661077104,OSM,6
Vera Pizza,gastronomia,51.1129979,20.8519837,,restaurant,,,active,9,22,22,7.463203030421693,-6495.36351374707,0.1,15299.072702749414,OSM,7
Cichy Gaik,gastronomia,50.2181606,20.0318385,,restaurant,,,active,1,4,5,52.21510558434724,50924.226966422386,0.1,3815.1546067155223,OSM,17
Klubo Kawiarnia Bacówka,gastronomia,51.1071224,20.8502588,,restaurant,,,active,1,21,23,7.498410901305865,-6180.794981897285,0.1,15236.158996379456,OSM,4
Finezja,gastronomia,51.9620498,20.1455006,,restaurant,,,active,14,21,21,4.707185203452347,-45720.59222001498,0.1,23144.118444002997,OSM,5
Kuchnia Polowa Watra,gastronomia,51.9848196,20.9125789,,restaurant,,,active,0,4,5,4.4450368728823575,-51985.00615379102,0.1,24397.001230758204,OSM,19
Sajgonka,gastronomia,51.1140553,20.8831583,,restaurant,,,active,5,22,22,7.398317607511587,-7082.9325700136105,0.1,15416.586514002722,OSM,5
Jadłodajnia Sprint,gastronomia,50.8706078,20.6217123,,restaurant,,,active,96,163,178,9.74580086520184,9195.853022680778,0.1,12160.829395463845,OSM,13
Aramis,gastronomia,51.094021,20.8681978,,restaurant,,,active,1,17,23,7.534984800160745,-5857.134521271146,0.1,15171.42690425423,OSM,4
Victoria,gastronomia,50.8741538,20.6203791,,restaurant,,,active,83,162,178,9.717127299708903,9044.463340005997,0.1,12191.1073319988,OSM,19
Karczma pod Strzechą,gastronomia,50.8993782,20.5979821,,restaurant,,,active,0,22,168,9.553390126183604,8162.55817088249,0.1,12367.488365823501,OSM,12
restaurant_238989527,gastronomia,52.0045442,20.9094718,,restaurant,,,active,1,2,8,4.405432124898782,-52996.244142335505,0.1,24599.248828467098,OSM,12
Restauracja Radłowska,gastronomia,50.085941,20.850445,,restaurant,,,active,0,1,1,15.230496877448301,27671.130132967177,0.1,8465.773973406565,OSM,14
Piecownia Ruda Maleniecka Pizzeria,gastronomia,51.1456094,20.2241448,,restaurant,,,active,1,1,1,8.143649217148852,-897.5364934804311,0.1,14179.507298696086,OSM,15
"Restauracja ""Oleńka""",gastronomia,51.1916785,20.8608193,,restaurant,,,active,0,0,9,7.043154343946943,-10490.919065931303,0.1,16098.183813186262,OSM,9
Restauracja Joanna,gastronomia,50.0294691,20.2129416,,restaurant,,,active,15,18,22,48.71103380761557,50235.38517012897,0.1,3952.9229659742064,OSM,11
Kojot,gastronomia,50.3543609,20.0284469,,restaurant,,,active,2,2,5,29.62817050688384,43624.16894307296,0.1,5275.166211385407,OSM,4
restaurant_259669491,gastronomia,50.4448448,20.1402093,,restaurant,,,active,1,1,1,21.982771636465333,37754.915427925705,0.1,6449.016914414859,OSM,19
Zajazd Myśliwski,gastronomia,51.6445126,20.9571524,,restaurant,,,active,7,9,11,5.24971763624461,-34743.21775859842,0.1,20948.643551719684,OSM,19
Restauracja i hotel „Pod Kominem”,gastronomia,51.0972722,20.8624028,,restaurant,,,active,1,19,23,7.528651566654973,-5912.955304578296,0.1,15182.591060915658,OSM,1
Restauracja Jędruś,gastronomia,51.5999578,20.9877049,,restaurant,,,active,0,4,7,5.3547178292541675,-32875.601841870084,0.1,20575.120368374017,OSM,13
"Karczma ""U Wodnika""",gastronomia,51.9753307,20.5035337,,restaurant,,,active,2,5,6,4.6080229040612295,-48006.40511342307,0.1,23601.281022684616,OSM,17
Pizza House,gastronomia,50.641328,20.2855941,,restaurant,,,active,6,12,12,14.384282498916289,25739.83729896364,0.1,8852.03254020727,OSM,11
Zajazd Jagielloński,gastronomia,51.6231621,20.9740703,,restaurant,,,active,1,6,11,5.29807843094832,-33873.83883924561,0.1,20774.76776784912,OSM,12
Biedronka,gastronomia,51.8251906,20.8082549,,restaurant,,,active,1,2,3,4.857117591081967,-42441.71195649814,0.1,22488.34239129963,OSM,16
Dom weselny „Lodownia”,gastronomia,51.2312429,20.8531029,,restaurant,,,active,8,8,9,6.865659808716839,-12326.212473444379,0.1,16465.242494688875,OSM,11
restaurant_294867631,gastronomia,51.4710232,20.0131781,,restaurant,,,active,8,8,9,6.351243791711132,-18224.737452613437,0.1,17644.94749052269,OSM,5
restaurant_294867632,gastronomia,51.4719556,20.0128297,,restaurant,,,active,8,8,9,6.3470965086797655,-18276.17731449983,0.1,17655.235462899967,OSM,18
"Gospoda ""Echa Leśne""",gastronomia,50.9730628,20.7419947,,restaurant,,,active,0,1,2,8.5720677214291,2171.0161131762434,0.1,13565.79677736475,OSM,12
restaurant_309547530,gastronomia,51.4719463,20.0123551,,restaurant,,,active,8,8,9,6.3471789659652265,-18275.15391973262,0.1,17655.030783946524,OSM,5
"Karczma ""Dobrut""",gastronomia,51.2915342,20.9617644,,restaurant,,,active,0,1,2,6.4481907475068505,-17041.130462575355,0.1,17408.22609251507,OSM,13
Dwór Polski Resort Parkowy,gastronomia,51.5048987,20.7156213,,restaurant,,,active,0,0,0,5.880425127576702,-24527.866039006578,0.1,18905.573207801317,OSM,6
Bajka,gastronomia,50.2783954,20.4785034,,restaurant,,,active,1,2,2,21.827418709450573,37593.03117076706,0.1,6481.393765846587,OSM,4
Hotel Restauracja Tadeusz,gastronomia,50.1910925,20.2956131,,restaurant,,,active,5,6,6,33.699886948534626,45663.154975457815,0.1,4867.369004908436,OSM,17
Pizzeria Fantazja,gastronomia,51.2467865,20.1729613,,restaurant,,,active,0,2,2,7.4950965864847525,-6210.281079179957,0.1,15242.05621583599,OSM,19
Zakąski i Napitki,gastronomia,50.4608472,20.7189599,,restaurant,,,active,23,31,32,13.990536183110061,24761.55556470951,0.1,9047.688887058099,OSM,5
Victoria,gastronomia,50.4590251,20.7207141,,restaurant,,,active,20,31,32,13.99603343772805,24775.592636683206,0.1,9044.881472663357,OSM,10
Restauracja Advena,gastronomia,51.5384181,20.0177417,,restaurant,,,active,11,29,30,6.062455361879918,-21974.834065409785,0.1,18394.966813081955,OSM,6
Gastrofaza,gastronomia,51.6166045,20.5835631,,restaurant,,,active,1,3,3,5.577490630367501,-29146.049296375946,0.1,19829.20985927519,OSM,6
Pizza House,gastronomia,50.8027462,20.4623926,,restaurant,,,active,12,13,17,11.003933819529747,15061.704186860741,0.1,10987.659162627851,OSM,11
La Cucina Italiana,gastronomia,50.8514723,20.6235687,,restaurant,,,active,6,139,174,9.920177956566489,10097.678369364963,0.1,11980.464326127007,OSM,17
Ustronie leśne,gastronomia,50.8218941,20.6208234,,restaurant,,,active,0,6,26,10.220151097086346,11577.044238363116,0.1,11684.591152327377,OSM,1
Karczma Mnicha,gastronomia,50.8600086,21.0775809,,restaurant,,,active,1,4,5,8.308314693251218,319.3233573414982,0.1,13936.1353285317,OSM,5
Restauracja Sanato,gastronomia,50.4579861,20.7227149,,restaurant,,,active,18,31,32,13.988179848521138,24755.53535810014,0.1,9048.892928379972,OSM,15
Złoty Pstrąg,gastronomia,50.4609332,20.7223235,,restaurant,,,active,22,31,32,13.952916355135393,24665.197635118464,0.1,9066.960472976307,OSM,7
Pizzeria Sara,gastronomia,50.4718495,20.7194711,,restaurant,,,active,14,32,33,13.836796119951883,24364.467202849934,0.1,9127.106559430013,OSM,19
Full Pizza,gastronomia,50.4702672,20.7119101,,restaurant,,,active,14,32,32,13.93820238996961,24627.36836424355,0.1,9074.526327151289,OSM,16
Pod Złotym Rogiem,gastronomia,50.4719638,20.7195724,,restaurant,,,active,14,32,33,13.834196074058438,24357.675767832414,0.1,9128.464846433519,OSM,17
W Starym Młynie,gastronomia,50.2477725,20.7251549,,restaurant,,,active,0,1,1,16.613990379854343,30404.882056132286,0.1,7919.0235887735425,OSM,16
Mamma Rosa,gastronomia,50.3672829,20.8878351,,restaurant,,,active,4,4,5,13.149361953270457,22475.341330105985,0.1,9504.931733978803,OSM,15
Magnolia,gastronomia,50.3678021,20.8880488,,restaurant,,,active,4,4,5,13.142594539979028,22455.761590374845,0.1,9508.847681925032,OSM,14
"Pizzeria ""Mariano Italiano""",gastronomia,50.4508805,21.06394,,restaurant,,,active,0,1,1,10.941474909252292,14802.321748488248,0.1,11039.53565030235,OSM,17
Dom Weselny Bartoszówka,gastronomia,50.3262098,20.2359363,,restaurant,,,active,1,2,2,27.24827316862322,42150.21332156354,0.1,5569.957335687292,OSM,14
Karczma Jaksice,gastronomia,50.3231655,20.0348877,,restaurant,,,active,0,1,4,32.847468925995834,45278.12701104971,0.1,4944.374597790058,OSM,14
Karczma Siedlisko,gastronomia,50.3797743,20.0464379,,restaurant,,,active,0,1,3,27.195934134164286,42114.89884725503,0.1,5577.020230548993,OSM,14
Krystyna,gastronomia,50.9171535,20.6811248,,restaurant,,,active,0,5,24,9.16171792864856,5925.082512472123,0.1,12814.983497505575,OSM,16
Pizzeria Angelina,gastronomia,50.9812729,20.7614383,,restaurant,,,active,0,2,2,8.4656222500933,1437.5961708556642,0.1,13712.480765828868,OSM,15
Bistro Pajęczynka,gastronomia,50.3656546,20.3526357,,restaurant,,,active,1,1,1,22.0823679957329,37857.50078539504,0.1,6428.499842920994,OSM,7
Amir Kebab,gastronomia,50.1740459,20.986532,,restaurant,,,active,6,7,9,13.115377078463792,22376.810936604415,0.1,9524.637812679117,OSM,11
Mogielanka,gastronomia,51.6948608,20.7251675,,restaurant,,,active,0,0,0,5.253582051290238,-34673.15902151067,0.1,20934.631804302135,OSM,18
Kinga,gastronomia,50.3049973,20.8120936,,restaurant,,,active,1,1,1,14.647658207867106,26364.850687773753,0.1,8727.02986244525,OSM,17
Insaf Kebab,gastronomia,51.9635173,20.1491744,,restaurant,,,active,11,21,21,4.703200508791908,-45810.5855396399,0.1,23162.11710792798,OSM,2
Dworek Pamiętna,gastronomia,51.9425186,20.2318041,,restaurant,,,active,0,0,3,4.7446076386782545,-44882.79201929734,0.1,22976.558403859468,OSM,16
Tawerna,gastronomia,51.9502404,20.1847895,,restaurant,,,active,0,11,24,4.731882852213242,-45166.1831275335,0.1,23033.2366255067,OSM,7
Ha Tinh,gastronomia,51.3782728,20.2701201,,restaurant,,,active,12,21,22,6.718421188679732,-13922.24682823992,0.1,16784.449365647983,OSM,11
U Jakuba,gastronomia,51.8332852,20.8761702,,restaurant,,,active,0,0,15,4.803311513983442,-43594.85175891583,0.1,22718.970351783166,OSM,8
Dom Weselny Gościniec Banasiówka,gastronomia,50.1630923,20.0557711,,restaurant,,,active,0,0,1,68.99431395882127,53253.0259914111,0.32530259914111004,3349.39480171778,OSM,9
U Stacha,gastronomia,51.570212,21.0184268,,restaurant,,,active,1,4,5,5.417084084041494,-31800.579470970246,0.1,20360.11589419405,OSM,10
Topolka,gastronomia,51.8659557,20.8775714,,restaurant,,,active,10,13,15,4.7244677558487504,-45332.027191002606,0.1,23066.405438200523,OSM,12
A Dong,gastronomia,50.0399447,20.2146572,,restaurant,,,active,13,19,23,48.90342708323166,50275.76767474762,0.1,3944.8464650504766,OSM,13
U Jedynaka,gastronomia,50.0513848,20.2545607,,restaurant,,,active,1,3,21,43.19921746624781,48925.71626695189,0.1,4214.856746609623,OSM,8
Hotel Okrąglak,gastronomia,50.8019236,20.4145347,,restaurant,,,active,0,0,18,11.177672191960376,15767.96712113022,0.1,10846.406575773955,OSM,6
Capri,gastronomia,50.8123368,20.5543216,,restaurant,,,active,0,1,10,10.563551084545935,13167.432002910413,0.1,11366.513599417918,OSM,5
Pizzeria Małomiasteczkowa,gastronomia,50.9016005,20.7152327,,restaurant,,,active,0,3,14,9.1877454448643,6079.685135977903,0.1,12784.062972804419,OSM,12
Bar Pstrąg,gastronomia,50.9092948,20.8271211,,restaurant,,,active,0,1,6,8.790597181588863,3621.0428971530782,0.1,13275.791420569385,OSM,1
Zajazd słoneczny,gastronomia,50.2544896,20.4696651,,restaurant,,,active,0,2,2,22.767675273774202,38539.040262668204,0.1,6292.19194746636,OSM,17
Dworek Wymysłów,gastronomia,50.6251076,20.6017623,,restaurant,,,active,0,0,0,12.68817444101022,21093.227786660973,0.1,9781.354442667805,OSM,6
Komoda smaku,gastronomia,50.3638635,20.3526319,,restaurant,,,active,1,1,2,22.15581705420214,37932.56325068958,0.1,6413.487349862085,OSM,7
Belwederska,gastronomia,50.4575145,20.7215615,,restaurant,,,active,18,31,32,14.007110871316678,24803.845054594072,0.1,9039.230989081185,OSM,2
Rancho,gastronomia,50.4413095,20.8406078,,restaurant,,,active,1,1,1,12.951460840351714,21894.31635061626,0.1,9621.136729876747,OSM,19
Zajazd Pod Borem,gastronomia,50.443614,20.8333397,,restaurant,,,active,1,1,1,13.000385220030322,22039.60120892219,0.1,9592.079758215561,OSM,18
Zacisze,gastronomia,51.1927668,20.4063694,,restaurant,,,active,15,17,17,7.657711253151412,-4793.660660583511,0.1,14958.732132116702,OSM,12
Kamyk,gastronomia,51.1462864,20.2234795,,restaurant,,,active,1,1,1,8.139229061999082,-930.8795331034198,0.1,14186.175906620685,OSM,19
Zajazd Podzamcze,gastronomia,51.1354337,20.1086526,,restaurant,,,active,0,0,0,8.29056618171503,190.4880751380333,0.1,13961.902384972393,OSM,13
Dom Weselny Agawa,gastronomia,51.8150587,21.032678,,restaurant,,,active,0,0,0,4.761591576315122,-44506.90619646502,0.1,22901.381239293005,OSM,7
Zajazd Pod Klonami,gastronomia,51.996444,20.495594,,restaurant,,,active,0,3,6,4.5615861834625155,-49110.99492380307,0.1,23822.198984760613,OSM,15
Dwór Jarzębina,gastronomia,51.2538545,21.0752319,,restaurant,,,active,0,0,0,6.436240975439653,-17185.09630201431,0.1,17437.019260402863,OSM,12
Restauracja Atrium,gastronomia,51.053962,21.07147,,restaurant,,,active,10,21,23,7.311999807853296,-7880.74577942217,0.1,15576.149155884434,OSM,15
Kuchnia Chińska i Wietnamska,gastronomia,50.1764122,20.9963841,,restaurant,,,active,4,7,9,12.990322541730926,22009.808675360546,0.1,9598.03826492789,OSM,11
"Karczma Ceprówka, Restauracja Małe Zakopane",gastronomia,51.9763707,20.8364953,,restaurant,,,active,5,6,9,4.493960552737559,-50760.433671456674,0.1,24152.086734291337,OSM,2
Bufet u Tomiego,gastronomia,50.0316162,20.0563487,,restaurant,,,active,0,7,30,102.45404318170871,55619.763120395175,0.5619763120395176,2876.047375920965,OSM,3
Jockerpizza,gastronomia,51.0516289,21.060207,,restaurant,,,active,6,22,23,7.348235781360913,-7543.543358838535,0.1,15508.708671767707,OSM,1
Włoski Placek,gastronomia,50.0347412,20.6057213,,restaurant,,,active,0,0,0,20.706794377156346,36353.33630628997,0.1,6729.332738742005,OSM,8
Zajazd Oaza,gastronomia,50.4417677,21.0569711,,restaurant,,,active,0,1,3,11.051289141416312,15256.409537220658,0.1,10948.71809255587,OSM,12
Sovrana,gastronomia,50.3075345,21.0762923,,restaurant,,,active,2,3,4,11.634686274362739,17525.0552349005,0.1,10494.9889530199,OSM,3
Wilaneska,gastronomia,50.762089,20.436957,,restaurant,,,active,1,1,16,11.625139349142275,17489.762876529217,0.1,10502.047424694156,OSM,6
Patrol,gastronomia,51.2298973,20.1768964,,restaurant,,,active,0,1,2,7.599278022011964,-5295.724087433955,0.1,15059.144817486791,OSM,2
Grzybowa Chata,gastronomia,51.6975757,20.9288988,,restaurant,,,active,2,3,3,5.121873305130289,-37120.532608484966,0.1,21424.106521696995,OSM,6
Sapori Italiani,gastronomia,51.735591,20.2305579,,restaurant,,,active,1,3,11,5.32282195787989,-33435.13515134607,0.1,20687.027030269215,OSM,11
Pizzeria Trufla,gastronomia,51.5329592,20.0076177,,restaurant,,,active,20,30,30,6.085602862490973,-21661.128699636974,0.1,18332.225739927395,OSM,17
Niespodzianka,gastronomia,51.9084402,20.856233,,restaurant,,,active,0,0,11,4.636004943397063,-47351.48120088536,0.1,23470.29624017707,OSM,11
Pizzeria Staromiejska,gastronomia,51.3805953,20.2964921,,restaurant,,,active,6,22,22,6.6935435403561385,-14198.84926951515,0.1,16839.76985390303,OSM,5
La Cucinia Italiana,gastronomia,50.7290156,20.7627479,,restaurant,,,active,0,0,2,10.538006130295619,13052.694141773696,0.1,11389.46117164526,OSM,10
Grill Bar,gastronomia,52.0467564,20.8637748,,restaurant,,,active,2,3,5,4.337374677579237,-54777.10589186603,0.1,24955.421178373206,OSM,15
Warszawska91,gastronomia,50.0688747,21.0164556,,restaurant,,,active,0,3,15,12.907171953991268,21761.84715115803,0.1,9647.630569768393,OSM,14
Zajazd Wilczyniec,gastronomia,50.576797,20.7497982,,restaurant,,,active,0,0,1,12.244937991482832,19666.800162827843,0.1,10066.639967434432,OSM,18
Bar Baba Jaga,gastronomia,50.5307717,20.731118,,restaurant,,,active,0,1,2,12.956422863563427,21909.101473052404,0.1,9618.17970538952,OSM,3
Exodus,gastronomia,50.785581,20.6044473,,restaurant,,,active,1,4,10,10.66361295008662,13611.57650410234,0.1,11277.684699179532,OSM,9
Smaczna Chatka,gastronomia,50.9071784,20.8815968,,restaurant,,,active,2,4,5,8.639738112431681,2627.875464124052,0.1,13474.42490717519,OSM,18
Brzozowy Dworek,gastronomia,50.0213915,21.0756115,,restaurant,,,active,0,2,3,12.21292339779789,19559.761228818083,0.1,10088.047754236384,OSM,17
Roleski Ranch,gastronomia,50.101207,21.0605897,,restaurant,,,active,0,0,2,12.39134388520017,20149.251555581133,0.1,9970.149688883774,OSM,5
Zajazd Kes-Bo,gastronomia,51.8800572,20.8548228,,restaurant,,,active,0,13,14,4.702171472172902,-45833.85085145499,0.1,23166.770170290998,OSM,10
Grochówka polowa,gastronomia,52.0400437,21.0887211,,restaurant,,,active,1,2,7,4.260097276322768,-56868.21193707346,0.1,25373.64238741469,OSM,11
restaurant_703974415,gastronomia,51.3751457,20.2831497,,restaurant,,,active,18,22,22,6.727384574213783,-13823.088636334433,0.1,16764.617727266887,OSM,16
Zmiana Klimatu,gastronomia,51.3757077,20.2884813,,restaurant,,,active,17,22,22,6.721840946696101,-13884.384272846932,0.1,16776.876854569386,OSM,8
Restauracja Nad Zalewem,gastronomia,50.7973685,20.3713073,,restaurant,,,active,1,1,2,11.378553501344674,16557.683435692255,0.1,10688.46331286155,OSM,8
Pizza Pub Cameleon,gastronomia,50.7965474,20.3674467,,restaurant,,,active,1,1,2,11.401939885316938,16647.81300119953,0.1,10670.437399760094,OSM,11
Karczma Bobrowe Rozlewisko,gastronomia,50.0520995,20.3241735,,restaurant,,,active,0,0,1,35.58137117915255,46447.70287287426,0.1,4710.459425425148,OSM,3
Zaleśnik,gastronomia,52.0276565,21.034553,,restaurant,,,active,3,5,9,4.307154163176211,-55585.930769491344,0.1,25117.186153898267,OSM,9
Cucina Povera,gastronomia,52.0237302,21.045408,,restaurant,,,active,4,5,9,4.310117426908121,-55506.12012992808,0.1,25101.224025985615,OSM,3
La Provincia,gastronomia,52.0146125,21.0468585,,restaurant,,,active,0,5,8,4.327262305461429,-55046.496769782374,0.1,25009.299353956478,OSM,9
Lavanda Młochów,gastronomia,52.0480812,20.7820021,,restaurant,,,active,0,3,4,4.363678048390727,-54082.23875714069,0.1,24816.44775142814,OSM,7
Osada Podegrodzie,gastronomia,50.0339109,20.2198048,,restaurant,,,active,16,19,21,47.806010001343715,50041.06397948822,0.1,3991.7872041023556,OSM,18
Imbirowa,gastronomia,50.1802619,20.9760696,,restaurant,,,active,4,7,9,13.223742996863011,22689.22281546065,0.1,9462.155436907871,OSM,3
Strefa Drink & Food,gastronomia,51.3884754,20.2670996,,restaurant,,,active,1,21,22,6.669667747342718,-14466.253033999543,0.1,16893.25060679991,OSM,17
Pełna Kultura,gastronomia,51.053506,21.0657001,,restaurant,,,active,7,21,23,7.326967479456079,-7741.056262626909,0.1,15548.211252525383,OSM,4
Miko Catering,gastronomia,50.9445947,20.4292496,,restaurant,,,active,2,2,3,9.554765722424348,8170.093173866524,0.1,12365.981365226695,OSM,9
Oficyna,gastronomia,52.0459131,20.7558815,,restaurant,,,active,2,3,4,4.376935522729881,-53735.17605033201,0.1,24747.035210066402,OSM,3
Stara Chata,gastronomia,52.0234082,21.0395214,,restaurant,,,active,3,5,9,4.313284038528979,-55420.95385643146,0.1,25084.190771286292,OSM,19
Galeon,gastronomia,51.9423081,20.1502385,,restaurant,,,active,0,16,21,4.755709352698766,-44636.78673745284,0.1,22927.357347490568,OSM,14
Restauracja u Kosińskich,gastronomia,51.9542105,20.1397398,,restaurant,,,active,11,20,21,4.72712549689664,-45272.52504259728,0.1,23054.505008519456,OSM,14
Restauracja Ogrodowa,gastronomia,51.4646724,20.8977418,,restaurant,,,active,1,1,1,5.865955091873671,-24737.611295843177,0.1,18947.522259168636,OSM,15
Pizzeria 17,gastronomia,51.3374721,20.6283054,,restaurant,,,active,2,3,3,6.645314493754777,-14740.98377434157,0.1,16948.196754868317,OSM,19
Chatka,gastronomia,50.7545298,20.6156025,,restaurant,,,active,2,3,5,10.96102300707114,14883.819860843134,0.1,11023.236027831374,OSM,16
U Koziołka,gastronomia,50.3981699,21.0427503,,restaurant,,,active,1,1,2,11.43654486690195,16780.502038073573,0.1,10643.899592385285,OSM,5
restaurant_983021121,gastronomia,51.7626289,20.3203477,,restaurant,,,active,0,0,5,5.218516149409044,-35312.67657025858,0.1,21062.535314051718,OSM,7
Rubin,gastronomia,51.5607935,20.9973923,,restaurant,,,active,0,3,5,5.463139874046418,-31022.459890755432,0.1,20204.491978151087,OSM,10
Promenada R3,gastronomia,51.0278852,21.0449046,,restaurant,,,active,0,4,22,7.500454046009758,-6162.630946455829,0.1,15232.526189291168,OSM,17
Pierogarnia & Bistro,gastronomia,50.8025176,20.4635679,,restaurant,,,active,12,13,17,11.002625474491179,15056.301024767665,0.1,10988.739795046467,OSM,14
Cafetin,gastronomia,51.0673229,20.8374021,,restaurant,,,active,0,3,8,7.747842943095968,-4034.0908007880353,0.1,14806.818160157607,OSM,5
Pyszne Jadlo,gastronomia,51.3626358,20.6345887,,restaurant,,,active,0,1,4,6.524430666907441,-16135.039212854172,0.1,17227.007842570834,OSM,19
Królewska Restauracja i Pizzeria,gastronomia,50.5914854,21.0043245,,restaurant,,,active,2,2,2,10.382338926644103,12341.294766745239,0.1,11531.741046650954,OSM,6
Kuchnia Marche,gastronomia,50.0645715,20.0013361,,restaurant,,,active,13,46,74,199.15493409482877,57989.391853269764,0.7989391853269766,2402.1216293460466,OSM,14
Smażone i Wędzone,gastronomia,51.6471311,20.9043634,,restaurant,,,active,0,0,9,5.2798283534976695,-34200.048282586795,0.1,20840.00965651736,OSM,11
Prima Vera,gastronomia,51.0451171,21.0839346,,restaurant,,,active,11,21,22,7.326475546584082,-7745.638277346254,0.1,15549.127655469252,OSM,5
Va Bene,gastronomia,50.8828808,20.5850961,,restaurant,,,active,6,41,172,9.743744308170317,9185.024546391236,0.1,12162.995090721754,OSM,3
Babie Lato,gastronomia,52.0187653,20.7302853,,restaurant,,,active,0,1,5,4.442322009014374,-52053.74981493877,0.1,24410.749962987753,OSM,3
Pizzeria Apia,gastronomia,51.3148629,20.9911404,,restaurant,,,active,1,1,2,6.315778062169587,-18666.80970709106,0.1,17733.36194141821,OSM,12
Pewna Kura,gastronomia,50.8526634,20.8196297,,restaurant,,,active,0,1,1,9.234921633351828,6357.688906178162,0.1,12728.462218764367,OSM,13
Bistro Domowe Obiadki,gastronomia,50.1887393,20.298566,,restaurant,,,active,5,6,6,33.63451061425436,45634.31618689587,0.1,4873.136762620825,OSM,12
restaurant_1268197062,gastronomia,51.4674179,20.0106306,,restaurant,,,active,8,8,9,6.36766743404274,-18021.68869983795,0.1,17604.33773996759,OSM,13
Przystanek Pierogarnia,gastronomia,50.0608754,20.006972,,restaurant,,,active,14,48,76,183.6871405646848,57777.98038304196,0.7777980383041965,2444.403923391607,OSM,10
Thai Express,gastronomia,50.0608906,20.0067549,,restaurant,,,active,14,48,76,184.21461172769475,57785.77448167305,0.7785774481673051,2442.8451036653896,OSM,18
Kuchnia smaku,gastronomia,50.0608862,20.006644,,restaurant,,,active,14,48,76,184.48079926538153,57789.690840504576,0.7789690840504577,2442.0618318990846,OSM,4
Sakura Ramen & Sushi,gastronomia,50.0607399,20.0065751,,restaurant,,,active,13,47,76,184.59306794617402,57791.33923844965,0.7791339238449646,2441.732152310071,OSM,6
MITO PIZZA,gastronomia,50.0365086,20.1655557,,restaurant,,,active,0,2,19,58.62859106694944,51971.73774943632,0.19717377494363186,3605.652450112736,OSM,11
restaurant_1409716394,gastronomia,51.3350869,20.6280193,,restaurant,,,active,2,2,3,6.656690845623525,-14612.396173352041,0.1,16922.479234670405,OSM,11
Resursa Chęcina,gastronomia,50.8005701,20.4581148,,restaurant,,,active,12,13,17,11.045740369869007,15233.681649451122,0.1,10953.263670109776,OSM,5
Pizzeria Diavoli,gastronomia,51.1914474,20.4075608,,restaurant,,,active,15,17,17,7.6647980008750265,-4733.291202575616,0.1,14946.658240515122,OSM,2
"Kawiarnia ""Birski""",gastronomia,51.5231775,20.0171504,,cafe,,,active,10,30,30,6.1254037020732826,-21127.272963374402,0.1,18225.454592674883,OSM,6
Euforia Cafe,gastronomia,51.5301677,20.0165016,,cafe,,,active,24,30,30,6.096445053079644,-21515.00967312466,0.1,18303.001934624932,OSM,3
Nastroje,gastronomia,51.5299829,20.0184418,,cafe,,,active,24,30,30,6.097050157709047,-21506.87005466163,0.1,18301.374010932326,OSM,1
Włodarscy,gastronomia,50.033002,20.216145,,cafe,,,active,16,19,22,48.359339052909725,50160.7354485769,0.1,3967.8529102846187,OSM,12
Cafe Vegas,gastronomia,51.6172877,20.5838314,,cafe,,,active,1,3,3,5.575059649032615,-29185.139079500266,0.1,19837.02781590005,OSM,2
Cafe Rosso,gastronomia,52.0019271,20.9139156,,cafe,,,active,1,2,8,4.409009269204077,-52904.16167695219,0.1,24580.83233539044,OSM,17
cafe_2253212056,gastronomia,50.7691393,20.7641197,,cafe,,,active,1,1,5,10.153662674094113,11256.685932093074,0.1,11748.662813581384,OSM,19
Wild Bean Cafe,gastronomia,50.8741147,20.6084242,,cafe,,,active,9,162,178,9.754844188706745,9243.415032825054,0.1,12151.31699343499,OSM,19
Carska Wieża,gastronomia,51.5408683,20.1366939,,cafe,,,active,10,10,10,6.035217271042342,-22347.058779317988,0.1,18469.4117558636,OSM,5
Cztery Pory Roku,gastronomia,50.6404026,20.3049513,,cafe,,,active,5,11,12,14.301832308486029,25539.444651904938,0.1,8892.111069619012,OSM,2
Milusio,gastronomia,50.6385064,20.3023556,,cafe,,,active,5,11,12,14.356000129486654,25671.35723807777,0.1,8865.728552384448,OSM,4
cafe_2760919865,gastronomia,50.6434222,20.2866303,,cafe,,,active,6,12,12,14.33404747247728,25618.017017869723,0.1,8876.396596426055,OSM,15
Remiza,gastronomia,51.4690766,20.6388921,,cafe,,,active,0,0,0,6.075149917442825,-21802.495707046168,0.1,18360.499141409233,OSM,9
Muzealna,gastronomia,50.1935545,20.2886359,,cafe,,,active,5,6,6,34.03918685284237,45811.047465334836,0.1,4837.790506933033,OSM,2
6na9,gastronomia,51.5318694,20.0065708,,cafe,,,active,20,30,30,6.090165297919481,-21599.57785067176,0.1,18319.915570134355,OSM,11
ęKlawa - kultura klub kawa,gastronomia,51.5352647,20.0085373,,cafe,,,active,21,29,30,6.076062373707344,-21790.13615193061,0.1,18358.02723038612,OSM,19
Meet Me,gastronomia,50.8705122,20.630615,,cafe,,,active,117,162,177,9.718411749388075,9051.264044612763,0.1,12189.747191077447,OSM,2
cafe_3882686792,gastronomia,51.8658788,20.86573,,cafe,,,active,11,13,15,4.7303586949669425,-45200.22956863616,0.1,23040.045913727234,OSM,11
Ice Cafe,gastronomia,50.030432,21.0010967,,cafe,,,active,8,12,16,13.071026545707817,22247.45738205337,0.1,9550.508523589326,OSM,17
Tiramisiu,gastronomia,50.177023,20.9755817,,cafe,,,active,6,7,9,13.240027602611407,22735.728277380476,0.1,9452.854344523905,OSM,16
Choco Obsession,gastronomia,50.8703388,20.6330128,,cafe,,,active,115,162,176,9.712368730580598,9019.2527312428,0.1,12196.149453751439,OSM,5
Calimero Café,gastronomia,50.8707355,20.6248057,,cafe,,,active,108,162,177,9.734809168811822,9137.924860213025,0.1,12172.415027957395,OSM,11
Wild Bean Cafe,gastronomia,50.9782901,20.5498645,,cafe,,,active,1,2,4,8.99128540294131,4890.598497025188,0.1,13021.880300594963,OSM,18
Cukiernia Świat Słodyczy,gastronomia,50.8731444,20.6246845,,cafe,,,active,105,164,177,9.71292468642348,9022.199425793006,0.1,12195.560114841399,OSM,7
Bistro Raj,gastronomia,50.825348,20.4991088,,cafe,,,active,0,1,17,10.611493019713718,13381.277020008893,0.1,11323.744595998221,OSM,6
Syrenka,gastronomia,50.9447332,20.4304306,,cafe,,,active,2,2,3,9.550920522123391,8149.025155028889,0.1,12370.194968994223,OSM,19
Ultra Violet Coffee Zone,gastronomia,50.8713334,20.6263695,,cafe,,,active,110,163,177,9.724320496038148,9082.525616704173,0.1,12183.494876659166,OSM,8
Cztery Pory Roku,gastronomia,50.8696982,20.6333244,,cafe,,,active,114,162,176,9.71726490386504,9045.19199109976,0.1,12190.961601780047,OSM,10
Mała Rozkosz Cafe,gastronomia,50.8699961,20.6288074,,cafe,,,active,116,163,177,9.728927638491275,9106.874408047493,0.1,12178.6251183905,OSM,6
Kawiarnia Sanato,gastronomia,50.4578236,20.7222253,,cafe,,,active,18,31,32,13.995703577871717,24774.750660585698,0.1,9045.04986788286,OSM,17
Sultan kebab,gastronomia,51.9767737,20.5274812,,cafe,,,active,1,4,6,4.598138068644343,-48239.66647709072,0.1,23647.933295418145,OSM,19
Zajazd Ostrowce,gastronomia,50.3383007,20.877646,,cafe,,,active,0,1,5,13.509925474794912,23490.173340864392,0.1,9301.965331827121,OSM,4
Bajka,gastronomia,51.1142676,20.8613298,,cafe,,,active,11,22,22,7.438670478536135,-6716.312571274917,0.1,15343.262514254982,OSM,15
Na Warszawskiej LODY NATURALNE,gastronomia,51.9840031,20.2171864,,cafe,,,active,1,1,8,4.64546529375041,-47131.844903169316,0.1,23426.368980633863,OSM,5
Cafe Artystyczna,gastronomia,50.3655121,20.8903631,,cafe,,,active,4,4,5,13.136567736876879,22438.30762989913,0.1,9512.338474020175,OSM,12
Kawiarenka pod wieżyczką,gastronomia,50.3672587,20.8868498,,cafe,,,active,4,4,5,13.160411428805844,22507.26681647754,0.1,9498.546636704492,OSM,14
FG Cafe,gastronomia,51.5342823,20.0081147,,cafe,,,active,20,30,30,6.0801262840818415,-21735.134047960804,0.1,18347.02680959216,OSM,12
Cafe Polonez,gastronomia,51.960867,20.146679,,cafe,,,active,14,21,21,4.709972816757586,-45657.725204071845,0.1,23131.545040814366,OSM,4
Banatkiewicz,gastronomia,50.8702664,20.625622,,cafe,,,active,110,162,177,9.736561873826473,9147.170687213038,0.1,12170.565862557392,OSM,5
Śnieżka,gastronomia,50.4678685,20.7194206,,cafe,,,active,22,32,32,13.890874665080478,24505.14639607806,0.1,9098.970720784388,OSM,3
Open Cafe,gastronomia,51.9571363,20.1422896,,cafe,,,active,13,20,21,4.719624346890604,-45440.634942569406,0.1,23088.12698851388,OSM,1
Plac Cafe,gastronomia,50.8712596,20.6271997,,cafe,,,active,110,163,177,9.722370219695643,9072.211435942176,0.1,12185.557712811566,OSM,6
Venezia Cafe,gastronomia,51.532805,20.008752,,cafe,,,active,20,30,30,6.086157422433317,-21653.64232233318,0.1,18330.728464466636,OSM,15
Stop Cafe Bistro,gastronomia,50.8830277,20.5775586,,cafe,,,active,5,19,163,9.764864595681289,9296.01298095467,0.1,12140.797403809065,OSM,10
Nadzieja,gastronomia,50.0846073,20.0298787,,cafe,,,active,11,62,79,134.24519226165327,56775.47183197842,0.6775471831978422,2644.9056336043154,OSM,10
Musique Cafe,gastronomia,51.379508,20.2849196,,cafe,,,active,18,22,22,6.704893215345991,-14072.403160070113,0.1,16814.48063201402,OSM,5
Wilcza - Kawiarenka Ceramiczna,gastronomia,51.3770845,20.288158,,cafe,,,active,17,22,22,6.715194069421915,-13958.011910152156,0.1,16791.602382030433,OSM,14
cafe_7096971414,gastronomia,51.6724716,20.2643929,,cafe,,,active,0,0,0,5.519523250248755,-30087.533982661625,0.1,20017.506796532325,OSM,15
Caffe Adriano,gastronomia,51.7628466,20.2513451,,cafe,,,active,6,8,12,5.234443810858439,-35021.13234318986,0.1,21004.22646863797,OSM,17
Łancafe,gastronomia,50.0701089,20.0372561,,cafe,,,active,13,60,84,131.36910815101345,56693.930163359015,0.6693930163359012,2661.2139673281977,OSM,11
Cube Baldy & kawa,gastronomia,50.0679753,20.0148971,,cafe,,,active,12,60,78,166.60406994282062,57498.87283562999,0.749887283562999,2500.225432874002,OSM,1
Dolce Vita,gastronomia,50.4550368,20.7211071,,cafe,,,active,16,31,32,14.045450371667448,24901.283919766473,0.1,9019.743216046707,OSM,17
Cafe Obsession,gastronomia,50.4587269,20.7223423,,cafe,,,active,18,31,32,13.98230437978311,24740.515267072464,0.1,9051.896946585508,OSM,12
Wild Bean Cafe,gastronomia,50.4909636,20.7179955,,cafe,,,active,0,15,34,13.595846188046437,23724.061740298042,0.1,9255.187651940392,OSM,11
Kafejka,gastronomia,50.9925478,20.8000771,,cafe,,,active,0,1,2,8.293877101078662,214.56365865701082,0.1,13957.087268268597,OSM,18
Zwał jak zwał,gastronomia,50.0462736,20.1825994,,cafe,,,active,0,17,22,55.291288595104426,51456.984134309525,0.1456984134309527,3708.6031731380945,OSM,18
cafe_7799330169,gastronomia,52.0312771,21.049665,,cafe,,,active,2,6,9,4.293680030992433,-55950.22367547752,0.1,25190.044735095504,OSM,5
cafe_8229142954,gastronomia,51.0357507,21.0872069,,cafe,,,active,5,21,22,7.363889470131395,-7398.90071382052,0.1,15479.780142764104,OSM,8
Kruche Tarte,gastronomia,50.8690452,20.6212952,,cafe,,,active,97,163,178,9.76166583667017,9279.234162910412,0.1,12144.153167417917,OSM,10
Fragola bistro&cafe Fresh gelato Kielce,gastronomia,50.8710029,20.6249405,,cafe,,,active,109,162,177,9.731905920588451,9122.602388477782,0.1,12175.479522304444,OSM,18
Bajgle & Coffe,gastronomia,50.8719631,20.6332278,,cafe,,,active,115,163,177,9.696774986873073,8936.464631089133,0.1,12212.707073782174,OSM,7
Wesoła Kafka,gastronomia,50.8693069,20.631784,,cafe,,,active,117,161,176,9.725790230346448,9090.295682103235,0.1,12181.940863579353,OSM,14
Magia Karmelu,gastronomia,50.8675339,20.6332196,,cafe,,,active,112,161,176,9.737545276779535,9152.356852982637,0.1,12169.528629403472,OSM,11
La Baguette,gastronomia,50.8733694,20.6307216,,cafe,,,active,110,164,177,9.6918163301934,8910.083005563676,0.1,12217.983398887265,OSM,10
Cztery Pory Roku,gastronomia,50.8839931,20.6454696,,cafe,,,active,14,151,179,9.549909170504515,8143.481097780394,0.1,12371.303780443921,OSM,17
Sensory Room,gastronomia,50.8765632,20.6008963,,cafe,,,active,5,145,178,9.755206627699224,9245.31938869597,0.1,12150.936122260806,OSM,3
La Baguette,gastronomia,50.8519084,20.6314631,,cafe,,,active,3,138,170,9.889525864483106,9941.458887763023,0.1,12011.708222447394,OSM,3
Ciasta Domowe,gastronomia,50.8886263,20.6125442,,cafe,,,active,3,145,176,9.608319263646008,8461.762480999387,0.1,12307.647503800123,OSM,17
Calimero Café,gastronomia,50.8693056,20.6224458,,cafe,,,active,101,162,178,9.755579961585012,9247.280841439191,0.1,12150.543831712163,OSM,6
STOP Cafe,gastronomia,50.7888963,20.4702362,,cafe,,,active,0,13,17,11.147472340339212,15646.782630654612,0.1,10870.643473869077,OSM,5
Cztery Pory Roku,gastronomia,51.1152239,20.3601136,,cafe,,,active,17,17,17,8.235058078235811,-216.02595268090226,0.1,14043.20519053618,OSM,5
U Dziewczyn,gastronomia,52.0489121,20.7456792,,cafe,,,active,2,3,5,4.374135424557736,-53808.30357762745,0.1,24761.66071552549,OSM,4
Stara Apteka,gastronomia,50.8594556,21.0531581,,cafe,,,active,1,5,5,8.391964461405422,919.1947785889643,0.1,13816.161044282208,OSM,6
kAVIArnia,gastronomia,50.0809771,20.0032704,,cafe,,,active,10,64,73,180.6571778780391,57732.32696385002,0.7732326963850017,2453.5346072299967,OSM,7
Na Szlaku,gastronomia,50.9012922,20.87964,,cafe,,,active,2,4,6,8.685631956370573,2933.6648718727447,0.1,13413.267025625451,OSM,11
Wesoła Kafka,gastronomia,50.8677416,20.5985916,,cafe,,,active,4,144,174,9.845922426110924,9717.556429855322,0.1,12056.488714028936,OSM,6
cafe_9426462721,gastronomia,50.5968642,21.0998421,,cafe,,,active,0,0,0,9.79456479205431,9451.279549897175,0.1,12109.744090020566,OSM,13
Klubokawiarnia Ludowa,gastronomia,50.0803116,20.0339677,,cafe,,,active,20,68,81,131.88481400532032,56708.81294202811,0.6708812942028113,2658.2374115943776,OSM,13
Kawiarnia Cafe Bona,gastronomia,51.522957,20.2238134,,cafe,,,active,1,2,2,6.085302449021083,-21665.18475272054,0.1,18333.036950544105,OSM,16
Caffe Moya,gastronomia,50.8637134,20.202407,,cafe,,,active,0,0,0,10.90571730958495,14652.488478630024,0.1,11069.502304273994,OSM,5
Cafe Art,gastronomia,51.3125283,20.9791902,,cafe,,,active,1,2,2,6.340666021570895,-18356.069425357535,0.1,17671.213885071506,OSM,3
"Kawiarnia ""Pół Szeptem""",gastronomia,51.1908942,20.4103276,,cafe,,,active,15,17,17,7.6653939097042025,-4728.219957099936,0.1,14945.643991419987,OSM,9
Kawiarnia Na Warszawskiej,gastronomia,51.1924187,20.4073895,,cafe,,,active,15,17,17,7.6588458450762635,-4783.987968166402,0.1,14956.79759363328,OSM,14
Stop Cafe,gastronomia,50.9484561,20.930938,,cafe,,,active,0,5,5,8.231161338428434,-244.76971623355348,0.1,14048.953943246712,OSM,15
Bar Rolmet Górno,gastronomia,50.8616168,20.792736,,cafe,,,active,0,1,6,9.25779752029509,6491.473792347249,0.1,12701.70524153055,OSM,11
Stary Ratusz Szydłów Bistro Coffe &Wine Bar,gastronomia,50.5908938,21.0017435,,cafe,,,active,2,2,2,10.402271967367362,12433.577436877815,0.1,11513.284512624437,OSM,6
STOP Cafe,gastronomia,50.9026014,20.655134,,cafe,,,active,1,25,160,9.358617751488957,7073.30673427174,0.1,12585.338653145653,OSM,7
cafe_9984125765,gastronomia,51.4500942,20.4649707,,cafe,,,active,2,2,2,6.276270870877249,-19165.140381379664,0.1,17833.028076275932,OSM,17
Coffeina Cafe,gastronomia,50.8716742,20.6285475,,cafe,,,active,112,162,177,9.71427379553177,9029.348613791117,0.1,12194.130277241777,OSM,14
La Baguette,gastronomia,50.885959,20.5798857,,cafe,,,active,6,18,163,9.730228013244128,9113.742728388912,0.1,12177.251454322217,OSM,19
Bluu Caffe,gastronomia,50.8739081,20.6248621,,cafe,,,active,100,163,177,9.705324581882575,8981.887876952052,0.1,12203.62242460959,OSM,11
Browar Korona,gastronomia,50.8864737,20.6302817,,cafe,,,active,4,155,178,9.574264513905685,8276.667411496863,0.1,12344.666517700629,OSM,16
Miodowa Kawiarenka,gastronomia,50.4575388,20.7204949,,cafe,,,active,18,31,32,14.018455258100584,24832.732045417462,0.1,9033.453590916506,OSM,18
Costa,gastronomia,50.8805017,20.6478277,,cafe,,,active,15,151,178,9.573665764958035,8273.401299414203,0.1,12345.31974011716,OSM,8
Cafe Cremova,gastronomia,50.8803367,20.6476406,,cafe,,,active,16,151,178,9.575720282863493,8284.606773154235,0.1,12343.078645369153,OSM,5
Crazy bubble,gastronomia,51.0371196,21.0877834,,cafe,,,active,6,21,22,7.356001907696441,-7471.706135211818,0.1,15494.341227042363,OSM,2
Fit Cake,gastronomia,50.0750444,20.035274,,cafe,,,active,20,67,83,132.54167764886023,56727.6016957878,0.6727601695787803,2654.4796608424394,OSM,1
Coffee & Co,gastronomia,50.0713278,20.0361833,,cafe,,,active,16,62,84,132.45610484583798,56725.1645510644,0.6725164551064398,2654.9670897871206,OSM,5
Green Caffè Nero,gastronomia,50.0730417,20.03733,,cafe,,,active,20,64,84,130.6376420594974,56672.61922277899,0.6672619222778985,2665.476155444203,OSM,11
PrzeKawka,gastronomia,50.0805865,20.0118942,,cafe,,,active,15,69,74,164.19396422724395,57454.82107181479,0.7454821071814787,2509.035785637043,OSM,10
Zgoda,gastronomia,50.0760809,20.0380047,,cafe,,,active,22,66,83,128.91075272053766,56621.347603299335,0.6621347603299337,2675.7304793401327,OSM,5
Orlen Stop Cafe,gastronomia,50.0930886,20.0263489,,cafe,,,active,9,58,76,131.44701321326846,56696.18591721999,0.6696185917219994,2660.762816556001,OSM,5
Nowa,gastronomia,50.0763051,20.0380379,,cafe,,,active,22,67,83,128.79413535581529,56617.83565595851,0.6617835655958506,2676.4328688082987,OSM,12
Fosa Cafe,gastronomia,51.226452,20.8532886,,cafe,,,active,8,8,9,6.8878968941246095,-12091.098224263653,0.1,16418.21964485273,OSM,13
Cafe'ika,gastronomia,51.6454068,20.9543128,,cafe,,,active,7,8,11,5.2492398432957454,-34751.88692579801,0.1,20950.3773851596,OSM,18
CoCo Fresh Tea & Juice,gastronomia,50.8677969,20.635171,,cafe,,,active,109,160,176,9.728847282294923,9106.449922394531,0.1,12178.710015521094,OSM,16
cafe_11568866810,gastronomia,50.0361567,20.2187779,,cafe,,,active,16,19,21,48.068506516248696,50098.17901080442,0.1,3980.364197839115,OSM,3
Cztery Pory Roku,gastronomia,50.8701095,20.6241879,,cafe,,,active,106,162,178,9.742572739557511,9178.853792914146,0.1,12164.22924141717,OSM,8
Flower Bar,gastronomia,50.8732272,20.6293984,,cafe,,,active,110,164,177,9.697298264208758,8939.247058593282,0.1,12212.150588281344,OSM,1
Wild Bean Cafe,gastronomia,50.0382644,20.0243898,,cafe,,,active,2,16,54,135.40686619675873,56807.42506607121,0.6807425066071217,2638.5149867857567,OSM,3
Kawiarnia Bez Liku,gastronomia,51.9788513,20.8300949,,cafe,,,active,5,6,9,4.491158408945973,-50829.85178257045,0.1,24165.970356514088,OSM,1
Słodka Bajka Cafe,gastronomia,50.8743624,20.6288635,,cafe,,,active,108,163,177,9.688566589395885,8892.778706062774,0.1,12221.444258787444,OSM,5
the moment,gastronomia,50.8703249,20.6244961,,cafe,,,active,107,162,178,9.739596346475095,9163.17019586161,0.1,12167.365960827678,OSM,18
Centralna Cafe,gastronomia,50.0625029,20.0104,,cafe,,,active,14,53,77,176.22237849055307,57662.67590823146,0.7662675908231462,2467.4648183537074,OSM,3
Mała Czarna,gastronomia,50.1255667,20.5140871,,cafe,,,active,0,1,1,23.721967593144786,39422.4903863164,0.1,6115.50192273672,OSM,8
Kafeteria,gastronomia,51.4719182,20.0124307,,cafe,,,active,8,8,9,6.34729830484246,-18273.67282683747,0.1,17654.734565367493,OSM,8
Stop Cafe,gastronomia,51.4445564,21.0356181,,cafe,,,active,0,0,1,5.795736102866273,-25770.318580020525,0.1,19154.063716004104,OSM,19
Poproszę - Kwiaty i kawa,gastronomia,50.8720273,20.6324283,,cafe,,,active,115,163,177,9.698723018740356,8946.82139763399,0.1,12210.635720473201,OSM,5
Dolcello Café,gastronomia,50.8668045,20.640753,,cafe,,,active,63,158,176,9.719975703030082,9059.54219678438,0.1,12188.091560643124,OSM,6
Wild Bean Cafe,gastronomia,50.2275459,20.0116466,,cafe,,,active,1,4,4,50.70983077257599,50639.97892751002,0.1,3872.0042144979957,OSM,15
Wild Bean Cafe,gastronomia,50.2260744,20.0146382,,cafe,,,active,1,4,4,50.97484488633589,50691.24038307711,0.1,3861.7519233845787,OSM,13
Kawiarnia Niuans,gastronomia,51.7639423,20.2501733,,cafe,,,active,6,8,12,5.231383150504212,-35077.01770550088,0.1,21015.403541100175,OSM,4
Szyb Solecki,gastronomia,50.3609616,20.8826279,,cafe,,,active,4,5,5,13.261116367569475,22795.783692633333,0.1,9440.843261473332,OSM,19
kikibar,gastronomia,50.079453,20.0375997,,cafe,,,active,21,61,82,128.05454762991775,56595.41395245862,0.659541395245862,2680.917209508276,OSM,16
Garden Cafe,gastronomia,52.0460264,20.7547651,,cafe,,,active,2,3,5,4.377074094368837,-53731.55953500002,0.1,24746.311907000003,OSM,8
Starbucks,gastronomia,50.8757043,20.6357272,,cafe,,,active,94,157,178,9.65473200511144,8711.923465582637,0.1,12257.615306883472,OSM,4
Fit Cake Niepołomice Kawiarnia Cukiernia,gastronomia,50.0331571,20.2142633,,cafe,,,active,16,19,22,48.67784522675705,50228.386750258986,0.1,3954.3226499482025,OSM,14
Las Food & Wine,gastronomia,51.4719514,20.0128213,,cafe,,,active,8,8,9,6.347116038780654,-18275.934919893974,0.1,17655.186983978794,OSM,13
Szarlotka,gastronomia,50.9796942,20.6630876,,cafe,,,active,0,0,2,8.718158693724812,3148.440162038816,0.1,13370.311967592237,OSM,13
Sacrum et Profanum,gastronomia,50.8028516,20.4605891,,cafe,,,active,12,13,17,11.008938425725072,15082.360199996401,0.1,10983.52796000072,OSM,6
Ramiączek,gastronomia,50.8003538,20.4630817,,cafe,,,active,12,13,17,11.030941070159255,15172.951580478213,0.1,10965.409683904358,OSM,16
Stop Cafe,gastronomia,50.088122,20.0054907,,cafe,,,active,11,54,72,165.52195956612996,57479.25277521719,0.7479252775217188,2504.1494449565625,OSM,13
Fit Cake,gastronomia,50.8734249,20.6287465,,cafe,,,active,110,164,177,9.697539433329545,8940.529328342163,0.1,12211.894134331567,OSM,10
TIMka Cafe,gastronomia,50.0800777,20.0322685,,cafe,,,active,20,69,82,134.07413990553366,56770.72006315095,0.6770720063150945,2645.855987369811,OSM,5
Crazy Bubble,gastronomia,50.0304004,21.0009216,,cafe,,,active,8,12,16,13.073125689910851,22253.5995706158,0.1,9549.28008587684,OSM,4
Kameleon Cafe,gastronomia,50.8741482,20.6185527,,cafe,,,active,65,164,178,9.722900602121115,9075.01681227496,0.1,12184.996637545008,OSM,13
La Baguette,gastronomia,50.6436117,20.2769717,,cafe,,,active,4,12,12,14.379134162318387,25727.391694397847,0.1,8854.52166112043,OSM,8
Bar Jagienka,gastronomia,50.8752904,20.6021759,,cafe,,,active,6,147,178,9.76321296587248,9287.350870275928,0.1,12142.529825944814,OSM,4
Lubię słodkie,gastronomia,51.0748534,21.0145501,,cafe,,,active,0,0,7,7.333702180181118,-7678.388993109023,0.1,15535.677798621804,OSM,8
cafe_257960505,gastronomia,50.774535,21.0829513,,cafe,,,active,0,0,2,8.785445539379145,3587.6900028755626,0.1,13282.461999424888,OSM,5
Sala zabaw i kawiarnia Lecę w Kulki,gastronomia,51.6485643,20.9492657,,cafe,,,active,7,8,11,5.243930125178788,-34848.33380011005,0.1,20969.66676002201,OSM,14
Naturalne Lody Białobrzeskie J.Z. Gruszczyńscy,gastronomia,51.6207552,20.972643,,cafe,,,active,1,4,11,5.306086180144114,-33731.41332891429,0.1,20746.282665782855,OSM,13
cafe_294867637,gastronomia,51.4711837,20.012983,,cafe,,,active,8,8,9,6.350541240341427,-18233.446658653338,0.1,17646.689331730668,OSM,18
cafe_309547529,gastronomia,51.4713334,20.0129082,,cafe,,,active,8,8,9,6.349876791288678,-18241.685301035162,0.1,17648.33706020703,OSM,17
Czekolada - wypieki & kawa,gastronomia,50.0471232,20.2478233,,cafe,,,active,2,16,21,44.03893483818401,49146.41023137384,0.1,4170.717953725231,OSM,19
Yaga Cafe,gastronomia,51.0525929,21.0688629,,cafe,,,active,10,21,23,7.324348575212201,-7765.456629433291,0.1,15553.091325886657,OSM,2
Wild Bean Cafe,gastronomia,50.8817965,20.5790272,,cafe,,,active,6,20,166,9.772173382270832,9334.309376138866,0.1,12133.138124772226,OSM,15
Magia d'italia,gastronomia,51.035778,21.0872737,,cafe,,,active,5,21,22,7.363605195156921,-7401.521978507546,0.1,15480.304395701509,OSM,1
cafe_960962065,gastronomia,50.0730046,20.8422901,,cafe,,,active,0,1,1,15.373277489636239,27976.03103261028,0.1,8404.793793477944,OSM,19
Stacja Kawiarenka,gastronomia,52.0317273,20.953933,,cafe,,,active,0,0,3,4.332615385769246,-54903.735499412694,0.1,24980.747099882537,OSM,16
Nakielny,gastronomia,50.0777966,20.0170563,,cafe,,,active,13,69,78,157.60973077896554,57327.60704222503,0.7327607042225025,2534.478591554995,OSM,4
Lajkonik,gastronomia,50.0594996,20.0060747,,cafe,,,active,11,44,75,185.2593460984117,57801.0808332747,0.7801080833274696,2439.783833345061,OSM,19
Starbucks,gastronomia,50.059736,20.0069745,,cafe,,,active,11,47,75,183.21135761182805,57770.9115498213,0.7770911549821297,2445.8176900357407,OSM,11
Nakielny,gastronomia,50.0606872,20.0067848,,cafe,,,active,14,47,76,184.06700074700368,57783.59783138293,0.7783597831382933,2443.2804337234134,OSM,10
Michalczyk,gastronomia,51.8734282,20.867902,,cafe,,,active,7,13,15,4.711546878646754,-45622.25939341805,0.1,23124.45187868361,OSM,18
Letnia Grota,gastronomia,50.4584662,20.7211302,,cafe,,,active,18,31,32,13.999019929927238,24783.213931919963,0.1,9043.357213616007,OSM,9
Św. Stanisława,zdrowie,51.9543843,20.1448139,,pharmacy,,,active,10,17,18,4.726175105139061,-45293.79495616219,0.1,23058.758991232437,OSM,18
Pod Dębem,zdrowie,52.038577,21.0137903,,pharmacy,,,active,0,2,3,4.2947157218382594,-55922.14115768898,0.1,25184.428231537797,OSM,10
Trzy Wieże,zdrowie,50.8002735,20.4616379,,pharmacy,,,active,3,3,3,11.037021506716538,15197.922832194643,0.1,10960.415433561071,OSM,17
W Rynku,zdrowie,50.3199059,20.3989723,,pharmacy,,,active,3,3,3,22.723061013768486,38495.92230566836,0.1,6300.815538866327,OSM,7
pharmacy_483525518,zdrowie,50.3189507,20.3955565,,pharmacy,,,active,3,3,3,22.85417968265778,38622.16378173441,0.1,6275.567243653119,OSM,10
pharmacy_577428141,zdrowie,50.08379,20.84827,,pharmacy,,,active,0,0,0,15.268163254356354,27752.118563944576,0.1,8449.576287211084,OSM,14
Apteka,zdrowie,50.1323361,20.8846961,,pharmacy,,,active,3,3,3,14.609856094759895,26276.528067286403,0.1,8744.69438654272,OSM,5
Panaceum,zdrowie,50.1727734,20.9815595,,pharmacy,,,active,9,9,9,13.179628383925364,22562.66326827326,0.1,9487.467346345347,OSM,7
pharmacy_577437004,zdrowie,50.17722,20.97583,,pharmacy,,,active,9,9,10,13.236351608480764,22725.240399352857,0.1,9454.951920129428,OSM,17
Galen,zdrowie,50.17851,20.98337,,pharmacy,,,active,9,9,10,13.140164142408471,22448.724948853298,0.1,9510.25501022934,OSM,13
pharmacy_577437124,zdrowie,50.1739104,20.9849173,,pharmacy,,,active,9,9,9,13.135350394346851,22434.780193211416,0.1,9513.043961357716,OSM,3
Lekoland,zdrowie,50.1745692,20.9853039,,pharmacy,,,active,9,9,9,13.1286994673155,22415.496561957792,0.1,9516.900687608442,OSM,13
pharmacy_584468440,zdrowie,50.02407,20.97495,,pharmacy,,,active,0,3,3,13.389489634864868,23157.277190158842,0.1,9368.544561968232,OSM,9
pharmacy_584475470,zdrowie,50.03616,21.0055,,pharmacy,,,active,1,3,3,13.023336528090981,22107.3808027986,0.1,9578.52383944028,OSM,13
Jasna,zdrowie,50.02018,21.0061,,pharmacy,,,active,0,3,3,12.997859500932517,22032.127658086465,0.1,9593.574468382707,OSM,6
Słoneczna,zdrowie,50.093651,20.0018525,,pharmacy,,,active,7,36,56,161.84094575385708,57410.54697146638,0.7410546971466374,2517.890605706725,OSM,19
Wspólna,zdrowie,51.5236762,20.0161579,,pharmacy,,,active,6,16,16,6.123405970832678,-21153.903461835725,0.1,18230.780692367145,OSM,16
Flora,zdrowie,51.5276685,20.0003674,,pharmacy,,,active,8,16,16,6.107944499291975,-21360.599757898817,0.1,18272.119951579763,OSM,11
Na Szóstkę,zdrowie,51.533101,20.0026431,,pharmacy,,,active,10,16,16,6.085354053316199,-21664.487985300744,0.1,18332.897597060146,OSM,19
Apteka Primula Centrum,zdrowie,51.5304455,20.0063478,,pharmacy,,,active,12,16,16,6.096056750158772,-21520.23381540492,0.1,18304.046763080984,OSM,10
pharmacy_683191214,zdrowie,51.5265962,20.0262331,,pharmacy,,,active,4,16,16,6.110391035550168,-21327.823635346256,0.1,18265.564727069253,OSM,17
Dbam o Zdrowie,zdrowie,50.0731849,20.04243,,pharmacy,,,active,14,44,57,124.72710909271073,56491.24838507765,0.6491248385077651,2701.7503229844697,OSM,9
Punkt Apteczny Familypharm,zdrowie,51.5423503,20.1382612,,pharmacy,,,active,0,0,0,6.028913245401728,-22433.686329182412,0.1,18486.73726583648,OSM,12
Świat Zdrowia,zdrowie,50.8857511,20.6375431,,pharmacy,,,active,10,61,77,9.558594039850638,8191.051851825163,0.1,12361.789629634966,OSM,11
Pod Różami,zdrowie,51.1918297,20.3913818,,pharmacy,,,active,2,13,13,7.679020112110972,-4612.474339196568,0.1,14922.494867839314,OSM,18
Apteka Pod Zegarem,zdrowie,51.1927886,20.4113678,,pharmacy,,,active,10,13,13,7.652360247293004,-4839.31804594188,0.1,14967.863609188376,OSM,14
pharmacy_738665048,zdrowie,51.1881409,20.4055394,,pharmacy,,,active,10,13,13,7.687863252744551,-4537.577225570589,0.1,14907.515445114117,OSM,15
pharmacy_739413941,zdrowie,51.1948314,20.4055579,,pharmacy,,,active,9,13,13,7.645550155900848,-4897.5174846115115,0.1,14979.503496922302,OSM,4
Apteka pod Figurką,zdrowie,50.0309235,20.2203694,,pharmacy,,,active,3,4,4,47.57861374077909,49991.07675301065,0.1,4001.7846493978686,OSM,11
Św. Antoniego,zdrowie,51.7153446,20.041007,,pharmacy,,,active,0,0,0,5.415159841439502,-31833.377894730045,0.1,20366.67557894601,OSM,18
Nad Pilicą,zdrowie,51.6170644,20.5803198,,pharmacy,,,active,1,3,3,5.577728948774888,-29142.21900919403,0.1,19828.443801838803,OSM,9
pharmacy_1167619999,zdrowie,50.0641069,20.0189332,,pharmacy,,,active,1,37,57,159.2944027590461,57361.15775984724,0.7361157759847241,2527.7684480305516,OSM,13
pharmacy_1191651859,zdrowie,50.2810677,20.9469918,,pharmacy,,,active,0,0,1,13.105275728813925,22347.426155202935,0.1,9530.514768959412,OSM,18
Słoneczna,zdrowie,50.3539707,20.0345555,,pharmacy,,,active,10,10,10,29.59393698666077,43604.64740715738,0.1,5279.070518568524,OSM,8
Apteka NOVA,zdrowie,50.3558097,20.0248419,,pharmacy,,,active,9,10,10,29.529214598759847,43567.61602724785,0.1,5286.47679455043,OSM,18
pharmacy_1411609695,zdrowie,51.186654,20.4116881,,pharmacy,,,active,10,13,13,7.690814437596518,-4512.620452230891,0.1,14902.524090446179,OSM,11
Na Zachodnim,zdrowie,51.1027383,20.8564799,,pharmacy,,,active,1,17,18,7.510346250559959,-6074.826688279631,0.1,15214.965337655925,OSM,11
pharmacy_1543473838,zdrowie,51.9857507,20.8367247,,pharmacy,,,active,3,3,3,4.473780569403577,-51262.29862937993,0.1,24252.459725875986,OSM,8
Nasza,zdrowie,51.9793145,20.8336736,,pharmacy,,,active,3,3,3,4.488752267726513,-50889.528799557185,0.1,24177.90575991144,OSM,12
pharmacy_1562700189,zdrowie,51.1134489,20.8576603,,pharmacy,,,active,7,18,19,7.450019441650411,-6613.918818074177,0.1,15322.783763614836,OSM,12
pharmacy_1562700247,zdrowie,51.1134266,20.8561324,,pharmacy,,,active,6,18,19,7.453033560898717,-6586.776936465045,0.1,15317.355387293008,OSM,10
pharmacy_1579344578,zdrowie,51.1112907,20.8524003,,pharmacy,,,active,6,18,18,7.471657173620344,-6419.5585907387285,0.1,15283.911718147747,OSM,7
Apteka,zdrowie,50.5620651,20.0511284,,pharmacy,,,active,1,1,1,17.600821131900112,32092.23446150537,0.1,7581.553107698926,OSM,18
Apteka Aloka,zdrowie,50.0821548,20.0037249,,pharmacy,,,active,6,47,56,177.98207185851015,57690.7282864002,0.7690728286400197,2461.8543427199606,OSM,1
pharmacy_1743366447,zdrowie,51.6936034,20.724593,,pharmacy,,,active,3,3,3,5.257594819677659,-34600.51975261471,0.1,20920.103950522942,OSM,19
Alma,zdrowie,51.6907531,20.7257951,,pharmacy,,,active,3,3,3,5.265303524473833,-34461.2871652951,0.1,20892.25743305902,OSM,10
pharmacy_1745282722,zdrowie,50.5915229,21.0017648,,pharmacy,,,active,1,1,1,10.397530648051454,12411.658938586312,0.1,11517.668212282737,OSM,2
Centrum Farmaceutyczne Apteka Słoneczna,zdrowie,51.9553641,20.1449107,,pharmacy,,,active,10,17,18,4.723738355147469,-45348.36889942239,0.1,23069.67377988448,OSM,4
Apteka Słoneczna,zdrowie,50.0778256,20.0452907,,pharmacy,,,active,11,43,57,120.41076484268672,56347.547346342035,0.6347547346342032,2730.4905307315935,OSM,12
pharmacy_1803863999,zdrowie,50.1968915,20.3962839,,pharmacy,,,active,0,0,0,27.497642574246708,42316.62305596037,0.1,5536.675388807926,OSM,2
Ziko Apteka,zdrowie,50.1018991,20.0135211,,pharmacy,,,active,5,33,56,135.06091880678545,56797.9668403168,0.67979668403168,2640.4066319366398,OSM,18
Dbam o Zdrowie,zdrowie,50.074524,20.0348234,,pharmacy,,,active,17,49,57,133.27639145650016,56748.39782548288,0.6748397825482887,2650.3204349034227,OSM,6
Hygieia,zdrowie,50.1014778,20.0121712,,pharmacy,,,active,7,33,56,136.97974374433343,56849.825263703024,0.6849825263703022,2630.0349472593957,OSM,15
Apteka Słoneczna,zdrowie,50.0988492,20.0116236,,pharmacy,,,active,12,36,56,141.1592464184298,56957.90118121005,0.6957901181210048,2608.4197637579905,OSM,6
Pigularz,zdrowie,50.8819756,20.6143578,,pharmacy,,,active,7,62,77,9.663653003659205,8759.731613845019,0.1,12248.053677230997,OSM,14
Przy Placu,zdrowie,51.1191371,20.8648874,,pharmacy,,,active,10,18,19,7.40596424070843,-7013.153419192269,0.1,15402.630683838453,OSM,12
Apteka Pod Lipą,zdrowie,51.9781224,20.8351073,,pharmacy,,,active,3,3,3,4.490745588287466,-50840.08599909881,0.1,24168.017199819762,OSM,1
Plus,zdrowie,51.1269057,20.8784658,,pharmacy,,,active,4,18,19,7.339757782593794,-7622.139014689004,0.1,15524.427802937802,OSM,17
Apteka “W Przychodni”,zdrowie,51.0467176,20.8342771,,pharmacy,,,active,2,2,2,7.875539485322952,-2987.714198095535,0.1,14597.542839619106,OSM,10
Salus,zdrowie,52.038865,20.85863,,pharmacy,,,active,0,0,1,4.355158093503718,-54306.394914989374,0.1,24861.278982997872,OSM,2
Apteka 24H,zdrowie,51.0505762,21.0615368,,pharmacy,,,active,2,18,19,7.350381165624361,-7523.683225892761,0.1,15504.736645178553,OSM,15
Centrum,zdrowie,51.8654047,20.8668836,,pharmacy,,,active,12,12,12,4.7309251699997485,-45187.57315601899,0.1,23037.514631203798,OSM,6
Nova,zdrowie,51.86555,20.86514,,pharmacy,,,active,11,12,12,4.731419234232176,-45176.53704885465,0.1,23035.30740977093,OSM,4
Papaya 1,zdrowie,51.8672459,20.8657473,,pharmacy,,,active,11,12,12,4.727121217415078,-45272.620798883174,0.1,23054.524159776633,OSM,18
Od Pokoleń,zdrowie,50.8015287,20.8070165,,pharmacy,,,active,1,1,1,9.692029687496897,8911.218689825117,0.1,12217.756262034976,OSM,18
"Zdrowie sp.j. Apteka. Kowalska J., Grzybowski M.",zdrowie,50.94908,20.25128,,pharmacy,,,active,3,3,3,9.833287178578141,9652.303708850057,0.1,12069.539258229988,OSM,14
pharmacy_2295986347,zdrowie,51.136948,20.9119603,,pharmacy,,,active,0,4,18,7.2266961965872945,-8687.909163265766,0.1,15737.581832653155,OSM,13
Apteka Omega,zdrowie,50.8487455,20.6268081,,pharmacy,,,active,4,37,69,9.935369230412514,10174.743997487036,0.1,11965.051200502594,OSM,11
Charytatywny Punkt Wydawania Leków,zdrowie,50.0822117,20.0051582,,pharmacy,,,active,7,48,56,175.00370322710683,57642.91760242846,0.7642917602428464,2471.4164795143074,OSM,8
Apteka Białogon,zdrowie,50.8545471,20.5538746,,pharmacy,,,active,1,4,25,10.118145375707702,11083.829206444068,0.1,11783.234158711188,OSM,2
pharmacy_2456188577,zdrowie,50.2398338,20.0818793,,pharmacy,,,active,4,4,4,43.899192677746775,49110.268902428856,0.1,4177.94621951423,OSM,5
Imed,zdrowie,51.0336248,21.0664599,,pharmacy,,,active,1,16,18,7.421916941477873,-6868.040351639749,0.1,15373.60807032795,OSM,16
Primula,zdrowie,51.526339,20.0043904,,pharmacy,,,active,10,16,16,6.11320102242162,-21290.210753111343,0.1,18258.04215062227,OSM,6
Zdrowe Ceny,zdrowie,50.0326275,20.2183317,,pharmacy,,,active,3,4,4,47.98538946775059,50080.16167950385,0.1,3983.96766409923,OSM,12
pharmacy_2519590406,zdrowie,51.2489792,21.0682621,,pharmacy,,,active,0,0,0,6.466023440642321,-16827.279214182854,0.1,17365.45584283657,OSM,6
Św. Stanisława-Orkana,zdrowie,51.9762714,20.1454703,,pharmacy,,,active,5,18,19,4.672486414272315,-46509.40691292928,0.1,23301.881382585856,OSM,19
Apteka Gomed,zdrowie,50.3578091,20.0297416,,pharmacy,,,active,10,10,10,29.286520579521465,43427.29931360901,0.1,5314.540137278198,OSM,17
Apteka,zdrowie,51.2282333,20.8681998,,pharmacy,,,active,4,4,4,6.857368673242781,-12414.265489470185,0.1,16482.853097894036,OSM,11
Przyjazna,zdrowie,51.6445248,20.9509691,,pharmacy,,,active,4,4,5,5.254158573837262,-34662.71596554341,0.1,20932.543193108682,OSM,6
Apteka Codzienna,zdrowie,51.6476008,20.9560316,,pharmacy,,,active,4,5,5,5.241790556296697,-34887.25262484503,0.1,20977.45052496901,OSM,14
pharmacy_2752394932,zdrowie,50.6409586,20.3017673,,pharmacy,,,active,6,9,9,14.307140255276183,25552.415012454345,0.1,8889.51699750913,OSM,13
Codzienna,zdrowie,50.6398124,20.304954,,pharmacy,,,active,6,9,9,14.314283646079463,25569.855232542846,0.1,8886.02895349143,OSM,16
Niezapominajka,zdrowie,50.6414186,20.3013553,,pharmacy,,,active,6,9,9,14.299610722975123,25534.013184942705,0.1,8893.197363011459,OSM,19
pharmacy_2756351422,zdrowie,50.6425675,20.3026901,,pharmacy,,,active,6,9,9,14.26829588043126,25457.2728102911,0.1,8908.545437941779,OSM,18
pharmacy_2756480965,zdrowie,50.6456086,20.2942544,,pharmacy,,,active,9,9,9,14.248424215779934,25408.400225320576,0.1,8918.319954935885,OSM,14
pharmacy_2756617322,zdrowie,50.6473827,20.3014315,,pharmacy,,,active,6,9,9,14.174194943295321,25224.627959451762,0.1,8955.074408109649,OSM,6
pharmacy_2760932105,zdrowie,50.6420409,20.286279,,pharmacy,,,active,3,9,9,14.365426598734144,25694.211493582858,0.1,8861.157701283428,OSM,15
pharmacy_2760941642,zdrowie,50.6416124,20.2862092,,pharmacy,,,active,3,9,9,14.374985448661961,25717.35609502544,0.1,8856.528780994911,OSM,17
pharmacy_2775487654,zdrowie,51.1248364,20.8742273,,pharmacy,,,active,7,19,19,7.35843853002156,-7449.198455631456,0.1,15489.839691126292,OSM,3
Arnika,zdrowie,51.121916,20.8737678,,pharmacy,,,active,8,18,19,7.374635329829537,-7299.962660873352,0.1,15459.99253217467,OSM,18
pharmacy_2796830944,zdrowie,51.0419569,21.0546937,,pharmacy,,,active,1,18,19,7.407877623491346,-6995.715427916191,0.1,15399.143085583239,OSM,8
Pod Kościołem,zdrowie,51.2230179,20.8585486,,pharmacy,,,active,4,4,4,6.896232016219099,-12003.36108530873,0.1,16400.672217061743,OSM,17
pharmacy_2799867313,zdrowie,51.2280461,20.859957,,pharmacy,,,active,4,4,4,6.870504056521463,-12274.864243825228,0.1,16454.972848765046,OSM,10
pharmacy_2799867314,zdrowie,51.2295678,20.8610165,,pharmacy,,,active,4,4,4,6.861816205841292,-12367.00561498027,0.1,16473.401122996052,OSM,3
Papaya,zdrowie,51.8245078,20.8075834,,pharmacy,,,active,1,1,1,4.8591541139684296,-42398.56799615978,0.1,22479.713599231956,OSM,1
Apteka im. Feliksa Firkowskiego,zdrowie,50.9408437,20.9548926,,pharmacy,,,active,3,3,3,8.210363607886903,-398.6427251161367,0.1,14079.728545023227,OSM,3
pharmacy_2840921543,zdrowie,50.3088036,21.0732372,,pharmacy,,,active,3,3,3,11.656676619040649,17606.127557551627,0.1,10478.774488489675,OSM,19
Punkt Apteczny Bliski,zdrowie,50.1831477,20.8122531,,pharmacy,,,active,0,0,1,15.573011225315891,28393.171541083397,0.1,8321.365691783321,OSM,17
Medica,zdrowie,50.9914802,20.6182763,,pharmacy,,,active,0,0,1,8.732817554957613,3244.710186215845,0.1,13351.057962756831,OSM,5
Gemini,zdrowie,50.875462,20.6064959,,pharmacy,,,active,11,55,77,9.748228065323259,9208.62718337318,0.1,12158.274563325363,OSM,12
E-50,zdrowie,51.9091419,20.7396818,,pharmacy,,,active,0,0,0,4.683873085772667,-46249.26302310737,0.1,23249.852604621476,OSM,11
Farmab,zdrowie,51.9026748,21.0815735,,pharmacy,,,active,0,0,0,4.5391224810573965,-49653.44972218598,0.1,23930.689944437196,OSM,12
Gemini,zdrowie,50.0876182,20.0207561,,pharmacy,,,active,15,51,56,143.33620216321296,57011.69772566833,0.7011697725668329,2597.6604548663345,OSM,18
Galen,zdrowie,50.0657017,20.0454373,,pharmacy,,,active,4,33,57,122.40123200707824,56415.073796225464,0.6415073796225467,2716.985240754907,OSM,6
Dbam o Zdrowie,zdrowie,51.7709509,20.2609,,pharmacy,,,active,2,6,6,5.207955599452068,-35506.962895882854,0.1,21101.39257917657,OSM,3
Niedziałek Przemysław Apteka,zdrowie,51.5072546,20.7214466,,pharmacy,,,active,0,0,0,5.867342805339719,-24717.4513384428,0.1,18943.49026768856,OSM,8
Vita,zdrowie,50.4593874,20.7220901,,pharmacy,,,active,1,12,12,13.97618460228376,24724.857196126468,0.1,9055.028560774706,OSM,5
Pod Dębem,zdrowie,51.9975423,20.925142,,pharmacy,,,active,0,1,1,4.413424778434021,-52790.70395472126,0.1,24558.140790944253,OSM,2
Flora II,zdrowie,51.527828,20.0026949,,pharmacy,,,active,9,16,16,6.1071341857247,-21371.46127699956,0.1,18274.29225539991,OSM,16
Apteka Na Sikorskiego,zdrowie,50.4675115,20.7284512,,pharmacy,,,active,7,12,12,13.799991093033524,24268.092556783697,0.1,9146.38148864326,OSM,9
Centrum,zdrowie,50.4697531,20.7182661,,pharmacy,,,active,10,12,12,13.877729591014065,24471.05184094711,0.1,9105.789631810578,OSM,17
Codzienna,zdrowie,51.1148991,20.861283,,pharmacy,,,active,7,18,19,7.435373599276605,-6746.116597106244,0.1,15349.223319421248,OSM,2
Apteka Dr.Max+,zdrowie,50.8655545,20.6489694,,pharmacy,,,active,8,50,75,9.704755964813698,8978.869348921493,0.1,12204.226130215702,OSM,8
Nasza Apteka,zdrowie,51.1169769,20.8922994,,pharmacy,,,active,4,19,19,7.365590252079775,-7383.222238546077,0.1,15476.644447709217,OSM,8
Miętowa,zdrowie,51.1161973,20.8804324,,pharmacy,,,active,8,18,19,7.392207607602057,-7138.792975160235,0.1,15427.758595032046,OSM,9
Dbam o Zdrowie,zdrowie,51.9527407,20.1526238,,pharmacy,,,active,9,17,18,4.729423923608344,-45221.121235104205,0.1,23044.22424702084,OSM,5
Gemini,zdrowie,51.1173922,20.8802261,,pharmacy,,,active,9,18,19,7.3863031856390275,-7192.861697328553,0.1,15438.57233946571,OSM,8
Farmacja I Uroda,zdrowie,51.8261548,20.8108261,,pharmacy,,,active,1,1,1,4.853453107875679,-42519.43562381431,0.1,22503.88712476286,OSM,10
"Cef@Rm 36,6",zdrowie,51.8645982,20.8614631,,pharmacy,,,active,9,12,12,4.735435972612205,-45086.899050434295,0.1,23017.37981008686,OSM,12
Dr. Max,zdrowie,50.875519,20.6076461,,pharmacy,,,active,11,55,77,9.744129527835291,9187.053207606776,0.1,12162.589358478644,OSM,18
Papaya 2,zdrowie,51.8741581,20.866355,,pharmacy,,,active,5,12,12,4.710569713134184,-45644.273506001104,0.1,23128.85470120022,OSM,18
Dbam o Zdrowie,zdrowie,50.0930299,20.0218028,,pharmacy,,,active,10,48,56,136.58796065767243,56839.35525801472,0.6839355258014727,2632.128948397055,OSM,18
Nad Rzeką,zdrowie,50.2979015,20.8089156,,pharmacy,,,active,1,1,1,14.758735220797874,26621.75823200591,0.1,8675.648353598819,OSM,12
Zdrowie,zdrowie,50.0985443,20.0151628,,pharmacy,,,active,11,40,56,137.68282603793406,56868.46501202524,0.6868465012025239,2626.306997594952,OSM,1
DOZ Apteka,zdrowie,50.0976391,20.0202685,,pharmacy,,,active,9,46,56,133.32024959604837,56749.631983776155,0.6749631983776153,2650.0736032447694,OSM,18
Apteka Mgr Bober Apteki Polskie,zdrowie,51.0131245,20.1399064,,pharmacy,,,active,0,0,0,9.314838241536922,6822.202593879789,0.1,12635.559481224043,OSM,6
Apteka Zdrowie,zdrowie,50.0947713,20.062044,,pharmacy,,,active,1,21,55,100.03699019938763,55501.848826084926,0.5501848826084926,2899.6302347830147,OSM,17
pharmacy_3769140263,zdrowie,51.8622081,20.8747482,,pharmacy,,,active,10,12,12,4.734681692745477,-45103.720048615854,0.1,23020.74400972317,OSM,11
Apteka Świętokrzyska,zdrowie,50.6755938,21.0425005,,pharmacy,,,active,1,1,1,9.586974250889888,8345.901437193417,0.1,12330.819712561317,OSM,12
Papaya 6,zdrowie,51.9795444,20.8365042,,pharmacy,,,active,3,3,3,4.48714035738932,-50929.54313354862,0.1,24185.908626709723,OSM,13
Przyjazna,zdrowie,51.5272439,20.0172047,,pharmacy,,,active,9,16,16,6.108489185839884,-21353.300347826138,0.1,18270.660069565227,OSM,16
Przyjazna,zdrowie,51.1166927,20.8911192,,pharmacy,,,active,4,19,19,7.369316935849204,-7348.893507032,0.1,15469.7787014064,OSM,8
Całodobowa,zdrowie,50.8731925,20.6388683,,pharmacy,,,active,19,66,77,9.66765498867619,8781.149814959841,0.1,12243.770037008033,OSM,17
Dbam o Zdrowie,zdrowie,50.8647578,20.6380992,,pharmacy,,,active,15,55,77,9.747402745780336,9204.284306252688,0.1,12159.143138749463,OSM,15
Dbam o Zdrowie,zdrowie,50.868241,20.6506746,,pharmacy,,,active,9,54,75,9.674810898957537,8819.403322510923,0.1,12236.119335497815,OSM,10
Dbam o Zdrowie,zdrowie,50.8822957,20.5837443,,pharmacy,,,active,4,27,69,9.753317436259142,9235.391494468407,0.1,12152.921701106317,OSM,5
Dbam o Zdrowie,zdrowie,50.8918185,20.6474968,,pharmacy,,,active,8,43,72,9.474689623964306,7727.8227737031775,0.1,12454.435445259365,OSM,19
Apteka Gemini,zdrowie,50.8751131,20.6026575,,pharmacy,,,active,8,52,76,9.763388674353989,9288.272527408793,0.1,12142.345494518242,OSM,9
Na Żeromskiego,zdrowie,50.8634581,20.6346387,,pharmacy,,,active,12,54,77,9.770678520788643,9326.481299515486,0.1,12134.703740096902,OSM,15
"Apteka ""Pasaż Na Stoku""",zdrowie,50.8960913,20.6624276,,pharmacy,,,active,4,22,62,9.392681707098792,7267.066574595992,0.1,12546.586685080802,OSM,2
Apteka Derlatka,zdrowie,50.8671019,20.6419609,,pharmacy,,,active,16,59,77,9.713346742571856,9024.43619575633,0.1,12195.112760848733,OSM,10
"Cef@rm 36,6",zdrowie,50.8730663,20.6240493,,pharmacy,,,active,15,66,78,9.715646344497316,9036.619976581722,0.1,12192.676004683657,OSM,1
Rondo,zdrowie,50.8745666,20.6258801,,pharmacy,,,active,16,65,78,9.696066071582813,8932.694630103877,0.1,12213.461073979224,OSM,9
Apteka,zdrowie,50.9037579,20.7272058,,pharmacy,,,active,0,0,8,9.134359158224415,5761.622480674094,0.1,12847.67550386518,OSM,5
Apteka Aesculus,zdrowie,50.8712222,20.6514513,,pharmacy,,,active,9,54,75,9.645372522033883,8661.670390873936,0.1,12267.665921825213,OSM,6
Na Górce,zdrowie,50.8699238,20.6507347,,pharmacy,,,active,8,54,76,9.65939037508171,8736.898956910569,0.1,12252.620208617886,OSM,12
Codzienna,zdrowie,50.8128782,20.6882599,,pharmacy,,,active,0,0,0,10.055670160871651,10776.809799749964,0.1,11844.638040050007,OSM,1
Gemini,zdrowie,50.8669873,20.6399312,,pharmacy,,,active,18,59,77,9.720953330326903,9064.715516108176,0.1,12187.056896778366,OSM,11
Dr. Max,zdrowie,51.9575643,20.1484206,,pharmacy,,,active,12,18,18,4.717932678272797,-45478.621166558616,0.1,23095.72423331172,OSM,5
Dbam o Zdrowie,zdrowie,51.5341187,20.0106051,,pharmacy,,,active,10,16,16,6.080619577075675,-21728.46268578156,0.1,18345.692537156312,OSM,9
Twoje Leki,zdrowie,50.0291737,21.0037144,,pharmacy,,,active,1,3,3,13.037823433955602,22150.040550648657,0.1,9569.991889870269,OSM,16
Dbam o Zdrowie,zdrowie,51.8626617,20.8679291,,pharmacy,,,active,11,12,12,4.736912576739462,-45053.985196020396,0.1,23010.797039204077,OSM,1
Codzienna,zdrowie,51.8659779,20.8716922,,pharmacy,,,active,12,12,12,4.727256497882199,-45269.59389108651,0.1,23053.9187782173,OSM,12
Melisa,zdrowie,51.8620923,20.878791,,pharmacy,,,active,7,12,12,4.73298717638465,-45141.5285667288,0.1,23028.30571334576,OSM,19
Papaya,zdrowie,51.8666487,20.8781998,,pharmacy,,,active,9,12,12,4.722532341124101,-45375.39986671334,0.1,23075.07997334267,OSM,14
Papaya 5,zdrowie,51.8651488,20.8600329,,pharmacy,,,active,7,12,12,4.734816173754432,-45100.720630201205,0.1,23020.144126040243,OSM,1
Urtica,zdrowie,51.8650004,20.8752523,,pharmacy,,,active,10,12,12,4.727842116504097,-45256.492640603334,0.1,23051.298528120664,OSM,6
Ziko,zdrowie,51.8654702,20.8677747,,pharmacy,,,active,12,12,12,4.730341831159007,-45200.60639306743,0.1,23040.121278613486,OSM,3
Nova,zdrowie,51.4410004,20.9995554,,pharmacy,,,active,1,1,1,5.845669476436108,-25033.402464080442,0.1,19006.68049281609,OSM,3
Słoneczna,zdrowie,51.5308356,20.0069356,,pharmacy,,,active,12,16,16,6.094405031559761,-21542.463113422797,0.1,18308.49262268456,OSM,13
Dr. Max,zdrowie,51.1945056,20.4132669,,pharmacy,,,active,10,13,13,7.63958528471832,-4948.578864636045,0.1,14989.71577292721,OSM,3
Słoneczna,zdrowie,50.092785,20.020044,,pharmacy,,,active,13,47,56,138.90733760110814,56900.47812711075,0.6900478127110751,2619.90437457785,OSM,5
Apteka Pod Zegarem,zdrowie,50.8687744,20.6342614,,pharmacy,,,active,18,63,77,9.722767098517647,9074.310694305219,0.1,12185.137861138955,OSM,9
Apteka Remedium,zdrowie,50.8706868,20.6361387,,pharmacy,,,active,17,63,77,9.699207302037152,8949.395457813996,0.1,12210.1209084372,OSM,1
Apteka 4 Pory Roku,zdrowie,51.359446,20.6289807,,pharmacy,,,active,5,5,5,6.544126521345212,-15904.390772264582,0.1,17180.878154452916,OSM,7
Prywatna A&R Agnieszka I Radosław Salij Sp. J.,zdrowie,51.3596802,20.6291786,,pharmacy,,,active,5,5,5,6.542881490653402,-15918.92959764853,0.1,17183.785919529706,OSM,8
Malwa,zdrowie,51.9745107,20.146273,,pharmacy,,,active,4,18,19,4.676673926379375,-46413.59027185674,0.1,23282.718054371348,OSM,12
Codzienna,zdrowie,50.5216179,20.5244651,,pharmacy,,,active,4,5,5,15.06265877457476,27305.329159817225,0.1,8538.934168036554,OSM,1
Ziko Apteka,zdrowie,50.072982,20.0370789,,pharmacy,,,active,14,48,57,130.95698862338637,56681.95252306901,0.6681952523069016,2663.6094953861966,OSM,6
Apteka Uroczysko,zdrowie,50.8941764,20.6453495,,pharmacy,,,active,4,38,71,9.460514519498188,7648.751902499971,0.1,12470.249619500006,OSM,15
Słoneczna,zdrowie,50.1890801,20.2979377,,pharmacy,,,active,5,6,6,33.65842635979081,45644.87888841671,0.1,4871.024222316659,OSM,1
pharmacy_4313563836,zdrowie,51.0592894,21.0671846,,pharmacy,,,active,4,18,19,7.295930335048625,-8031.356117542717,0.1,15606.271223508542,OSM,14
Apteka Słoneczna,zdrowie,51.0648722,21.0731647,,pharmacy,,,active,3,15,19,7.2563387400078,-8405.272743574053,0.1,15681.054548714812,OSM,4
Apteka Centrum,zdrowie,51.0478109,20.8316953,,pharmacy,,,active,2,2,2,7.874655315490353,-2994.8426271360076,0.1,14598.968525427203,OSM,4
Niezapominajka,zdrowie,50.0745458,20.0393962,,pharmacy,,,active,14,48,57,127.78670565045383,56587.22990819019,0.6587229908190185,2682.5540183619632,OSM,10
Apteka Słoneczna,zdrowie,50.0786492,20.0324287,,pharmacy,,,active,20,56,57,134.5982165117013,56785.240525779685,0.6785240525779683,2642.9518948440636,OSM,13
Punkt Apteczny A&R Agnieszka I Radosław Salij Sp.J.,zdrowie,51.3634053,20.7198857,,pharmacy,,,active,0,0,0,6.4362724762607195,-17184.716090591144,0.1,17436.943218118227,OSM,14
Zdrowie,zdrowie,50.0742443,20.046301,,pharmacy,,,active,13,40,57,120.37361178340339,56346.26570066133,0.6346265700661331,2730.7468598677337,OSM,18
Dbam o Zdrowie,zdrowie,51.0531873,21.071933,,pharmacy,,,active,7,18,19,7.314685822248379,-7855.63579220284,0.1,15571.12715844057,OSM,13
Apteka Derlatka,zdrowie,50.8914139,20.6483726,,pharmacy,,,active,8,43,73,9.475586035518353,7732.815139264581,0.1,12453.436972147083,OSM,10
Dbam o Zdrowie,zdrowie,51.11499,20.8847283,,pharmacy,,,active,6,18,19,7.390402083414923,-7155.317580361239,0.1,15431.063516072249,OSM,11
Plus,zdrowie,50.8743794,20.622349,,pharmacy,,,active,11,67,78,9.708867922492809,9000.689885621381,0.1,12199.862022875723,OSM,1
Dbam o Zdrowie,zdrowie,51.9713942,20.1449016,,pharmacy,,,active,6,18,19,4.68438703216395,-46237.55105351005,0.1,23247.51021070201,OSM,13
Melisa Punkt Apteczny,zdrowie,51.1475154,20.2177102,,pharmacy,,,active,0,0,0,8.134599842135191,-965.8384804775706,0.1,14193.167696095514,OSM,4
Wolanów,zdrowie,51.3805844,20.9769692,,pharmacy,,,active,1,1,1,6.084327522323221,-21678.350551562922,0.1,18335.670110312585,OSM,1
pharmacy_4812019812,zdrowie,51.0463024,21.0753263,,pharmacy,,,active,9,18,18,7.3401591547524765,-7618.413982381957,0.1,15523.68279647639,OSM,10
Apteka,zdrowie,50.8824618,20.4770807,,pharmacy,,,active,2,3,3,10.058512141453395,10790.858829966775,0.1,11841.828234006645,OSM,3
Lawendowa,zdrowie,51.3058528,20.11483,,pharmacy,,,active,1,1,1,7.167048646694304,-9263.723486182513,0.1,15852.744697236503,OSM,12
Apteka Dla Ciebie,zdrowie,51.0364178,21.0617022,,pharmacy,,,active,2,16,18,7.419139481545477,-6893.260531590015,0.1,15378.652106318003,OSM,3
Apteka Gemini,zdrowie,50.0947553,20.0011154,,pharmacy,,,active,7,35,55,160.8857781281351,57392.20510465641,0.7392205104656407,2521.5589790687186,OSM,17
"Apteka ""Stylowa""",zdrowie,51.9571865,20.1426081,,pharmacy,,,active,10,18,18,4.7194677968699414,-45444.14911181541,0.1,23088.82982236308,OSM,8
Twoje Zdrowie,zdrowie,50.068419,20.0449567,,pharmacy,,,active,8,37,57,122.7527701162235,56426.772165494964,0.642677216549496,2714.645566901008,OSM,16
Apteka Hygieia,zdrowie,50.07979,20.0032608,,pharmacy,,,active,5,47,56,182.35813486979276,57758.14260846104,0.7758142608461039,2448.371478307792,OSM,9
"Cef@Rm 36,6",zdrowie,50.5214349,20.1881859,,pharmacy,,,active,1,1,1,18.30016703907376,33177.84502007983,0.1,7364.430995984034,OSM,19
Nova,zdrowie,50.5214005,20.1920831,,pharmacy,,,active,1,1,1,18.27135139648743,33134.75540752162,0.1,7373.048918495678,OSM,2
Apteka SuperNowa,zdrowie,51.119371,20.8758686,,pharmacy,,,active,9,18,19,7.384099390567491,-7213.0647291535715,0.1,15442.612945830715,OSM,2
Apteka Wita Mgr Farm. Dorota Kłossowska,zdrowie,51.9626317,20.1467983,,pharmacy,,,active,9,18,18,4.705621559993398,-45755.88854210824,0.1,23151.17770842165,OSM,10
Apteka Reymonta,zdrowie,51.9591423,20.1482576,,pharmacy,,,active,11,18,18,4.7140565475327305,-45565.762037091554,0.1,23113.15240741831,OSM,16
Remedium,zdrowie,51.9545358,20.1377372,,pharmacy,,,active,7,17,18,4.726520477660193,-45286.06447665683,0.1,23057.212895331366,OSM,3
Pod Eskulapem,zdrowie,51.9656781,20.1542226,,pharmacy,,,active,4,18,19,4.69737271857829,-45942.47964877916,0.1,23188.49592975583,OSM,13
Apteka Dbam O Zdrowie,zdrowie,51.9783742,20.1490324,,pharmacy,,,active,5,18,19,4.6670388563246314,-46634.31265360369,0.1,23326.862530720737,OSM,7
pharmacy_5386696132,zdrowie,50.8463663,20.9396862,,pharmacy,,,active,1,1,1,8.860424677283444,4069.2962571070384,0.1,13186.140748578591,OSM,13
"cef@rm 36,6",zdrowie,51.0737608,21.0127864,,pharmacy,,,active,0,0,7,7.342846909970168,-7593.480107980533,0.1,15518.696021596108,OSM,13
Hygieia,zdrowie,50.0848159,20.0136376,,pharmacy,,,active,16,50,56,156.62265199304818,57307.61375422124,0.7307613754221242,2538.4772491557515,OSM,15
Zdrój,zdrowie,50.366847,20.8873917,,pharmacy,,,active,1,1,1,13.157952249979449,22500.166097214635,0.1,9499.966780557072,OSM,13
Nova,zdrowie,50.8900005,20.6660205,,pharmacy,,,active,7,27,65,9.434175102020921,7501.195696177652,0.1,12499.760860764469,OSM,14
Rodzinna,zdrowie,50.3996624,21.0412283,,pharmacy,,,active,1,1,1,11.440140288277906,16794.242255724523,0.1,10641.151548855096,OSM,13
pharmacy_5705479221,zdrowie,50.4404687,20.9384277,,pharmacy,,,active,1,1,1,12.038937098978119,18968.094326828847,0.1,10206.38113463423,OSM,10
Punkt Apteczny,zdrowie,50.7138248,20.3817568,,pharmacy,,,active,0,0,0,12.572272151101648,20729.941414672023,0.1,9854.011717065596,OSM,2
Dr. Max,zdrowie,51.535307,20.0057876,,pharmacy,,,active,8,16,16,6.076079265848668,-21789.907376671326,0.1,18357.981475334265,OSM,8
pharmacy_6003299517,zdrowie,50.1330658,20.3785077,,pharmacy,,,active,2,2,2,30.44902674140703,44079.113899228185,0.1,5184.177220154363,OSM,7
Gemini,zdrowie,50.074697,20.033232,,pharmacy,,,active,17,50,57,135.23434254085066,56802.714306101916,0.6802714306101918,2639.4571387796163,OSM,5
Nova,zdrowie,50.4397842,20.9390028,,pharmacy,,,active,1,1,1,12.039383260344524,18969.633436547658,0.1,10206.073312690469,OSM,13
Dr. Optima,zdrowie,50.4691576,20.7219672,,pharmacy,,,active,8,12,12,13.84658179314078,24390.00495070297,0.1,9121.999009859406,OSM,6
Codzienna,zdrowie,50.4697827,20.7169149,,pharmacy,,,active,10,12,12,13.891644556673258,24507.141274010617,0.1,9098.571745197878,OSM,18
Farmavit,zdrowie,50.4712901,20.7177538,,pharmacy,,,active,10,12,12,13.862407145023667,24431.228193691437,0.1,9113.754361261712,OSM,6
Na Targowej,zdrowie,50.4698588,20.7214594,,pharmacy,,,active,8,12,12,13.842560010341469,24379.513642963357,0.1,9124.097271407329,OSM,16
Słoneczna,zdrowie,50.4727314,20.7193452,,pharmacy,,,active,8,12,12,13.826267892087664,24336.951236411798,0.1,9132.609752717639,OSM,19
Na Targowej,zdrowie,50.8799577,20.6335954,,pharmacy,,,active,10,63,77,9.622821007641388,8540.18493091008,0.1,12291.963013817984,OSM,10
Apteka Plus,zdrowie,50.8840247,20.5830769,,pharmacy,,,active,4,24,66,9.738989903010944,9159.97346958764,0.1,12168.005306082472,OSM,6
Dom Zdrowia,zdrowie,50.8851573,20.5804446,,pharmacy,,,active,4,22,61,9.73613313219248,9144.90930729446,0.1,12171.018138541107,OSM,19
Rawka,zdrowie,51.9837235,20.2131434,,pharmacy,,,active,0,0,8,4.646671752963772,-47103.89943212291,0.1,23420.77988642458,OSM,9
Ziko Apteka,zdrowie,50.8710891,20.6278304,,pharmacy,,,active,19,66,78,9.72194315397318,9069.952314969138,0.1,12186.009537006174,OSM,14
Ziko Apteka,zdrowie,50.0844307,20.0279149,,pharmacy,,,active,13,55,56,136.78456799042598,56844.61688664326,0.684461688664326,2631.0766226713476,OSM,4
Niezapominajka,zdrowie,50.0817427,20.0253004,,pharmacy,,,active,17,55,56,142.12802656894087,56982.04501201971,0.6982045012019715,2603.590997596057,OSM,4
Niezapominajka,zdrowie,50.0830142,20.0316505,,pharmacy,,,active,15,55,56,133.14707860712647,56744.75425799363,0.6744754257993624,2651.0491484012755,OSM,18
Apteka Od Serca,zdrowie,50.8694597,20.6221236,,pharmacy,,,active,16,62,78,9.75517087724227,9245.131552083374,0.1,12150.973689583325,OSM,5
Stacja Zdrowie,zdrowie,51.3759412,20.2734095,,pharmacy,,,active,10,11,11,6.728364360936301,-13812.265682713609,0.1,16762.453136542725,OSM,19
Verbena,zdrowie,51.3763671,20.275661,,pharmacy,,,active,11,11,11,6.725122315739666,-13848.090120202862,0.1,16769.61802404057,OSM,1
Dbam o Zdrowie,zdrowie,51.3765219,20.288406,,pharmacy,,,active,9,11,11,6.717848495026365,-13928.591292313402,0.1,16785.71825846268,OSM,3
Vita Med,zdrowie,51.3721422,20.2777217,,pharmacy,,,active,10,11,11,6.745114502373115,-13627.726048844153,0.1,16725.545209768832,OSM,9
pharmacy_6811579185,zdrowie,51.3808055,20.2814772,,pharmacy,,,active,11,11,11,6.70024676807855,-14124.117186565432,0.1,16824.823437313084,OSM,19
pharmacy_6811582186,zdrowie,51.3800602,20.2701948,,pharmacy,,,active,7,11,11,6.709536332909264,-14020.797740907277,0.1,16804.15954818146,OSM,12
Codzienna,zdrowie,51.3775358,20.2754785,,pharmacy,,,active,11,11,11,6.719416645422167,-13911.22144742166,0.1,16782.24428948433,OSM,2
pharmacy_6811589185,zdrowie,51.3766517,20.2871838,,pharmacy,,,active,10,11,11,6.717839705525203,-13928.688673349316,0.1,16785.737734669863,OSM,12
pharmacy_6811624485,zdrowie,51.3792987,20.2770191,,pharmacy,,,active,11,11,11,6.709921518474568,-14016.519846519746,0.1,16803.303969303946,OSM,15
Melisa,zdrowie,51.3753771,20.2780744,,pharmacy,,,active,11,11,11,6.728823077872267,-13807.199671254522,0.1,16761.439934250906,OSM,7
Osobista,zdrowie,51.3766519,20.2849932,,pharmacy,,,active,10,11,11,6.71896894662691,-13916.179620983734,0.1,16783.23592419675,OSM,11
Rodzinna,zdrowie,50.1342825,20.1120983,,pharmacy,,,active,2,2,2,65.74733540716467,52895.12906639386,0.28951290663938667,3420.974186721227,OSM,19
Apteka Na Bugaju,zdrowie,51.0487546,20.8456974,,pharmacy,,,active,2,2,2,7.838544938001145,-3287.3487942905995,0.1,14657.46975885812,OSM,4
Niezapominajka,zdrowie,50.8657854,20.6412072,,pharmacy,,,active,16,57,77,9.727858894499558,9101.22814047848,0.1,12179.754371904304,OSM,1
Złotej Jesieni Dorota Tucholska-Owczarczyk,zdrowie,52.0296543,21.0300008,,pharmacy,,,active,0,3,3,4.305212562229074,-55638.28417826579,0.1,25127.656835653157,OSM,3
pharmacy_7079664371,zdrowie,51.0550339,20.4003077,,pharmacy,,,active,1,1,1,8.641535340116588,2639.911448507235,0.1,13472.017710298553,OSM,13
Apteka,zdrowie,50.1320516,20.8855378,,pharmacy,,,active,3,3,3,14.597839758099655,26248.356723632787,0.1,8750.328655273443,OSM,9
Nad Rawką,zdrowie,51.7591065,20.2423672,,pharmacy,,,active,3,6,6,5.247720710127912,-34779.460859076964,0.1,20955.892171815394,OSM,1
Słoneczna,zdrowie,50.0794807,20.0374413,,pharmacy,,,active,18,52,57,128.22250294954662,56600.52846810562,0.6600528468105622,2679.8943063788756,OSM,16
Doz Apteka Dbam O Zdrowie,zdrowie,51.9559385,20.1459194,,pharmacy,,,active,10,18,18,4.722212230668343,-45382.576973723626,0.1,23076.515394744725,OSM,2
Punkt Apteczny „Jagodne”,zdrowie,51.1458551,20.9760087,,pharmacy,,,active,0,0,1,7.066194147954964,-10259.448372177198,0.1,16051.88967443544,OSM,18
Rurarz Iwona. Apteka,zdrowie,51.1923503,21.0261636,,pharmacy,,,active,0,0,0,6.767963628787231,-13377.465575209702,0.1,16675.49311504194,OSM,11
pharmacy_7489850462,zdrowie,50.9956752,20.7965306,,pharmacy,,,active,0,0,0,8.28199494265346,128.07228667474556,0.1,13974.385542665052,OSM,6
Pani Magister,zdrowie,51.1381217,20.5605777,,pharmacy,,,active,3,4,4,7.81135237914283,-3509.402691274692,0.1,14701.880538254938,OSM,18
Apteka Słoneczna,zdrowie,50.8694861,20.6093431,,pharmacy,,,active,14,63,77,9.795428053079299,9455.778421258517,0.1,12108.844315748298,OSM,3
Apteka Plus,zdrowie,50.8892579,20.6112442,,pharmacy,,,active,4,48,76,9.606456060217443,8451.669495411974,0.1,12309.666100917604,OSM,13
Apteka Codzienna,zdrowie,50.8872679,20.6142315,,pharmacy,,,active,5,54,76,9.615625076923333,8501.3003834814,0.1,12299.73992330372,OSM,6
Gemini,zdrowie,50.8739467,20.6321796,,pharmacy,,,active,16,65,77,9.681928648236271,8857.396737159019,0.1,12228.520652568195,OSM,3
Bluemed,zdrowie,50.9411058,20.9576624,,pharmacy,,,active,3,3,3,8.200985600005936,-468.28166600342956,0.1,14093.656333200686,OSM,2
Gemini,zdrowie,50.0770361,20.0377522,,pharmacy,,,active,15,49,57,128.8612013521279,56619.85613393675,0.6619856133936753,2676.0287732126494,OSM,2
Ziko Apteka,zdrowie,50.0770188,20.0379622,,pharmacy,,,active,15,49,57,128.6243752807199,56612.71192642327,0.661271192642327,2677.4576147153457,OSM,12
Hygieia,zdrowie,50.082338,20.0222032,,pharmacy,,,active,16,53,56,146.0216765889259,57075.850848449176,0.7075850848449172,2584.8298303101656,OSM,3
Plus,zdrowie,50.4685663,20.7051727,,pharmacy,,,active,5,12,12,14.033773200282244,24871.663068493646,0.1,9025.667386301271,OSM,4
pharmacy_8221832969,zdrowie,50.4689121,20.7061289,,pharmacy,,,active,5,12,12,14.018684871935111,24833.31624416628,0.1,9033.336751166746,OSM,6
Gawor,zdrowie,51.0572666,21.0672966,,pharmacy,,,active,4,18,19,7.305371734115791,-7942.786787292454,0.1,15588.557357458489,OSM,5
Apteka mgr Derlatka,zdrowie,50.8687333,20.6140601,,pharmacy,,,active,13,63,78,9.787575364791254,9414.825034334346,0.1,12117.03499313313,OSM,11
Codzienna,zdrowie,50.8698124,20.6195078,,pharmacy,,,active,13,63,79,9.7601933424372,9271.506623131507,0.1,12145.698675373698,OSM,3
Apteka Alfa,zdrowie,50.8656513,20.6168007,,pharmacy,,,active,10,61,78,9.807809027076978,9520.214543368304,0.1,12095.95709132634,OSM,4
Apteka Słoneczna,zdrowie,50.872213,20.6188186,,pharmacy,,,active,17,66,79,9.740024927484166,9165.42912132472,0.1,12166.914175735055,OSM,2
"cef@rm 36,6",zdrowie,50.8707026,20.6299812,,pharmacy,,,active,22,64,77,9.718674174914408,9052.65327336653,0.1,12189.469345326694,OSM,4
Farm-Vit,zdrowie,50.8640102,20.6263483,,pharmacy,,,active,12,55,78,9.792444091672383,9440.22418517495,0.1,12111.95516296501,OSM,11
Na Rogatce,zdrowie,50.8658771,20.6288082,,pharmacy,,,active,20,61,78,9.767093861153393,9307.699904610607,0.1,12138.460019077878,OSM,13
pharmacy_8506246318,zdrowie,50.1281337,20.1044395,,pharmacy,,,active,1,2,3,69.52782519554718,53308.63454891982,0.3308634548919821,3338.2730902160356,OSM,8
Bliska,zdrowie,50.1916008,20.2949313,,pharmacy,,,active,5,6,6,33.71656969976515,45670.496155085355,0.1,4865.900768982929,OSM,4
Pod Aniołami,zdrowie,50.1919593,20.2946652,,pharmacy,,,active,5,6,6,33.7130802464812,45668.96123568574,0.1,4866.207752862852,OSM,5
Na Bocianku,zdrowie,50.8838282,20.6447494,,pharmacy,,,active,12,58,77,9.55359651464505,8163.6888282300715,0.1,12367.262234353986,OSM,15
Lawendowa,zdrowie,51.693504,20.7211858,,pharmacy,,,active,3,3,3,5.2597935207841005,-34560.76579322886,0.1,20912.15315864577,OSM,12
Gemini,zdrowie,50.8516706,20.6290388,,pharmacy,,,active,5,40,73,9.899929141262097,9994.588005075631,0.1,12001.082398984872,OSM,16
Dr. Max,zdrowie,50.8524201,20.6301523,,pharmacy,,,active,5,40,73,9.889071916232346,9939.13804699119,0.1,12012.172390601761,OSM,19
Rh Plus,zdrowie,50.6997132,20.4532486,,pharmacy,,,active,0,0,0,12.457282687937115,20362.835858724633,0.1,9927.432828255074,OSM,2
Apteka Tanich Leków Olmed,zdrowie,51.7638316,20.250902,,pharmacy,,,active,5,6,6,5.231560375926194,-35073.779918669126,0.1,21014.755983733827,OSM,6
Prima,zdrowie,50.8898432,20.61238,,pharmacy,,,active,4,48,76,9.597742872330247,8404.418085478006,0.1,12319.116382904398,OSM,12
Apteka Herby,zdrowie,50.8895846,20.611448,,pharmacy,,,active,4,48,76,9.602874390894748,8432.256567461722,0.1,12313.548686507656,OSM,19
Plus,zdrowie,50.8864793,20.6273417,,pharmacy,,,active,6,62,77,9.583146740111186,8325.071079502333,0.1,12334.985784099532,OSM,17
Nad Zalewem,zdrowie,50.8916621,20.6379864,,pharmacy,,,active,7,50,76,9.504729849669847,7894.612165924125,0.1,12421.077566815175,OSM,9
Centrum Zdrowia,zdrowie,50.6138717,20.7435101,,pharmacy,,,active,4,4,4,11.861274407773134,18346.013606064844,0.1,10330.797278787031,OSM,16
Słoneczna,zdrowie,50.0796355,20.0653022,,pharmacy,,,active,1,25,57,102.61884811925758,55627.60073647553,0.5627600736475531,2874.479852704894,OSM,10
Nad Nidą,zdrowie,50.7513779,20.6177777,,pharmacy,,,active,2,3,5,10.986958500859721,14991.500085226005,0.1,11001.699982954799,OSM,4
Apteka Lek,zdrowie,50.749221,20.6180996,,pharmacy,,,active,2,3,5,11.010021293308856,15086.827156831561,0.1,10982.634568633688,OSM,18
Natura,zdrowie,50.746935,20.6181184,,pharmacy,,,active,2,3,5,11.03601926335678,15193.808694212341,0.1,10961.238261157532,OSM,7
DOZ,zdrowie,50.8622009,20.5841061,,pharmacy,,,active,2,25,65,9.945356002984001,10225.278828633163,0.1,11954.944234273367,OSM,5
Słoneczna,zdrowie,50.0927524,20.0146802,,pharmacy,,,active,16,46,56,145.56775066535664,57065.17327694757,0.7065173276947572,2586.9653446104858,OSM,1
pharmacy_9181249541,zdrowie,50.8628577,21.0878397,,pharmacy,,,active,2,2,4,8.258829767100329,-41.264815965543676,0.1,14008.252963193108,OSM,3
Zdrowie,zdrowie,50.8731547,20.5972566,,pharmacy,,,active,8,44,72,9.798609175905057,9472.349950490083,0.1,12105.530009901982,OSM,14
Nowe Miasto,zdrowie,51.6161371,20.5636811,,pharmacy,,,active,2,3,3,5.589842634639186,-28947.9563524017,0.1,19789.59127048034,OSM,11
Dbam o Zdrowie,zdrowie,50.0785523,20.0249907,,pharmacy,,,active,20,54,57,144.6563083001625,57043.53131311427,0.704353131311427,2591.293737377146,OSM,3
Apteka,zdrowie,51.5242119,20.2238322,,pharmacy,,,active,0,0,0,6.0801721526674335,-21734.513669262626,0.1,18346.902733852527,OSM,12
Super-Pharm,zdrowie,50.8762559,20.6371057,,pharmacy,,,active,14,64,77,9.645392584696179,8661.778215920123,0.1,12267.644356815976,OSM,14
Codzienna,zdrowie,50.8479578,20.6334098,,pharmacy,,,active,4,32,69,9.92049178903706,10099.27283518947,0.1,11980.145432962106,OSM,18
Osobista,zdrowie,50.8806067,20.6348482,,pharmacy,,,active,10,63,77,9.613072017369142,8487.490461260735,0.1,12302.501907747854,OSM,1
Codzienna,zdrowie,50.882175,20.6381775,,pharmacy,,,active,8,62,77,9.588655456929986,8355.04576258018,0.1,12328.990847483965,OSM,12
Punkt Apteczny Krzysztof Kowalski,zdrowie,52.0483067,20.7802586,,pharmacy,,,active,0,0,1,4.363811191427061,-54078.742770144716,0.1,24815.74855402894,OSM,2
Mniszek,zdrowie,50.059968,20.4906246,,pharmacy,,,active,0,0,2,25.03050763870447,40524.376364350916,0.1,5895.124727129817,OSM,15
pharmacy_9547974551,zdrowie,50.0745289,20.4551976,,pharmacy,,,active,0,1,2,26.716731069969335,41785.13556952258,0.1,5642.972886095484,OSM,19
Punkt Apteczny Nowy Kawęczyn,zdrowie,51.8861138,20.2458293,,pharmacy,,,active,0,0,0,4.88701923011473,-41811.8544160633,0.1,22362.37088321266,OSM,13
Nagietek,zdrowie,51.7792194,20.0760303,,pharmacy,,,active,1,1,1,5.21194704381388,-35433.43827110749,0.1,21086.6876542215,OSM,12
pharmacy_9556200414,zdrowie,51.8935737,20.0391246,,pharmacy,,,active,0,0,0,4.89073704188978,-41734.07959116119,0.1,22346.815918232238,OSM,6
Rodzinna,zdrowie,51.9471689,20.0476884,,pharmacy,,,active,0,0,0,4.751853363968658,-44722.102136251415,0.1,22944.420427250283,OSM,6
Punkt Apteczny w Kowiesach,zdrowie,51.89051,20.424047,,pharmacy,,,active,0,0,0,4.836265546565784,-42885.55548403424,0.1,22577.11109680685,OSM,11
Maria,zdrowie,51.7817474,20.0765028,,pharmacy,,,active,1,1,1,5.204288258713154,-35574.61676683398,0.1,21114.923353366798,OSM,5
pharmacy_9558356655,zdrowie,50.2993967,20.8080613,,pharmacy,,,active,1,1,1,14.757020048326407,26617.820646540014,0.1,8676.435870691996,OSM,18
Punkt Apteczny,zdrowie,50.2881439,20.6470044,,pharmacy,,,active,0,0,0,17.597971093628974,32087.633748244083,0.1,7582.473250351183,OSM,10
Apteka Nowa,zdrowie,50.241663,20.602668,,pharmacy,,,active,1,1,1,19.297371321312,34589.735245556454,0.1,7082.052950888709,OSM,14
Nowa,zdrowie,50.2636957,20.4933319,,pharmacy,,,active,6,8,8,21.791203088530107,37554.96121675002,0.1,6489.007756649996,OSM,14
Apteka Pod Aniołami,zdrowie,50.268707,20.4841831,,pharmacy,,,active,8,8,8,21.92823883458688,37698.35123232231,0.1,6460.329753535538,OSM,14
Apteka Szpitalna,zdrowie,50.268999,20.4832865,,pharmacy,,,active,8,8,8,21.94678257123751,37717.6172804811,0.1,6456.47654390378,OSM,7
Apteka Codzienna,zdrowie,50.2733061,20.483313,,pharmacy,,,active,6,8,8,21.828853077861876,37594.53638189154,0.1,6481.092723621691,OSM,19
Apteka Rodzinna,zdrowie,50.2661799,20.4914349,,pharmacy,,,active,8,8,8,21.782296745512408,37545.57945190008,0.1,6490.884109619984,OSM,14
pharmacy_9561316011,zdrowie,50.3194489,20.400448,,pharmacy,,,active,3,3,3,22.69950921182606,38473.092046434715,0.1,6305.381590713057,OSM,12
pharmacy_9561316013,zdrowie,50.2694484,20.483156,,pharmacy,,,active,8,8,8,21.93843065759053,37708.94407608852,0.1,6458.211184782297,OSM,15
pharmacy_9561316014,zdrowie,50.2694462,20.4840826,,pharmacy,,,active,8,8,8,21.911208004213822,37680.62829288813,0.1,6463.874341422374,OSM,5
Apteka Centrum,zdrowie,50.8645848,21.0907118,,pharmacy,,,active,2,3,4,8.239920576073724,-180.1965363417621,0.1,14036.039307268353,OSM,12
Na Dolnym Rynku,zdrowie,50.801718,20.4635654,,pharmacy,,,active,3,3,3,11.012450550492131,15096.84493405914,0.1,10980.631013188171,OSM,1
Apteka mgr Bober Apteki Polskie,zdrowie,50.9461286,20.2530986,,pharmacy,,,active,3,3,3,9.861651396685899,9798.552556012095,0.1,12040.28948879758,OSM,15
Dla Ciebie,zdrowie,50.8889909,20.7812112,,pharmacy,,,active,0,0,2,9.08292387129921,5451.646949290058,0.1,12909.670610141988,OSM,12
Apteka Mgr Bober Apteki Polskie,zdrowie,50.9415569,20.4200827,,pharmacy,,,active,1,1,1,9.603527884536469,8435.79963410151,0.1,12312.8400731797,OSM,10
Apteka,zdrowie,50.7607908,20.5947887,,pharmacy,,,active,0,5,5,10.981714371262594,14969.768280586432,0.1,11006.046343882714,OSM,9
Apteka,zdrowie,50.8492919,20.9360061,,pharmacy,,,active,1,1,1,8.853510080025693,4025.223839972292,0.1,13194.95523200554,OSM,18
Apteka Wolica,zdrowie,50.7535546,20.4748467,,pharmacy,,,active,0,0,0,11.58690172632129,17347.825949522026,0.1,10530.434810095594,OSM,1
Apteka Z Sercem,zdrowie,50.6150036,20.752427,,pharmacy,,,active,4,4,4,11.788135137788773,18084.469964450174,0.1,10383.106007109966,OSM,1
Apteka W Rynku,zdrowie,50.7751248,21.0844053,,pharmacy,,,active,2,2,2,8.776260579099471,3528.127356343284,0.1,13294.374528731343,OSM,16
Dbam o Zdrowie,zdrowie,50.7773752,21.0862739,,pharmacy,,,active,2,2,2,8.755645479512802,3393.987522685544,0.1,13321.202495462892,OSM,10
Apteka z Sercem,zdrowie,50.6190975,20.748551,,pharmacy,,,active,4,4,4,11.768138175773386,18012.395543644212,0.1,10397.520891271159,OSM,4
Apteka Plus,zdrowie,50.8809631,20.4887008,,pharmacy,,,active,1,3,3,10.041916737200186,10708.708846613437,0.1,11858.258230677311,OSM,6
pharmacy_9561424542,zdrowie,51.0110397,20.481505,,pharmacy,,,active,0,0,1,8.861329387435967,4075.0576308646414,0.1,13184.988473827072,OSM,9
Mandarynka,zdrowie,50.8009521,20.4687341,,pharmacy,,,active,3,3,4,11.0036193397981,15060.405575682671,0.1,10987.918884863466,OSM,12
pharmacy_9561424546,zdrowie,50.9799166,20.5326688,,pharmacy,,,active,0,0,1,9.015499984993097,5039.958867252688,0.1,12992.008226549462,OSM,14
Apteka Świętokrzyska,zdrowie,50.8923605,21.0910669,,pharmacy,,,active,1,1,4,8.086619141888663,-1330.5364982507308,0.1,14266.107299650146,OSM,12
Apteka Zdrowie,zdrowie,50.949442,20.2509083,,pharmacy,,,active,3,3,3,9.830035023618144,9635.481328532958,0.1,12072.903734293408,OSM,5
Punkt Apteczny,zdrowie,50.8900094,21.087452,,pharmacy,,,active,1,2,4,8.110485903941136,-1148.5875102790815,0.1,14229.717502055815,OSM,15
Apteka Świętokrzyska,zdrowie,50.8616063,21.0862279,,pharmacy,,,active,2,2,4,8.271054431723096,48.215511400550895,0.1,13990.35689771989,OSM,4
Farmacja,zdrowie,50.9770972,20.6610223,,pharmacy,,,active,0,0,1,8.742774074347373,3309.914136169209,0.1,13338.017172766158,OSM,2
Apteka Rodzinna W Bilczy,zdrowie,50.7797334,20.6230127,,pharmacy,,,active,1,2,5,10.650725609137572,13554.841674727286,0.1,11289.031665054543,OSM,16
Vita,zdrowie,50.8827885,20.4630322,,pharmacy,,,active,2,3,3,10.093272254542493,10962.051613145159,0.1,11807.589677370968,OSM,15
Apteka Codzienna,zdrowie,50.6155707,20.7503137,,pharmacy,,,active,4,4,4,11.796002148431814,18112.757804857552,0.1,10377.448439028489,OSM,19
Apteka mgr Bober Apteki Polskie,zdrowie,50.9487248,20.2491313,,pharmacy,,,active,3,3,3,9.840170647309671,9687.873064304906,0.1,12062.42538713902,OSM,15
pharmacy_9561424560,zdrowie,50.6720448,21.0492315,,pharmacy,,,active,1,1,1,9.577405472546731,8293.794317967324,0.1,12341.241136406536,OSM,12
Malva,zdrowie,51.8066097,20.4718879,,pharmacy,,,active,3,3,4,5.045979572516039,-38588.787977532134,0.1,21717.757595506428,OSM,11
Verbena,zdrowie,51.7640556,20.2550782,,pharmacy,,,active,5,6,6,5.229974312879226,-35102.7640075995,0.1,21020.5528015199,OSM,16
pharmacy_9563579962,zdrowie,51.809497,20.475592,,pharmacy,,,active,3,3,4,5.036732684908211,-38770.70410112741,0.1,21754.140820225482,OSM,3
Pod Jarzębiną,zdrowie,51.7527175,20.3838229,,pharmacy,,,active,0,0,0,5.230042481167785,-35101.51792272975,0.1,21020.303584545953,OSM,12
pharmacy_9563596222,zdrowie,51.6995446,20.5308496,,pharmacy,,,active,0,0,0,5.336948788897052,-33186.49012338216,0.1,20637.29802467643,OSM,5
Eskulap,zdrowie,51.7634443,20.2527621,,pharmacy,,,active,5,6,6,5.232327690204845,-35059.76414398178,0.1,21011.952828796355,OSM,4
Apteka Św. Stanisława Rawa Mazowiecka - Centrum,zdrowie,51.7632903,20.2559607,,pharmacy,,,active,5,6,6,5.232093296817751,-35064.04514118825,0.1,21012.80902823765,OSM,3
Beata,zdrowie,51.8329491,20.517755,,pharmacy,,,active,0,0,4,4.958575994672598,-40335.401239628205,0.1,22067.08024792564,OSM,7
Apteka Z Uśmiechem,zdrowie,51.8048409,20.4691091,,pharmacy,,,active,3,3,4,5.051828736282357,-38474.0599100258,0.1,21694.81198200516,OSM,5
Apteka Arka,zdrowie,51.762435,20.2523907,,pharmacy,,,active,5,6,6,5.2354623587089115,-35002.5489139993,0.1,21000.50978279986,OSM,18
Farmacja I Uroda,zdrowie,51.8072347,20.4722872,,pharmacy,,,active,3,3,4,5.0441098808208755,-38625.51705131179,0.1,21725.103410262356,OSM,13
Apteka Społeczna Na Rawskiej Grupa Nowa Farmacja,zdrowie,51.9557685,20.1443017,,pharmacy,,,active,10,18,18,4.722800427623577,-45369.38992287473,0.1,23073.877984574945,OSM,13
pharmacy_9563646772,zdrowie,51.9536865,20.1607436,,pharmacy,,,active,3,17,19,4.726186372837665,-45293.5427332277,0.1,23058.708546645543,OSM,13
Apteka Natura,zdrowie,51.9778118,20.1546845,,pharmacy,,,active,5,18,19,4.6678138954430946,-46616.524180220615,0.1,23323.30483604412,OSM,1
pharmacy_9563675897,zdrowie,51.9815447,20.1563718,,pharmacy,,,active,3,12,19,4.658633179533965,-46827.617507334726,0.1,23365.523501466945,OSM,1
Św. Filipa,zdrowie,50.2899736,20.2982285,,pharmacy,,,active,1,2,2,27.398130541522566,42250.57968855805,0.1,5549.884062288391,OSM,3
Na Rogu,zdrowie,50.1897051,20.2858491,,pharmacy,,,active,5,6,6,34.491720348344046,46003.76742736159,0.1,4799.246514527682,OSM,10
pharmacy_9566898945,zdrowie,50.253538,20.2341151,,pharmacy,,,active,0,0,1,32.88114034328025,45293.71473191067,0.1,4941.257053617865,OSM,17
Bliska Tobie,zdrowie,50.1480361,20.2347557,,pharmacy,,,active,0,0,0,42.288786149948834,48676.53459649834,0.1,4264.693080700331,OSM,10
pharmacy_9566898947,zdrowie,50.2157358,20.1867345,,pharmacy,,,active,0,0,1,39.90578311775523,47970.48771040066,0.1,4405.9024579198685,OSM,18
Zdrowie,zdrowie,50.2010864,20.3032719,,pharmacy,,,active,0,6,6,32.57305359663163,45149.88864133682,0.1,4970.022271732638,OSM,10
Pod Aniołami,zdrowie,50.1314186,20.37224,,pharmacy,,,active,2,2,2,30.898048186690282,44317.748066838045,0.1,5136.45038663239,OSM,4
Punkt Apteczny Bliski,zdrowie,50.282889,20.2893,,pharmacy,,,active,0,2,2,28.1738410339671,42753.04106042242,0.1,5449.391787915516,OSM,2
Apteka Słoneczna,zdrowie,50.192212,20.2927927,,pharmacy,,,active,5,6,6,33.829545886921515,45720.02034342117,0.1,4855.995931315765,OSM,15
Pod Aniołami,zdrowie,50.1673144,20.5763458,,pharmacy,,,active,1,1,1,21.079400229990537,36780.160035643275,0.1,6643.967992871346,OSM,18
Koszycka Apteka Niskich Cen,zdrowie,50.1668266,20.5761802,,pharmacy,,,active,1,1,1,21.09030260131618,36792.421713816635,0.1,6641.515657236673,OSM,19
Apteka Pod Lwem,zdrowie,50.1324197,20.3748424,,pharmacy,,,active,2,2,2,30.70220917967945,44214.52695557394,0.1,5157.094608885212,OSM,1
pharmacy_9566898955,zdrowie,50.2501895,20.178207,,pharmacy,,,active,0,0,2,36.3842054967086,46757.773306463125,0.1,4648.445338707375,OSM,7
pharmacy_9566898956,zdrowie,50.1862209,20.29751,,pharmacy,,,active,5,6,6,33.861283931991444,45733.873558834246,0.1,4853.225288233151,OSM,2
Na Rynku,zdrowie,50.2411494,20.0812511,,pharmacy,,,active,4,4,4,43.68640144019631,49054.790884196176,0.1,4189.041823160764,OSM,19
Twoja Apteka,zdrowie,50.2451827,20.0838341,,pharmacy,,,active,4,4,4,42.78286856884031,48813.07911961376,0.1,4237.384176077248,OSM,8
Apteka Kocmyrzowska,zdrowie,50.1349499,20.1139876,,pharmacy,,,active,1,2,2,65.09097455014096,52818.443479213245,0.2818443479213245,3436.3113041573506,OSM,14
Apteka Dbam O Zdrowie,zdrowie,50.2418834,20.0821808,,pharmacy,,,active,4,4,4,43.49164134111811,49003.53804588913,0.1,4199.292390822175,OSM,4
pharmacy_9586427147,zdrowie,50.2453925,20.0849431,,pharmacy,,,active,4,4,4,42.68074745822305,48785.11612901316,0.1,4242.976774197368,OSM,7
Punkt Apteczny - Słoneczko,zdrowie,52.0223459,20.0343525,,pharmacy,,,active,0,0,0,4.571013639617531,-48884.92846891534,0.1,23776.98569378307,OSM,9
Apteka Bliska Tobie,zdrowie,50.1066687,20.2941073,,pharmacy,,,active,0,0,1,37.963304203703295,47329.38668043481,0.1,4534.122663913039,OSM,3
pharmacy_9586588723,zdrowie,50.3256533,20.2348534,,pharmacy,,,active,0,0,0,27.319021373562062,42197.73385499547,0.1,5560.453229000906,OSM,14
pharmacy_9586619836,zdrowie,50.0907426,20.2445985,,pharmacy,,,active,0,0,1,44.298172989767764,49212.85278254043,0.1,4157.429443491915,OSM,1
Zdrowie,zdrowie,50.0942504,20.0559018,,pharmacy,,,active,1,33,55,104.50823358458385,55715.68796208459,0.571568796208459,2856.862407583082,OSM,3
pharmacy_9588529761,zdrowie,50.3842067,20.2672416,,pharmacy,,,active,0,0,0,23.10455439485818,38859.24504515556,0.1,6228.1509909688875,OSM,18
Apteka Główna,zdrowie,50.3561534,20.0258354,,pharmacy,,,active,9,10,10,29.48574854982878,43542.65536433521,0.1,5291.468927132959,OSM,19
pharmacy_9588567168,zdrowie,50.4829142,20.0283944,,pharmacy,,,active,0,0,0,20.885799668464742,36560.2893862405,0.1,6687.9421227519,OSM,4
Niezapominajka Dla Całej Rodziny,zdrowie,50.3559345,20.0285263,,pharmacy,,,active,10,10,10,29.476999536210688,43537.62228629204,0.1,5292.475542741591,OSM,9
pharmacy_9588588870,zdrowie,50.3551665,20.0295756,,pharmacy,,,active,10,10,10,29.53828432310162,43572.81511238773,0.1,5285.436977522453,OSM,11
Apteka Auris,zdrowie,50.4461991,20.1413024,,pharmacy,,,active,1,1,1,21.902238340964207,37671.28303435363,0.1,6465.743393129274,OSM,14
Punkt Apteczny Mgr Alicja Boszkowska,zdrowie,50.384216,20.1604994,,pharmacy,,,active,0,0,0,25.1920626320186,40652.47868729454,0.1,5869.5042625410915,OSM,6
"Apteka Cef@Rm 36,6",zdrowie,50.3561797,20.0285911,,pharmacy,,,active,10,10,10,29.452997041917808,43523.79892652707,0.1,5295.240214694585,OSM,16
Apteka Prywatna,zdrowie,50.3597261,20.040596,,pharmacy,,,active,5,10,10,28.98277443071142,43248.37347972532,0.1,5350.325304054936,OSM,7
pharmacy_9588603882,zdrowie,50.3560842,20.0268636,,pharmacy,,,active,9,10,10,29.48114712132928,43540.00865562468,0.1,5291.998268875064,OSM,12
Dobre Apteki,zdrowie,50.3570355,20.0227793,,pharmacy,,,active,9,10,10,29.434221068301927,43512.96987476743,0.1,5297.406025046514,OSM,4
pharmacy_9588613138,zdrowie,50.4442822,20.141383,,pharmacy,,,active,1,1,1,21.998861557346075,37771.55113474338,0.1,6445.689773051325,OSM,12
Apteka Słoneczna,zdrowie,50.3551027,20.0281,,pharmacy,,,active,9,10,10,29.561031743608453,43585.840699450295,0.1,5282.831860109942,OSM,5
Błękitna,zdrowie,50.0936688,20.0110427,,pharmacy,,,active,16,43,56,149.06911972857816,57145.8512607414,0.7145851260741398,2570.8297478517206,OSM,15
Apteka Słoneczna,zdrowie,50.0923376,20.0225971,,pharmacy,,,active,11,48,56,136.37328489115438,56833.59275316223,0.6833592753162232,2633.2814493675537,OSM,1
Hygieia,zdrowie,50.0942657,20.0047438,,pharmacy,,,active,9,37,56,156.65379281953128,57308.248360918966,0.7308248360918964,2538.350327816207,OSM,18
Apteka Słoneczna,zdrowie,50.0739967,20.0353624,,pharmacy,,,active,15,49,57,132.77340084200307,56734.18548572852,0.6734185485728522,2653.1629028542957,OSM,19
Zdrowie,zdrowie,50.0790051,20.0110778,,pharmacy,,,active,12,52,56,167.31165803670626,57511.56508836757,0.7511565088367568,2497.6869823264865,OSM,17
Słoneczna,zdrowie,50.0746651,20.0201796,,pharmacy,,,active,10,50,57,154.3479407467354,57260.565786747786,0.7260565786747787,2547.8868426504428,OSM,9
pharmacy_9590991417,zdrowie,50.067794,20.0428586,,pharmacy,,,active,8,36,57,125.1057021382299,56503.37961056685,0.6503379610566851,2699.3240778866298,OSM,4
Apteka Słoneczna,zdrowie,50.0820901,20.0210309,,pharmacy,,,active,16,53,56,147.92350498202268,57119.874575979215,0.7119874575979216,2576.025084804157,OSM,16
Prima,zdrowie,50.0914582,20.0066057,,pharmacy,,,active,11,42,56,158.52021793130686,57345.82820712075,0.7345828207120748,2530.8343585758503,OSM,12
Hygieia,zdrowie,50.0831148,20.0318341,,pharmacy,,,active,15,55,56,132.86506957209895,56736.783666239106,0.6736783666239108,2652.6432667521785,OSM,15
Apteka Słoneczna,zdrowie,50.0804331,20.0111262,,pharmacy,,,active,11,52,56,165.75383146981193,57483.47847789532,0.7483478477895318,2503.304304420936,OSM,5
Hygieia,zdrowie,50.0738237,20.0270116,,pharmacy,,,active,13,51,57,144.08028296986228,57029.71253461109,0.7029712534611092,2594.0574930777816,OSM,4
Quarta Decima,zdrowie,51.1889402,20.4102542,,pharmacy,,,active,10,13,13,7.677829881953107,-4622.5681849581015,0.1,14924.51363699162,OSM,3
Apteka S.C.,zdrowie,51.1917619,20.4068682,,pharmacy,,,active,10,13,13,7.663534105888921,-4744.049689265805,0.1,14948.809937853162,OSM,18
pharmacy_9601735458,zdrowie,51.0782477,20.5482973,,pharmacy,,,active,0,0,0,8.231483101823141,-242.39524214756239,0.1,14048.479048429512,OSM,19
pharmacy_9601744759,zdrowie,51.1364457,20.565122,,pharmacy,,,active,3,4,4,7.815298900083659,-3477.0796219512195,0.1,14695.415924390243,OSM,19
Dział Farmacji Szpitalnej,zdrowie,51.1363181,20.5284158,,pharmacy,,,active,0,4,4,7.86960049975466,-3035.6267469470476,0.1,14607.12534938941,OSM,15
Apteka Melisa,zdrowie,51.1883603,20.4113224,,pharmacy,,,active,10,13,13,7.680374741442774,-4600.990099094306,0.1,14920.198019818861,OSM,2
Stowarzyszenie Opieki Paliatywno-Hospicyjnej Im. Bł. Ks. Kazimierza Sykulskiego W Rudzie Białaczowskiej,zdrowie,51.2615117,20.400203,,pharmacy,,,active,0,0,2,7.252068246238107,-8445.848690732731,0.1,15689.169738146546,OSM,8
pharmacy_9601754608,zdrowie,51.1347448,20.1063817,,pharmacy,,,active,0,0,0,8.29686787027961,236.29472983886808,0.1,13952.741054032227,OSM,18
Apteka Szpitalna,zdrowie,51.190867,20.3916461,,pharmacy,,,active,2,13,13,7.684873707723439,-4562.87793610595,0.1,14912.57558722119,OSM,17
Apteka na Spółdzielczej,zdrowie,51.1927655,20.4082214,,pharmacy,,,active,10,13,13,7.655792938894448,-4810.021312071112,0.1,14962.004262414222,OSM,16
Słoneczna,zdrowie,51.1781377,20.4079729,,pharmacy,,,active,1,13,13,7.7493236554521925,-4021.759863290128,0.1,14804.351972658025,OSM,7
Apteka Melisa,zdrowie,51.072204,20.2500796,,pharmacy,,,active,0,0,0,8.68943685120924,2958.871781728987,0.1,13408.225643654203,OSM,7
Apteka Konecka,zdrowie,51.1928524,20.4091807,,pharmacy,,,active,10,13,13,7.654245226230827,-4823.22720554049,0.1,14964.645441108098,OSM,7
pharmacy_9601776361,zdrowie,51.1369204,20.559515,,pharmacy,,,active,3,4,4,7.820575517322572,-3433.9136732968254,0.1,14686.782734659366,OSM,18
Apteka Melisa,zdrowie,51.1375873,20.5665748,,pharmacy,,,active,3,4,4,7.805884140304258,-3554.243057277934,0.1,14710.848611455587,OSM,2
Apteka Gminy Smyków,zdrowie,51.0547407,20.400297,,pharmacy,,,active,1,1,1,8.643886650386886,2655.6505512921285,0.1,13468.869889741574,OSM,8
Vita,zdrowie,51.1931163,20.4031462,,pharmacy,,,active,12,13,13,7.65884276510187,-4784.014221873047,0.1,14956.80284437461,OSM,6
Apteka Lawendowa,zdrowie,51.2789321,20.4370533,,pharmacy,,,active,1,1,2,7.12264860225635,-9698.605591971413,0.1,15939.721118394284,OSM,1
pharmacy_9601796179,zdrowie,51.1078657,20.0238611,,pharmacy,,,active,0,0,0,8.537649767418662,1935.8736161680426,0.1,13612.82527676639,OSM,10
Medica,zdrowie,51.6465781,20.9539935,,pharmacy,,,active,4,5,5,5.246152842192507,-34807.9361277314,0.1,20961.58722554628,OSM,14
Punkt Apteczny,zdrowie,51.557687,20.867393,,pharmacy,,,active,0,0,0,5.580029053748415,-29105.268213455318,0.1,19821.053642691062,OSM,4
Apteka,zdrowie,51.6470408,20.9635529,,pharmacy,,,active,4,4,5,5.237934017592185,-34957.483488851576,0.1,20991.496697770315,OSM,7
pharmacy_9607456230,zdrowie,51.6393768,21.089213,,pharmacy,,,active,0,0,0,5.164358942250914,-36317.43767060319,0.1,21263.487534120635,OSM,15
Rodzinna Medi Pharm,zdrowie,51.6442962,20.9504866,,pharmacy,,,active,4,4,5,5.2551566296414505,-34644.64272668389,0.1,20928.928545336777,OSM,5
Punkt Apteczny,zdrowie,51.6712841,20.9402093,,pharmacy,,,active,0,2,5,5.186566564495999,-35902.88884417068,0.1,21180.577768834137,OSM,17
pharmacy_9607476175,zdrowie,51.6246268,20.8217499,,pharmacy,,,active,0,0,1,5.403899081420395,-32025.784154462206,0.1,20405.15683089244,OSM,17
Punkt Apteczny,zdrowie,51.5456771,20.9852895,,pharmacy,,,active,0,0,0,5.51972169094021,-30084.277250911866,0.1,20016.855450182375,OSM,2
Przybyszew,zdrowie,51.6634347,20.8535984,,pharmacy,,,active,0,0,1,5.267093671801963,-34429.01230840298,0.1,20885.802461680596,OSM,15
Punkt Apteczny Pod Kopułą,zdrowie,52.0373073,20.7278572,,pharmacy,,,active,0,1,2,4.4040604049526975,-53031.59448896577,0.1,24606.318897793153,OSM,18
Grosik,zdrowie,51.6171308,20.5669994,,pharmacy,,,active,3,3,3,5.584722156235524,-29029.968727581858,0.1,19805.99374551637,OSM,11
Farmacja I Uroda,zdrowie,51.6945786,20.7239932,,pharmacy,,,active,3,3,3,5.255066945310156,-34646.26648975826,0.1,20929.25329795165,OSM,8
Papaya 4,zdrowie,51.7767327,20.6951493,,pharmacy,,,active,1,1,1,5.037908761847291,-38747.52980573251,0.1,21749.505961146504,OSM,10
Punkt Apteczny,zdrowie,51.7996079,20.6222982,,pharmacy,,,active,0,0,0,5.008417126862968,-39331.94037857145,0.1,21866.38807571429,OSM,14
pharmacy_9616452912,zdrowie,51.6179402,20.5634351,,pharmacy,,,active,2,3,3,5.58391168473303,-29042.963468969203,0.1,19808.592693793842,OSM,2
Zdrówko,zdrowie,51.8199675,20.9409475,,pharmacy,,,active,0,0,0,4.801446411942973,-43635.286974424,0.1,22727.0573948848,OSM,17
Alanova,zdrowie,51.7328212,20.8522619,,pharmacy,,,active,0,0,0,5.073781984185178,-38045.8187912852,0.1,21609.16375825704,OSM,14
pharmacy_9616452915,zdrowie,51.7778099,20.6961372,,pharmacy,,,active,1,1,1,5.034517061412344,-38814.391807768334,0.1,21762.878361553667,OSM,12
Pod Dębem,zdrowie,51.9447205,20.9521731,,pharmacy,,,active,0,0,0,4.512600227372259,-50300.86309598846,0.1,24060.172619197692,OSM,3
pharmacy_9655747708,zdrowie,51.3566431,20.6309155,,pharmacy,,,active,5,5,5,6.554924670686421,-15778.527232509121,0.1,17155.705446501823,OSM,6
pharmacy_9655754668,zdrowie,51.4353339,20.5857113,,pharmacy,,,active,0,0,0,6.252656375472749,-19466.01283917448,0.1,17893.202567834895,OSM,17
pharmacy_9655780011,zdrowie,51.3977689,20.4713642,,pharmacy,,,active,0,0,1,6.502429813688878,-16394.332476669384,0.1,17278.866495333878,OSM,19
pharmacy_9655782082,zdrowie,51.5206634,20.5552977,,pharmacy,,,active,0,0,0,5.935388893333662,-23740.478422833505,0.1,18748.095684566702,OSM,4
Prywatna A&R Agnieszka I Radosław Salij Sp. J.,zdrowie,51.3578459,20.6275131,,pharmacy,,,active,5,5,5,6.552756034543603,-15803.771628944029,0.1,17160.754325788806,OSM,2
Apteka W Starym Klasztorze,zdrowie,51.3198287,20.684936,,pharmacy,,,active,0,0,0,6.6676941062056745,-14488.443086290674,0.1,16897.688617258136,OSM,13
pharmacy_9655818817,zdrowie,51.5328901,20.6319046,,pharmacy,,,active,0,0,0,5.839710066179023,-25120.68909820974,0.1,19024.137819641946,OSM,3
Apteka Codzienna,zdrowie,51.3585912,20.6297903,,pharmacy,,,active,5,5,5,6.547206960900841,-15868.442755199561,0.1,17173.688551039915,OSM,15
Na Krakowskiej,zdrowie,50.8536859,20.5632838,,pharmacy,,,active,1,4,37,10.09672022889182,10978.968549683363,0.1,11804.206290063326,OSM,1
Twoja Apteka,zdrowie,50.894725,20.662286,,pharmacy,,,active,5,24,64,9.404838249703266,7335.87460786201,0.1,12532.825078427599,OSM,14
"Apteka Cef@Rm 36,6",zdrowie,50.8717787,20.6046401,,pharmacy,,,active,10,56,76,9.78860388841801,9420.192736411998,0.1,12115.9614527176,OSM,16
"Apteka ""Codzienna""",zdrowie,50.8723804,20.6436289,,pharmacy,,,active,15,66,77,9.659901262404079,8739.636574135744,0.1,12252.07268517285,OSM,16
Farmacja,zdrowie,50.8898616,20.6479618,,pharmacy,,,active,8,48,75,9.490443828413596,7815.424964316022,0.1,12436.915007136795,OSM,19
Pod Wagą,zdrowie,50.8831273,20.5941039,,pharmacy,,,active,4,36,73,9.71439094973482,9029.969342684446,0.1,12194.006131463111,OSM,7
Twoja Apteka,zdrowie,50.8687031,20.6018961,,pharmacy,,,active,9,55,72,9.826338767594336,9616.348232475102,0.1,12076.73035350498,OSM,16
Gemini,zdrowie,50.8720261,20.6022189,,pharmacy,,,active,9,54,75,9.793837932670682,9447.490918541778,0.1,12110.501816291644,OSM,6
Apteka Plus,zdrowie,50.8597714,20.6351421,,pharmacy,,,active,10,50,77,9.80333292112759,9496.937671837273,0.1,12100.612465632545,OSM,17
Super-Pharm,zdrowie,50.8794824,20.6476914,,pharmacy,,,active,11,59,77,9.583184370929427,8325.275957671322,0.1,12334.944808465736,OSM,7
Mandarynka,zdrowie,50.8906948,20.6696649,,pharmacy,,,active,5,24,60,9.41704997287711,7404.816111192486,0.1,12519.036777761503,OSM,7
Apteka Vanilia,zdrowie,50.8966054,20.6739228,,pharmacy,,,active,4,16,55,9.353704486979835,7045.243042904578,0.1,12590.951391419085,OSM,17
Malinka,zdrowie,50.8790665,20.5877007,,pharmacy,,,active,5,32,72,9.77193540079271,9333.063309092337,0.1,12133.387338181532,OSM,15
Apteka Prima,zdrowie,50.8782482,20.60951,,pharmacy,,,active,9,56,78,9.712947134057098,9022.318396357827,0.1,12195.536320728435,OSM,15
Zdrowie,zdrowie,50.8622343,20.5930871,,pharmacy,,,active,3,40,67,9.916385706125741,10078.403380262796,0.1,11984.31932394744,OSM,12
Apteka Na Wzgórzu,zdrowie,50.8865645,20.6561725,,pharmacy,,,active,8,43,71,9.494256384793914,7836.581219693573,0.1,12432.683756061286,OSM,9
"Apteka Cef@Rm 36,6",zdrowie,50.8602978,20.5902361,,pharmacy,,,active,2,35,66,9.944342449453929,10220.15469685918,0.1,11955.969060628164,OSM,7
Dr Zdrowie,zdrowie,50.887288,20.6674923,,pharmacy,,,active,5,31,66,9.453083531445227,7607.205988736467,0.1,12478.558802252706,OSM,9
pharmacy_9659144228,zdrowie,51.3760502,20.9748421,,pharmacy,,,active,1,1,1,6.103510149600952,-21420.073489627932,0.1,18284.014697925588,OSM,8
pharmacy_9659144235,zdrowie,51.4682128,20.9031754,,pharmacy,,,active,1,1,1,5.848399088558636,-24993.481622716557,0.1,18998.69632454331,OSM,17
pharmacy_9659144237,zdrowie,51.4655711,20.9057774,,pharmacy,,,active,1,1,1,5.8551158485053865,-24895.406843680656,0.1,18979.081368736133,OSM,7
pharmacy_9659144239,zdrowie,51.3242797,21.0722782,,pharmacy,,,active,0,0,0,6.1729968258302375,-20497.93570406582,0.1,18099.587140813164,OSM,4
pharmacy_9659168885,zdrowie,51.4404829,20.9993918,,pharmacy,,,active,1,1,1,5.847604849578174,-25005.09360017175,0.1,19001.01872003435,OSM,9
Apteka Codzienna,zdrowie,50.8004514,20.4616951,,pharmacy,,,active,3,3,3,11.034624311372696,15188.081271178271,0.1,10962.383745764346,OSM,8
Dbam o Zdrowie,zdrowie,50.9377473,20.9583018,,pharmacy,,,active,3,3,3,8.219343537331183,-332.1087601540785,0.1,14066.421752030816,OSM,7
Mojej Mamy,zdrowie,50.4730089,20.7167908,,pharmacy,,,active,9,12,12,13.849330694546016,24397.172287401278,0.1,9120.565542519744,OSM,8
Centrum Zdrowia,zdrowie,50.3470429,20.6766347,,pharmacy,,,active,2,2,2,16.180896717619135,29599.36397680868,0.1,8080.127204638265,OSM,18
Słoneczna,zdrowie,50.4689917,20.7228672,,pharmacy,,,active,8,12,12,13.83929086030483,24370.981176199748,0.1,9125.80376476005,OSM,4
Wiślicka,zdrowie,50.3490227,20.6729739,,pharmacy,,,active,2,2,2,16.20961646530666,29654.112864413117,0.1,8069.177427117376,OSM,11
Centrum Zdrowia,zdrowie,50.3697447,20.8889373,,pharmacy,,,active,1,1,1,13.1163232402393,22379.56099876677,0.1,9524.087800246645,OSM,1
Premium-Lek,zdrowie,50.4558513,20.7213226,,pharmacy,,,active,1,12,12,14.032108875424129,24867.43725131001,0.1,9026.512549738,OSM,17
pharmacy_9678396633,zdrowie,50.4017819,21.0385724,,pharmacy,,,active,1,1,1,11.449300429071753,16829.209535770977,0.1,10634.158092845804,OSM,1
"Cef@Rm 36,6",zdrowie,50.3486733,20.674776,,pharmacy,,,active,2,2,2,16.186139510633804,29609.37288835827,0.1,8078.125422328346,OSM,16
pharmacy_9678396635,zdrowie,50.5174837,20.9932874,,pharmacy,,,active,0,0,0,11.002053819185075,15053.939817299033,0.1,10989.212036540193,OSM,1
Punkt Apteczny,zdrowie,50.3145132,20.9137168,,pharmacy,,,active,0,0,1,13.27163596477482,22825.6694708109,0.1,9434.86610583782,OSM,12
Apteka Pod Opatrznością,zdrowie,50.264194,20.4927468,,pharmacy,,,active,6,8,8,21.795512854271156,37559.498285583235,0.1,6488.100342883352,OSM,4
Nowa,zdrowie,50.2727411,20.4834356,,pharmacy,,,active,6,8,8,21.840684899188645,37606.945029064795,0.1,6478.61099418704,OSM,19
Zdrowie,zdrowie,50.3199193,20.3988708,,pharmacy,,,active,3,3,3,22.72535860668593,38498.14697520781,0.1,6300.370604958437,OSM,3
pharmacy_9682913036,zdrowie,50.3676837,20.3520817,,pharmacy,,,active,1,1,1,22.012065862767887,37785.185174476486,0.1,6442.962965104703,OSM,16
Apteka Mariańska,zdrowie,51.978448,20.3508181,,pharmacy,,,active,0,0,2,4.636437481775585,-47341.41961696817,0.1,23468.283923393632,OSM,2
Ziko Apteka,zdrowie,52.0477359,20.4325667,,pharmacy,,,active,0,0,0,4.461900913149494,-51559.86186884374,0.1,24311.97237376875,OSM,11
pharmacy_9683447795,zdrowie,51.997019,20.2869197,,pharmacy,,,active,0,0,1,4.6042699682609305,-48094.848574627336,0.1,23618.969714925468,OSM,12
Św. Stanisława Mszczonów,zdrowie,51.9733122,20.5146045,,pharmacy,,,active,3,3,4,4.609703467767392,-47966.84683649814,0.1,23593.369367299627,OSM,1
Jesionka,zdrowie,52.0204108,20.3661259,,pharmacy,,,active,0,0,1,4.536216081457081,-49724.02615340025,0.1,23944.80523068005,OSM,3
Apteka Zdrowie,zdrowie,51.9736779,20.5210882,,pharmacy,,,active,3,3,4,4.607069664942399,-48028.855946060765,0.1,23605.77118921215,OSM,15
Remedium,zdrowie,52.003058,20.5567292,,pharmacy,,,active,0,0,4,4.530277024077493,-49868.526547626694,0.1,23973.70530952534,OSM,19
Apteka Codzienna,zdrowie,51.9723307,20.5170502,,pharmacy,,,active,3,3,4,4.611309487754335,-47929.07016494687,0.1,23585.814032989372,OSM,2
Magnolia,zdrowie,50.5186819,20.528312,,pharmacy,,,active,5,5,5,15.08071398766949,27345.071101486497,0.1,8530.9857797027,OSM,15
Punkt Apteczny Pod Aniołami,zdrowie,50.4953949,20.4641915,,pharmacy,,,active,0,0,0,16.272586975876372,29773.478105157144,0.1,8045.304378968571,OSM,17
Punkt Apteczny Pod Aniołami,zdrowie,50.4483742,20.5892847,,pharmacy,,,active,1,1,1,15.724691155875346,28702.873109327753,0.1,8259.425378134449,OSM,6
Na Rynku,zdrowie,50.5197732,20.525951,,pharmacy,,,active,4,5,5,15.083579391171774,27351.3694904113,0.1,8529.726101917739,OSM,9
Centrum Zdrowia,zdrowie,50.3833391,20.592673,,pharmacy,,,active,0,0,0,16.91377072100354,30938.289116743235,0.1,7812.342176651353,OSM,10
Na Grodzisku,zdrowie,50.5148761,20.5408019,,pharmacy,,,active,1,5,5,15.025446989930002,27223.1197624205,0.1,8555.3760475159,OSM,14
Punkt Apteczny Kije,zdrowie,50.606926,20.5732418,,pharmacy,,,active,0,0,0,13.159850261630766,22505.64671637532,0.1,9498.870656724936,OSM,11
pharmacy_9741786832,zdrowie,50.5208004,20.5265656,,pharmacy,,,active,4,5,5,15.057271001874815,27293.451486810332,0.1,8541.309702637933,OSM,19
pharmacy_9741786833,zdrowie,50.5212896,20.5234299,,pharmacy,,,active,4,5,5,15.07959377775314,27342.608138579442,0.1,8531.478372284111,OSM,13
Słoneczna,zdrowie,50.4504387,21.0636074,,pharmacy,,,active,0,0,0,10.946722257382934,14824.22708425083,0.1,11035.154583149833,OSM,16
Apteka Centrum,zdrowie,50.0826808,21.0258917,,pharmacy,,,active,0,0,0,12.79374665487028,21418.406977391438,0.1,9716.318604521713,OSM,12
Ustanowska,zdrowie,51.97358,21.0415737,,pharmacy,,,active,0,0,1,4.411410973536148,-52842.4210529187,0.1,24568.484210583738,OSM,2
pharmacy_10110355760,zdrowie,51.0500848,21.0777924,,pharmacy,,,active,7,18,18,7.316506224518082,-7838.628391303471,0.1,15567.725678260695,OSM,13
"Cef@Rm 36,6",zdrowie,51.3779761,20.2774778,,pharmacy,,,active,11,11,11,6.7162334551419605,-13946.488994095198,0.1,16789.29779881904,OSM,5
pharmacy_10240856574,zdrowie,51.2484101,20.1710046,,pharmacy,,,active,1,1,1,7.48597749994324,-6291.544591710452,0.1,15258.308918342089,OSM,15
pharmacy_10240856575,zdrowie,51.2473792,20.172171,,pharmacy,,,active,1,1,1,7.491802657315307,-6239.61166232526,0.1,15247.922332465052,OSM,3
Punkt Apteczny,zdrowie,51.3910185,20.1409146,,pharmacy,,,active,0,0,0,6.705872649625626,-14061.511398209128,0.1,16812.302279641826,OSM,19
Kalina,zdrowie,51.5329132,20.3631591,,pharmacy,,,active,1,1,1,5.9922903048560245,-22940.550200782265,0.1,18588.110040156454,OSM,6
Punkt Apteczny,zdrowie,51.5310575,20.3698499,,pharmacy,,,active,1,1,1,5.9965641086077,-22881.081389971412,0.1,18576.21627799428,OSM,9
Punkt Apteczny,zdrowie,51.3035395,20.110707,,pharmacy,,,active,1,1,1,7.181515184751668,-9123.190529714047,0.1,15824.63810594281,OSM,19
Flos,zdrowie,51.3739642,20.0391342,,pharmacy,,,active,0,0,0,6.815041249941938,-12867.127455649636,0.1,16573.42549112993,OSM,18
Punkt Apteczny,zdrowie,51.4386865,20.4603539,,pharmacy,,,active,0,3,4,6.328227082141979,-18511.071111999336,0.1,17702.214222399867,OSM,12
Farmacja I Uroda,zdrowie,51.4497652,20.4673608,,pharmacy,,,active,2,3,3,6.27613858780052,-19166.819495014628,0.1,17833.363899002925,OSM,8
pharmacy_10240856600,zdrowie,51.4495064,20.4734898,,pharmacy,,,active,2,3,3,6.273279006690975,-19203.134432042367,0.1,17840.62688640847,OSM,5
Koniczynka Białaczów,zdrowie,51.2986466,20.2960064,,pharmacy,,,active,0,0,0,7.121540693696086,-9709.526492293284,0.1,15941.905298458656,OSM,12
pharmacy_10240928045,zdrowie,51.4510403,20.4799974,,pharmacy,,,active,2,3,3,6.262531454941394,-19339.91834571617,0.1,17867.983669143236,OSM,14
Punkt Apteczny Bliski,zdrowie,50.1465494,20.6929169,,pharmacy,,,active,0,0,0,18.14543975807736,32944.867323900085,0.1,7411.026535219983,OSM,2
Niskich Cen,zdrowie,50.1198486,20.6362387,,pharmacy,,,active,0,0,0,19.72742489882904,35154.573388862394,0.1,6969.08532222752,OSM,12
Zdrowe Ceny,zdrowie,50.0629135,20.7033684,,pharmacy,,,active,1,1,1,18.138177837965873,32933.835169846745,0.1,7413.2329660306505,OSM,7
Bliska I Tania,zdrowie,50.0675147,20.7096292,,pharmacy,,,active,1,1,1,17.993011358081162,32711.43309202458,0.1,7457.713381595084,OSM,9
pharmacy_10300404806,zdrowie,50.2413151,20.7248075,,pharmacy,,,active,0,0,1,16.686869666033576,30536.32137082253,0.1,7892.735725835494,OSM,14
pharmacy_10581581820,zdrowie,51.0489348,21.0808536,,pharmacy,,,active,9,18,18,7.3151642759720925,-7851.164941344585,0.1,15570.232988268916,OSM,11
pharmacy_10589843912,zdrowie,51.538057,20.0111095,,pharmacy,,,active,6,16,16,6.064440781556293,-21947.832868719517,0.1,18389.566573743905,OSM,12
Codzienna,zdrowie,51.5281217,20.0117412,,pharmacy,,,active,12,16,16,6.105280250973271,-21396.322436679737,0.1,18279.264487335946,OSM,12
Gemini,zdrowie,51.5247488,20.0036461,,pharmacy,,,active,9,16,16,6.119864010418104,-21201.16184752289,0.1,18240.232369504578,OSM,16
Familypharm,zdrowie,51.5294519,20.0325865,,pharmacy,,,active,2,16,16,6.097961274064553,-21494.617139759008,0.1,18298.9234279518,OSM,9
Salubris,zdrowie,51.5453797,20.0057999,,pharmacy,,,active,1,16,16,6.035021999665217,-22349.739409025628,0.1,18469.947881805125,OSM,15
Flora Iv,zdrowie,51.5296357,20.0205869,,pharmacy,,,active,8,16,16,6.09830480749573,-21489.99816890509,0.1,18297.999633781015,OSM,2
Punkt Apteczny Na Szóstkę,zdrowie,51.4783794,20.028994,,pharmacy,,,active,0,0,0,6.316924793544025,-18652.438305266216,0.1,17730.487661053245,OSM,4
Apteka prywatna A.Wysokińska,zdrowie,51.5955512,20.2902028,,pharmacy,,,active,0,0,0,5.782344698191223,-25970.11309381212,0.1,19194.022618762425,OSM,12
Słoneczna,zdrowie,51.6080034,20.0528298,,pharmacy,,,active,0,0,0,5.787893361063035,-25887.2170423277,0.1,19177.44340846554,OSM,15
Koniczynka Ii,zdrowie,51.6555963,20.1569983,,pharmacy,,,active,0,0,0,5.601485595808262,-28762.034409972068,0.1,19752.406881994415,OSM,3
Gemini,zdrowie,51.9524045,20.152598,,pharmacy,,,active,9,17,18,4.730260959312445,-45202.41352449109,0.1,23040.48270489822,OSM,3
pharmacy_10594279718,zdrowie,51.0517379,21.0809838,,pharmacy,,,active,7,18,18,7.3015175626623865,-7978.914925417601,0.1,15595.782985083519,OSM,10
Punkt Apteczny Remedium,zdrowie,50.0956061,20.450992,,pharmacy,,,active,0,1,2,26.832369305203887,41865.79016512606,0.1,5626.841966974789,OSM,1
Słoneczna,zdrowie,50.1778483,20.9754487,,pharmacy,,,active,8,9,10,13.239070042057074,22732.9968485981,0.1,9453.40063028038,OSM,2
pharmacy_10646872660,zdrowie,50.1754238,20.9857343,,pharmacy,,,active,9,9,9,13.120927096087934,22392.93665467608,0.1,9521.412669064784,OSM,4
Codzienna,zdrowie,50.1743502,20.9855082,,pharmacy,,,active,9,9,9,13.126875015881655,22410.203350373107,0.1,9517.95932992538,OSM,8
pharmacy_10646872662,zdrowie,50.1755082,20.9893937,,pharmacy,,,active,8,9,9,13.076513966782578,22263.50965784018,0.1,9547.298068431963,OSM,10
Punkt Apteczny Nagietek,zdrowie,50.3096048,21.0761304,,pharmacy,,,active,3,3,3,11.626451676720102,17494.61762687571,0.1,10501.076474624859,OSM,10
Rodzinna,zdrowie,50.3086829,21.0718962,,pharmacy,,,active,3,3,3,11.66955109582957,17653.450386048826,0.1,10469.309922790235,OSM,8
Centrum,zdrowie,50.3077078,21.0739782,,pharmacy,,,active,3,3,3,11.655052857976688,17600.151660161602,0.1,10479.96966796768,OSM,12
pharmacy_10646902378,zdrowie,50.2029475,20.9281197,,pharmacy,,,active,0,0,3,13.74793105358939,24130.891219122233,0.1,9173.821756175554,OSM,8
Nova,zdrowie,50.2452098,20.7762327,,pharmacy,,,active,0,0,1,15.740829569796308,28735.473373054872,0.1,8252.905325389025,OSM,18
pharmacy_10652430046,zdrowie,50.0808236,20.0686724,,pharmacy,,,active,1,22,54,99.93686137280915,55496.841074138036,0.5496841074138035,2900.6317851723934,OSM,16
Gemini,zdrowie,50.0843314,20.0276531,,pharmacy,,,active,13,55,56,137.185185644877,56855.29158888687,0.6855291588886866,2628.9416822226267,OSM,3
"APTEKA ""NIEBIESKA""",zdrowie,50.0389344,20.2174191,,pharmacy,,,active,2,4,4,48.402828844982594,50170.025245811026,0.1,3965.9949508377945,OSM,6
Millenium,zdrowie,51.1178957,20.8692121,,pharmacy,,,active,11,18,19,7.404430613241462,-7027.136942284531,0.1,15405.427388456905,OSM,3
+,zdrowie,50.8241384,20.5276142,,pharmacy,,,active,0,0,3,10.528090161866514,13008.005505971509,0.1,11398.398898805697,OSM,8
Punkt Apteczny,zdrowie,50.4798768,20.3303357,,pharmacy,,,active,0,0,0,18.289280194051923,33161.58128177122,0.1,7367.683743645756,OSM,11
Gemini,zdrowie,50.6475543,20.285095,,pharmacy,,,active,3,9,9,14.2540112255903,25422.1547474056,0.1,8915.56905051888,OSM,14
Gemini,zdrowie,51.0457238,21.0836379,,pharmacy,,,active,9,18,18,7.324246697929274,-7766.406174079442,0.1,15553.28123481589,OSM,17
Apteka Lawendowa,zdrowie,51.2729736,20.4426975,,pharmacy,,,active,1,1,2,7.150208591167811,-9428.029878403497,0.1,15885.605975680699,OSM,14
pharmacy_11631463938,zdrowie,50.9312924,20.5671429,,pharmacy,,,active,0,0,0,9.351721543725082,7033.908472125615,0.1,12593.218305574877,OSM,6
Super Apteka,zdrowie,51.0444455,21.0830731,,pharmacy,,,active,9,18,18,7.331625690348419,-7697.698725702212,0.1,15539.539745140442,OSM,9
Papaya,zdrowie,52.0048487,20.9052376,,pharmacy,,,active,0,1,2,4.40651663602484,-52968.310981132425,0.1,24593.662196226484,OSM,13
pharmacy_12052675569,zdrowie,50.5913071,21.0015697,,pharmacy,,,active,1,1,1,10.400293368429194,12424.433062841825,0.1,11515.113387431635,OSM,5
Apteka Centralna,zdrowie,50.0625112,20.0108735,,pharmacy,,,active,2,37,56,175.18189026501312,57645.82369648138,0.7645823696481379,2470.835260703724,OSM,11
Apteka Bliska,zdrowie,50.1895153,20.7555965,,pharmacy,,,active,0,0,1,16.548926284765162,30286.559478466173,0.1,7942.688104306765,OSM,18
pharmacy_12230059492,zdrowie,50.6440513,20.3030301,,pharmacy,,,active,6,9,9,14.235354543132116,25376.182150220753,0.1,8924.76356995585,OSM,5
Apteka na rogu,zdrowie,50.9412599,20.9571311,,pharmacy,,,active,3,3,3,8.201557670516813,-464.0290401680395,0.1,14092.805808033609,OSM,16
Apteka,zdrowie,51.1192449,20.8770985,,pharmacy,,,active,9,18,19,7.382449380137841,-7228.198901739612,0.1,15445.639780347923,OSM,8
Punkt Apteczny Bliski,zdrowie,50.2898677,20.3012539,,pharmacy,,,active,1,2,2,27.289919609064107,42178.21645638233,0.1,5564.356708723535,OSM,4
pharmacy_12450757363,zdrowie,50.8832077,20.4626751,,pharmacy,,,active,1,3,3,10.08983656592668,10945.183454358696,0.1,11810.96330912826,OSM,8
Gemini,zdrowie,50.0368192,20.0510368,,pharmacy,,,active,0,1,23,108.91935948694106,55909.44784880095,0.5909447848800949,2818.11043023981,OSM,10
Apteka Słoneczna,zdrowie,50.0207723,20.0496489,,pharmacy,,,active,0,1,1,100.72708435157817,55536.09179975072,0.5536091799750718,2892.7816400498564,OSM,16
"""Nowa"" Apteka",zdrowie,50.2414277,20.6028762,,pharmacy,,,active,1,1,1,19.296008050775242,34587.90467518944,0.1,7082.419064962111,OSM,3
Prima,zdrowie,50.0900445,20.0067972,,pharmacy,,,active,11,43,56,160.42555628850545,57383.28959819337,0.738328959819337,2523.342080361326,OSM,7
pharmacy_12912262535,zdrowie,51.0415042,21.0843041,,pharmacy,,,active,6,18,18,7.342917849506598,-7592.822260512854,0.1,15518.56445210257,OSM,2
pharmacy_12912277703,zdrowie,51.0409838,21.0834717,,pharmacy,,,active,6,18,18,7.347300443746544,-7552.205545175646,0.1,15510.441109035128,OSM,2
Dbam o Zdrowie,zdrowie,50.8636467,20.6347746,,pharmacy,,,active,12,55,77,9.768486717180425,9314.999244394734,0.1,12137.000151121054,OSM,13
Apteka Słoneczna,zdrowie,50.0417944,20.2378114,,pharmacy,,,active,0,4,4,45.330928580684514,49470.00313792271,0.1,4105.999372415458,OSM,10
Niezapominajka,zdrowie,50.0847595,20.0211259,,pharmacy,,,active,17,52,56,145.50341121855038,57063.65444759927,0.706365444759927,2587.269110480146,OSM,13
Nova,zdrowie,50.559455,20.0387411,,pharmacy,,,active,1,1,1,17.7256321433074,32292.261288194277,0.1,7541.547742361145,OSM,11
pharmacy_13461892972,zdrowie,50.6799655,20.1064168,,pharmacy,,,active,0,0,0,14.211511090502505,25317.252942641127,0.1,8936.549411471775,OSM,17
Punkt Apteczny Imielno,zdrowie,50.5834773,20.4491251,,pharmacy,,,active,0,0,0,14.51692673095252,26057.448262522652,0.1,8788.510347495469,OSM,17
Aloes,zdrowie,50.364939,20.3528692,,pharmacy,,,active,1,1,1,22.106315531887745,37882.02916362231,0.1,6423.594167275537,OSM,18
"Cef@Rm 36,6",zdrowie,52.022224,21.040331,,pharmacy,,,active,0,3,3,4.315240854570864,-55368.38761743305,0.1,25073.67752348661,OSM,13
Słoneczna,zdrowie,50.0860116,20.0175268,,pharmacy,,,active,19,51,56,149.4229164947961,57153.79306113722,0.7153793061137224,2569.2413877725553,OSM,7
Centrum,zdrowie,51.1176192,20.8567628,,pharmacy,,,active,7,18,19,7.429310225800685,-6800.998989595042,0.1,15360.19979791901,OSM,5
Arnika,zdrowie,51.1117934,20.8664449,,pharmacy,,,active,7,18,19,7.442213619940472,-6684.311756425959,0.1,15336.862351285192,OSM,13
pharmacy_231418702,zdrowie,50.8638896,20.2006039,,pharmacy,,,active,0,0,0,10.906473657643106,14655.667936757272,0.1,11068.866412648546,OSM,17
Dziekanowska i Sp-ka,zdrowie,50.1334611,20.8841849,,pharmacy,,,active,3,3,3,14.614755490107994,26288.001014561945,0.1,8742.399797087612,OSM,2
Omega,zdrowie,50.132739,20.8888257,,pharmacy,,,active,3,3,3,14.546645202372567,26127.81362685262,0.1,8774.437274629476,OSM,1
Apteka Zdrowe ceny,zdrowie,50.0297595,20.2217712,,pharmacy,,,active,2,4,4,47.30151282539082,49929.51355814551,0.1,4014.0972883708982,OSM,17
Apteka Dr. Max,zdrowie,50.885798,20.6568457,,pharmacy,,,active,8,42,71,9.498896333314415,7862.305845321622,0.1,12427.538830935675,OSM,3
"Apteka ""Na Północnej""",zdrowie,51.9763797,20.5242954,,pharmacy,,,active,3,3,4,4.599931870082756,-48197.26207292819,0.1,23639.45241458564,OSM,16
Zdrowie,zdrowie,50.8119197,20.2634884,,pharmacy,,,active,1,1,1,11.481848787333035,16953.00602185179,0.1,10609.398795629642,OSM,7
Niezapominajka,zdrowie,50.8121517,20.2638913,,pharmacy,,,active,1,1,1,11.477584390683313,16936.826515005683,0.1,10612.634696998863,OSM,16
Na Szkolnej,zdrowie,50.9410677,20.4211609,,pharmacy,,,active,1,1,1,9.605971691568017,8449.045025929787,0.1,12310.190994814044,OSM,6
"Apteka ""Na Folwarku""",zdrowie,50.8628545,20.6799673,,pharmacy,,,active,0,11,56,9.62714790054147,8563.538114764182,0.1,12287.292377047163,OSM,7
Apteka Z Sercem,zdrowie,50.8029207,20.8055451,,pharmacy,,,active,1,1,1,9.686260078027432,8880.489892666294,0.1,12223.90202146674,OSM,2
Rodzinna,zdrowie,50.8481498,20.6232619,,pharmacy,,,active,4,35,69,9.95309129849195,10264.351094040714,0.1,11947.129781191858,OSM,6
pharmacy_353437274,zdrowie,50.7797525,20.6231169,,pharmacy,,,active,1,2,5,10.65008700192137,13552.026719613132,0.1,11289.594656077374,OSM,15
Apteka Blumed,zdrowie,50.7740884,21.0825876,,pharmacy,,,active,2,2,2,8.789528684534254,3614.128419674831,0.1,13277.174316065033,OSM,12
Dla zdrowia,zdrowie,50.1732751,20.9825619,,pharmacy,,,active,9,9,9,13.165898641774017,22523.101225042672,0.1,9495.379754991465,OSM,7
Apteka,zdrowie,51.358042,20.6322175,,pharmacy,,,active,5,5,5,6.5473531283581465,-15866.737855390878,0.1,17173.34757107818,OSM,19
Apteczka,zdrowie,50.861096,20.748679,,pharmacy,,,active,0,0,3,9.411610097101539,7374.127291569028,0.1,12525.174541686196,OSM,12
Apteka Mm,zdrowie,50.6185342,20.7493481,,pharmacy,,,active,4,4,4,11.76914892979623,18016.044449557587,0.1,10396.791110088483,OSM,11
Apteka,zdrowie,51.2278904,20.864295,,pharmacy,,,active,4,4,4,6.8647825223060215,-12335.519315481492,0.1,16467.103863096298,OSM,13
Apteka Codzienna,zdrowie,51.0507772,21.0871424,,pharmacy,,,active,6,18,18,7.292379145665673,-8064.729015383404,0.1,15612.945803076682,OSM,15
Apteka od Serca,zdrowie,52.009505,21.039171,,pharmacy,,,active,0,2,4,4.340661559489419,-54689.81453573951,0.1,24937.962907147903,OSM,16
Apteka Codzienna,zdrowie,50.8688599,20.6198411,,pharmacy,,,active,13,62,79,9.768020928807628,9312.558486088907,0.1,12137.48830278222,OSM,13
pharmacy_781087274,zdrowie,52.0319629,20.6882678,,pharmacy,,,active,0,1,1,4.428067282192756,-52416.08011710305,0.1,24483.21602342061,OSM,16
Euro Apteka,zdrowie,51.0375132,21.0883957,,pharmacy,,,active,4,16,18,7.352716430231586,-7502.07851674917,0.1,15500.415703349832,OSM,3
Dbam o Zdrowie,zdrowie,50.0763292,20.0171166,,pharmacy,,,active,10,52,56,158.55642894031456,57346.5485547217,0.7346548554721706,2530.690289055659,OSM,17
Punkt Apteczny Centrum Zdrowia,zdrowie,50.4477681,20.5892764,,pharmacy,,,active,1,1,1,15.736106576872245,28725.939653023026,0.1,8254.812069395395,OSM,1
Apteka Plus,zdrowie,51.0653853,21.0744756,,pharmacy,,,active,2,15,19,7.251074538999829,-8455.297219847242,0.1,15691.059443969447,OSM,16
Apteka z Sercem,zdrowie,50.8506485,20.8228057,,pharmacy,,,active,0,0,0,9.239358928679966,6383.691297245081,0.1,12723.261740550985,OSM,14
Ziko Apteka,zdrowie,50.0574491,20.0081979,,pharmacy,,,active,1,23,54,179.1218172422099,57708.60357661571,0.7708603576615705,2458.279284676859,OSM,12
